market,market_label,symbol,anchor,cycle_id,broad_episode_id,cycle_start_year,anchor_date,episode_weight,event_month,cum_return,running_mdd
HANG_SENG,Hang Seng Index,^HSI,FIRST_HIKE,T03_1987,B02,1987,1987-01-05,0.3333333333333333,1,0.07274654252945179,0.0
HANG_SENG,Hang Seng Index,^HSI,FIRST_HIKE,T03_1987,B02,1987,1987-01-05,0.3333333333333333,2,0.08266343725689418,0.0
HANG_SENG,Hang Seng Index,^HSI,FIRST_HIKE,T03_1987,B02,1987,1987-01-05,0.3333333333333333,3,0.04890801384980947,0.0311781318602663
HANG_SENG,Hang Seng Index,^HSI,FIRST_HIKE,T03_1987,B02,1987,1987-01-05,0.3333333333333333,4,0.1092755234156979,0.0311781318602663
HANG_SENG,Hang Seng Index,^HSI,FIRST_HIKE,T03_1987,B02,1987,1987-01-05,0.3333333333333333,5,0.20996182231205518,0.0311781318602663
HANG_SENG,Hang Seng Index,^HSI,FIRST_HIKE,T03_1987,B02,1987,1987-01-05,0.3333333333333333,6,0.28563977285787123,0.0311781318602663
HANG_SENG,Hang Seng Index,^HSI,FIRST_HIKE,T03_1987,B02,1987,1987-01-05,0.3333333333333333,7,0.3657360669072489,0.0311781318602663
HANG_SENG,Hang Seng Index,^HSI,FIRST_HIKE,T03_1987,B02,1987,1987-01-05,0.3333333333333333,8,0.43822582421040535,0.0311781318602663
HANG_SENG,Hang Seng Index,^HSI,FIRST_HIKE,T03_1987,B02,1987,1987-01-05,0.3333333333333333,9,0.3174198236484651,0.08399654527706979
HANG_SENG,Hang Seng Index,^HSI,FIRST_HIKE,T03_1987,B02,1987,1987-01-05,0.3333333333333333,10,-0.15633467443347648,0.41339856970674216
HANG_SENG,Hang Seng Index,^HSI,FIRST_HIKE,T03_1987,B02,1987,1987-01-05,0.3333333333333333,11,-0.1650649820143184,0.41946876218547535
HANG_SENG,Hang Seng Index,^HSI,FIRST_HIKE,T03_1987,B02,1987,1987-01-05,0.3333333333333333,12,-0.05537127426042254,0.41946876218547535
HANG_SENG,Hang Seng Index,^HSI,FIRST_HIKE,T04_1987,B02,1987,1987-08-27,0.3333333333333333,1,0.11868491825929439,0.0
HANG_SENG,Hang Seng Index,^HSI,FIRST_HIKE,T04_1987,B02,1987,1987-08-27,0.3333333333333333,2,0.024719249871952398,0.08399654527706979
HANG_SENG,Hang Seng Index,^HSI,FIRST_HIKE,T04_1987,B02,1987,1987-08-27,0.3333333333333333,3,-0.34377782690160164,0.41339856970674216
HANG_SENG,Hang Seng Index,^HSI,FIRST_HIKE,T04_1987,B02,1987,1987-08-27,0.3333333333333333,4,-0.3505684596784915,0.41946876218547535
HANG_SENG,Hang Seng Index,^HSI,FIRST_HIKE,T04_1987,B02,1987,1987-08-27,0.3333333333333333,5,-0.26524618662057586,0.41946876218547535
HANG_SENG,Hang Seng Index,^HSI,FIRST_HIKE,T04_1987,B02,1987,1987-08-27,0.3333333333333333,6,-0.29967610422219204,0.41946876218547535
HANG_SENG,Hang Seng Index,^HSI,FIRST_HIKE,T04_1987,B02,1987,1987-08-27,0.3333333333333333,7,-0.23185272380625688,0.41946876218547535
HANG_SENG,Hang Seng Index,^HSI,FIRST_HIKE,T04_1987,B02,1987,1987-08-27,0.3333333333333333,8,-0.2108604759771321,0.41946876218547535
HANG_SENG,Hang Seng Index,^HSI,FIRST_HIKE,T04_1987,B02,1987,1987-08-27,0.3333333333333333,9,-0.23097923424461286,0.41946876218547535
HANG_SENG,Hang Seng Index,^HSI,FIRST_HIKE,T04_1987,B02,1987,1987-08-27,0.3333333333333333,10,-0.19690461955411687,0.41946876218547535
HANG_SENG,Hang Seng Index,^HSI,FIRST_HIKE,T04_1987,B02,1987,1987-08-27,0.3333333333333333,11,-0.1805417914136105,0.41946876218547535
HANG_SENG,Hang Seng Index,^HSI,FIRST_HIKE,T04_1987,B02,1987,1987-08-27,0.3333333333333333,12,-0.21621228717211027,0.41946876218547535
HANG_SENG,Hang Seng Index,^HSI,FIRST_HIKE,T05_1988,B02,1988,1988-03-30,0.3333333333333333,1,0.12682078789617446,0.0
HANG_SENG,Hang Seng Index,^HSI,FIRST_HIKE,T05_1988,B02,1988,1988-03-30,0.3333333333333333,2,0.09809299724277087,0.025494551540036436
HANG_SENG,Hang Seng Index,^HSI,FIRST_HIKE,T05_1988,B02,1988,1988-03-30,0.3333333333333333,3,0.14674850492418656,0.025494551540036436
HANG_SENG,Hang Seng Index,^HSI,FIRST_HIKE,T05_1988,B02,1988,1988-03-30,0.3333333333333333,4,0.17011316267634458,0.025494551540036436
HANG_SENG,Hang Seng Index,^HSI,FIRST_HIKE,T05_1988,B02,1988,1988-03-30,0.3333333333333333,5,0.11917887930610083,0.04352936535962393
HANG_SENG,Hang Seng Index,^HSI,FIRST_HIKE,T05_1988,B02,1988,1988-03-30,0.3333333333333333,6,0.06650842976406257,0.08854248992064306
HANG_SENG,Hang Seng Index,^HSI,FIRST_HIKE,T05_1988,B02,1988,1988-03-30,0.3333333333333333,7,0.10230231284607472,0.08854248992064306
HANG_SENG,Hang Seng Index,^HSI,FIRST_HIKE,T05_1988,B02,1988,1988-03-30,0.3333333333333333,8,0.12372156809120827,0.08854248992064306
HANG_SENG,Hang Seng Index,^HSI,FIRST_HIKE,T05_1988,B02,1988,1988-03-30,0.3333333333333333,9,0.14965992153501362,0.08854248992064306
HANG_SENG,Hang Seng Index,^HSI,FIRST_HIKE,T05_1988,B02,1988,1988-03-30,0.3333333333333333,10,0.24256296734367577,0.08854248992064306
HANG_SENG,Hang Seng Index,^HSI,FIRST_HIKE,T05_1988,B02,1988,1988-03-30,0.3333333333333333,11,0.34697774213861665,0.08854248992064306
HANG_SENG,Hang Seng Index,^HSI,FIRST_HIKE,T05_1988,B02,1988,1988-03-30,0.3333333333333333,12,0.3200477316991859,0.08854248992064306
HANG_SENG,Hang Seng Index,^HSI,FIRST_HIKE,T06_1994,B03,1994,1994-02-04,1.0,1,-0.14991028196128675,0.14991028196128675
HANG_SENG,Hang Seng Index,^HSI,FIRST_HIKE,T06_1994,B03,1994,1994-02-04,1.0,2,-0.17626269298989106,0.17626269298989106
HANG_SENG,Hang Seng Index,^HSI,FIRST_HIKE,T06_1994,B03,1994,1994-02-04,1.0,3,-0.1958617147760937,0.1958617147760937
HANG_SENG,Hang Seng Index,^HSI,FIRST_HIKE,T06_1994,B03,1994,1994-02-04,1.0,4,-0.20107400941126352,0.20107400941126352
HANG_SENG,Hang Seng Index,^HSI,FIRST_HIKE,T06_1994,B03,1994,1994-02-04,1.0,5,-0.21099843874491864,0.21099843874491864
HANG_SENG,Hang Seng Index,^HSI,FIRST_HIKE,T06_1994,B03,1994,1994-02-04,1.0,6,-0.1587315866309934,0.21099843874491864
HANG_SENG,Hang Seng Index,^HSI,FIRST_HIKE,T06_1994,B03,1994,1994-02-04,1.0,7,-0.1293773602410686,0.21099843874491864
HANG_SENG,Hang Seng Index,^HSI,FIRST_HIKE,T06_1994,B03,1994,1994-02-04,1.0,8,-0.17064019403453934,0.21099843874491864
HANG_SENG,Hang Seng Index,^HSI,FIRST_HIKE,T06_1994,B03,1994,1994-02-04,1.0,9,-0.18657545744904203,0.21099843874491864
HANG_SENG,Hang Seng Index,^HSI,FIRST_HIKE,T06_1994,B03,1994,1994-02-04,1.0,10,-0.2772095968916686,0.2772095968916686
HANG_SENG,Hang Seng Index,^HSI,FIRST_HIKE,T06_1994,B03,1994,1994-02-04,1.0,11,-0.3411225896878247,0.3411225896878247
HANG_SENG,Hang Seng Index,^HSI,FIRST_HIKE,T06_1994,B03,1994,1994-02-04,1.0,12,-0.2926691985663019,0.3411225896878247
HANG_SENG,Hang Seng Index,^HSI,FIRST_HIKE,T07_1999,B04,1999,1999-06-30,1.0,1,0.07099210567829739,0.0
HANG_SENG,Hang Seng Index,^HSI,FIRST_HIKE,T07_1999,B04,1999,1999-06-30,1.0,2,0.035743357155594735,0.0329122393487471
HANG_SENG,Hang Seng Index,^HSI,FIRST_HIKE,T07_1999,B04,1999,1999-06-30,1.0,3,0.044909107599065745,0.0329122393487471
HANG_SENG,Hang Seng Index,^HSI,FIRST_HIKE,T07_1999,B04,1999,1999-06-30,1.0,4,0.0010111393653049472,0.06534218687697146
HANG_SENG,Hang Seng Index,^HSI,FIRST_HIKE,T07_1999,B04,1999,1999-06-30,1.0,5,0.13086975527517586,0.06534218687697146
HANG_SENG,Hang Seng Index,^HSI,FIRST_HIKE,T07_1999,B04,1999,1999-06-30,1.0,6,0.26981232487597384,0.06534218687697146
HANG_SENG,Hang Seng Index,^HSI,FIRST_HIKE,T07_1999,B04,1999,1999-06-30,1.0,7,0.23046582193771847,0.06534218687697146
HANG_SENG,Hang Seng Index,^HSI,FIRST_HIKE,T07_1999,B04,1999,1999-06-30,1.0,8,0.3055814089805342,0.06534218687697146
HANG_SENG,Hang Seng Index,^HSI,FIRST_HIKE,T07_1999,B04,1999,1999-06-30,1.0,9,0.36750205082384446,0.06534218687697146
HANG_SENG,Hang Seng Index,^HSI,FIRST_HIKE,T07_1999,B04,1999,1999-06-30,1.0,10,0.2501611374636774,0.08580675494378653
HANG_SENG,Hang Seng Index,^HSI,FIRST_HIKE,T07_1999,B04,1999,1999-06-30,1.0,11,0.14777655461559247,0.16067653871223042
HANG_SENG,Hang Seng Index,^HSI,FIRST_HIKE,T07_1999,B04,1999,1999-06-30,1.0,12,0.25157367332099856,0.16067653871223042
HANG_SENG,Hang Seng Index,^HSI,FIRST_HIKE,T08_2004,B05,2004,2004-06-30,1.0,1,0.04682513803309063,0.0
HANG_SENG,Hang Seng Index,^HSI,FIRST_HIKE,T08_2004,B05,2004,2004-06-30,1.0,2,0.07003930271197212,0.0
HANG_SENG,Hang Seng Index,^HSI,FIRST_HIKE,T08_2004,B05,2004,2004-06-30,1.0,3,0.12414260341671834,0.0
HANG_SENG,Hang Seng Index,^HSI,FIRST_HIKE,T08_2004,B05,2004,2004-06-30,1.0,4,0.12500437715165003,0.0
HANG_SENG,Hang Seng Index,^HSI,FIRST_HIKE,T08_2004,B05,2004,2004-06-30,1.0,5,0.17608814598447875,0.0
HANG_SENG,Hang Seng Index,^HSI,FIRST_HIKE,T08_2004,B05,2004,2004-06-30,1.0,6,0.2120936149204895,0.0
HANG_SENG,Hang Seng Index,^HSI,FIRST_HIKE,T08_2004,B05,2004,2004-06-30,1.0,7,0.17021337708308248,0.0345519828847165
HANG_SENG,Hang Seng Index,^HSI,FIRST_HIKE,T08_2004,B05,2004,2004-06-30,1.0,8,0.19330699917935967,0.0345519828847165
HANG_SENG,Hang Seng Index,^HSI,FIRST_HIKE,T08_2004,B05,2004,2004-06-30,1.0,9,0.18129170587449872,0.0345519828847165
HANG_SENG,Hang Seng Index,^HSI,FIRST_HIKE,T08_2004,B05,2004,2004-06-30,1.0,10,0.1716535038697955,0.0345519828847165
HANG_SENG,Hang Seng Index,^HSI,FIRST_HIKE,T08_2004,B05,2004,2004-06-30,1.0,11,0.18570351514842387,0.0345519828847165
HANG_SENG,Hang Seng Index,^HSI,FIRST_HIKE,T08_2004,B05,2004,2004-06-30,1.0,12,0.2003223752021719,0.0345519828847165
HANG_SENG,Hang Seng Index,^HSI,FIRST_HIKE,T09_2015,B06,2015,2015-12-16,1.0,1,-0.12332238110067506,0.12332238110067506
HANG_SENG,Hang Seng Index,^HSI,FIRST_HIKE,T09_2015,B06,2015,2015-12-16,1.0,2,-0.1499391013140846,0.1499391013140846
HANG_SENG,Hang Seng Index,^HSI,FIRST_HIKE,T09_2015,B06,2015,2015-12-16,1.0,3,-0.09816640366736618,0.1499391013140846
HANG_SENG,Hang Seng Index,^HSI,FIRST_HIKE,T09_2015,B06,2015,2015-12-16,1.0,4,-0.06766275873299066,0.1499391013140846
HANG_SENG,Hang Seng Index,^HSI,FIRST_HIKE,T09_2015,B06,2015,2015-12-16,1.0,5,-0.1037573207646787,0.1499391013140846
HANG_SENG,Hang Seng Index,^HSI,FIRST_HIKE,T09_2015,B06,2015,2015-12-16,1.0,6,-0.0827697947861723,0.1499391013140846
HANG_SENG,Hang Seng Index,^HSI,FIRST_HIKE,T09_2015,B06,2015,2015-12-16,1.0,7,-0.04494629975871223,0.1499391013140846
HANG_SENG,Hang Seng Index,^HSI,FIRST_HIKE,T09_2015,B06,2015,2015-12-16,1.0,8,0.006861128011744544,0.1499391013140846
HANG_SENG,Hang Seng Index,^HSI,FIRST_HIKE,T09_2015,B06,2015,2015-12-16,1.0,9,0.04591436429857931,0.1499391013140846
HANG_SENG,Hang Seng Index,^HSI,FIRST_HIKE,T09_2015,B06,2015,2015-12-16,1.0,10,0.03983047217803937,0.1499391013140846
HANG_SENG,Hang Seng Index,^HSI,FIRST_HIKE,T09_2015,B06,2015,2015-12-16,1.0,11,0.0048595745028023885,0.1499391013140846
HANG_SENG,Hang Seng Index,^HSI,FIRST_HIKE,T09_2015,B06,2015,2015-12-16,1.0,12,-0.012433401664533328,0.1499391013140846
HANG_SENG,Hang Seng Index,^HSI,FIRST_HIKE,T10_2022,B07,2022,2022-03-16,1.0,1,-0.12569354297930935,0.12569354297930935
HANG_SENG,Hang Seng Index,^HSI,FIRST_HIKE,T10_2022,B07,2022,2022-03-16,1.0,2,-0.15617257590519562,0.15617257590519562
HANG_SENG,Hang Seng Index,^HSI,FIRST_HIKE,T10_2022,B07,2022,2022-03-16,1.0,3,-0.10921468960301006,0.15617257590519562
HANG_SENG,Hang Seng Index,^HSI,FIRST_HIKE,T10_2022,B07,2022,2022-03-16,1.0,4,-0.132762161805146,0.15617257590519562
HANG_SENG,Hang Seng Index,^HSI,FIRST_HIKE,T10_2022,B07,2022,2022-03-16,1.0,5,-0.17606433036363245,0.17606433036363245
HANG_SENG,Hang Seng Index,^HSI,FIRST_HIKE,T10_2022,B07,2022,2022-03-16,1.0,6,-0.23146979816908586,0.23146979816908586
HANG_SENG,Hang Seng Index,^HSI,FIRST_HIKE,T10_2022,B07,2022,2022-03-16,1.0,7,-0.3214139841778588,0.3214139841778588
HANG_SENG,Hang Seng Index,^HSI,FIRST_HIKE,T10_2022,B07,2022,2022-03-16,1.0,8,-0.28886406098872897,0.3214139841778588
HANG_SENG,Hang Seng Index,^HSI,FIRST_HIKE,T10_2022,B07,2022,2022-03-16,1.0,9,-0.19602767277503863,0.3214139841778588
HANG_SENG,Hang Seng Index,^HSI,FIRST_HIKE,T10_2022,B07,2022,2022-03-16,1.0,10,-0.10700793285725219,0.3214139841778588
HANG_SENG,Hang Seng Index,^HSI,FIRST_HIKE,T10_2022,B07,2022,2022-03-16,1.0,11,-0.13258706852318436,0.3214139841778588
HANG_SENG,Hang Seng Index,^HSI,FIRST_HIKE,T10_2022,B07,2022,2022-03-16,1.0,12,-0.17680813280729457,0.3214139841778588
HANG_SENG,Hang Seng Index,^HSI,LAST_HIKE,T03_1987,B02,1987,1987-05-22,0.3333333333333333,1,0.15354426349659533,0.0
HANG_SENG,Hang Seng Index,^HSI,LAST_HIKE,T03_1987,B02,1987,1987-05-22,0.3333333333333333,2,0.2256935364038115,0.0
HANG_SENG,Hang Seng Index,^HSI,LAST_HIKE,T03_1987,B02,1987,1987-05-22,0.3333333333333333,3,0.30205513626937086,0.0
HANG_SENG,Hang Seng Index,^HSI,LAST_HIKE,T03_1987,B02,1987,1987-05-22,0.3333333333333333,4,0.3711648735828432,0.0
HANG_SENG,Hang Seng Index,^HSI,LAST_HIKE,T03_1987,B02,1987,1987-05-22,0.3333333333333333,5,0.25599176119661426,0.08399654527706979
HANG_SENG,Hang Seng Index,^HSI,LAST_HIKE,T03_1987,B02,1987,1987-05-22,0.3333333333333333,6,-0.19567272398842994,0.41339856970674216
HANG_SENG,Hang Seng Index,^HSI,LAST_HIKE,T03_1987,B02,1987,1987-05-22,0.3333333333333333,7,-0.20399595869115572,0.41946876218547535
HANG_SENG,Hang Seng Index,^HSI,LAST_HIKE,T03_1987,B02,1987,1987-05-22,0.3333333333333333,8,-0.09941700009278753,0.41946876218547535
HANG_SENG,Hang Seng Index,^HSI,LAST_HIKE,T03_1987,B02,1987,1987-05-22,0.3333333333333333,9,-0.1416175275560042,0.41946876218547535
HANG_SENG,Hang Seng Index,^HSI,LAST_HIKE,T03_1987,B02,1987,1987-05-22,0.3333333333333333,10,-0.058486848563135685,0.41946876218547535
HANG_SENG,Hang Seng Index,^HSI,LAST_HIKE,T03_1987,B02,1987,1987-05-22,0.3333333333333333,11,-0.03275678608439048,0.41946876218547535
HANG_SENG,Hang Seng Index,^HSI,LAST_HIKE,T03_1987,B02,1987,1987-05-22,0.3333333333333333,12,-0.05741621805331243,0.41946876218547535
HANG_SENG,Hang Seng Index,^HSI,LAST_HIKE,T04_1987,B02,1987,1987-09-24,0.3333333333333333,1,-0.03537743816651018,0.03537743816651018
HANG_SENG,Hang Seng Index,^HSI,LAST_HIKE,T04_1987,B02,1987,1987-09-24,0.3333333333333333,2,-0.3822632747211331,0.3822632747211331
HANG_SENG,Hang Seng Index,^HSI,LAST_HIKE,T04_1987,B02,1987,1987-09-24,0.3333333333333333,3,-0.3886556574020795,0.3886556574020795
HANG_SENG,Hang Seng Index,^HSI,LAST_HIKE,T04_1987,B02,1987,1987-09-24,0.3333333333333333,4,-0.3083372778763044,0.3886556574020795
HANG_SENG,Hang Seng Index,^HSI,LAST_HIKE,T04_1987,B02,1987,1987-09-24,0.3333333333333333,5,-0.34074798483309965,0.3886556574020795
HANG_SENG,Hang Seng Index,^HSI,LAST_HIKE,T04_1987,B02,1987,1987-09-24,0.3333333333333333,6,-0.2769022407649543,0.3886556574020795
HANG_SENG,Hang Seng Index,^HSI,LAST_HIKE,T04_1987,B02,1987,1987-09-24,0.3333333333333333,7,-0.25714112484749263,0.3886556574020795
HANG_SENG,Hang Seng Index,^HSI,LAST_HIKE,T04_1987,B02,1987,1987-09-24,0.3333333333333333,8,-0.2760799787270418,0.3886556574020795
HANG_SENG,Hang Seng Index,^HSI,LAST_HIKE,T04_1987,B02,1987,1987-09-24,0.3333333333333333,9,-0.24400373723909996,0.3886556574020795
HANG_SENG,Hang Seng Index,^HSI,LAST_HIKE,T04_1987,B02,1987,1987-09-24,0.3333333333333333,10,-0.22860053953230486,0.3886556574020795
HANG_SENG,Hang Seng Index,^HSI,LAST_HIKE,T04_1987,B02,1987,1987-09-24,0.3333333333333333,11,-0.2621790684852199,0.3886556574020795
HANG_SENG,Hang Seng Index,^HSI,LAST_HIKE,T04_1987,B02,1987,1987-09-24,0.3333333333333333,12,-0.2969021684855552,0.3886556574020795
HANG_SENG,Hang Seng Index,^HSI,LAST_HIKE,T05_1988,B02,1988,1989-05-17,0.3333333333333333,1,-0.24784751153447748,0.24784751153447748
HANG_SENG,Hang Seng Index,^HSI,LAST_HIKE,T05_1988,B02,1988,1989-05-17,0.3333333333333333,2,-0.19921763913701684,0.24784751153447748
HANG_SENG,Hang Seng Index,^HSI,LAST_HIKE,T05_1988,B02,1988,1989-05-17,0.3333333333333333,3,-0.1641990566442958,0.24784751153447748
HANG_SENG,Hang Seng Index,^HSI,LAST_HIKE,T05_1988,B02,1988,1989-05-17,0.3333333333333333,4,-0.14232785992603192,0.24784751153447748
HANG_SENG,Hang Seng Index,^HSI,LAST_HIKE,T05_1988,B02,1988,1989-05-17,0.3333333333333333,5,-0.11200090489115888,0.24784751153447748
HANG_SENG,Hang Seng Index,^HSI,LAST_HIKE,T05_1988,B02,1988,1989-05-17,0.3333333333333333,6,-0.09953417400543929,0.24784751153447748
HANG_SENG,Hang Seng Index,^HSI,LAST_HIKE,T05_1988,B02,1988,1989-05-17,0.3333333333333333,7,-0.07918470968692781,0.24784751153447748
HANG_SENG,Hang Seng Index,^HSI,LAST_HIKE,T05_1988,B02,1988,1989-05-17,0.3333333333333333,8,-0.09030127223912687,0.24784751153447748
HANG_SENG,Hang Seng Index,^HSI,LAST_HIKE,T05_1988,B02,1988,1989-05-17,0.3333333333333333,9,-0.06565213763236988,0.24784751153447748
HANG_SENG,Hang Seng Index,^HSI,LAST_HIKE,T05_1988,B02,1988,1989-05-17,0.3333333333333333,10,-0.04712166770685766,0.24784751153447748
HANG_SENG,Hang Seng Index,^HSI,LAST_HIKE,T05_1988,B02,1988,1989-05-17,0.3333333333333333,11,-0.027348028398518243,0.24784751153447748
HANG_SENG,Hang Seng Index,^HSI,LAST_HIKE,T05_1988,B02,1988,1989-05-17,0.3333333333333333,12,-0.031075035125211925,0.24784751153447748
HANG_SENG,Hang Seng Index,^HSI,LAST_HIKE,T06_1994,B03,1994,1995-02-01,1.0,1,0.12291073082535764,0.0
HANG_SENG,Hang Seng Index,^HSI,LAST_HIKE,T06_1994,B03,1994,1995-02-01,1.0,2,0.140498491292661,0.0
HANG_SENG,Hang Seng Index,^HSI,LAST_HIKE,T06_1994,B03,1994,1995-02-01,1.0,3,0.19830348909569984,0.0
HANG_SENG,Hang Seng Index,^HSI,LAST_HIKE,T06_1994,B03,1994,1995-02-01,1.0,4,0.2448973536261596,0.0
HANG_SENG,Hang Seng Index,^HSI,LAST_HIKE,T06_1994,B03,1994,1995-02-01,1.0,5,0.27131455517948333,0.0
HANG_SENG,Hang Seng Index,^HSI,LAST_HIKE,T06_1994,B03,1994,1995-02-01,1.0,6,0.22497276175871384,0.03645187041394893
HANG_SENG,Hang Seng Index,^HSI,LAST_HIKE,T06_1994,B03,1994,1995-02-01,1.0,7,0.2748892632236011,0.03645187041394893
HANG_SENG,Hang Seng Index,^HSI,LAST_HIKE,T06_1994,B03,1994,1995-02-01,1.0,8,0.3191035971123104,0.03645187041394893
HANG_SENG,Hang Seng Index,^HSI,LAST_HIKE,T06_1994,B03,1994,1995-02-01,1.0,9,0.2796789861035067,0.03645187041394893
HANG_SENG,Hang Seng Index,^HSI,LAST_HIKE,T06_1994,B03,1994,1995-02-01,1.0,10,0.3283975957315224,0.03645187041394893
HANG_SENG,Hang Seng Index,^HSI,LAST_HIKE,T06_1994,B03,1994,1995-02-01,1.0,11,0.43771211799717347,0.03645187041394893
HANG_SENG,Hang Seng Index,^HSI,LAST_HIKE,T06_1994,B03,1994,1995-02-01,1.0,12,0.5214823355085858,0.03645187041394893
HANG_SENG,Hang Seng Index,^HSI,LAST_HIKE,T07_1999,B04,1999,2000-05-16,1.0,1,0.0011298830326680331,0.0
HANG_SENG,Hang Seng Index,^HSI,LAST_HIKE,T07_1999,B04,1999,2000-05-16,1.0,2,0.08092608900107101,0.0
HANG_SENG,Hang Seng Index,^HSI,LAST_HIKE,T07_1999,B04,1999,2000-05-16,1.0,3,0.08611201559939374,0.0
HANG_SENG,Hang Seng Index,^HSI,LAST_HIKE,T07_1999,B04,1999,2000-05-16,1.0,4,0.01908327383251862,0.06171439115318511
HANG_SENG,Hang Seng Index,^HSI,LAST_HIKE,T07_1999,B04,1999,2000-05-16,1.0,5,-0.052324508099892086,0.12746063178657208
HANG_SENG,Hang Seng Index,^HSI,LAST_HIKE,T07_1999,B04,1999,2000-05-16,1.0,6,-0.055651451250076533,0.13052379939948933
HANG_SENG,Hang Seng Index,^HSI,LAST_HIKE,T07_1999,B04,1999,2000-05-16,1.0,7,-0.060140362487570265,0.13465680886170073
HANG_SENG,Hang Seng Index,^HSI,LAST_HIKE,T07_1999,B04,1999,2000-05-16,1.0,8,-0.028359422071364437,0.13465680886170073
HANG_SENG,Hang Seng Index,^HSI,LAST_HIKE,T07_1999,B04,1999,2000-05-16,1.0,9,-0.021544214137456885,0.13465680886170073
HANG_SENG,Hang Seng Index,^HSI,LAST_HIKE,T07_1999,B04,1999,2000-05-16,1.0,10,-0.15669713827751053,0.22355811407067894
HANG_SENG,Hang Seng Index,^HSI,LAST_HIKE,T07_1999,B04,1999,2000-05-16,1.0,11,-0.19263754716342918,0.25664900006560476
HANG_SENG,Hang Seng Index,^HSI,LAST_HIKE,T07_1999,B04,1999,2000-05-16,1.0,12,-0.14866354707262575,0.25664900006560476
HANG_SENG,Hang Seng Index,^HSI,LAST_HIKE,T08_2004,B05,2004,2006-06-29,1.0,1,-0.0009877962696520637,0.0009877962696520637
HANG_SENG,Hang Seng Index,^HSI,LAST_HIKE,T08_2004,B05,2004,2006-06-29,1.0,2,0.04040983109453555,0.0009877962696520637
HANG_SENG,Hang Seng Index,^HSI,LAST_HIKE,T08_2004,B05,2004,2006-06-29,1.0,3,0.053532137632497756,0.0009877962696520637
HANG_SENG,Hang Seng Index,^HSI,LAST_HIKE,T08_2004,B05,2004,2006-06-29,1.0,4,0.09216137590977636,0.0009877962696520637
HANG_SENG,Hang Seng Index,^HSI,LAST_HIKE,T08_2004,B05,2004,2006-06-29,1.0,5,0.15051398134064886,0.0009877962696520637
HANG_SENG,Hang Seng Index,^HSI,LAST_HIKE,T08_2004,B05,2004,2006-06-29,1.0,6,0.16031334432425393,0.0009877962696520637
HANG_SENG,Hang Seng Index,^HSI,LAST_HIKE,T08_2004,B05,2004,2006-06-29,1.0,7,0.22608952788445302,0.0009877962696520637
HANG_SENG,Hang Seng Index,^HSI,LAST_HIKE,T08_2004,B05,2004,2006-06-29,1.0,8,0.24352026655272807,0.0009877962696520637
HANG_SENG,Hang Seng Index,^HSI,LAST_HIKE,T08_2004,B05,2004,2006-06-29,1.0,9,0.17396320016600852,0.05593561139099468
HANG_SENG,Hang Seng Index,^HSI,LAST_HIKE,T08_2004,B05,2004,2006-06-29,1.0,10,0.24079002618080514,0.05593561139099468
HANG_SENG,Hang Seng Index,^HSI,LAST_HIKE,T08_2004,B05,2004,2006-06-29,1.0,11,0.25827668097829704,0.05593561139099468
HANG_SENG,Hang Seng Index,^HSI,LAST_HIKE,T08_2004,B05,2004,2006-06-29,1.0,12,0.28781949932583206,0.05593561139099468
HANG_SENG,Hang Seng Index,^HSI,LAST_HIKE,T09_2015,B06,2015,2018-12-19,1.0,1,0.024177528762271194,0.0
HANG_SENG,Hang Seng Index,^HSI,LAST_HIKE,T09_2015,B06,2015,2018-12-19,1.0,2,0.08862326313817781,0.0
HANG_SENG,Hang Seng Index,^HSI,LAST_HIKE,T09_2015,B06,2015,2018-12-19,1.0,3,0.10808746290867166,0.0
HANG_SENG,Hang Seng Index,^HSI,LAST_HIKE,T09_2015,B06,2015,2018-12-19,1.0,4,0.14573702238764552,0.0
HANG_SENG,Hang Seng Index,^HSI,LAST_HIKE,T09_2015,B06,2015,2018-12-19,1.0,5,0.07865061555094388,0.05855305844695302
HANG_SENG,Hang Seng Index,^HSI,LAST_HIKE,T09_2015,B06,2015,2018-12-19,1.0,6,0.06276807888951863,0.07241534652098858
HANG_SENG,Hang Seng Index,^HSI,LAST_HIKE,T09_2015,B06,2015,2018-12-19,1.0,7,0.09141947994225452,0.07241534652098858
HANG_SENG,Hang Seng Index,^HSI,LAST_HIKE,T09_2015,B06,2015,2018-12-19,1.0,8,-0.003599378644144391,0.13034090556014521
HANG_SENG,Hang Seng Index,^HSI,LAST_HIKE,T09_2015,B06,2015,2018-12-19,1.0,9,0.015079217847677961,0.13034090556014521
HANG_SENG,Hang Seng Index,^HSI,LAST_HIKE,T09_2015,B06,2015,2018-12-19,1.0,10,0.014461122588150799,0.13034090556014521
HANG_SENG,Hang Seng Index,^HSI,LAST_HIKE,T09_2015,B06,2015,2018-12-19,1.0,11,0.034433004717669746,0.13034090556014521
HANG_SENG,Hang Seng Index,^HSI,LAST_HIKE,T09_2015,B06,2015,2018-12-19,1.0,12,0.045370061401932116,0.13034090556014521
HANG_SENG,Hang Seng Index,^HSI,LAST_HIKE,T10_2022,B07,2022,2023-07-26,1.0,1,-0.02888885883761727,0.02888885883761727
HANG_SENG,Hang Seng Index,^HSI,LAST_HIKE,T10_2022,B07,2022,2023-07-26,1.0,2,-0.06507545320542163,0.06507545320542163
HANG_SENG,Hang Seng Index,^HSI,LAST_HIKE,T10_2022,B07,2022,2023-07-26,1.0,3,-0.0931798630086682,0.0931798630086682
HANG_SENG,Hang Seng Index,^HSI,LAST_HIKE,T10_2022,B07,2022,2023-07-26,1.0,4,-0.08885753939701135,0.0931798630086682
HANG_SENG,Hang Seng Index,^HSI,LAST_HIKE,T10_2022,B07,2022,2023-07-26,1.0,5,-0.14018021007050063,0.14018021007050063
HANG_SENG,Hang Seng Index,^HSI,LAST_HIKE,T10_2022,B07,2022,2023-07-26,1.0,6,-0.17001479768925465,0.17001479768925465
HANG_SENG,Hang Seng Index,^HSI,LAST_HIKE,T10_2022,B07,2022,2023-07-26,1.0,7,-0.1590688583468468,0.17001479768925465
HANG_SENG,Hang Seng Index,^HSI,LAST_HIKE,T10_2022,B07,2022,2023-07-26,1.0,8,-0.13733403811996514,0.17001479768925465
HANG_SENG,Hang Seng Index,^HSI,LAST_HIKE,T10_2022,B07,2022,2023-07-26,1.0,9,-0.12282873469774713,0.17001479768925465
HANG_SENG,Hang Seng Index,^HSI,LAST_HIKE,T10_2022,B07,2022,2023-07-26,1.0,10,-0.023439510200702784,0.17001479768925465
HANG_SENG,Hang Seng Index,^HSI,LAST_HIKE,T10_2022,B07,2022,2023-07-26,1.0,11,-0.05762643921074517,0.17001479768925465
HANG_SENG,Hang Seng Index,^HSI,LAST_HIKE,T10_2022,B07,2022,2023-07-26,1.0,12,-0.08600560702832727,0.17001479768925465
HANG_SENG,Hang Seng Index,^HSI,PAUSE_START,T04_1987,B02,1987,1987-11-03,1.0,1,-0.3662346633942315,0.3662346633942315
HANG_SENG,Hang Seng Index,^HSI,PAUSE_START,T04_1987,B02,1987,1987-11-03,1.0,2,-0.28297061515021016,0.3662346633942315
HANG_SENG,Hang Seng Index,^HSI,PAUSE_START,T04_1987,B02,1987,1987-11-03,1.0,3,-0.3165699816166042,0.3662346633942315
HANG_SENG,Hang Seng Index,^HSI,PAUSE_START,T04_1987,B02,1987,1987-11-03,1.0,4,-0.25038270112547434,0.3662346633942315
HANG_SENG,Hang Seng Index,^HSI,PAUSE_START,T04_1987,B02,1987,1987-11-03,1.0,5,-0.229896848213325,0.3662346633942315
HANG_SENG,Hang Seng Index,^HSI,PAUSE_START,T04_1987,B02,1987,1987-11-03,1.0,6,-0.24953028270769495,0.3662346633942315
HANG_SENG,Hang Seng Index,^HSI,PAUSE_START,T04_1987,B02,1987,1987-11-03,1.0,7,-0.21627764819853157,0.3662346633942315
HANG_SENG,Hang Seng Index,^HSI,PAUSE_START,T04_1987,B02,1987,1987-11-03,1.0,8,-0.2003095397214525,0.3662346633942315
HANG_SENG,Hang Seng Index,^HSI,PAUSE_START,T04_1987,B02,1987,1987-11-03,1.0,9,-0.23511955794152317,0.3662346633942315
HANG_SENG,Hang Seng Index,^HSI,PAUSE_START,T04_1987,B02,1987,1987-11-03,1.0,10,-0.2711161242403002,0.3662346633942315
HANG_SENG,Hang Seng Index,^HSI,PAUSE_START,T04_1987,B02,1987,1987-11-03,1.0,11,-0.24665351006754743,0.3662346633942315
HANG_SENG,Hang Seng Index,^HSI,PAUSE_START,T04_1987,B02,1987,1987-11-03,1.0,12,-0.23201494806160727,0.3662346633942315
HANG_SENG,Hang Seng Index,^HSI,PAUSE_START,T06_1994,B03,1994,1995-03-28,1.0,1,0.06237235941758823,0.0
HANG_SENG,Hang Seng Index,^HSI,PAUSE_START,T06_1994,B03,1994,1995-03-28,1.0,2,0.11621761425219934,0.0
HANG_SENG,Hang Seng Index,^HSI,PAUSE_START,T06_1994,B03,1994,1995-03-28,1.0,3,0.1596197179581884,0.0
HANG_SENG,Hang Seng Index,^HSI,PAUSE_START,T06_1994,B03,1994,1995-03-28,1.0,4,0.18422729522171055,0.0
HANG_SENG,Hang Seng Index,^HSI,PAUSE_START,T06_1994,B03,1994,1995-03-28,1.0,5,0.14105999531562752,0.03645187041394893
HANG_SENG,Hang Seng Index,^HSI,PAUSE_START,T06_1994,B03,1994,1995-03-28,1.0,6,0.1875571295424503,0.03645187041394893
HANG_SENG,Hang Seng Index,^HSI,PAUSE_START,T06_1994,B03,1994,1995-03-28,1.0,7,0.2287427045976056,0.03645187041394893
HANG_SENG,Hang Seng Index,^HSI,PAUSE_START,T06_1994,B03,1994,1995-03-28,1.0,8,0.1920187480677975,0.03645187041394893
HANG_SENG,Hang Seng Index,^HSI,PAUSE_START,T06_1994,B03,1994,1995-03-28,1.0,9,0.2374000481336982,0.03645187041394893
HANG_SENG,Hang Seng Index,^HSI,PAUSE_START,T06_1994,B03,1994,1995-03-28,1.0,10,0.33922633534459967,0.03645187041394893
HANG_SENG,Hang Seng Index,^HSI,PAUSE_START,T06_1994,B03,1994,1995-03-28,1.0,11,0.4172581471409089,0.03645187041394893
HANG_SENG,Hang Seng Index,^HSI,PAUSE_START,T06_1994,B03,1994,1995-03-28,1.0,12,0.36547757769973943,0.036535735952993864
HANG_SENG,Hang Seng Index,^HSI,PAUSE_START,T07_1999,B04,1999,2000-06-28,1.0,1,0.17734744058465646,0.0
HANG_SENG,Hang Seng Index,^HSI,PAUSE_START,T07_1999,B04,1999,2000-06-28,1.0,2,0.1829959650024895,0.0
HANG_SENG,Hang Seng Index,^HSI,PAUSE_START,T07_1999,B04,1999,2000-06-28,1.0,3,0.10998808928568615,0.06171439115318511
HANG_SENG,Hang Seng Index,^HSI,PAUSE_START,T07_1999,B04,1999,2000-06-28,1.0,4,0.032210551902306817,0.12746063178657208
HANG_SENG,Hang Seng Index,^HSI,PAUSE_START,T07_1999,B04,1999,2000-06-28,1.0,5,0.028586836976099317,0.13052379939948933
HANG_SENG,Hang Seng Index,^HSI,PAUSE_START,T07_1999,B04,1999,2000-06-28,1.0,6,0.023697503458986136,0.13465680886170073
HANG_SENG,Hang Seng Index,^HSI,PAUSE_START,T07_1999,B04,1999,2000-06-28,1.0,7,0.05831338445134171,0.13465680886170073
HANG_SENG,Hang Seng Index,^HSI,PAUSE_START,T07_1999,B04,1999,2000-06-28,1.0,8,0.06573652623659854,0.13465680886170073
HANG_SENG,Hang Seng Index,^HSI,PAUSE_START,T07_1999,B04,1999,2000-06-28,1.0,9,-0.08147238188668993,0.22355811407067894
HANG_SENG,Hang Seng Index,^HSI,PAUSE_START,T07_1999,B04,1999,2000-06-28,1.0,10,-0.12061876649704462,0.25664900006560476
HANG_SENG,Hang Seng Index,^HSI,PAUSE_START,T07_1999,B04,1999,2000-06-28,1.0,11,-0.07272217394923941,0.25664900006560476
HANG_SENG,Hang Seng Index,^HSI,PAUSE_START,T07_1999,B04,1999,2000-06-28,1.0,12,-0.09481268770626161,0.25664900006560476
HANG_SENG,Hang Seng Index,^HSI,PAUSE_START,T08_2004,B05,2004,2006-08-08,1.0,1,0.054573841739440576,0.0
HANG_SENG,Hang Seng Index,^HSI,PAUSE_START,T08_2004,B05,2004,2006-08-08,1.0,2,0.09324127556360784,0.0
HANG_SENG,Hang Seng Index,^HSI,PAUSE_START,T08_2004,B05,2004,2006-08-08,1.0,3,0.15165157847380417,0.0
HANG_SENG,Hang Seng Index,^HSI,PAUSE_START,T08_2004,B05,2004,2006-08-08,1.0,4,0.16146063080270867,0.0
HANG_SENG,Hang Seng Index,^HSI,PAUSE_START,T08_2004,B05,2004,2006-08-08,1.0,5,0.22730185207567044,0.0
HANG_SENG,Hang Seng Index,^HSI,PAUSE_START,T08_2004,B05,2004,2006-08-08,1.0,6,0.24474982578729088,0.0
HANG_SENG,Hang Seng Index,^HSI,PAUSE_START,T08_2004,B05,2004,2006-08-08,1.0,7,0.17512398325304468,0.05593561139099468
HANG_SENG,Hang Seng Index,^HSI,PAUSE_START,T08_2004,B05,2004,2006-08-08,1.0,8,0.24201688582747027,0.05593561139099468
HANG_SENG,Hang Seng Index,^HSI,PAUSE_START,T08_2004,B05,2004,2006-08-08,1.0,9,0.2595208309566652,0.05593561139099468
HANG_SENG,Hang Seng Index,^HSI,PAUSE_START,T08_2004,B05,2004,2006-08-08,1.0,10,0.28909286044461435,0.05593561139099468
HANG_SENG,Hang Seng Index,^HSI,PAUSE_START,T08_2004,B05,2004,2006-08-08,1.0,11,0.39021213177621883,0.05593561139099468
HANG_SENG,Hang Seng Index,^HSI,PAUSE_START,T08_2004,B05,2004,2006-08-08,1.0,12,0.3563350631377775,0.05593561139099468
HANG_SENG,Hang Seng Index,^HSI,PAUSE_START,T09_2015,B06,2015,2019-01-30,1.0,1,0.08884708628851712,0.0
HANG_SENG,Hang Seng Index,^HSI,PAUSE_START,T09_2015,B06,2015,2019-01-30,1.0,2,0.10831528793795209,0.0
HANG_SENG,Hang Seng Index,^HSI,PAUSE_START,T09_2015,B06,2015,2019-01-30,1.0,3,0.1459725882426981,0.0
HANG_SENG,Hang Seng Index,^HSI,PAUSE_START,T09_2015,B06,2015,2019-01-30,1.0,4,0.07887238830471754,0.05855305844695302
HANG_SENG,Hang Seng Index,^HSI,PAUSE_START,T09_2015,B06,2015,2019-01-30,1.0,5,0.06298658616154906,0.07241534652098858
HANG_SENG,Hang Seng Index,^HSI,PAUSE_START,T09_2015,B06,2015,2019-01-30,1.0,6,0.09164387800043872,0.07241534652098858
HANG_SENG,Hang Seng Index,^HSI,PAUSE_START,T09_2015,B06,2015,2019-01-30,1.0,7,-0.0033945166559584683,0.13034090556014521
HANG_SENG,Hang Seng Index,^HSI,PAUSE_START,T09_2015,B06,2015,2019-01-30,1.0,8,0.015287920193177706,0.13034090556014521
HANG_SENG,Hang Seng Index,^HSI,PAUSE_START,T09_2015,B06,2015,2019-01-30,1.0,9,0.014669697852011776,0.13034090556014521
HANG_SENG,Hang Seng Index,^HSI,PAUSE_START,T09_2015,B06,2015,2019-01-30,1.0,10,0.03464568624099451,0.13034090556014521
HANG_SENG,Hang Seng Index,^HSI,PAUSE_START,T09_2015,B06,2015,2019-01-30,1.0,11,0.04558499160628848,0.13034090556014521
HANG_SENG,Hang Seng Index,^HSI,PAUSE_START,T09_2015,B06,2015,2019-01-30,1.0,12,0.08201986899915537,0.13034090556014521
HANG_SENG,Hang Seng Index,^HSI,PAUSE_START,T10_2022,B07,2022,2023-09-20,1.0,1,-0.06620354915720272,0.06620354915720272
HANG_SENG,Hang Seng Index,^HSI,PAUSE_START,T10_2022,B07,2022,2023-09-20,1.0,2,-0.061752643974008814,0.06620354915720272
HANG_SENG,Hang Seng Index,^HSI,PAUSE_START,T10_2022,B07,2022,2023-09-20,1.0,3,-0.11460207438220904,0.11460207438220904
HANG_SENG,Hang Seng Index,^HSI,PAUSE_START,T10_2022,B07,2022,2023-09-20,1.0,4,-0.14532418882839204,0.14532418882839204
HANG_SENG,Hang Seng Index,^HSI,PAUSE_START,T10_2022,B07,2022,2023-09-20,1.0,5,-0.13405262692528597,0.14532418882839204
HANG_SENG,Hang Seng Index,^HSI,PAUSE_START,T10_2022,B07,2022,2023-09-20,1.0,6,-0.11167123379157518,0.14532418882839204
HANG_SENG,Hang Seng Index,^HSI,PAUSE_START,T10_2022,B07,2022,2023-09-20,1.0,7,-0.09673442294945511,0.14532418882839204
HANG_SENG,Hang Seng Index,^HSI,PAUSE_START,T10_2022,B07,2022,2023-09-20,1.0,8,0.005611457232785666,0.14532418882839204
HANG_SENG,Hang Seng Index,^HSI,PAUSE_START,T10_2022,B07,2022,2023-09-20,1.0,9,-0.02959247315269209,0.14532418882839204
HANG_SENG,Hang Seng Index,^HSI,PAUSE_START,T10_2022,B07,2022,2023-09-20,1.0,10,-0.058815871602856395,0.14532418882839204
HANG_SENG,Hang Seng Index,^HSI,PAUSE_START,T10_2022,B07,2022,2023-09-20,1.0,11,-0.07264276391696523,0.14532418882839204
HANG_SENG,Hang Seng Index,^HSI,PAUSE_START,T10_2022,B07,2022,2023-09-20,1.0,12,-0.026045013491272306,0.14532418882839204
HANG_SENG,Hang Seng Index,^HSI,FIRST_CUT,T03_1987,B02,1987,1987-07-02,0.3333333333333333,1,0.12874310719782267,0.0
HANG_SENG,Hang Seng Index,^HSI,FIRST_CUT,T03_1987,B02,1987,1987-07-02,0.3333333333333333,2,0.18865388782447035,0.0
HANG_SENG,Hang Seng Index,^HSI,FIRST_CUT,T03_1987,B02,1987,1987-07-02,0.3333333333333333,3,0.08881106771705705,0.08399654527706979
HANG_SENG,Hang Seng Index,^HSI,FIRST_CUT,T03_1987,B02,1987,1987-07-02,0.3333333333333333,4,-0.30273392927852405,0.41339856970674216
HANG_SENG,Hang Seng Index,^HSI,FIRST_CUT,T03_1987,B02,1987,1987-07-02,0.3333333333333333,5,-0.30994928716821313,0.41946876218547535
HANG_SENG,Hang Seng Index,^HSI,FIRST_CUT,T03_1987,B02,1987,1987-07-02,0.3333333333333333,6,-0.2192904698971957,0.41946876218547535
HANG_SENG,Hang Seng Index,^HSI,FIRST_CUT,T03_1987,B02,1987,1987-07-02,0.3333333333333333,7,-0.25587383197408686,0.41946876218547535
HANG_SENG,Hang Seng Index,^HSI,FIRST_CUT,T03_1987,B02,1987,1987-07-02,0.3333333333333333,8,-0.18380838843325142,0.41946876218547535
HANG_SENG,Hang Seng Index,^HSI,FIRST_CUT,T03_1987,B02,1987,1987-07-02,0.3333333333333333,9,-0.16150316505087947,0.41946876218547535
HANG_SENG,Hang Seng Index,^HSI,FIRST_CUT,T03_1987,B02,1987,1987-07-02,0.3333333333333333,10,-0.18288026582564731,0.41946876218547535
HANG_SENG,Hang Seng Index,^HSI,FIRST_CUT,T03_1987,B02,1987,1987-07-02,0.3333333333333333,11,-0.14667442934132013,0.41946876218547535
HANG_SENG,Hang Seng Index,^HSI,FIRST_CUT,T03_1987,B02,1987,1987-07-02,0.3333333333333333,12,-0.12928817610096988,0.41946876218547535
HANG_SENG,Hang Seng Index,^HSI,FIRST_CUT,T04_1987,B02,1987,1987-11-04,0.3333333333333333,1,-0.3662346633942315,0.3662346633942315
HANG_SENG,Hang Seng Index,^HSI,FIRST_CUT,T04_1987,B02,1987,1987-11-04,0.3333333333333333,2,-0.28297061515021016,0.3662346633942315
HANG_SENG,Hang Seng Index,^HSI,FIRST_CUT,T04_1987,B02,1987,1987-11-04,0.3333333333333333,3,-0.3165699816166042,0.3662346633942315
HANG_SENG,Hang Seng Index,^HSI,FIRST_CUT,T04_1987,B02,1987,1987-11-04,0.3333333333333333,4,-0.25038270112547434,0.3662346633942315
HANG_SENG,Hang Seng Index,^HSI,FIRST_CUT,T04_1987,B02,1987,1987-11-04,0.3333333333333333,5,-0.229896848213325,0.3662346633942315
HANG_SENG,Hang Seng Index,^HSI,FIRST_CUT,T04_1987,B02,1987,1987-11-04,0.3333333333333333,6,-0.24953028270769495,0.3662346633942315
HANG_SENG,Hang Seng Index,^HSI,FIRST_CUT,T04_1987,B02,1987,1987-11-04,0.3333333333333333,7,-0.21627764819853157,0.3662346633942315
HANG_SENG,Hang Seng Index,^HSI,FIRST_CUT,T04_1987,B02,1987,1987-11-04,0.3333333333333333,8,-0.2003095397214525,0.3662346633942315
HANG_SENG,Hang Seng Index,^HSI,FIRST_CUT,T04_1987,B02,1987,1987-11-04,0.3333333333333333,9,-0.23511955794152317,0.3662346633942315
HANG_SENG,Hang Seng Index,^HSI,FIRST_CUT,T04_1987,B02,1987,1987-11-04,0.3333333333333333,10,-0.2711161242403002,0.3662346633942315
HANG_SENG,Hang Seng Index,^HSI,FIRST_CUT,T04_1987,B02,1987,1987-11-04,0.3333333333333333,11,-0.24665351006754743,0.3662346633942315
HANG_SENG,Hang Seng Index,^HSI,FIRST_CUT,T04_1987,B02,1987,1987-11-04,0.3333333333333333,12,-0.23201494806160727,0.3662346633942315
HANG_SENG,Hang Seng Index,^HSI,FIRST_CUT,T05_1988,B02,1988,1989-06-06,0.3333333333333333,1,-0.20534769083771176,0.20534769083771176
HANG_SENG,Hang Seng Index,^HSI,FIRST_CUT,T05_1988,B02,1988,1989-06-06,0.3333333333333333,2,-0.17059717833710963,0.20534769083771176
HANG_SENG,Hang Seng Index,^HSI,FIRST_CUT,T05_1988,B02,1988,1989-06-06,0.3333333333333333,3,-0.14889340734297707,0.20534769083771176
HANG_SENG,Hang Seng Index,^HSI,FIRST_CUT,T05_1988,B02,1988,1989-06-06,0.3333333333333333,4,-0.1187986075245202,0.20534769083771176
HANG_SENG,Hang Seng Index,^HSI,FIRST_CUT,T05_1988,B02,1988,1989-06-06,0.3333333333333333,5,-0.10642731044029663,0.20534769083771176
HANG_SENG,Hang Seng Index,^HSI,FIRST_CUT,T05_1988,B02,1988,1989-06-06,0.3333333333333333,6,-0.08623362286519332,0.20534769083771176
HANG_SENG,Hang Seng Index,^HSI,FIRST_CUT,T05_1988,B02,1988,1989-06-06,0.3333333333333333,7,-0.09726508726025318,0.20534769083771176
HANG_SENG,Hang Seng Index,^HSI,FIRST_CUT,T05_1988,B02,1988,1989-06-06,0.3333333333333333,8,-0.07280464370977013,0.20534769083771176
HANG_SENG,Hang Seng Index,^HSI,FIRST_CUT,T05_1988,B02,1988,1989-06-06,0.3333333333333333,9,-0.054416025983099026,0.20534769083771176
HANG_SENG,Hang Seng Index,^HSI,FIRST_CUT,T05_1988,B02,1988,1989-06-06,0.3333333333333333,10,-0.03479375543260832,0.20534769083771176
HANG_SENG,Hang Seng Index,^HSI,FIRST_CUT,T05_1988,B02,1988,1989-06-06,0.3333333333333333,11,-0.038492231630858686,0.20534769083771176
HANG_SENG,Hang Seng Index,^HSI,FIRST_CUT,T05_1988,B02,1988,1989-06-06,0.3333333333333333,12,0.035547778258171014,0.20534769083771176
HANG_SENG,Hang Seng Index,^HSI,FIRST_CUT,T06_1994,B03,1994,1995-07-06,1.0,1,-0.016005007810008687,0.016005007810008687
HANG_SENG,Hang Seng Index,^HSI,FIRST_CUT,T06_1994,B03,1994,1995-07-06,1.0,2,0.024091873526825625,0.016005007810008687
HANG_SENG,Hang Seng Index,^HSI,FIRST_CUT,T06_1994,B03,1994,1995-07-06,1.0,3,0.059608322943254244,0.016005007810008687
HANG_SENG,Hang Seng Index,^HSI,FIRST_CUT,T06_1994,B03,1994,1995-07-06,1.0,4,0.02793935771172995,0.029887425896729547
HANG_SENG,Hang Seng Index,^HSI,FIRST_CUT,T06_1994,B03,1994,1995-07-06,1.0,5,0.06707399759678312,0.029887425896729547
HANG_SENG,Hang Seng Index,^HSI,FIRST_CUT,T06_1994,B03,1994,1995-07-06,1.0,6,0.1548840663926061,0.029887425896729547
HANG_SENG,Hang Seng Index,^HSI,FIRST_CUT,T06_1994,B03,1994,1995-07-06,1.0,7,0.22217492958498486,0.029887425896729547
HANG_SENG,Hang Seng Index,^HSI,FIRST_CUT,T06_1994,B03,1994,1995-07-06,1.0,8,0.177521869069299,0.036535735952993864
HANG_SENG,Hang Seng Index,^HSI,FIRST_CUT,T06_1994,B03,1994,1995-07-06,1.0,9,0.17851054360138452,0.036535735952993864
HANG_SENG,Hang Seng Index,^HSI,FIRST_CUT,T06_1994,B03,1994,1995-07-06,1.0,10,0.17529867406513455,0.03835478406987791
HANG_SENG,Hang Seng Index,^HSI,FIRST_CUT,T06_1994,B03,1994,1995-07-06,1.0,11,0.18669439640231844,0.03835478406987791
HANG_SENG,Hang Seng Index,^HSI,FIRST_CUT,T06_1994,B03,1994,1995-07-06,1.0,12,0.16778652214995815,0.044501328016518515
HANG_SENG,Hang Seng Index,^HSI,FIRST_CUT,T07_1999,B04,1999,2001-01-03,1.0,1,0.04106586431593939,0.0
HANG_SENG,Hang Seng Index,^HSI,FIRST_CUT,T07_1999,B04,1999,2001-01-03,1.0,2,-0.10273531486627252,0.13812880059870214
HANG_SENG,Hang Seng Index,^HSI,FIRST_CUT,T07_1999,B04,1999,2001-01-03,1.0,3,-0.1409755024979531,0.17486056651517212
HANG_SENG,Hang Seng Index,^HSI,FIRST_CUT,T07_1999,B04,1999,2001-01-03,1.0,4,-0.09418766489361519,0.17486056651517212
HANG_SENG,Hang Seng Index,^HSI,FIRST_CUT,T07_1999,B04,1999,2001-01-03,1.0,5,-0.11576680685926455,0.17486056651517212
HANG_SENG,Hang Seng Index,^HSI,FIRST_CUT,T07_1999,B04,1999,2001-01-03,1.0,6,-0.1652784562477133,0.19820486641278634
HANG_SENG,Hang Seng Index,^HSI,FIRST_CUT,T07_1999,B04,1999,2001-01-03,1.0,7,-0.22012059114853577,0.250883699501659
HANG_SENG,Hang Seng Index,^HSI,FIRST_CUT,T07_1999,B04,1999,2001-01-03,1.0,8,-0.341778112205796,0.3677423202933403
HANG_SENG,Hang Seng Index,^HSI,FIRST_CUT,T07_1999,B04,1999,2001-01-03,1.0,9,-0.3226553636145364,0.3677423202933403
HANG_SENG,Hang Seng Index,^HSI,FIRST_CUT,T07_1999,B04,1999,2001-01-03,1.0,10,-0.2733286669318148,0.3677423202933403
HANG_SENG,Hang Seng Index,^HSI,FIRST_CUT,T07_1999,B04,1999,2001-01-03,1.0,11,-0.23185482040225558,0.3677423202933403
HANG_SENG,Hang Seng Index,^HSI,FIRST_CUT,T07_1999,B04,1999,2001-01-03,1.0,12,-0.2589237327695215,0.3677423202933403
HANG_SENG,Hang Seng Index,^HSI,FIRST_CUT,T08_2004,B05,2004,2007-09-18,1.0,1,0.30608056033557673,0.0
HANG_SENG,Hang Seng Index,^HSI,FIRST_CUT,T08_2004,B05,2004,2007-09-18,1.0,2,0.26732195628302424,0.029675507950745583
HANG_SENG,Hang Seng Index,^HSI,FIRST_CUT,T08_2004,B05,2004,2007-09-18,1.0,3,0.25679913187321546,0.03773230377894854
HANG_SENG,Hang Seng Index,^HSI,FIRST_CUT,T08_2004,B05,2004,2007-09-18,1.0,4,0.13801990618343907,0.12867556508838707
HANG_SENG,Hang Seng Index,^HSI,FIRST_CUT,T08_2004,B05,2004,2007-09-18,1.0,5,0.06840587537845466,0.18197551680583568
HANG_SENG,Hang Seng Index,^HSI,FIRST_CUT,T08_2004,B05,2004,2007-09-18,1.0,6,0.010746436519249114,0.2261224405180996
HANG_SENG,Hang Seng Index,^HSI,FIRST_CUT,T08_2004,B05,2004,2007-09-18,1.0,7,0.10197921265892251,0.2261224405180996
HANG_SENG,Hang Seng Index,^HSI,FIRST_CUT,T08_2004,B05,2004,2007-09-18,1.0,8,0.1306425361103669,0.2261224405180996
HANG_SENG,Hang Seng Index,^HSI,FIRST_CUT,T08_2004,B05,2004,2007-09-18,1.0,9,0.03865553117056031,0.2261224405180996
HANG_SENG,Hang Seng Index,^HSI,FIRST_CUT,T08_2004,B05,2004,2007-09-18,1.0,10,-0.010846053071723927,0.24265472056782733
HANG_SENG,Hang Seng Index,^HSI,FIRST_CUT,T08_2004,B05,2004,2007-09-18,1.0,11,-0.039686370194750964,0.26473629654321507
HANG_SENG,Hang Seng Index,^HSI,FIRST_CUT,T08_2004,B05,2004,2007-09-18,1.0,12,-0.13221240938152135,0.33557881728557826
HANG_SENG,Hang Seng Index,^HSI,FIRST_CUT,T09_2015,B06,2015,2019-07-31,1.0,1,-0.062447733284396456,0.062447733284396456
HANG_SENG,Hang Seng Index,^HSI,FIRST_CUT,T09_2015,B06,2015,2019-07-31,1.0,2,-0.04487231220914223,0.062447733284396456
HANG_SENG,Hang Seng Index,^HSI,FIRST_CUT,T09_2015,B06,2015,2019-07-31,1.0,3,-0.045453902183290706,0.062447733284396456
HANG_SENG,Hang Seng Index,^HSI,FIRST_CUT,T09_2015,B06,2015,2019-07-31,1.0,4,-0.026661578132320285,0.062447733284396456
HANG_SENG,Hang Seng Index,^HSI,FIRST_CUT,T09_2015,B06,2015,2019-07-31,1.0,5,-0.01637047426731686,0.062447733284396456
HANG_SENG,Hang Seng Index,^HSI,FIRST_CUT,T09_2015,B06,2015,2019-07-31,1.0,6,0.01790547791043684,0.062447733284396456
HANG_SENG,Hang Seng Index,^HSI,FIRST_CUT,T09_2015,B06,2015,2019-07-31,1.0,7,-0.018157797921021235,0.062447733284396456
HANG_SENG,Hang Seng Index,^HSI,FIRST_CUT,T09_2015,B06,2015,2019-07-31,1.0,8,-0.13027603418439926,0.14557492351748036
HANG_SENG,Hang Seng Index,^HSI,FIRST_CUT,T09_2015,B06,2015,2019-07-31,1.0,9,-0.13381989042999043,0.14905644151939357
HANG_SENG,Hang Seng Index,^HSI,FIRST_CUT,T09_2015,B06,2015,2019-07-31,1.0,10,-0.1410802167009254,0.15618905493831237
HANG_SENG,Hang Seng Index,^HSI,FIRST_CUT,T09_2015,B06,2015,2019-07-31,1.0,11,-0.11687909884397119,0.15618905493831237
HANG_SENG,Hang Seng Index,^HSI,FIRST_CUT,T09_2015,B06,2015,2019-07-31,1.0,12,-0.0866544049881085,0.15618905493831237
HANG_SENG,Hang Seng Index,^HSI,FIRST_CUT,T10_2022,B07,2022,2024-09-18,1.0,1,0.21069129593232816,0.0
HANG_SENG,Hang Seng Index,^HSI,FIRST_CUT,T10_2022,B07,2022,2024-09-18,1.0,2,0.1478580907282856,0.05189861809955121
HANG_SENG,Hang Seng Index,^HSI,FIRST_CUT,T10_2022,B07,2022,2024-09-18,1.0,3,0.1503767130242062,0.05189861809955121
HANG_SENG,Hang Seng Index,^HSI,FIRST_CUT,T10_2022,B07,2022,2024-09-18,1.0,4,0.13156901396971055,0.06535297827650366
HANG_SENG,Hang Seng Index,^HSI,FIRST_CUT,T10_2022,B07,2022,2024-09-18,1.0,5,0.28145914705332165,0.06535297827650366
HANG_SENG,Hang Seng Index,^HSI,FIRST_CUT,T10_2022,B07,2022,2024-09-18,1.0,6,0.3715722611822678,0.06535297827650366
HANG_SENG,Hang Seng Index,^HSI,FIRST_CUT,T10_2022,B07,2022,2024-09-18,1.0,7,0.24528907689882962,0.09207184182522377
HANG_SENG,Hang Seng Index,^HSI,FIRST_CUT,T10_2022,B07,2022,2024-09-18,1.0,8,0.3426782828643289,0.09207184182522377
HANG_SENG,Hang Seng Index,^HSI,FIRST_CUT,T10_2022,B07,2022,2024-09-18,1.0,9,0.37995074567230924,0.09207184182522377
HANG_SENG,Hang Seng Index,^HSI,FIRST_CUT,T10_2022,B07,2022,2024-09-18,1.0,10,0.4234205848327237,0.09207184182522377
HANG_SENG,Hang Seng Index,^HSI,FIRST_CUT,T10_2022,B07,2022,2024-09-18,1.0,11,0.45032355811072367,0.09207184182522377
HANG_SENG,Hang Seng Index,^HSI,FIRST_CUT,T10_2022,B07,2022,2024-09-18,1.0,12,0.5086204089605,0.09207184182522377
SHANGHAI_COMPOSITE,Shanghai Composite,000001.SS,FIRST_HIKE,T07_1999,B04,1999,1999-06-30,1.0,1,0.365331591035124,0.0
SHANGHAI_COMPOSITE,Shanghai Composite,000001.SS,FIRST_HIKE,T07_1999,B04,1999,1999-06-30,1.0,2,0.40986029514506117,0.0
SHANGHAI_COMPOSITE,Shanghai Composite,000001.SS,FIRST_HIKE,T07_1999,B04,1999,1999-06-30,1.0,3,0.4099301530050059,0.0
SHANGHAI_COMPOSITE,Shanghai Composite,000001.SS,FIRST_HIKE,T07_1999,B04,1999,1999-06-30,1.0,4,0.3118806326842116,0.06954211179314085
SHANGHAI_COMPOSITE,Shanghai Composite,000001.SS,FIRST_HIKE,T07_1999,B04,1999,1999-06-30,1.0,5,0.27237149348191436,0.09756416601908302
SHANGHAI_COMPOSITE,Shanghai Composite,000001.SS,FIRST_HIKE,T07_1999,B04,1999,1999-06-30,1.0,6,0.22538754040272724,0.13088776930471357
SHANGHAI_COMPOSITE,Shanghai Composite,000001.SS,FIRST_HIKE,T07_1999,B04,1999,1999-06-30,1.0,7,0.2757205138475529,0.13088776930471357
SHANGHAI_COMPOSITE,Shanghai Composite,000001.SS,FIRST_HIKE,T07_1999,B04,1999,1999-06-30,1.0,8,0.4484064918082524,0.13088776930471357
SHANGHAI_COMPOSITE,Shanghai Composite,000001.SS,FIRST_HIKE,T07_1999,B04,1999,1999-06-30,1.0,9,0.5022789085238222,0.13088776930471357
SHANGHAI_COMPOSITE,Shanghai Composite,000001.SS,FIRST_HIKE,T07_1999,B04,1999,1999-06-30,1.0,10,0.5847149075193825,0.13088776930471357
SHANGHAI_COMPOSITE,Shanghai Composite,000001.SS,FIRST_HIKE,T07_1999,B04,1999,1999-06-30,1.0,11,0.5729177970180801,0.13088776930471357
SHANGHAI_COMPOSITE,Shanghai Composite,000001.SS,FIRST_HIKE,T07_1999,B04,1999,1999-06-30,1.0,12,0.67787370209178,0.13088776930471357
SHANGHAI_COMPOSITE,Shanghai Composite,000001.SS,FIRST_HIKE,T08_2004,B05,2004,2004-06-30,1.0,1,-0.0864798587861646,0.0864798587861646
SHANGHAI_COMPOSITE,Shanghai Composite,000001.SS,FIRST_HIKE,T08_2004,B05,2004,2004-06-30,1.0,2,-0.12628654540535889,0.12628654540535889
SHANGHAI_COMPOSITE,Shanghai Composite,000001.SS,FIRST_HIKE,T08_2004,B05,2004,2004-06-30,1.0,3,-0.12064063666073888,0.12628654540535889
SHANGHAI_COMPOSITE,Shanghai Composite,000001.SS,FIRST_HIKE,T08_2004,B05,2004,2004-06-30,1.0,4,-0.1346078013119072,0.1346078013119072
SHANGHAI_COMPOSITE,Shanghai Composite,000001.SS,FIRST_HIKE,T08_2004,B05,2004,2004-06-30,1.0,5,-0.13690230292705852,0.13690230292705852
SHANGHAI_COMPOSITE,Shanghai Composite,000001.SS,FIRST_HIKE,T08_2004,B05,2004,2004-06-30,1.0,6,-0.16277464656997798,0.16277464656997798
SHANGHAI_COMPOSITE,Shanghai Composite,000001.SS,FIRST_HIKE,T08_2004,B05,2004,2004-06-30,1.0,7,-0.2057159730051662,0.2057159730051662
SHANGHAI_COMPOSITE,Shanghai Composite,000001.SS,FIRST_HIKE,T08_2004,B05,2004,2004-06-30,1.0,8,-0.17983250457847288,0.2057159730051662
SHANGHAI_COMPOSITE,Shanghai Composite,000001.SS,FIRST_HIKE,T08_2004,B05,2004,2004-06-30,1.0,9,-0.1965041736500598,0.2057159730051662
SHANGHAI_COMPOSITE,Shanghai Composite,000001.SS,FIRST_HIKE,T08_2004,B05,2004,2004-06-30,1.0,10,-0.22943800483150967,0.22943800483150967
SHANGHAI_COMPOSITE,Shanghai Composite,000001.SS,FIRST_HIKE,T08_2004,B05,2004,2004-06-30,1.0,11,-0.2990058604447232,0.2990058604447232
SHANGHAI_COMPOSITE,Shanghai Composite,000001.SS,FIRST_HIKE,T08_2004,B05,2004,2004-06-30,1.0,12,-0.30311678630928496,0.30311678630928496
SHANGHAI_COMPOSITE,Shanghai Composite,000001.SS,FIRST_HIKE,T09_2015,B06,2015,2015-12-16,1.0,1,-0.16225465059563704,0.16225465059563704
SHANGHAI_COMPOSITE,Shanghai Composite,000001.SS,FIRST_HIKE,T09_2015,B06,2015,2015-12-16,1.0,2,-0.2128505699027191,0.2128505699027191
SHANGHAI_COMPOSITE,Shanghai Composite,000001.SS,FIRST_HIKE,T09_2015,B06,2015,2015-12-16,1.0,3,-0.1832511496079634,0.2128505699027191
SHANGHAI_COMPOSITE,Shanghai Composite,000001.SS,FIRST_HIKE,T09_2015,B06,2015,2015-12-16,1.0,4,-0.15616118830996162,0.2128505699027191
SHANGHAI_COMPOSITE,Shanghai Composite,000001.SS,FIRST_HIKE,T09_2015,B06,2015,2015-12-16,1.0,5,-0.19693658913071,0.2128505699027191
SHANGHAI_COMPOSITE,Shanghai Composite,000001.SS,FIRST_HIKE,T09_2015,B06,2015,2015-12-16,1.0,6,-0.18589425944165905,0.2128505699027191
SHANGHAI_COMPOSITE,Shanghai Composite,000001.SS,FIRST_HIKE,T09_2015,B06,2015,2015-12-16,1.0,7,-0.15284449171419312,0.2128505699027191
SHANGHAI_COMPOSITE,Shanghai Composite,000001.SS,FIRST_HIKE,T09_2015,B06,2015,2015-12-16,1.0,8,-0.14353923988845563,0.2128505699027191
SHANGHAI_COMPOSITE,Shanghai Composite,000001.SS,FIRST_HIKE,T09_2015,B06,2015,2015-12-16,1.0,9,-0.14734558467768577,0.2128505699027191
SHANGHAI_COMPOSITE,Shanghai Composite,000001.SS,FIRST_HIKE,T09_2015,B06,2015,2015-12-16,1.0,10,-0.13343940982798508,0.2128505699027191
SHANGHAI_COMPOSITE,Shanghai Composite,000001.SS,FIRST_HIKE,T09_2015,B06,2015,2015-12-16,1.0,11,-0.10268381042034791,0.2128505699027191
SHANGHAI_COMPOSITE,Shanghai Composite,000001.SS,FIRST_HIKE,T09_2015,B06,2015,2015-12-16,1.0,12,-0.1138244707235826,0.2128505699027191
SHANGHAI_COMPOSITE,Shanghai Composite,000001.SS,FIRST_HIKE,T10_2022,B07,2022,2022-03-16,1.0,1,-0.09448744463774761,0.09448744463774761
SHANGHAI_COMPOSITE,Shanghai Composite,000001.SS,FIRST_HIKE,T10_2022,B07,2022,2022-03-16,1.0,2,-0.10731311653659537,0.10731311653659537
SHANGHAI_COMPOSITE,Shanghai Composite,000001.SS,FIRST_HIKE,T10_2022,B07,2022,2022-03-16,1.0,3,-0.048112335279001606,0.10731311653659537
SHANGHAI_COMPOSITE,Shanghai Composite,000001.SS,FIRST_HIKE,T10_2022,B07,2022,2022-03-16,1.0,4,-0.045326260854429035,0.10731311653659537
SHANGHAI_COMPOSITE,Shanghai Composite,000001.SS,FIRST_HIKE,T10_2022,B07,2022,2022-03-16,1.0,5,-0.06307156027762273,0.10731311653659537
SHANGHAI_COMPOSITE,Shanghai Composite,000001.SS,FIRST_HIKE,T10_2022,B07,2022,2022-03-16,1.0,6,-0.08949442245072348,0.10731311653659537
SHANGHAI_COMPOSITE,Shanghai Composite,000001.SS,FIRST_HIKE,T10_2022,B07,2022,2022-03-16,1.0,7,-0.13167251694429616,0.13167251694429616
SHANGHAI_COMPOSITE,Shanghai Composite,000001.SS,FIRST_HIKE,T10_2022,B07,2022,2022-03-16,1.0,8,-0.1105021965234455,0.13167251694429616
SHANGHAI_COMPOSITE,Shanghai Composite,000001.SS,FIRST_HIKE,T10_2022,B07,2022,2022-03-16,1.0,9,-0.09431816746853683,0.13167251694429616
SHANGHAI_COMPOSITE,Shanghai Composite,000001.SS,FIRST_HIKE,T10_2022,B07,2022,2022-03-16,1.0,10,-0.0770123569966722,0.13167251694429616
SHANGHAI_COMPOSITE,Shanghai Composite,000001.SS,FIRST_HIKE,T10_2022,B07,2022,2022-03-16,1.0,11,-0.05551483622164688,0.13167251694429616
SHANGHAI_COMPOSITE,Shanghai Composite,000001.SS,FIRST_HIKE,T10_2022,B07,2022,2022-03-16,1.0,12,-0.05579418263196967,0.13167251694429616
SHANGHAI_COMPOSITE,Shanghai Composite,000001.SS,LAST_HIKE,T07_1999,B04,1999,2000-05-16,1.0,1,0.0587858384687141,0.0
SHANGHAI_COMPOSITE,Shanghai Composite,000001.SS,LAST_HIKE,T07_1999,B04,1999,2000-05-16,1.0,2,0.08473539142528574,0.0
SHANGHAI_COMPOSITE,Shanghai Composite,000001.SS,LAST_HIKE,T07_1999,B04,1999,2000-05-16,1.0,3,0.1366908811588694,0.0
SHANGHAI_COMPOSITE,Shanghai Composite,000001.SS,LAST_HIKE,T07_1999,B04,1999,2000-05-16,1.0,4,0.06773000242190852,0.060668102366277954
SHANGHAI_COMPOSITE,Shanghai Composite,000001.SS,LAST_HIKE,T07_1999,B04,1999,2000-05-16,1.0,5,0.0677466616177762,0.060668102366277954
SHANGHAI_COMPOSITE,Shanghai Composite,000001.SS,LAST_HIKE,T07_1999,B04,1999,2000-05-16,1.0,6,0.13033745227908344,0.060668102366277954
SHANGHAI_COMPOSITE,Shanghai Composite,000001.SS,LAST_HIKE,T07_1999,B04,1999,2000-05-16,1.0,7,0.13645073131732333,0.060668102366277954
SHANGHAI_COMPOSITE,Shanghai Composite,000001.SS,LAST_HIKE,T07_1999,B04,1999,2000-05-16,1.0,8,0.149196367925303,0.060668102366277954
SHANGHAI_COMPOSITE,Shanghai Composite,000001.SS,LAST_HIKE,T07_1999,B04,1999,2000-05-16,1.0,9,0.075734851819248,0.06392425015985581
SHANGHAI_COMPOSITE,Shanghai Composite,000001.SS,LAST_HIKE,T07_1999,B04,1999,2000-05-16,1.0,10,0.12053256347396868,0.06392425015985581
SHANGHAI_COMPOSITE,Shanghai Composite,000001.SS,LAST_HIKE,T07_1999,B04,1999,2000-05-16,1.0,11,0.174569463203478,0.06392425015985581
SHANGHAI_COMPOSITE,Shanghai Composite,000001.SS,LAST_HIKE,T07_1999,B04,1999,2000-05-16,1.0,12,0.20236233381692004,0.06392425015985581
SHANGHAI_COMPOSITE,Shanghai Composite,000001.SS,LAST_HIKE,T08_2004,B05,2004,2006-06-29,1.0,1,0.05087569012045545,0.0
SHANGHAI_COMPOSITE,Shanghai Composite,000001.SS,LAST_HIKE,T08_2004,B05,2004,2006-06-29,1.0,2,0.0010036448815053944,0.04745760674436539
SHANGHAI_COMPOSITE,Shanghai Composite,000001.SS,LAST_HIKE,T08_2004,B05,2004,2006-06-29,1.0,3,0.06024850418989036,0.04745760674436539
SHANGHAI_COMPOSITE,Shanghai Composite,000001.SS,LAST_HIKE,T08_2004,B05,2004,2006-06-29,1.0,4,0.11619231215562564,0.04745760674436539
SHANGHAI_COMPOSITE,Shanghai Composite,000001.SS,LAST_HIKE,T08_2004,B05,2004,2006-06-29,1.0,5,0.2183337746282661,0.04745760674436539
SHANGHAI_COMPOSITE,Shanghai Composite,000001.SS,LAST_HIKE,T08_2004,B05,2004,2006-06-29,1.0,6,0.436761360032232,0.04745760674436539
SHANGHAI_COMPOSITE,Shanghai Composite,000001.SS,LAST_HIKE,T08_2004,B05,2004,2006-06-29,1.0,7,0.7558095850457511,0.04745760674436539
SHANGHAI_COMPOSITE,Shanghai Composite,000001.SS,LAST_HIKE,T08_2004,B05,2004,2006-06-29,1.0,8,0.750654446068721,0.04745760674436539
SHANGHAI_COMPOSITE,Shanghai Composite,000001.SS,LAST_HIKE,T08_2004,B05,2004,2006-06-29,1.0,9,0.8626441112885301,0.04745760674436539
SHANGHAI_COMPOSITE,Shanghai Composite,000001.SS,LAST_HIKE,T08_2004,B05,2004,2006-06-29,1.0,10,1.2031177760199414,0.04745760674436539
SHANGHAI_COMPOSITE,Shanghai Composite,000001.SS,LAST_HIKE,T08_2004,B05,2004,2006-06-29,1.0,11,1.543390024756139,0.04745760674436539
SHANGHAI_COMPOSITE,Shanghai Composite,000001.SS,LAST_HIKE,T08_2004,B05,2004,2006-06-29,1.0,12,1.4992972219655627,0.04745760674436539
SHANGHAI_COMPOSITE,Shanghai Composite,000001.SS,LAST_HIKE,T09_2015,B06,2015,2018-12-19,1.0,1,-0.02757992552894384,0.02757992552894384
SHANGHAI_COMPOSITE,Shanghai Composite,000001.SS,LAST_HIKE,T09_2015,B06,2015,2018-12-19,1.0,2,0.05643132947077523,0.02757992552894384
SHANGHAI_COMPOSITE,Shanghai Composite,000001.SS,LAST_HIKE,T09_2015,B06,2015,2018-12-19,1.0,3,0.15858845748947648,0.02757992552894384
SHANGHAI_COMPOSITE,Shanghai Composite,000001.SS,LAST_HIKE,T09_2015,B06,2015,2018-12-19,1.0,4,0.2193904313355748,0.02757992552894384
SHANGHAI_COMPOSITE,Shanghai Composite,000001.SS,LAST_HIKE,T09_2015,B06,2015,2018-12-19,1.0,5,0.10178917016883848,0.09644266360031217
SHANGHAI_COMPOSITE,Shanghai Composite,000001.SS,LAST_HIKE,T09_2015,B06,2015,2018-12-19,1.0,6,0.11121363189260092,0.09644266360031217
SHANGHAI_COMPOSITE,Shanghai Composite,000001.SS,LAST_HIKE,T09_2015,B06,2015,2018-12-19,1.0,7,0.12042961081461145,0.09644266360031217
SHANGHAI_COMPOSITE,Shanghai Composite,000001.SS,LAST_HIKE,T09_2015,B06,2015,2018-12-19,1.0,8,0.08212397459057663,0.11256973420289429
SHANGHAI_COMPOSITE,Shanghai Composite,000001.SS,LAST_HIKE,T09_2015,B06,2015,2018-12-19,1.0,9,0.13203655379593982,0.11256973420289429
SHANGHAI_COMPOSITE,Shanghai Composite,000001.SS,LAST_HIKE,T09_2015,B06,2015,2018-12-19,1.0,10,0.12308518222496323,0.11256973420289429
SHANGHAI_COMPOSITE,Shanghai Composite,000001.SS,LAST_HIKE,T09_2015,B06,2015,2018-12-19,1.0,11,0.11128003634047179,0.11256973420289429
SHANGHAI_COMPOSITE,Shanghai Composite,000001.SS,LAST_HIKE,T09_2015,B06,2015,2018-12-19,1.0,12,0.12583366751822878,0.11256973420289429
SHANGHAI_COMPOSITE,Shanghai Composite,000001.SS,LAST_HIKE,T10_2022,B07,2022,2023-07-26,1.0,1,-0.012323524480138959,0.012323524480138959
SHANGHAI_COMPOSITE,Shanghai Composite,000001.SS,LAST_HIKE,T10_2022,B07,2022,2023-07-26,1.0,2,-0.028131041573912774,0.028131041573912774
SHANGHAI_COMPOSITE,Shanghai Composite,000001.SS,LAST_HIKE,T10_2022,B07,2022,2023-07-26,1.0,3,-0.056832738259065874,0.056832738259065874
SHANGHAI_COMPOSITE,Shanghai Composite,000001.SS,LAST_HIKE,T10_2022,B07,2022,2023-07-26,1.0,4,-0.05307027417624599,0.056832738259065874
SHANGHAI_COMPOSITE,Shanghai Composite,000001.SS,LAST_HIKE,T10_2022,B07,2022,2023-07-26,1.0,5,-0.08127723272933951,0.08127723272933951
SHANGHAI_COMPOSITE,Shanghai Composite,000001.SS,LAST_HIKE,T10_2022,B07,2022,2023-07-26,1.0,6,-0.10690608474425978,0.10690608474425978
SHANGHAI_COMPOSITE,Shanghai Composite,000001.SS,LAST_HIKE,T10_2022,B07,2022,2023-07-26,1.0,7,-0.09983960072420306,0.10690608474425978
SHANGHAI_COMPOSITE,Shanghai Composite,000001.SS,LAST_HIKE,T10_2022,B07,2022,2023-07-26,1.0,8,-0.053350615685583525,0.10690608474425978
SHANGHAI_COMPOSITE,Shanghai Composite,000001.SS,LAST_HIKE,T10_2022,B07,2022,2023-07-26,1.0,9,-0.0495344293230503,0.10690608474425978
SHANGHAI_COMPOSITE,Shanghai Composite,000001.SS,LAST_HIKE,T10_2022,B07,2022,2023-07-26,1.0,10,-0.0264107210582204,0.10690608474425978
SHANGHAI_COMPOSITE,Shanghai Composite,000001.SS,LAST_HIKE,T10_2022,B07,2022,2023-07-26,1.0,11,-0.06194239825825931,0.10690608474425978
SHANGHAI_COMPOSITE,Shanghai Composite,000001.SS,LAST_HIKE,T10_2022,B07,2022,2023-07-26,1.0,12,-0.08373098512339805,0.10690608474425978
SHANGHAI_COMPOSITE,Shanghai Composite,000001.SS,PAUSE_START,T07_1999,B04,1999,2000-06-28,1.0,1,0.09287106342389717,0.0
SHANGHAI_COMPOSITE,Shanghai Composite,000001.SS,PAUSE_START,T07_1999,B04,1999,2000-06-28,1.0,2,0.1452162268293653,0.0
SHANGHAI_COMPOSITE,Shanghai Composite,000001.SS,PAUSE_START,T07_1999,B04,1999,2000-06-28,1.0,3,0.0757381315485588,0.060668102366277954
SHANGHAI_COMPOSITE,Shanghai Composite,000001.SS,PAUSE_START,T07_1999,B04,1999,2000-06-28,1.0,4,0.07575491569080017,0.060668102366277954
SHANGHAI_COMPOSITE,Shanghai Composite,000001.SS,PAUSE_START,T07_1999,B04,1999,2000-06-28,1.0,5,0.13881514631597258,0.060668102366277954
SHANGHAI_COMPOSITE,Shanghai Composite,000001.SS,PAUSE_START,T07_1999,B04,1999,2000-06-28,1.0,6,0.14497427582934597,0.060668102366277954
SHANGHAI_COMPOSITE,Shanghai Composite,000001.SS,PAUSE_START,T07_1999,B04,1999,2000-06-28,1.0,7,0.15781550655149923,0.060668102366277954
SHANGHAI_COMPOSITE,Shanghai Composite,000001.SS,PAUSE_START,T07_1999,B04,1999,2000-06-28,1.0,8,0.08380301847174088,0.06392425015985581
SHANGHAI_COMPOSITE,Shanghai Composite,000001.SS,PAUSE_START,T07_1999,B04,1999,2000-06-28,1.0,9,0.12893671942965224,0.06392425015985581
SHANGHAI_COMPOSITE,Shanghai Composite,000001.SS,PAUSE_START,T07_1999,B04,1999,2000-06-28,1.0,10,0.18337890370643106,0.06392425015985581
SHANGHAI_COMPOSITE,Shanghai Composite,000001.SS,PAUSE_START,T07_1999,B04,1999,2000-06-28,1.0,11,0.21138022486089758,0.06392425015985581
SHANGHAI_COMPOSITE,Shanghai Composite,000001.SS,PAUSE_START,T07_1999,B04,1999,2000-06-28,1.0,12,0.22714820127933533,0.06392425015985581
SHANGHAI_COMPOSITE,Shanghai Composite,000001.SS,PAUSE_START,T08_2004,B05,2004,2006-08-08,1.0,1,0.008919051185169558,0.0
SHANGHAI_COMPOSITE,Shanghai Composite,000001.SS,PAUSE_START,T08_2004,B05,2004,2006-08-08,1.0,2,0.06215447045661815,0.0
SHANGHAI_COMPOSITE,Shanghai Composite,000001.SS,PAUSE_START,T08_2004,B05,2004,2006-08-08,1.0,3,0.15935099277880904,0.0
SHANGHAI_COMPOSITE,Shanghai Composite,000001.SS,PAUSE_START,T08_2004,B05,2004,2006-08-08,1.0,4,0.36720391720884193,0.0
SHANGHAI_COMPOSITE,Shanghai Composite,000001.SS,PAUSE_START,T08_2004,B05,2004,2006-08-08,1.0,5,0.670806168181979,0.0
SHANGHAI_COMPOSITE,Shanghai Composite,000001.SS,PAUSE_START,T08_2004,B05,2004,2006-08-08,1.0,6,0.66590060320841,0.002936046722227914
SHANGHAI_COMPOSITE,Shanghai Composite,000001.SS,PAUSE_START,T08_2004,B05,2004,2006-08-08,1.0,7,0.7724685505618905,0.002936046722227914
SHANGHAI_COMPOSITE,Shanghai Composite,000001.SS,PAUSE_START,T08_2004,B05,2004,2006-08-08,1.0,8,1.0964589786708374,0.002936046722227914
SHANGHAI_COMPOSITE,Shanghai Composite,000001.SS,PAUSE_START,T08_2004,B05,2004,2006-08-08,1.0,9,1.4202577418691695,0.002936046722227914
SHANGHAI_COMPOSITE,Shanghai Composite,000001.SS,PAUSE_START,T08_2004,B05,2004,2006-08-08,1.0,10,1.3782995890589906,0.017336233279755753
SHANGHAI_COMPOSITE,Shanghai Composite,000001.SS,PAUSE_START,T08_2004,B05,2004,2006-08-08,1.0,11,1.3803216269612641,0.017336233279755753
SHANGHAI_COMPOSITE,Shanghai Composite,000001.SS,PAUSE_START,T08_2004,B05,2004,2006-08-08,1.0,12,1.8738627292396073,0.017336233279755753
SHANGHAI_COMPOSITE,Shanghai Composite,000001.SS,PAUSE_START,T09_2015,B06,2015,2019-01-30,1.0,1,0.07994870917614261,0.0
SHANGHAI_COMPOSITE,Shanghai Composite,000001.SS,PAUSE_START,T09_2015,B06,2015,2019-01-30,1.0,2,0.18437997267549933,0.0
SHANGHAI_COMPOSITE,Shanghai Composite,000001.SS,PAUSE_START,T09_2015,B06,2015,2019-01-30,1.0,3,0.24653546857824749,0.0
SHANGHAI_COMPOSITE,Shanghai Composite,000001.SS,PAUSE_START,T09_2015,B06,2015,2019-01-30,1.0,4,0.12631626771629811,0.09644266360031217
SHANGHAI_COMPOSITE,Shanghai Composite,000001.SS,PAUSE_START,T09_2015,B06,2015,2019-01-30,1.0,5,0.1359505288266305,0.09644266360031217
SHANGHAI_COMPOSITE,Shanghai Composite,000001.SS,PAUSE_START,T09_2015,B06,2015,2019-01-30,1.0,6,0.14537166606761498,0.09644266360031217
SHANGHAI_COMPOSITE,Shanghai Composite,000001.SS,PAUSE_START,T09_2015,B06,2015,2019-01-30,1.0,7,0.10621330220591374,0.11256973420289429
SHANGHAI_COMPOSITE,Shanghai Composite,000001.SS,PAUSE_START,T09_2015,B06,2015,2019-01-30,1.0,8,0.1572369929852162,0.11256973420289429
SHANGHAI_COMPOSITE,Shanghai Composite,000001.SS,PAUSE_START,T09_2015,B06,2015,2019-01-30,1.0,9,0.14808635356005362,0.11256973420289429
SHANGHAI_COMPOSITE,Shanghai Composite,000001.SS,PAUSE_START,T09_2015,B06,2015,2019-01-30,1.0,10,0.136018411514091,0.11256973420289429
SHANGHAI_COMPOSITE,Shanghai Composite,000001.SS,PAUSE_START,T09_2015,B06,2015,2019-01-30,1.0,11,0.1508960233055907,0.11256973420289429
SHANGHAI_COMPOSITE,Shanghai Composite,000001.SS,PAUSE_START,T09_2015,B06,2015,2019-01-30,1.0,12,0.19619682912231173,0.11256973420289429
SHANGHAI_COMPOSITE,Shanghai Composite,000001.SS,PAUSE_START,T10_2022,B07,2022,2023-09-20,1.0,1,-0.045064568086933154,0.045064568086933154
SHANGHAI_COMPOSITE,Shanghai Composite,000001.SS,PAUSE_START,T10_2022,B07,2022,2023-09-20,1.0,2,-0.0412551586537081,0.045064568086933154
SHANGHAI_COMPOSITE,Shanghai Composite,000001.SS,PAUSE_START,T10_2022,B07,2022,2023-09-20,1.0,3,-0.06981406357067177,0.06981406357067177
SHANGHAI_COMPOSITE,Shanghai Composite,000001.SS,PAUSE_START,T10_2022,B07,2022,2023-09-20,1.0,4,-0.09576269417000904,0.09576269417000904
SHANGHAI_COMPOSITE,Shanghai Composite,000001.SS,PAUSE_START,T10_2022,B07,2022,2023-09-20,1.0,5,-0.08860803958907726,0.09576269417000904
SHANGHAI_COMPOSITE,Shanghai Composite,000001.SS,PAUSE_START,T10_2022,B07,2022,2023-09-20,1.0,6,-0.04153899806497885,0.09576269417000904
SHANGHAI_COMPOSITE,Shanghai Composite,000001.SS,PAUSE_START,T10_2022,B07,2022,2023-09-20,1.0,7,-0.03767519604364933,0.09576269417000904
SHANGHAI_COMPOSITE,Shanghai Composite,000001.SS,PAUSE_START,T10_2022,B07,2022,2023-09-20,1.0,8,-0.014262966596087834,0.09576269417000904
SHANGHAI_COMPOSITE,Shanghai Composite,000001.SS,PAUSE_START,T10_2022,B07,2022,2023-09-20,1.0,9,-0.05023798278885161,0.09576269417000904
SHANGHAI_COMPOSITE,Shanghai Composite,000001.SS,PAUSE_START,T10_2022,B07,2022,2023-09-20,1.0,10,-0.07229843214163223,0.09576269417000904
SHANGHAI_COMPOSITE,Shanghai Composite,000001.SS,PAUSE_START,T10_2022,B07,2022,2023-09-20,1.0,11,-0.09820488546162043,0.09820488546162043
SHANGHAI_COMPOSITE,Shanghai Composite,000001.SS,PAUSE_START,T10_2022,B07,2022,2023-09-20,1.0,12,-0.1103645727899083,0.1103645727899083
SHANGHAI_COMPOSITE,Shanghai Composite,000001.SS,FIRST_CUT,T07_1999,B04,1999,2001-01-03,1.0,1,-0.053425879208767846,0.053425879208767846
SHANGHAI_COMPOSITE,Shanghai Composite,000001.SS,FIRST_CUT,T07_1999,B04,1999,2001-01-03,1.0,2,-0.014006914162396633,0.053425879208767846
SHANGHAI_COMPOSITE,Shanghai Composite,000001.SS,FIRST_CUT,T07_1999,B04,1999,2001-01-03,1.0,3,0.033541913288198,0.053425879208767846
SHANGHAI_COMPOSITE,Shanghai Composite,000001.SS,FIRST_CUT,T07_1999,B04,1999,2001-01-03,1.0,4,0.057997765044504046,0.053425879208767846
SHANGHAI_COMPOSITE,Shanghai Composite,000001.SS,FIRST_CUT,T07_1999,B04,1999,2001-01-03,1.0,5,0.07176923288557524,0.053425879208767846
SHANGHAI_COMPOSITE,Shanghai Composite,000001.SS,FIRST_CUT,T07_1999,B04,1999,2001-01-03,1.0,6,0.0351958868625446,0.053425879208767846
SHANGHAI_COMPOSITE,Shanghai Composite,000001.SS,FIRST_CUT,T07_1999,B04,1999,2001-01-03,1.0,7,-0.07585197196167781,0.1377359979347471
SHANGHAI_COMPOSITE,Shanghai Composite,000001.SS,FIRST_CUT,T07_1999,B04,1999,2001-01-03,1.0,8,-0.11974329025978425,0.17868820756287362
SHANGHAI_COMPOSITE,Shanghai Composite,000001.SS,FIRST_CUT,T07_1999,B04,1999,2001-01-03,1.0,9,-0.19323732349506595,0.24726083586776548
SHANGHAI_COMPOSITE,Shanghai Composite,000001.SS,FIRST_CUT,T07_1999,B04,1999,2001-01-03,1.0,10,-0.18914408495838353,0.24726083586776548
SHANGHAI_COMPOSITE,Shanghai Composite,000001.SS,FIRST_CUT,T07_1999,B04,1999,2001-01-03,1.0,11,-0.1841367640086511,0.24726083586776548
SHANGHAI_COMPOSITE,Shanghai Composite,000001.SS,FIRST_CUT,T07_1999,B04,1999,2001-01-03,1.0,12,-0.28733180993321317,0.33505444250528027
SHANGHAI_COMPOSITE,Shanghai Composite,000001.SS,FIRST_CUT,T08_2004,B05,2004,2007-09-18,1.0,1,0.20116157603421936,0.0
SHANGHAI_COMPOSITE,Shanghai Composite,000001.SS,FIRST_CUT,T08_2004,B05,2004,2007-09-18,1.0,2,0.0859714185302145,0.09589896963264444
SHANGHAI_COMPOSITE,Shanghai Composite,000001.SS,FIRST_CUT,T08_2004,B05,2004,2007-09-18,1.0,3,0.045547422644505176,0.12955305638687953
SHANGHAI_COMPOSITE,Shanghai Composite,000001.SS,FIRST_CUT,T08_2004,B05,2004,2007-09-18,1.0,4,0.040670709195680166,0.13361305426403947
SHANGHAI_COMPOSITE,Shanghai Composite,000001.SS,FIRST_CUT,T08_2004,B05,2004,2007-09-18,1.0,5,-0.08168740726457491,0.2354795465841112
SHANGHAI_COMPOSITE,Shanghai Composite,000001.SS,FIRST_CUT,T08_2004,B05,2004,2007-09-18,1.0,6,-0.19250222487564472,0.3277359255942842
SHANGHAI_COMPOSITE,Shanghai Composite,000001.SS,FIRST_CUT,T08_2004,B05,2004,2007-09-18,1.0,7,-0.29934542188419133,0.41668582137874843
SHANGHAI_COMPOSITE,Shanghai Composite,000001.SS,FIRST_CUT,T08_2004,B05,2004,2007-09-18,1.0,8,-0.2674921568463905,0.41668582137874843
SHANGHAI_COMPOSITE,Shanghai Composite,000001.SS,FIRST_CUT,T08_2004,B05,2004,2007-09-18,1.0,9,-0.38215920600820363,0.4856305710080465
SHANGHAI_COMPOSITE,Shanghai Composite,000001.SS,FIRST_CUT,T08_2004,B05,2004,2007-09-18,1.0,10,-0.4220827197856801,0.5188679926622496
SHANGHAI_COMPOSITE,Shanghai Composite,000001.SS,FIRST_CUT,T08_2004,B05,2004,2007-09-18,1.0,11,-0.48512981753104434,0.5713564330213909
SHANGHAI_COMPOSITE,Shanghai Composite,000001.SS,FIRST_CUT,T08_2004,B05,2004,2007-09-18,1.0,12,-0.5536790124462195,0.6284255203805609
SHANGHAI_COMPOSITE,Shanghai Composite,000001.SS,FIRST_CUT,T09_2015,B06,2015,2019-07-31,1.0,1,-0.02617827613622714,0.02617827613622714
SHANGHAI_COMPOSITE,Shanghai Composite,000001.SS,FIRST_CUT,T09_2015,B06,2015,2019-07-31,1.0,2,0.01873890069893558,0.02617827613622714
SHANGHAI_COMPOSITE,Shanghai Composite,000001.SS,FIRST_CUT,T09_2015,B06,2015,2019-07-31,1.0,3,0.0106834095547792,0.02617827613622714
SHANGHAI_COMPOSITE,Shanghai Composite,000001.SS,FIRST_CUT,T09_2015,B06,2015,2019-07-31,1.0,4,5.97584892454428e-05,0.02617827613622714
SHANGHAI_COMPOSITE,Shanghai Composite,000001.SS,FIRST_CUT,T09_2015,B06,2015,2019-07-31,1.0,5,0.01315681810051883,0.02617827613622714
SHANGHAI_COMPOSITE,Shanghai Composite,000001.SS,FIRST_CUT,T09_2015,B06,2015,2019-07-31,1.0,6,0.05303602469194835,0.02617827613622714
SHANGHAI_COMPOSITE,Shanghai Composite,000001.SS,FIRST_CUT,T09_2015,B06,2015,2019-07-31,1.0,7,0.0013387674281011286,0.049093531514243116
SHANGHAI_COMPOSITE,Shanghai Composite,000001.SS,FIRST_CUT,T09_2015,B06,2015,2019-07-31,1.0,8,-0.024468385374543433,0.07360091036692196
SHANGHAI_COMPOSITE,Shanghai Composite,000001.SS,FIRST_CUT,T09_2015,B06,2015,2019-07-31,1.0,9,-0.037449084468620275,0.08592783821146
SHANGHAI_COMPOSITE,Shanghai Composite,000001.SS,FIRST_CUT,T09_2015,B06,2015,2019-07-31,1.0,10,-0.019330305464535402,0.08592783821146
SHANGHAI_COMPOSITE,Shanghai Composite,000001.SS,FIRST_CUT,T09_2015,B06,2015,2019-07-31,1.0,11,0.005862327007852386,0.08592783821146
SHANGHAI_COMPOSITE,Shanghai Composite,000001.SS,FIRST_CUT,T09_2015,B06,2015,2019-07-31,1.0,12,0.1249243010809089,0.08592783821146
SHANGHAI_COMPOSITE,Shanghai Composite,000001.SS,FIRST_CUT,T10_2022,B07,2022,2024-09-18,1.0,1,0.14370407583599554,0.0
SHANGHAI_COMPOSITE,Shanghai Composite,000001.SS,FIRST_CUT,T10_2022,B07,2022,2024-09-18,1.0,2,0.17095752295411892,0.0
SHANGHAI_COMPOSITE,Shanghai Composite,000001.SS,FIRST_CUT,T10_2022,B07,2022,2024-09-18,1.0,3,0.1828815849852512,0.0
SHANGHAI_COMPOSITE,Shanghai Composite,000001.SS,FIRST_CUT,T10_2022,B07,2022,2024-09-18,1.0,4,0.12590462343530806,0.048167933521979345
SHANGHAI_COMPOSITE,Shanghai Composite,000001.SS,FIRST_CUT,T10_2022,B07,2022,2024-09-18,1.0,5,0.1642672354292818,0.048167933521979345
SHANGHAI_COMPOSITE,Shanghai Composite,000001.SS,FIRST_CUT,T10_2022,B07,2022,2024-09-18,1.0,6,0.1777690386992976,0.048167933521979345
SHANGHAI_COMPOSITE,Shanghai Composite,000001.SS,FIRST_CUT,T10_2022,B07,2022,2024-09-18,1.0,7,0.14070930290084682,0.048167933521979345
SHANGHAI_COMPOSITE,Shanghai Composite,000001.SS,FIRST_CUT,T10_2022,B07,2022,2024-09-18,1.0,8,0.17302182915013176,0.048167933521979345
SHANGHAI_COMPOSITE,Shanghai Composite,000001.SS,FIRST_CUT,T10_2022,B07,2022,2024-09-18,1.0,9,0.18565817921242322,0.048167933521979345
SHANGHAI_COMPOSITE,Shanghai Composite,000001.SS,FIRST_CUT,T10_2022,B07,2022,2024-09-18,1.0,10,0.23273945030273757,0.048167933521979345
SHANGHAI_COMPOSITE,Shanghai Composite,000001.SS,FIRST_CUT,T10_2022,B07,2022,2024-09-18,1.0,11,0.298165321459968,0.048167933521979345
SHANGHAI_COMPOSITE,Shanghai Composite,000001.SS,FIRST_CUT,T10_2022,B07,2022,2024-09-18,1.0,12,0.3406535095813912,0.048167933521979345
NIKKEI_225,Nikkei 225,^N225,FIRST_HIKE,T01_1983,B01,1983,1983-03-31,0.5,1,0.060254478305531434,0.0
NIKKEI_225,Nikkei 225,^N225,FIRST_HIKE,T01_1983,B01,1983,1983-03-31,0.5,2,0.07228506120454115,0.0
NIKKEI_225,Nikkei 225,^N225,FIRST_HIKE,T01_1983,B01,1983,1983-03-31,0.5,3,0.07726977904077881,0.0
NIKKEI_225,Nikkei 225,^N225,FIRST_HIKE,T01_1983,B01,1983,1983-03-31,0.5,4,0.11535822752303782,0.0
NIKKEI_225,Nikkei 225,^N225,FIRST_HIKE,T01_1983,B01,1983,1983-03-31,0.5,5,0.12584549177077142,0.0
NIKKEI_225,Nikkei 225,^N225,FIRST_HIKE,T01_1983,B01,1983,1983-03-31,0.5,6,0.15656597139053097,0.0
NIKKEI_225,Nikkei 225,^N225,FIRST_HIKE,T01_1983,B01,1983,1983-03-31,0.5,7,0.16756142864635093,0.0
NIKKEI_225,Nikkei 225,^N225,FIRST_HIKE,T01_1983,B01,1983,1983-03-31,0.5,8,0.16197232575901244,0.004786988290473415
NIKKEI_225,Nikkei 225,^N225,FIRST_HIKE,T01_1983,B01,1983,1983-03-31,0.5,9,0.18740917825444958,0.004786988290473415
NIKKEI_225,Nikkei 225,^N225,FIRST_HIKE,T01_1983,B01,1983,1983-03-31,0.5,10,0.25453701452484534,0.004786988290473415
NIKKEI_225,Nikkei 225,^N225,FIRST_HIKE,T01_1983,B01,1983,1983-03-31,0.5,11,0.24450692114561434,0.007995055756110814
NIKKEI_225,Nikkei 225,^N225,FIRST_HIKE,T01_1983,B01,1983,1983-03-31,0.5,12,0.2831570218925614,0.007995055756110814
NIKKEI_225,Nikkei 225,^N225,FIRST_HIKE,T02_1984,B01,1984,1984-03-29,0.5,1,0.09097779731944011,0.0
NIKKEI_225,Nikkei 225,^N225,FIRST_HIKE,T02_1984,B01,1984,1984-03-29,0.5,2,0.051661750942799456,0.03603743950907268
NIKKEI_225,Nikkei 225,^N225,FIRST_HIKE,T02_1984,B01,1984,1984-03-29,0.5,3,0.021649663182396806,0.06354678739327624
NIKKEI_225,Nikkei 225,^N225,FIRST_HIKE,T02_1984,B01,1984,1984-03-29,0.5,4,0.014791937830305635,0.06983263974420473
NIKKEI_225,Nikkei 225,^N225,FIRST_HIKE,T02_1984,B01,1984,1984-03-29,0.5,5,0.040594673995852704,0.06983263974420473
NIKKEI_225,Nikkei 225,^N225,FIRST_HIKE,T02_1984,B01,1984,1984-03-29,0.5,6,0.05561159977473973,0.06983263974420473
NIKKEI_225,Nikkei 225,^N225,FIRST_HIKE,T02_1984,B01,1984,1984-03-29,0.5,7,0.08530583140080861,0.06983263974420473
NIKKEI_225,Nikkei 225,^N225,FIRST_HIKE,T02_1984,B01,1984,1984-03-29,0.5,8,0.1250503220908863,0.06983263974420473
NIKKEI_225,Nikkei 225,^N225,FIRST_HIKE,T02_1984,B01,1984,1984-03-29,0.5,9,0.1456148295135673,0.06983263974420473
NIKKEI_225,Nikkei 225,^N225,FIRST_HIKE,T02_1984,B01,1984,1984-03-29,0.5,10,0.18019974855158827,0.06983263974420473
NIKKEI_225,Nikkei 225,^N225,FIRST_HIKE,T02_1984,B01,1984,1984-03-29,0.5,11,0.2068837818562248,0.06983263974420473
NIKKEI_225,Nikkei 225,^N225,FIRST_HIKE,T02_1984,B01,1984,1984-03-29,0.5,12,0.2454271204422187,0.06983263974420473
NIKKEI_225,Nikkei 225,^N225,FIRST_HIKE,T03_1987,B02,1987,1987-01-05,0.3333333333333333,1,0.06579476584313348,0.0
NIKKEI_225,Nikkei 225,^N225,FIRST_HIKE,T03_1987,B02,1987,1987-01-05,0.3333333333333333,2,0.14442009089263785,0.0
NIKKEI_225,Nikkei 225,^N225,FIRST_HIKE,T03_1987,B02,1987,1987-01-05,0.3333333333333333,3,0.2423218570001049,0.0
NIKKEI_225,Nikkei 225,^N225,FIRST_HIKE,T03_1987,B02,1987,1987-01-05,0.3333333333333333,4,0.2992580432333807,0.0
NIKKEI_225,Nikkei 225,^N225,FIRST_HIKE,T03_1987,B02,1987,1987-01-05,0.3333333333333333,5,0.3496323982604701,0.0
NIKKEI_225,Nikkei 225,^N225,FIRST_HIKE,T03_1987,B02,1987,1987-01-05,0.3333333333333333,6,0.2789068181886418,0.05240358794215805
NIKKEI_225,Nikkei 225,^N225,FIRST_HIKE,T03_1987,B02,1987,1987-01-05,0.3333333333333333,7,0.35290760761238626,0.05240358794215805
NIKKEI_225,Nikkei 225,^N225,FIRST_HIKE,T03_1987,B02,1987,1987-01-05,0.3333333333333333,8,0.35084441327376914,0.05240358794215805
NIKKEI_225,Nikkei 225,^N225,FIRST_HIKE,T03_1987,B02,1987,1987-01-05,0.3333333333333333,9,0.326435388972776,0.05240358794215805
NIKKEI_225,Nikkei 225,^N225,FIRST_HIKE,T03_1987,B02,1987,1987-01-05,0.3333333333333333,10,0.20773181002831387,0.1073065128521814
NIKKEI_225,Nikkei 225,^N225,FIRST_HIKE,T03_1987,B02,1987,1987-01-05,0.3333333333333333,11,0.2154164500084883,0.1073065128521814
NIKKEI_225,Nikkei 225,^N225,FIRST_HIKE,T03_1987,B02,1987,1987-01-05,0.3333333333333333,12,0.21791049480824642,0.1073065128521814
NIKKEI_225,Nikkei 225,^N225,FIRST_HIKE,T04_1987,B02,1987,1987-08-27,0.3333333333333333,1,0.05624928576658528,0.0
NIKKEI_225,Nikkei 225,^N225,FIRST_HIKE,T04_1987,B02,1987,1987-08-27,0.3333333333333333,2,0.037163435293472435,0.01806945645341773
NIKKEI_225,Nikkei 225,^N225,FIRST_HIKE,T04_1987,B02,1987,1987-08-27,0.3333333333333333,3,-0.0556530054794262,0.10594306926777908
NIKKEI_225,Nikkei 225,^N225,FIRST_HIKE,T04_1987,B02,1987,1987-08-27,0.3333333333333333,4,-0.04964424872648432,0.10594306926777908
NIKKEI_225,Nikkei 225,^N225,FIRST_HIKE,T04_1987,B02,1987,1987-08-27,0.3333333333333333,5,-0.04769411071463869,0.10594306926777908
NIKKEI_225,Nikkei 225,^N225,FIRST_HIKE,T04_1987,B02,1987,1987-08-27,0.3333333333333333,6,0.0160000566791223,0.10594306926777908
NIKKEI_225,Nikkei 225,^N225,FIRST_HIKE,T04_1987,B02,1987,1987-08-27,0.3333333333333333,7,0.07499103320135347,0.10594306926777908
NIKKEI_225,Nikkei 225,^N225,FIRST_HIKE,T04_1987,B02,1987,1987-08-27,0.3333333333333333,8,0.12114453214161358,0.10594306926777908
NIKKEI_225,Nikkei 225,^N225,FIRST_HIKE,T04_1987,B02,1987,1987-08-27,0.3333333333333333,9,0.1463410735044257,0.10594306926777908
NIKKEI_225,Nikkei 225,^N225,FIRST_HIKE,T04_1987,B02,1987,1987-08-27,0.3333333333333333,10,0.16546301397843743,0.10594306926777908
NIKKEI_225,Nikkei 225,^N225,FIRST_HIKE,T04_1987,B02,1987,1987-08-27,0.3333333333333333,11,0.15659229799284358,0.10594306926777908
NIKKEI_225,Nikkei 225,^N225,FIRST_HIKE,T04_1987,B02,1987,1987-08-27,0.3333333333333333,12,0.1685662506068244,0.10594306926777908
NIKKEI_225,Nikkei 225,^N225,FIRST_HIKE,T05_1988,B02,1988,1988-03-30,0.3333333333333333,1,0.10348865117799733,0.0
NIKKEI_225,Nikkei 225,^N225,FIRST_HIKE,T05_1988,B02,1988,1988-03-30,0.3333333333333333,2,0.1282883952303444,0.0
NIKKEI_225,Nikkei 225,^N225,FIRST_HIKE,T05_1988,B02,1988,1988-03-30,0.3333333333333333,3,0.1471092017335578,0.0
NIKKEI_225,Nikkei 225,^N225,FIRST_HIKE,T05_1988,B02,1988,1988-03-30,0.3333333333333333,4,0.1383781825497712,0.007611323464751241
NIKKEI_225,Nikkei 225,^N225,FIRST_HIKE,T05_1988,B02,1988,1988-03-30,0.3333333333333333,5,0.15016356832338862,0.007611323464751241
NIKKEI_225,Nikkei 225,^N225,FIRST_HIKE,T05_1988,B02,1988,1988-03-30,0.3333333333333333,6,0.1344442448865395,0.013667032994066686
NIKKEI_225,Nikkei 225,^N225,FIRST_HIKE,T05_1988,B02,1988,1988-03-30,0.3333333333333333,7,0.12823674529445395,0.019064091084799117
NIKKEI_225,Nikkei 225,^N225,FIRST_HIKE,T05_1988,B02,1988,1988-03-30,0.3333333333333333,8,0.1817712859092866,0.019064091084799117
NIKKEI_225,Nikkei 225,^N225,FIRST_HIKE,T05_1988,B02,1988,1988-03-30,0.3333333333333333,9,0.2226216892693509,0.019064091084799117
NIKKEI_225,Nikkei 225,^N225,FIRST_HIKE,T05_1988,B02,1988,1988-03-30,0.3333333333333333,10,0.2809800091366763,0.019064091084799117
NIKKEI_225,Nikkei 225,^N225,FIRST_HIKE,T05_1988,B02,1988,1988-03-30,0.3333333333333333,11,0.3163984477337076,0.019064091084799117
NIKKEI_225,Nikkei 225,^N225,FIRST_HIKE,T05_1988,B02,1988,1988-03-30,0.3333333333333333,12,0.31435920239028614,0.019064091084799117
NIKKEI_225,Nikkei 225,^N225,FIRST_HIKE,T06_1994,B03,1994,1994-02-04,1.0,1,0.07290870434712526,0.0
NIKKEI_225,Nikkei 225,^N225,FIRST_HIKE,T06_1994,B03,1994,1994-02-04,1.0,2,0.06143805028418248,0.01069117439020384
NIKKEI_225,Nikkei 225,^N225,FIRST_HIKE,T06_1994,B03,1994,1994-02-04,1.0,3,0.08799564246249614,0.01069117439020384
NIKKEI_225,Nikkei 225,^N225,FIRST_HIKE,T06_1994,B03,1994,1994-02-04,1.0,4,0.12612636991097137,0.01069117439020384
NIKKEI_225,Nikkei 225,^N225,FIRST_HIKE,T06_1994,B03,1994,1994-02-04,1.0,5,0.10115564057612247,0.022174002849096763
NIKKEI_225,Nikkei 225,^N225,FIRST_HIKE,T06_1994,B03,1994,1994-02-04,1.0,6,0.10408641465094681,0.022174002849096763
NIKKEI_225,Nikkei 225,^N225,FIRST_HIKE,T06_1994,B03,1994,1994-02-04,1.0,7,0.06826124471801664,0.05138422004763932
NIKKEI_225,Nikkei 225,^N225,FIRST_HIKE,T06_1994,B03,1994,1994-02-04,1.0,8,0.06379574963323242,0.05534957882450309
NIKKEI_225,Nikkei 225,^N225,FIRST_HIKE,T06_1994,B03,1994,1994-02-04,1.0,9,0.033018607797719035,0.08267967485799399
NIKKEI_225,Nikkei 225,^N225,FIRST_HIKE,T06_1994,B03,1994,1994-02-04,1.0,10,0.034208692536478624,0.08267967485799399
NIKKEI_225,Nikkei 225,^N225,FIRST_HIKE,T06_1994,B03,1994,1994-02-04,1.0,11,0.015396208830812164,0.09832836175296489
NIKKEI_225,Nikkei 225,^N225,FIRST_HIKE,T06_1994,B03,1994,1994-02-04,1.0,12,-0.03194197191419135,0.1403646571544711
NIKKEI_225,Nikkei 225,^N225,FIRST_HIKE,T07_1999,B04,1999,1999-06-30,1.0,1,0.0895754319667561,0.0
NIKKEI_225,Nikkei 225,^N225,FIRST_HIKE,T07_1999,B04,1999,1999-06-30,1.0,2,0.0705895061978501,0.017425067794191285
NIKKEI_225,Nikkei 225,^N225,FIRST_HIKE,T07_1999,B04,1999,1999-06-30,1.0,3,0.06214339111479128,0.02517681662704907
NIKKEI_225,Nikkei 225,^N225,FIRST_HIKE,T07_1999,B04,1999,1999-06-30,1.0,4,0.07115452271730094,0.02517681662704907
NIKKEI_225,Nikkei 225,^N225,FIRST_HIKE,T07_1999,B04,1999,1999-06-30,1.0,5,0.11744549697475981,0.02517681662704907
NIKKEI_225,Nikkei 225,^N225,FIRST_HIKE,T07_1999,B04,1999,1999-06-30,1.0,6,0.11510770433159223,0.02517681662704907
NIKKEI_225,Nikkei 225,^N225,FIRST_HIKE,T07_1999,B04,1999,1999-06-30,1.0,7,0.14761352020254104,0.02517681662704907
NIKKEI_225,Nikkei 225,^N225,FIRST_HIKE,T07_1999,B04,1999,1999-06-30,1.0,8,0.19268565495276513,0.02517681662704907
NIKKEI_225,Nikkei 225,^N225,FIRST_HIKE,T07_1999,B04,1999,1999-06-30,1.0,9,0.20172439544721255,0.02517681662704907
NIKKEI_225,Nikkei 225,^N225,FIRST_HIKE,T07_1999,B04,1999,1999-06-30,1.0,10,0.18251546733036506,0.02517681662704907
NIKKEI_225,Nikkei 225,^N225,FIRST_HIKE,T07_1999,B04,1999,1999-06-30,1.0,11,0.032399252679903956,0.14090181027264204
NIKKEI_225,Nikkei 225,^N225,FIRST_HIKE,T07_1999,B04,1999,1999-06-30,1.0,12,0.028116413703471288,0.14446572142619651
NIKKEI_225,Nikkei 225,^N225,FIRST_HIKE,T08_2004,B05,2004,2004-06-30,1.0,1,0.03180840993821299,0.0
NIKKEI_225,Nikkei 225,^N225,FIRST_HIKE,T08_2004,B05,2004,2004-06-30,1.0,2,-0.004363812448390236,0.03505711141545098
NIKKEI_225,Nikkei 225,^N225,FIRST_HIKE,T08_2004,B05,2004,2004-06-30,1.0,3,0.0037972216275850013,0.03505711141545098
NIKKEI_225,Nikkei 225,^N225,FIRST_HIKE,T08_2004,B05,2004,2004-06-30,1.0,4,-0.002229016054409949,0.03505711141545098
NIKKEI_225,Nikkei 225,^N225,FIRST_HIKE,T08_2004,B05,2004,2004-06-30,1.0,5,-0.005844740968263595,0.03649238612886607
NIKKEI_225,Nikkei 225,^N225,FIRST_HIKE,T08_2004,B05,2004,2004-06-30,1.0,6,0.0021569970599417676,0.03649238612886607
NIKKEI_225,Nikkei 225,^N225,FIRST_HIKE,T08_2004,B05,2004,2004-06-30,1.0,7,0.03237472745183845,0.03649238612886607
NIKKEI_225,Nikkei 225,^N225,FIRST_HIKE,T08_2004,B05,2004,2004-06-30,1.0,8,0.04600557156980267,0.03649238612886607
NIKKEI_225,Nikkei 225,^N225,FIRST_HIKE,T08_2004,B05,2004,2004-06-30,1.0,9,0.06993206560595233,0.03649238612886607
NIKKEI_225,Nikkei 225,^N225,FIRST_HIKE,T08_2004,B05,2004,2004-06-30,1.0,10,0.03244696915706058,0.03649238612886607
NIKKEI_225,Nikkei 225,^N225,FIRST_HIKE,T08_2004,B05,2004,2004-06-30,1.0,11,0.004065297931386658,0.06156163535229908
NIKKEI_225,Nikkei 225,^N225,FIRST_HIKE,T08_2004,B05,2004,2004-06-30,1.0,12,0.03309058981865354,0.06156163535229908
NIKKEI_225,Nikkei 225,^N225,FIRST_HIKE,T09_2015,B06,2015,2015-12-16,1.0,1,-0.11640792410305634,0.11640792410305634
NIKKEI_225,Nikkei 225,^N225,FIRST_HIKE,T09_2015,B06,2015,2015-12-16,1.0,2,-0.16519495007296003,0.16519495007296003
NIKKEI_225,Nikkei 225,^N225,FIRST_HIKE,T09_2015,B06,2015,2015-12-16,1.0,3,-0.13708822573518165,0.16519495007296003
NIKKEI_225,Nikkei 225,^N225,FIRST_HIKE,T09_2015,B06,2015,2015-12-16,1.0,4,-0.15515978012453224,0.16519495007296003
NIKKEI_225,Nikkei 225,^N225,FIRST_HIKE,T09_2015,B06,2015,2015-12-16,1.0,5,-0.1516255885795199,0.16519495007296003
NIKKEI_225,Nikkei 225,^N225,FIRST_HIKE,T09_2015,B06,2015,2015-12-16,1.0,6,-0.17939949912764286,0.17939949912764286
NIKKEI_225,Nikkei 225,^N225,FIRST_HIKE,T09_2015,B06,2015,2015-12-16,1.0,7,-0.17431779240083012,0.17939949912764286
NIKKEI_225,Nikkei 225,^N225,FIRST_HIKE,T09_2015,B06,2015,2015-12-16,1.0,8,-0.1529841357268351,0.17939949912764286
NIKKEI_225,Nikkei 225,^N225,FIRST_HIKE,T09_2015,B06,2015,2015-12-16,1.0,9,-0.1452743628172528,0.17939949912764286
NIKKEI_225,Nikkei 225,^N225,FIRST_HIKE,T09_2015,B06,2015,2015-12-16,1.0,10,-0.12957256798880723,0.17939949912764286
NIKKEI_225,Nikkei 225,^N225,FIRST_HIKE,T09_2015,B06,2015,2015-12-16,1.0,11,-0.09663225082026639,0.17939949912764286
NIKKEI_225,Nikkei 225,^N225,FIRST_HIKE,T09_2015,B06,2015,2015-12-16,1.0,12,-0.026337925928797357,0.17939949912764286
NIKKEI_225,Nikkei 225,^N225,FIRST_HIKE,T10_2022,B07,2022,2022-03-16,1.0,1,-0.0008568406503622894,0.0008568406503622894
NIKKEI_225,Nikkei 225,^N225,FIRST_HIKE,T10_2022,B07,2022,2022-03-16,1.0,2,-0.015249680312418912,0.015249680312418912
NIKKEI_225,Nikkei 225,^N225,FIRST_HIKE,T10_2022,B07,2022,2022-03-16,1.0,3,-0.003995088621574272,0.015249680312418912
NIKKEI_225,Nikkei 225,^N225,FIRST_HIKE,T10_2022,B07,2022,2022-03-16,1.0,4,-0.002947764481625592,0.015249680312418912
NIKKEI_225,Nikkei 225,^N225,FIRST_HIKE,T10_2022,B07,2022,2022-03-16,1.0,5,0.0474808455919955,0.015249680312418912
NIKKEI_225,Nikkei 225,^N225,FIRST_HIKE,T10_2022,B07,2022,2022-03-16,1.0,6,0.013022016572159734,0.03289685836723921
NIKKEI_225,Nikkei 225,^N225,FIRST_HIKE,T10_2022,B07,2022,2022-03-16,1.0,7,-0.0030785944729208037,0.04826765117250631
NIKKEI_225,Nikkei 225,^N225,FIRST_HIKE,T10_2022,B07,2022,2022-03-16,1.0,8,0.03091638505560046,0.04826765117250631
NIKKEI_225,Nikkei 225,^N225,FIRST_HIKE,T10_2022,B07,2022,2022-03-16,1.0,9,0.005474152290398937,0.04826765117250631
NIKKEI_225,Nikkei 225,^N225,FIRST_HIKE,T10_2022,B07,2022,2022-03-16,1.0,10,-0.017004175023969226,0.06156200458206973
NIKKEI_225,Nikkei 225,^N225,FIRST_HIKE,T10_2022,B07,2022,2022-03-16,1.0,11,0.01635191927188373,0.06156200458206973
NIKKEI_225,Nikkei 225,^N225,FIRST_HIKE,T10_2022,B07,2022,2022-03-16,1.0,12,0.023153199754673892,0.06156200458206973
NIKKEI_225,Nikkei 225,^N225,LAST_HIKE,T01_1983,B01,1983,1983-08-11,0.5,1,0.03694574787779725,0.0
NIKKEI_225,Nikkei 225,^N225,LAST_HIKE,T01_1983,B01,1983,1983-08-11,0.5,2,0.046803977264994856,0.0
NIKKEI_225,Nikkei 225,^N225,LAST_HIKE,T01_1983,B01,1983,1983-08-11,0.5,3,0.04179293888340618,0.004786988290473415
NIKKEI_225,Nikkei 225,^N225,LAST_HIKE,T01_1983,B01,1983,1983-08-11,0.5,4,0.06459893239091508,0.004786988290473415
NIKKEI_225,Nikkei 225,^N225,LAST_HIKE,T01_1983,B01,1983,1983-08-11,0.5,5,0.1247839335985288,0.004786988290473415
NIKKEI_225,Nikkei 225,^N225,LAST_HIKE,T01_1983,B01,1983,1983-08-11,0.5,6,0.11579122333583092,0.007995055756110814
NIKKEI_225,Nikkei 225,^N225,LAST_HIKE,T01_1983,B01,1983,1983-08-11,0.5,7,0.15044385761350187,0.007995055756110814
NIKKEI_225,Nikkei 225,^N225,LAST_HIKE,T01_1983,B01,1983,1983-08-11,0.5,8,0.2173034511032883,0.007995055756110814
NIKKEI_225,Nikkei 225,^N225,LAST_HIKE,T01_1983,B01,1983,1983-08-11,0.5,9,0.17343495161996803,0.03603743950907268
NIKKEI_225,Nikkei 225,^N225,LAST_HIKE,T01_1983,B01,1983,1983-08-11,0.5,10,0.13994772750292617,0.06354678739327624
NIKKEI_225,Nikkei 225,^N225,LAST_HIKE,T01_1983,B01,1983,1983-08-11,0.5,11,0.13229593774301507,0.06983263974420473
NIKKEI_225,Nikkei 225,^N225,LAST_HIKE,T01_1983,B01,1983,1983-08-11,0.5,12,0.16108640429458254,0.06983263974420473
NIKKEI_225,Nikkei 225,^N225,LAST_HIKE,T02_1984,B01,1984,1984-08-09,0.5,1,0.04022466125589186,0.0
NIKKEI_225,Nikkei 225,^N225,LAST_HIKE,T02_1984,B01,1984,1984-08-09,0.5,2,0.0694860600895848,0.0
NIKKEI_225,Nikkei 225,^N225,LAST_HIKE,T02_1984,B01,1984,1984-08-09,0.5,3,0.10865122213753553,0.0
NIKKEI_225,Nikkei 225,^N225,LAST_HIKE,T02_1984,B01,1984,1984-08-09,0.5,4,0.1289159746016213,0.0
NIKKEI_225,Nikkei 225,^N225,LAST_HIKE,T02_1984,B01,1984,1984-08-09,0.5,5,0.16299677259452405,0.0
NIKKEI_225,Nikkei 225,^N225,LAST_HIKE,T02_1984,B01,1984,1984-08-09,0.5,6,0.1892918507380188,0.0
NIKKEI_225,Nikkei 225,^N225,LAST_HIKE,T02_1984,B01,1984,1984-08-09,0.5,7,0.22727336906620188,0.0
NIKKEI_225,Nikkei 225,^N225,LAST_HIKE,T02_1984,B01,1984,1984-08-09,0.5,8,0.22421916103631112,0.0024886126488792293
NIKKEI_225,Nikkei 225,^N225,LAST_HIKE,T02_1984,B01,1984,1984-08-09,0.5,9,0.23735586105172657,0.0024886126488792293
NIKKEI_225,Nikkei 225,^N225,LAST_HIKE,T02_1984,B01,1984,1984-08-09,0.5,10,0.2534329596923477,0.0024886126488792293
NIKKEI_225,Nikkei 225,^N225,LAST_HIKE,T02_1984,B01,1984,1984-08-09,0.5,11,0.25829119320898775,0.0024886126488792293
NIKKEI_225,Nikkei 225,^N225,LAST_HIKE,T02_1984,B01,1984,1984-08-09,0.5,12,0.23621171006512176,0.01754719675622729
NIKKEI_225,Nikkei 225,^N225,LAST_HIKE,T03_1987,B02,1987,1987-05-22,0.3333333333333333,1,0.08637901736631526,0.0
NIKKEI_225,Nikkei 225,^N225,LAST_HIKE,T03_1987,B02,1987,1987-05-22,0.3333333333333333,2,0.029448858991244276,0.05240358794215805
NIKKEI_225,Nikkei 225,^N225,LAST_HIKE,T03_1987,B02,1987,1987-05-22,0.3333333333333333,3,0.0890153787355219,0.05240358794215805
NIKKEI_225,Nikkei 225,^N225,LAST_HIKE,T03_1987,B02,1987,1987-05-22,0.3333333333333333,4,0.08735462204272793,0.05240358794215805
NIKKEI_225,Nikkei 225,^N225,LAST_HIKE,T03_1987,B02,1987,1987-05-22,0.3333333333333333,5,0.06770671505030434,0.05240358794215805
NIKKEI_225,Nikkei 225,^N225,LAST_HIKE,T03_1987,B02,1987,1987-05-22,0.3333333333333333,6,-0.027843063998984507,0.1073065128521814
NIKKEI_225,Nikkei 225,^N225,LAST_HIKE,T03_1987,B02,1987,1987-05-22,0.3333333333333333,7,-0.02165735621571252,0.1073065128521814
NIKKEI_225,Nikkei 225,^N225,LAST_HIKE,T03_1987,B02,1987,1987-05-22,0.3333333333333333,8,-0.019649788864542606,0.1073065128521814
NIKKEI_225,Nikkei 225,^N225,LAST_HIKE,T03_1987,B02,1987,1987-05-22,0.3333333333333333,9,0.04592009908336192,0.1073065128521814
NIKKEI_225,Nikkei 225,^N225,LAST_HIKE,T03_1987,B02,1987,1987-05-22,0.3333333333333333,10,0.10664829255495212,0.1073065128521814
NIKKEI_225,Nikkei 225,^N225,LAST_HIKE,T03_1987,B02,1987,1987-05-22,0.3333333333333333,11,0.15416095937745644,0.1073065128521814
NIKKEI_225,Nikkei 225,^N225,LAST_HIKE,T03_1987,B02,1987,1987-05-22,0.3333333333333333,12,0.18009951013392933,0.1073065128521814
NIKKEI_225,Nikkei 225,^N225,LAST_HIKE,T04_1987,B02,1987,1987-09-24,0.3333333333333333,1,-0.019566907962272673,0.019566907962272673
NIKKEI_225,Nikkei 225,^N225,LAST_HIKE,T04_1987,B02,1987,1987-09-24,0.3333333333333333,2,-0.1073065128521814,0.1073065128521814
NIKKEI_225,Nikkei 225,^N225,LAST_HIKE,T04_1987,B02,1987,1987-09-24,0.3333333333333333,3,-0.1016264206293751,0.1073065128521814
NIKKEI_225,Nikkei 225,^N225,LAST_HIKE,T04_1987,B02,1987,1987-09-24,0.3333333333333333,4,-0.0997829504724147,0.1073065128521814
NIKKEI_225,Nikkei 225,^N225,LAST_HIKE,T04_1987,B02,1987,1987-09-24,0.3333333333333333,5,-0.03957270071080066,0.1073065128521814
NIKKEI_225,Nikkei 225,^N225,LAST_HIKE,T04_1987,B02,1987,1987-09-24,0.3333333333333333,6,0.016191611398457928,0.1073065128521814
NIKKEI_225,Nikkei 225,^N225,LAST_HIKE,T04_1987,B02,1987,1987-09-24,0.3333333333333333,7,0.05982062504716534,0.1073065128521814
NIKKEI_225,Nikkei 225,^N225,LAST_HIKE,T04_1987,B02,1987,1987-09-24,0.3333333333333333,8,0.08363897625042438,0.1073065128521814
NIKKEI_225,Nikkei 225,^N225,LAST_HIKE,T04_1987,B02,1987,1987-09-24,0.3333333333333333,9,0.10171499261075034,0.1073065128521814
NIKKEI_225,Nikkei 225,^N225,LAST_HIKE,T04_1987,B02,1987,1987-09-24,0.3333333333333333,10,0.09332948343602387,0.1073065128521814
NIKKEI_225,Nikkei 225,^N225,LAST_HIKE,T04_1987,B02,1987,1987-09-24,0.3333333333333333,11,0.10464848966566076,0.1073065128521814
NIKKEI_225,Nikkei 225,^N225,LAST_HIKE,T04_1987,B02,1987,1987-09-24,0.3333333333333333,12,0.08955122231055435,0.1073065128521814
NIKKEI_225,Nikkei 225,^N225,LAST_HIKE,T05_1988,B02,1988,1989-05-17,0.3333333333333333,1,0.004436156352383813,0.0
NIKKEI_225,Nikkei 225,^N225,LAST_HIKE,T05_1988,B02,1988,1989-05-17,0.3333333333333333,2,0.018571550371943468,0.0
NIKKEI_225,Nikkei 225,^N225,LAST_HIKE,T05_1988,B02,1988,1989-05-17,0.3333333333333333,3,0.04762023887503375,0.0
NIKKEI_225,Nikkei 225,^N225,LAST_HIKE,T05_1988,B02,1988,1989-05-17,0.3333333333333333,4,0.04282594613238544,0.00457636514143378
NIKKEI_225,Nikkei 225,^N225,LAST_HIKE,T05_1988,B02,1988,1989-05-17,0.3333333333333333,5,0.06311983186637105,0.00457636514143378
NIKKEI_225,Nikkei 225,^N225,LAST_HIKE,T05_1988,B02,1988,1989-05-17,0.3333333333333333,6,0.08464555039526567,0.00457636514143378
NIKKEI_225,Nikkei 225,^N225,LAST_HIKE,T05_1988,B02,1988,1989-05-17,0.3333333333333333,7,0.14758849033789612,0.00457636514143378
NIKKEI_225,Nikkei 225,^N225,LAST_HIKE,T05_1988,B02,1988,1989-05-17,0.3333333333333333,8,0.1257611389251181,0.019020190248118518
NIKKEI_225,Nikkei 225,^N225,LAST_HIKE,T05_1988,B02,1988,1989-05-17,0.3333333333333333,9,0.0990667167428696,0.04228150944659581
NIKKEI_225,Nikkei 225,^N225,LAST_HIKE,T05_1988,B02,1988,1989-05-17,0.3333333333333333,10,-0.02770163052910224,0.1527464961027849
NIKKEI_225,Nikkei 225,^N225,LAST_HIKE,T05_1988,B02,1988,1989-05-17,0.3333333333333333,11,-0.12005962644793433,0.23322656077443238
NIKKEI_225,Nikkei 225,^N225,LAST_HIKE,T05_1988,B02,1988,1989-05-17,0.3333333333333333,12,-0.04211731335122115,0.23322656077443238
NIKKEI_225,Nikkei 225,^N225,LAST_HIKE,T06_1994,B03,1994,1995-02-01,1.0,1,-0.13198202640051215,0.13198202640051215
NIKKEI_225,Nikkei 225,^N225,LAST_HIKE,T06_1994,B03,1994,1995-02-01,1.0,2,-0.13860400282658059,0.13860400282658059
NIKKEI_225,Nikkei 225,^N225,LAST_HIKE,T06_1994,B03,1994,1995-02-01,1.0,3,-0.14156952809628365,0.14156952809628365
NIKKEI_225,Nikkei 225,^N225,LAST_HIKE,T06_1994,B03,1994,1995-02-01,1.0,4,-0.20629531459300843,0.20629531459300843
NIKKEI_225,Nikkei 225,^N225,LAST_HIKE,T06_1994,B03,1994,1995-02-01,1.0,5,-0.14564364082368586,0.20629531459300843
NIKKEI_225,Nikkei 225,^N225,LAST_HIKE,T06_1994,B03,1994,1995-02-01,1.0,6,-0.08115156376584076,0.20629531459300843
NIKKEI_225,Nikkei 225,^N225,LAST_HIKE,T06_1994,B03,1994,1995-02-01,1.0,7,-0.044924804322834966,0.20629531459300843
NIKKEI_225,Nikkei 225,^N225,LAST_HIKE,T06_1994,B03,1994,1995-02-01,1.0,8,-0.052603144187079676,0.20629531459300843
NIKKEI_225,Nikkei 225,^N225,LAST_HIKE,T06_1994,B03,1994,1995-02-01,1.0,9,-0.0442788841959566,0.20629531459300843
NIKKEI_225,Nikkei 225,^N225,LAST_HIKE,T06_1994,B03,1994,1995-02-01,1.0,10,0.024780055714030302,0.20629531459300843
NIKKEI_225,Nikkei 225,^N225,LAST_HIKE,T06_1994,B03,1994,1995-02-01,1.0,11,0.08173651185342767,0.20629531459300843
NIKKEI_225,Nikkei 225,^N225,LAST_HIKE,T06_1994,B03,1994,1995-02-01,1.0,12,0.08867584403340989,0.20629531459300843
NIKKEI_225,Nikkei 225,^N225,LAST_HIKE,T07_1999,B04,1999,2000-05-16,1.0,1,-0.13056831634977573,0.13056831634977573
NIKKEI_225,Nikkei 225,^N225,LAST_HIKE,T07_1999,B04,1999,2000-05-16,1.0,2,-0.13104726340228112,0.13104726340228112
NIKKEI_225,Nikkei 225,^N225,LAST_HIKE,T07_1999,B04,1999,2000-05-16,1.0,3,-0.1633279106163863,0.1633279106163863
NIKKEI_225,Nikkei 225,^N225,LAST_HIKE,T07_1999,B04,1999,2000-05-16,1.0,4,-0.17160785842513793,0.17160785842513793
NIKKEI_225,Nikkei 225,^N225,LAST_HIKE,T07_1999,B04,1999,2000-05-16,1.0,5,-0.2154956760403144,0.2154956760403144
NIKKEI_225,Nikkei 225,^N225,LAST_HIKE,T07_1999,B04,1999,2000-05-16,1.0,6,-0.24371744114649785,0.24371744114649785
NIKKEI_225,Nikkei 225,^N225,LAST_HIKE,T07_1999,B04,1999,2000-05-16,1.0,7,-0.26170829567956744,0.26170829567956744
NIKKEI_225,Nikkei 225,^N225,LAST_HIKE,T07_1999,B04,1999,2000-05-16,1.0,8,-0.29699876653118296,0.29699876653118296
NIKKEI_225,Nikkei 225,^N225,LAST_HIKE,T07_1999,B04,1999,2000-05-16,1.0,9,-0.32029428777686475,0.32029428777686475
NIKKEI_225,Nikkei 225,^N225,LAST_HIKE,T07_1999,B04,1999,2000-05-16,1.0,10,-0.3488738212885717,0.3488738212885717
NIKKEI_225,Nikkei 225,^N225,LAST_HIKE,T07_1999,B04,1999,2000-05-16,1.0,11,-0.31283628722269585,0.3488738212885717
NIKKEI_225,Nikkei 225,^N225,LAST_HIKE,T07_1999,B04,1999,2000-05-16,1.0,12,-0.2839542752590555,0.3488738212885717
NIKKEI_225,Nikkei 225,^N225,LAST_HIKE,T08_2004,B05,2004,2006-06-29,1.0,1,-0.07196836850173749,0.07196836850173749
NIKKEI_225,Nikkei 225,^N225,LAST_HIKE,T08_2004,B05,2004,2006-06-29,1.0,2,-0.03280554133445279,0.07196836850173749
NIKKEI_225,Nikkei 225,^N225,LAST_HIKE,T08_2004,B05,2004,2006-06-29,1.0,3,-0.023780561087728302,0.07196836850173749
NIKKEI_225,Nikkei 225,^N225,LAST_HIKE,T08_2004,B05,2004,2006-06-29,1.0,4,0.012082001868765735,0.07196836850173749
NIKKEI_225,Nikkei 225,^N225,LAST_HIKE,T08_2004,B05,2004,2006-06-29,1.0,5,-0.01355022551415852,0.07196836850173749
NIKKEI_225,Nikkei 225,^N225,LAST_HIKE,T08_2004,B05,2004,2006-06-29,1.0,6,0.028670993398679068,0.07196836850173749
NIKKEI_225,Nikkei 225,^N225,LAST_HIKE,T08_2004,B05,2004,2006-06-29,1.0,7,0.05906574485709859,0.07196836850173749
NIKKEI_225,Nikkei 225,^N225,LAST_HIKE,T08_2004,B05,2004,2006-06-29,1.0,8,0.0869361101666144,0.07196836850173749
NIKKEI_225,Nikkei 225,^N225,LAST_HIKE,T08_2004,B05,2004,2006-06-29,1.0,9,0.04938833288453215,0.07196836850173749
NIKKEI_225,Nikkei 225,^N225,LAST_HIKE,T08_2004,B05,2004,2006-06-29,1.0,10,0.07030716560190631,0.07196836850173749
NIKKEI_225,Nikkei 225,^N225,LAST_HIKE,T08_2004,B05,2004,2006-06-29,1.0,11,0.07798542675134179,0.07196836850173749
NIKKEI_225,Nikkei 225,^N225,LAST_HIKE,T08_2004,B05,2004,2006-06-29,1.0,12,0.10287357937573227,0.07196836850173749
NIKKEI_225,Nikkei 225,^N225,LAST_HIKE,T09_2015,B06,2015,2018-12-19,1.0,1,-0.06861655525038246,0.06861655525038246
NIKKEI_225,Nikkei 225,^N225,LAST_HIKE,T09_2015,B06,2015,2018-12-19,1.0,2,-0.03843026787786985,0.06861655525038246
NIKKEI_225,Nikkei 225,^N225,LAST_HIKE,T09_2015,B06,2015,2018-12-19,1.0,3,-0.025172559160278385,0.06861655525038246
NIKKEI_225,Nikkei 225,^N225,LAST_HIKE,T09_2015,B06,2015,2018-12-19,1.0,4,-0.00013728132016255223,0.06861655525038246
NIKKEI_225,Nikkei 225,^N225,LAST_HIKE,T09_2015,B06,2015,2018-12-19,1.0,5,-0.034117637619056174,0.06861655525038246
NIKKEI_225,Nikkei 225,^N225,LAST_HIKE,T09_2015,B06,2015,2018-12-19,1.0,6,-0.0413178346274331,0.06861655525038246
NIKKEI_225,Nikkei 225,^N225,LAST_HIKE,T09_2015,B06,2015,2018-12-19,1.0,7,-0.01703375914175831,0.06861655525038246
NIKKEI_225,Nikkei 225,^N225,LAST_HIKE,T09_2015,B06,2015,2018-12-19,1.0,8,-0.06091599398792269,0.06861655525038246
NIKKEI_225,Nikkei 225,^N225,LAST_HIKE,T09_2015,B06,2015,2018-12-19,1.0,9,-0.01740783314966443,0.06861655525038246
NIKKEI_225,Nikkei 225,^N225,LAST_HIKE,T09_2015,B06,2015,2018-12-19,1.0,10,0.010451753010059628,0.06861655525038246
NIKKEI_225,Nikkei 225,^N225,LAST_HIKE,T09_2015,B06,2015,2018-12-19,1.0,11,0.059642357301595395,0.06861655525038246
NIKKEI_225,Nikkei 225,^N225,LAST_HIKE,T09_2015,B06,2015,2018-12-19,1.0,12,0.07704449627908172,0.06861655525038246
NIKKEI_225,Nikkei 225,^N225,LAST_HIKE,T10_2022,B07,2022,2023-07-26,1.0,1,-0.0179241072380244,0.0179241072380244
NIKKEI_225,Nikkei 225,^N225,LAST_HIKE,T10_2022,B07,2022,2023-07-26,1.0,2,-0.000880254129265734,0.0179241072380244
NIKKEI_225,Nikkei 225,^N225,LAST_HIKE,T10_2022,B07,2022,2023-07-26,1.0,3,-0.041932348448341705,0.041932348448341705
NIKKEI_225,Nikkei 225,^N225,LAST_HIKE,T10_2022,B07,2022,2023-07-26,1.0,4,0.006285307143347296,0.041932348448341705
NIKKEI_225,Nikkei 225,^N225,LAST_HIKE,T10_2022,B07,2022,2023-07-26,1.0,5,0.011098572906960147,0.041932348448341705
NIKKEI_225,Nikkei 225,^N225,LAST_HIKE,T10_2022,B07,2022,2023-07-26,1.0,6,0.08234914837983243,0.041932348448341705
NIKKEI_225,Nikkei 225,^N225,LAST_HIKE,T10_2022,B07,2022,2023-07-26,1.0,7,0.1535903362051696,0.041932348448341705
NIKKEI_225,Nikkei 225,^N225,LAST_HIKE,T10_2022,B07,2022,2023-07-26,1.0,8,0.21645305456815,0.041932348448341705
NIKKEI_225,Nikkei 225,^N225,LAST_HIKE,T10_2022,B07,2022,2023-07-26,1.0,9,0.18306018801771295,0.041932348448341705
NIKKEI_225,Nikkei 225,^N225,LAST_HIKE,T10_2022,B07,2022,2023-07-26,1.0,10,0.1771810556857738,0.041932348448341705
NIKKEI_225,Nikkei 225,^N225,LAST_HIKE,T10_2022,B07,2022,2023-07-26,1.0,11,0.18636777516379066,0.041932348448341705
NIKKEI_225,Nikkei 225,^N225,LAST_HIKE,T10_2022,B07,2022,2023-07-26,1.0,12,0.22434978354810342,0.041932348448341705
NIKKEI_225,Nikkei 225,^N225,PAUSE_START,T02_1984,B01,1984,1984-08-21,1.0,1,0.04022466125589186,0.0
NIKKEI_225,Nikkei 225,^N225,PAUSE_START,T02_1984,B01,1984,1984-08-21,1.0,2,0.0694860600895848,0.0
NIKKEI_225,Nikkei 225,^N225,PAUSE_START,T02_1984,B01,1984,1984-08-21,1.0,3,0.10865122213753553,0.0
NIKKEI_225,Nikkei 225,^N225,PAUSE_START,T02_1984,B01,1984,1984-08-21,1.0,4,0.1289159746016213,0.0
NIKKEI_225,Nikkei 225,^N225,PAUSE_START,T02_1984,B01,1984,1984-08-21,1.0,5,0.16299677259452405,0.0
NIKKEI_225,Nikkei 225,^N225,PAUSE_START,T02_1984,B01,1984,1984-08-21,1.0,6,0.1892918507380188,0.0
NIKKEI_225,Nikkei 225,^N225,PAUSE_START,T02_1984,B01,1984,1984-08-21,1.0,7,0.22727336906620188,0.0
NIKKEI_225,Nikkei 225,^N225,PAUSE_START,T02_1984,B01,1984,1984-08-21,1.0,8,0.22421916103631112,0.0024886126488792293
NIKKEI_225,Nikkei 225,^N225,PAUSE_START,T02_1984,B01,1984,1984-08-21,1.0,9,0.23735586105172657,0.0024886126488792293
NIKKEI_225,Nikkei 225,^N225,PAUSE_START,T02_1984,B01,1984,1984-08-21,1.0,10,0.2534329596923477,0.0024886126488792293
NIKKEI_225,Nikkei 225,^N225,PAUSE_START,T02_1984,B01,1984,1984-08-21,1.0,11,0.25829119320898775,0.0024886126488792293
NIKKEI_225,Nikkei 225,^N225,PAUSE_START,T02_1984,B01,1984,1984-08-21,1.0,12,0.23621171006512176,0.01754719675622729
NIKKEI_225,Nikkei 225,^N225,PAUSE_START,T04_1987,B02,1987,1987-11-03,1.0,1,-0.08369720823738247,0.08369720823738247
NIKKEI_225,Nikkei 225,^N225,PAUSE_START,T04_1987,B02,1987,1987-11-03,1.0,2,-0.08181694718547428,0.08369720823738247
NIKKEI_225,Nikkei 225,^N225,PAUSE_START,T04_1987,B02,1987,1987-11-03,1.0,3,-0.02040505661324421,0.08369720823738247
NIKKEI_225,Nikkei 225,^N225,PAUSE_START,T04_1987,B02,1987,1987-11-03,1.0,4,0.03647216689352084,0.08369720823738247
NIKKEI_225,Nikkei 225,^N225,PAUSE_START,T04_1987,B02,1987,1987-11-03,1.0,5,0.08097190277863775,0.08369720823738247
NIKKEI_225,Nikkei 225,^N225,PAUSE_START,T04_1987,B02,1987,1987-11-03,1.0,6,0.10526560664960272,0.08369720823738247
NIKKEI_225,Nikkei 225,^N225,PAUSE_START,T04_1987,B02,1987,1987-11-03,1.0,7,0.12370237353061131,0.08369720823738247
NIKKEI_225,Nikkei 225,^N225,PAUSE_START,T04_1987,B02,1987,1987-11-03,1.0,8,0.1151495112875609,0.08369720823738247
NIKKEI_225,Nikkei 225,^N225,PAUSE_START,T04_1987,B02,1987,1987-11-03,1.0,9,0.1266944155972589,0.08369720823738247
NIKKEI_225,Nikkei 225,^N225,PAUSE_START,T04_1987,B02,1987,1987-11-03,1.0,10,0.11129584584506058,0.08369720823738247
NIKKEI_225,Nikkei 225,^N225,PAUSE_START,T04_1987,B02,1987,1987-11-03,1.0,11,0.1052150106335783,0.08369720823738247
NIKKEI_225,Nikkei 225,^N225,PAUSE_START,T04_1987,B02,1987,1987-11-03,1.0,12,0.15765717591640138,0.08369720823738247
NIKKEI_225,Nikkei 225,^N225,PAUSE_START,T06_1994,B03,1994,1995-03-28,1.0,1,-0.09648161116804732,0.09648161116804732
NIKKEI_225,Nikkei 225,^N225,PAUSE_START,T06_1994,B03,1994,1995-03-28,1.0,2,-0.09959215106202723,0.09959215106202723
NIKKEI_225,Nikkei 225,^N225,PAUSE_START,T06_1994,B03,1994,1995-03-28,1.0,3,-0.16748303809110665,0.16748303809110665
NIKKEI_225,Nikkei 225,^N225,PAUSE_START,T06_1994,B03,1994,1995-03-28,1.0,4,-0.10386548850434318,0.16748303809110665
NIKKEI_225,Nikkei 225,^N225,PAUSE_START,T06_1994,B03,1994,1995-03-28,1.0,5,-0.03621973934026934,0.16748303809110665
NIKKEI_225,Nikkei 225,^N225,PAUSE_START,T06_1994,B03,1994,1995-03-28,1.0,6,0.001778513997280795,0.16748303809110665
NIKKEI_225,Nikkei 225,^N225,PAUSE_START,T06_1994,B03,1994,1995-03-28,1.0,7,-0.006275297821918713,0.16748303809110665
NIKKEI_225,Nikkei 225,^N225,PAUSE_START,T06_1994,B03,1994,1995-03-28,1.0,8,0.00245601971389231,0.16748303809110665
NIKKEI_225,Nikkei 225,^N225,PAUSE_START,T06_1994,B03,1994,1995-03-28,1.0,9,0.07489195199899701,0.16748303809110665
NIKKEI_225,Nikkei 225,^N225,PAUSE_START,T06_1994,B03,1994,1995-03-28,1.0,10,0.13463358726722507,0.16748303809110665
NIKKEI_225,Nikkei 225,^N225,PAUSE_START,T06_1994,B03,1994,1995-03-28,1.0,11,0.14191225381710604,0.16748303809110665
NIKKEI_225,Nikkei 225,^N225,PAUSE_START,T06_1994,B03,1994,1995-03-28,1.0,12,0.13059712072206509,0.16748303809110665
NIKKEI_225,Nikkei 225,^N225,PAUSE_START,T07_1999,B04,1999,2000-06-28,1.0,1,-0.004697021294296055,0.004697021294296055
NIKKEI_225,Nikkei 225,^N225,PAUSE_START,T07_1999,B04,1999,2000-06-28,1.0,2,-0.04167144231119069,0.04167144231119069
NIKKEI_225,Nikkei 225,^N225,PAUSE_START,T07_1999,B04,1999,2000-06-28,1.0,3,-0.05115533754563717,0.05115533754563717
NIKKEI_225,Nikkei 225,^N225,PAUSE_START,T07_1999,B04,1999,2000-06-28,1.0,4,-0.10142467183913195,0.10142467183913195
NIKKEI_225,Nikkei 225,^N225,PAUSE_START,T07_1999,B04,1999,2000-06-28,1.0,5,-0.1337500282037336,0.1337500282037336
NIKKEI_225,Nikkei 225,^N225,PAUSE_START,T07_1999,B04,1999,2000-06-28,1.0,6,-0.15435684644834302,0.15435684644834302
NIKKEI_225,Nikkei 225,^N225,PAUSE_START,T07_1999,B04,1999,2000-06-28,1.0,7,-0.19477873509566612,0.19477873509566612
NIKKEI_225,Nikkei 225,^N225,PAUSE_START,T07_1999,B04,1999,2000-06-28,1.0,8,-0.22146154615062819,0.22146154615062819
NIKKEI_225,Nikkei 225,^N225,PAUSE_START,T07_1999,B04,1999,2000-06-28,1.0,9,-0.2541966923055222,0.2541966923055222
NIKKEI_225,Nikkei 225,^N225,PAUSE_START,T07_1999,B04,1999,2000-06-28,1.0,10,-0.2129191135715942,0.2541966923055222
NIKKEI_225,Nikkei 225,^N225,PAUSE_START,T07_1999,B04,1999,2000-06-28,1.0,11,-0.17983750702648105,0.2541966923055222
NIKKEI_225,Nikkei 225,^N225,PAUSE_START,T07_1999,B04,1999,2000-06-28,1.0,12,-0.238561331325708,0.2541966923055222
NIKKEI_225,Nikkei 225,^N225,PAUSE_START,T08_2004,B05,2004,2006-08-08,1.0,1,0.05192474672033787,0.0
NIKKEI_225,Nikkei 225,^N225,PAUSE_START,T08_2004,B05,2004,2006-08-08,1.0,2,0.09056843271043258,0.0
NIKKEI_225,Nikkei 225,^N225,PAUSE_START,T08_2004,B05,2004,2006-08-08,1.0,3,0.06294843947642792,0.0253262357552011
NIKKEI_225,Nikkei 225,^N225,PAUSE_START,T08_2004,B05,2004,2006-08-08,1.0,4,0.10844389187245618,0.0253262357552011
NIKKEI_225,Nikkei 225,^N225,PAUSE_START,T08_2004,B05,2004,2006-08-08,1.0,5,0.14119574043751926,0.0253262357552011
NIKKEI_225,Nikkei 225,^N225,PAUSE_START,T08_2004,B05,2004,2006-08-08,1.0,6,0.1712274380258012,0.0253262357552011
NIKKEI_225,Nikkei 225,^N225,PAUSE_START,T08_2004,B05,2004,2006-08-08,1.0,7,0.1307678502190115,0.03454460380042623
NIKKEI_225,Nikkei 225,^N225,PAUSE_START,T08_2004,B05,2004,2006-08-08,1.0,8,0.15330892749199387,0.03454460380042623
NIKKEI_225,Nikkei 225,^N225,PAUSE_START,T08_2004,B05,2004,2006-08-08,1.0,9,0.1615826337847841,0.03454460380042623
NIKKEI_225,Nikkei 225,^N225,PAUSE_START,T08_2004,B05,2004,2006-08-08,1.0,10,0.1884008496512084,0.03454460380042623
NIKKEI_225,Nikkei 225,^N225,PAUSE_START,T08_2004,B05,2004,2006-08-08,1.0,11,0.1866448961738827,0.03454460380042623
NIKKEI_225,Nikkei 225,^N225,PAUSE_START,T08_2004,B05,2004,2006-08-08,1.0,12,0.08670710701035667,0.08557192017381887
NIKKEI_225,Nikkei 225,^N225,PAUSE_START,T09_2015,B06,2015,2019-01-30,1.0,1,0.00433725526306139,0.0
NIKKEI_225,Nikkei 225,^N225,PAUSE_START,T09_2015,B06,2015,2019-01-30,1.0,2,0.01818462414302502,0.0
NIKKEI_225,Nikkei 225,^N225,PAUSE_START,T09_2015,B06,2015,2019-01-30,1.0,3,0.044333390468269895,0.0
NIKKEI_225,Nikkei 225,^N225,PAUSE_START,T09_2015,B06,2015,2019-01-30,1.0,4,0.008841697418849881,0.03398502180755314
NIKKEI_225,Nikkei 225,^N225,PAUSE_START,T09_2015,B06,2015,2019-01-30,1.0,5,0.0013212588493172195,0.04118620740419554
NIKKEI_225,Nikkei 225,^N225,PAUSE_START,T09_2015,B06,2015,2019-01-30,1.0,6,0.026685411760055677,0.04118620740419554
NIKKEI_225,Nikkei 225,^N225,PAUSE_START,T09_2015,B06,2015,2019-01-30,1.0,7,-0.019148563486794168,0.060787057595275584
NIKKEI_225,Nikkei 225,^N225,PAUSE_START,T09_2015,B06,2015,2019-01-30,1.0,8,0.0262947001456868,0.060787057595275584
NIKKEI_225,Nikkei 225,^N225,PAUSE_START,T09_2015,B06,2015,2019-01-30,1.0,9,0.055393390923599295,0.060787057595275584
NIKKEI_225,Nikkei 225,^N225,PAUSE_START,T09_2015,B06,2015,2019-01-30,1.0,10,0.10677183478316299,0.060787057595275584
NIKKEI_225,Nikkei 225,^N225,PAUSE_START,T09_2015,B06,2015,2019-01-30,1.0,11,0.12494796482604897,0.060787057595275584
NIKKEI_225,Nikkei 225,^N225,PAUSE_START,T09_2015,B06,2015,2019-01-30,1.0,12,0.12411810343681573,0.060787057595275584
NIKKEI_225,Nikkei 225,^N225,PAUSE_START,T10_2022,B07,2022,2023-09-20,1.0,1,-0.02444642149070253,0.02444642149070253
NIKKEI_225,Nikkei 225,^N225,PAUSE_START,T10_2022,B07,2022,2023-09-20,1.0,2,0.02465126632248893,0.02444642149070253
NIKKEI_225,Nikkei 225,^N225,PAUSE_START,T10_2022,B07,2022,2023-09-20,1.0,3,0.02955238017640527,0.02444642149070253
NIKKEI_225,Nikkei 225,^N225,PAUSE_START,T10_2022,B07,2022,2023-09-20,1.0,4,0.10210336732311975,0.02444642149070253
NIKKEI_225,Nikkei 225,^N225,PAUSE_START,T10_2022,B07,2022,2023-09-20,1.0,5,0.1746447954860486,0.02444642149070253
NIKKEI_225,Nikkei 225,^N225,PAUSE_START,T10_2022,B07,2022,2023-09-20,1.0,6,0.23865483669191345,0.02444642149070253
NIKKEI_225,Nikkei 225,^N225,PAUSE_START,T10_2022,B07,2022,2023-09-20,1.0,7,0.20465250876945174,0.027451011302932593
NIKKEI_225,Nikkei 225,^N225,PAUSE_START,T10_2022,B07,2022,2023-09-20,1.0,8,0.1986660749558644,0.03228402340303893
NIKKEI_225,Nikkei 225,^N225,PAUSE_START,T10_2022,B07,2022,2023-09-20,1.0,9,0.20802046349724312,0.03228402340303893
NIKKEI_225,Nikkei 225,^N225,PAUSE_START,T10_2022,B07,2022,2023-09-20,1.0,10,0.2466956908032436,0.03228402340303893
NIKKEI_225,Nikkei 225,^N225,PAUSE_START,T10_2022,B07,2022,2023-09-20,1.0,11,0.14629497530084,0.08053345835960635
NIKKEI_225,Nikkei 225,^N225,PAUSE_START,T10_2022,B07,2022,2023-09-20,1.0,12,0.15979091442428017,0.08053345835960635
NIKKEI_225,Nikkei 225,^N225,FIRST_CUT,T01_1983,B01,1983,1983-08-17,0.5,1,0.03694574787779725,0.0
NIKKEI_225,Nikkei 225,^N225,FIRST_CUT,T01_1983,B01,1983,1983-08-17,0.5,2,0.046803977264994856,0.0
NIKKEI_225,Nikkei 225,^N225,FIRST_CUT,T01_1983,B01,1983,1983-08-17,0.5,3,0.04179293888340618,0.004786988290473415
NIKKEI_225,Nikkei 225,^N225,FIRST_CUT,T01_1983,B01,1983,1983-08-17,0.5,4,0.06459893239091508,0.004786988290473415
NIKKEI_225,Nikkei 225,^N225,FIRST_CUT,T01_1983,B01,1983,1983-08-17,0.5,5,0.1247839335985288,0.004786988290473415
NIKKEI_225,Nikkei 225,^N225,FIRST_CUT,T01_1983,B01,1983,1983-08-17,0.5,6,0.11579122333583092,0.007995055756110814
NIKKEI_225,Nikkei 225,^N225,FIRST_CUT,T01_1983,B01,1983,1983-08-17,0.5,7,0.15044385761350187,0.007995055756110814
NIKKEI_225,Nikkei 225,^N225,FIRST_CUT,T01_1983,B01,1983,1983-08-17,0.5,8,0.2173034511032883,0.007995055756110814
NIKKEI_225,Nikkei 225,^N225,FIRST_CUT,T01_1983,B01,1983,1983-08-17,0.5,9,0.17343495161996803,0.03603743950907268
NIKKEI_225,Nikkei 225,^N225,FIRST_CUT,T01_1983,B01,1983,1983-08-17,0.5,10,0.13994772750292617,0.06354678739327624
NIKKEI_225,Nikkei 225,^N225,FIRST_CUT,T01_1983,B01,1983,1983-08-17,0.5,11,0.13229593774301507,0.06983263974420473
NIKKEI_225,Nikkei 225,^N225,FIRST_CUT,T01_1983,B01,1983,1983-08-17,0.5,12,0.16108640429458254,0.06983263974420473
NIKKEI_225,Nikkei 225,^N225,FIRST_CUT,T02_1984,B01,1984,1984-09-20,0.5,1,0.04296692893234422,0.0
NIKKEI_225,Nikkei 225,^N225,FIRST_CUT,T02_1984,B01,1984,1984-09-20,0.5,2,0.08116094595288126,0.0
NIKKEI_225,Nikkei 225,^N225,FIRST_CUT,T02_1984,B01,1984,1984-09-20,0.5,3,0.10092321068148502,0.0
NIKKEI_225,Nikkei 225,^N225,FIRST_CUT,T02_1984,B01,1984,1984-09-20,0.5,4,0.13415893627405984,0.0
NIKKEI_225,Nikkei 225,^N225,FIRST_CUT,T02_1984,B01,1984,1984-09-20,0.5,5,0.15980199785361848,0.0
NIKKEI_225,Nikkei 225,^N225,FIRST_CUT,T02_1984,B01,1984,1984-09-20,0.5,6,0.19684172095539898,0.0
NIKKEI_225,Nikkei 225,^N225,FIRST_CUT,T02_1984,B01,1984,1984-09-20,0.5,7,0.19386324550992318,0.0024886126488792293
NIKKEI_225,Nikkei 225,^N225,FIRST_CUT,T02_1984,B01,1984,1984-09-20,0.5,8,0.2066742060101805,0.0024886126488792293
NIKKEI_225,Nikkei 225,^N225,FIRST_CUT,T02_1984,B01,1984,1984-09-20,0.5,9,0.2223526545857013,0.0024886126488792293
NIKKEI_225,Nikkei 225,^N225,FIRST_CUT,T02_1984,B01,1984,1984-09-20,0.5,10,0.22709042264081902,0.0024886126488792293
NIKKEI_225,Nikkei 225,^N225,FIRST_CUT,T02_1984,B01,1984,1984-09-20,0.5,11,0.2055584255570586,0.01754719675622729
NIKKEI_225,Nikkei 225,^N225,FIRST_CUT,T02_1984,B01,1984,1984-09-20,0.5,12,0.21015123051565787,0.01754719675622729
NIKKEI_225,Nikkei 225,^N225,FIRST_CUT,T03_1987,B02,1987,1987-07-02,0.3333333333333333,1,0.0024267417973498073,0.0
NIKKEI_225,Nikkei 225,^N225,FIRST_CUT,T03_1987,B02,1987,1987-07-02,0.3333333333333333,2,0.0008980334310744187,0.0015250075666720653
NIKKEI_225,Nikkei 225,^N225,FIRST_CUT,T03_1987,B02,1987,1987-07-02,0.3333333333333333,3,-0.017187649998319898,0.019566907962272673
NIKKEI_225,Nikkei 225,^N225,FIRST_CUT,T03_1987,B02,1987,1987-07-02,0.3333333333333333,4,-0.10514017625469774,0.1073065128521814
NIKKEI_225,Nikkei 225,^N225,FIRST_CUT,T03_1987,B02,1987,1987-07-02,0.3333333333333333,5,-0.09944629991468168,0.1073065128521814
NIKKEI_225,Nikkei 225,^N225,FIRST_CUT,T03_1987,B02,1987,1987-07-02,0.3333333333333333,6,-0.09759835613163925,0.1073065128521814
NIKKEI_225,Nikkei 225,^N225,FIRST_CUT,T03_1987,B02,1987,1987-07-02,0.3333333333333333,7,-0.03724199164029973,0.1073065128521814
NIKKEI_225,Nikkei 225,^N225,FIRST_CUT,T03_1987,B02,1987,1987-07-02,0.3333333333333333,8,0.01865764605595488,0.1073065128521814
NIKKEI_225,Nikkei 225,^N225,FIRST_CUT,T03_1987,B02,1987,1987-07-02,0.3333333333333333,9,0.06239253605566075,0.1073065128521814
NIKKEI_225,Nikkei 225,^N225,FIRST_CUT,T03_1987,B02,1987,1987-07-02,0.3333333333333333,10,0.0862686882473287,0.1073065128521814
NIKKEI_225,Nikkei 225,^N225,FIRST_CUT,T03_1987,B02,1987,1987-07-02,0.3333333333333333,11,0.10438857043208571,0.1073065128521814
NIKKEI_225,Nikkei 225,^N225,FIRST_CUT,T03_1987,B02,1987,1987-07-02,0.3333333333333333,12,0.09598271179175288,0.1073065128521814
NIKKEI_225,Nikkei 225,^N225,FIRST_CUT,T04_1987,B02,1987,1987-11-04,0.3333333333333333,1,-0.08369720823738247,0.08369720823738247
NIKKEI_225,Nikkei 225,^N225,FIRST_CUT,T04_1987,B02,1987,1987-11-04,0.3333333333333333,2,-0.08181694718547428,0.08369720823738247
NIKKEI_225,Nikkei 225,^N225,FIRST_CUT,T04_1987,B02,1987,1987-11-04,0.3333333333333333,3,-0.02040505661324421,0.08369720823738247
NIKKEI_225,Nikkei 225,^N225,FIRST_CUT,T04_1987,B02,1987,1987-11-04,0.3333333333333333,4,0.03647216689352084,0.08369720823738247
NIKKEI_225,Nikkei 225,^N225,FIRST_CUT,T04_1987,B02,1987,1987-11-04,0.3333333333333333,5,0.08097190277863775,0.08369720823738247
NIKKEI_225,Nikkei 225,^N225,FIRST_CUT,T04_1987,B02,1987,1987-11-04,0.3333333333333333,6,0.10526560664960272,0.08369720823738247
NIKKEI_225,Nikkei 225,^N225,FIRST_CUT,T04_1987,B02,1987,1987-11-04,0.3333333333333333,7,0.12370237353061131,0.08369720823738247
NIKKEI_225,Nikkei 225,^N225,FIRST_CUT,T04_1987,B02,1987,1987-11-04,0.3333333333333333,8,0.1151495112875609,0.08369720823738247
NIKKEI_225,Nikkei 225,^N225,FIRST_CUT,T04_1987,B02,1987,1987-11-04,0.3333333333333333,9,0.1266944155972589,0.08369720823738247
NIKKEI_225,Nikkei 225,^N225,FIRST_CUT,T04_1987,B02,1987,1987-11-04,0.3333333333333333,10,0.11129584584506058,0.08369720823738247
NIKKEI_225,Nikkei 225,^N225,FIRST_CUT,T04_1987,B02,1987,1987-11-04,0.3333333333333333,11,0.1052150106335783,0.08369720823738247
NIKKEI_225,Nikkei 225,^N225,FIRST_CUT,T04_1987,B02,1987,1987-11-04,0.3333333333333333,12,0.15765717591640138,0.08369720823738247
NIKKEI_225,Nikkei 225,^N225,FIRST_CUT,T05_1988,B02,1988,1989-06-06,0.3333333333333333,1,-0.004297651736403951,0.004297651736403951
NIKKEI_225,Nikkei 225,^N225,FIRST_CUT,T05_1988,B02,1988,1989-06-06,0.3333333333333333,2,0.02409882894867188,0.004297651736403951
NIKKEI_225,Nikkei 225,^N225,FIRST_CUT,T05_1988,B02,1988,1989-06-06,0.3333333333333333,3,0.019412178766488042,0.00457636514143378
NIKKEI_225,Nikkei 225,^N225,FIRST_CUT,T05_1988,B02,1988,1989-06-06,0.3333333333333333,4,0.039250421522575074,0.00457636514143378
NIKKEI_225,Nikkei 225,^N225,FIRST_CUT,T05_1988,B02,1988,1989-06-06,0.3333333333333333,5,0.06029283968107846,0.00457636514143378
NIKKEI_225,Nikkei 225,^N225,FIRST_CUT,T05_1988,B02,1988,1989-06-06,0.3333333333333333,6,0.12182257029706323,0.00457636514143378
NIKKEI_225,Nikkei 225,^N225,FIRST_CUT,T05_1988,B02,1988,1989-06-06,0.3333333333333333,7,0.10048529158537978,0.019020190248118518
NIKKEI_225,Nikkei 225,^N225,FIRST_CUT,T05_1988,B02,1988,1989-06-06,0.3333333333333333,8,0.07439021869364337,0.04228150944659581
NIKKEI_225,Nikkei 225,^N225,FIRST_CUT,T05_1988,B02,1988,1989-06-06,0.3333333333333333,9,-0.049531896564833366,0.1527464961027849
NIKKEI_225,Nikkei 225,^N225,FIRST_CUT,T05_1988,B02,1988,1989-06-06,0.3333333333333333,10,-0.13981624957245475,0.23322656077443238
NIKKEI_225,Nikkei 225,^N225,FIRST_CUT,T05_1988,B02,1988,1989-06-06,0.3333333333333333,11,-0.06362391516928545,0.23322656077443238
NIKKEI_225,Nikkei 225,^N225,FIRST_CUT,T05_1988,B02,1988,1989-06-06,0.3333333333333333,12,-0.047796402690838846,0.23322656077443238
NIKKEI_225,Nikkei 225,^N225,FIRST_CUT,T06_1994,B03,1994,1995-07-06,1.0,1,0.15767041965110384,0.0
NIKKEI_225,Nikkei 225,^N225,FIRST_CUT,T06_1994,B03,1994,1995-07-06,1.0,2,0.20331303725065797,0.0
NIKKEI_225,Nikkei 225,^N225,FIRST_CUT,T06_1994,B03,1994,1995-07-06,1.0,3,0.19363898592474538,0.008039513432029355
NIKKEI_225,Nikkei 225,^N225,FIRST_CUT,T06_1994,B03,1994,1995-07-06,1.0,4,0.20412684135028636,0.008039513432029355
NIKKEI_225,Nikkei 225,^N225,FIRST_CUT,T06_1994,B03,1994,1995-07-06,1.0,5,0.2911351974551457,0.008039513432029355
NIKKEI_225,Nikkei 225,^N225,FIRST_CUT,T06_1994,B03,1994,1995-07-06,1.0,6,0.3628954594097433,0.008039513432029355
NIKKEI_225,Nikkei 225,^N225,FIRST_CUT,T06_1994,B03,1994,1995-07-06,1.0,7,0.37163842427762006,0.008039513432029355
NIKKEI_225,Nikkei 225,^N225,FIRST_CUT,T06_1994,B03,1994,1995-07-06,1.0,8,0.35804694973385076,0.009908933945859233
NIKKEI_225,Nikkei 225,^N225,FIRST_CUT,T06_1994,B03,1994,1995-07-06,1.0,9,0.45143179397035893,0.009908933945859233
NIKKEI_225,Nikkei 225,^N225,FIRST_CUT,T06_1994,B03,1994,1995-07-06,1.0,10,0.4475761153262099,0.009908933945859233
NIKKEI_225,Nikkei 225,^N225,FIRST_CUT,T06_1994,B03,1994,1995-07-06,1.0,11,0.4751554628639467,0.009908933945859233
NIKKEI_225,Nikkei 225,^N225,FIRST_CUT,T06_1994,B03,1994,1995-07-06,1.0,12,0.433464559016415,0.028262040779478803
NIKKEI_225,Nikkei 225,^N225,FIRST_CUT,T07_1999,B04,1999,2001-01-03,1.0,1,-0.0793534476338501,0.0793534476338501
NIKKEI_225,Nikkei 225,^N225,FIRST_CUT,T07_1999,B04,1999,2001-01-03,1.0,2,-0.11806380201608335,0.11806380201608335
NIKKEI_225,Nikkei 225,^N225,FIRST_CUT,T07_1999,B04,1999,2001-01-03,1.0,3,-0.06925174865697514,0.11806380201608335
NIKKEI_225,Nikkei 225,^N225,FIRST_CUT,T07_1999,B04,1999,2001-01-03,1.0,4,-0.03013169381330727,0.11806380201608335
NIKKEI_225,Nikkei 225,^N225,FIRST_CUT,T07_1999,B04,1999,2001-01-03,1.0,5,-0.0995744889835749,0.11806380201608335
NIKKEI_225,Nikkei 225,^N225,FIRST_CUT,T07_1999,B04,1999,2001-01-03,1.0,6,-0.1567428159520904,0.1567428159520904
NIKKEI_225,Nikkei 225,^N225,FIRST_CUT,T07_1999,B04,1999,2001-01-03,1.0,7,-0.19663995607391538,0.19663995607391538
NIKKEI_225,Nikkei 225,^N225,FIRST_CUT,T07_1999,B04,1999,2001-01-03,1.0,8,-0.306244536419887,0.306244536419887
NIKKEI_225,Nikkei 225,^N225,FIRST_CUT,T07_1999,B04,1999,2001-01-03,1.0,9,-0.27556637411416274,0.306244536419887
NIKKEI_225,Nikkei 225,^N225,FIRST_CUT,T07_1999,B04,1999,2001-01-03,1.0,10,-0.2705476545371983,0.306244536419887
NIKKEI_225,Nikkei 225,^N225,FIRST_CUT,T07_1999,B04,1999,2001-01-03,1.0,11,-0.2715896027600512,0.306244536419887
NIKKEI_225,Nikkei 225,^N225,FIRST_CUT,T07_1999,B04,1999,2001-01-03,1.0,12,-0.28515042391338674,0.306244536419887
NIKKEI_225,Nikkei 225,^N225,FIRST_CUT,T08_2004,B05,2004,2007-09-18,1.0,1,0.026875995591450152,0.0
NIKKEI_225,Nikkei 225,^N225,FIRST_CUT,T08_2004,B05,2004,2007-09-18,1.0,2,-0.05571915378058023,0.08043342110111174
NIKKEI_225,Nikkei 225,^N225,FIRST_CUT,T08_2004,B05,2004,2007-09-18,1.0,3,-0.05564008739658355,0.08043342110111174
NIKKEI_225,Nikkei 225,^N225,FIRST_CUT,T08_2004,B05,2004,2007-09-18,1.0,4,-0.16582560664244894,0.18765810386180926
NIKKEI_225,Nikkei 225,^N225,FIRST_CUT,T08_2004,B05,2004,2007-09-18,1.0,5,-0.17697118488751296,0.19851197355290517
NIKKEI_225,Nikkei 225,^N225,FIRST_CUT,T08_2004,B05,2004,2007-09-18,1.0,6,-0.23437451243866847,0.254412907840587
NIKKEI_225,Nikkei 225,^N225,FIRST_CUT,T08_2004,B05,2004,2007-09-18,1.0,7,-0.18852221356920462,0.254412907840587
NIKKEI_225,Nikkei 225,^N225,FIRST_CUT,T08_2004,B05,2004,2007-09-18,1.0,8,-0.14978603293539305,0.254412907840587
NIKKEI_225,Nikkei 225,^N225,FIRST_CUT,T08_2004,B05,2004,2007-09-18,1.0,9,-0.14436305399140614,0.254412907840587
NIKKEI_225,Nikkei 225,^N225,FIRST_CUT,T08_2004,B05,2004,2007-09-18,1.0,10,-0.1999912006419411,0.254412907840587
NIKKEI_225,Nikkei 225,^N225,FIRST_CUT,T08_2004,B05,2004,2007-09-18,1.0,11,-0.21089926660487646,0.254412907840587
NIKKEI_225,Nikkei 225,^N225,FIRST_CUT,T08_2004,B05,2004,2007-09-18,1.0,12,-0.2634978179190064,0.2827739812373449
NIKKEI_225,Nikkei 225,^N225,FIRST_CUT,T09_2015,B06,2015,2019-07-31,1.0,1,-0.020442812089732865,0.020442812089732865
NIKKEI_225,Nikkei 225,^N225,FIRST_CUT,T09_2015,B06,2015,2019-07-31,1.0,2,0.02494048845529173,0.020442812089732865
NIKKEI_225,Nikkei 225,^N225,FIRST_CUT,T09_2015,B06,2015,2019-07-31,1.0,3,0.0540007830617919,0.020442812089732865
NIKKEI_225,Nikkei 225,^N225,FIRST_CUT,T09_2015,B06,2015,2019-07-31,1.0,4,0.10531143227202211,0.020442812089732865
NIKKEI_225,Nikkei 225,^N225,FIRST_CUT,T09_2015,B06,2015,2019-07-31,1.0,5,0.12346357863089752,0.020442812089732865
NIKKEI_225,Nikkei 225,^N225,FIRST_CUT,T09_2015,B06,2015,2019-07-31,1.0,6,0.12263481225657014,0.020442812089732865
NIKKEI_225,Nikkei 225,^N225,FIRST_CUT,T09_2015,B06,2015,2019-07-31,1.0,7,0.1006713412194129,0.020442812089732865
NIKKEI_225,Nikkei 225,^N225,FIRST_CUT,T09_2015,B06,2015,2019-07-31,1.0,8,-0.09905900805772516,0.19806835835283465
NIKKEI_225,Nikkei 225,^N225,FIRST_CUT,T09_2015,B06,2015,2019-07-31,1.0,9,-0.08793132621041921,0.19806835835283465
NIKKEI_225,Nikkei 225,^N225,FIRST_CUT,T09_2015,B06,2015,2019-07-31,1.0,10,-0.024546090442544632,0.19806835835283465
NIKKEI_225,Nikkei 225,^N225,FIRST_CUT,T09_2015,B06,2015,2019-07-31,1.0,11,0.06774517687157844,0.19806835835283465
NIKKEI_225,Nikkei 225,^N225,FIRST_CUT,T09_2015,B06,2015,2019-07-31,1.0,12,0.06976509285625654,0.19806835835283465
NIKKEI_225,Nikkei 225,^N225,FIRST_CUT,T10_2022,B07,2022,2024-09-18,1.0,1,0.05343958326899867,0.0
NIKKEI_225,Nikkei 225,^N225,FIRST_CUT,T10_2022,B07,2022,2024-09-18,1.0,2,0.04806514155072694,0.00510180346707112
NIKKEI_225,Nikkei 225,^N225,FIRST_CUT,T10_2022,B07,2022,2024-09-18,1.0,3,0.06572986719050622,0.00510180346707112
NIKKEI_225,Nikkei 225,^N225,FIRST_CUT,T10_2022,B07,2022,2024-09-18,1.0,4,0.06575646243924438,0.00510180346707112
NIKKEI_225,Nikkei 225,^N225,FIRST_CUT,T10_2022,B07,2022,2024-09-18,1.0,5,0.050496951669690926,0.01431800913937531
NIKKEI_225,Nikkei 225,^N225,FIRST_CUT,T10_2022,B07,2022,2024-09-18,1.0,6,0.011891404123271831,0.050541620167790624
NIKKEI_225,Nikkei 225,^N225,FIRST_CUT,T10_2022,B07,2022,2024-09-18,1.0,7,-0.0686226553992304,0.12608801595339647
NIKKEI_225,Nikkei 225,^N225,FIRST_CUT,T10_2022,B07,2022,2024-09-18,1.0,8,0.01673692854433506,0.12608801595339647
NIKKEI_225,Nikkei 225,^N225,FIRST_CUT,T10_2022,B07,2022,2024-09-18,1.0,9,0.04298433115344347,0.12608801595339647
NIKKEI_225,Nikkei 225,^N225,FIRST_CUT,T10_2022,B07,2022,2024-09-18,1.0,10,0.08948841222547865,0.12608801595339647
NIKKEI_225,Nikkei 225,^N225,FIRST_CUT,T10_2022,B07,2022,2024-09-18,1.0,11,0.14716738846005262,0.12608801595339647
NIKKEI_225,Nikkei 225,^N225,FIRST_CUT,T10_2022,B07,2022,2024-09-18,1.0,12,0.19920182245657148,0.12608801595339647
KOSPI,KOSPI Composite,^KS11,FIRST_HIKE,T07_1999,B04,1999,1999-06-30,1.0,1,0.303205626299091,0.0
KOSPI,KOSPI Composite,^KS11,FIRST_HIKE,T07_1999,B04,1999,1999-06-30,1.0,2,0.2517414884190359,0.03949042026944405
KOSPI,KOSPI Composite,^KS11,FIRST_HIKE,T07_1999,B04,1999,1999-06-30,1.0,3,0.24344008650772997,0.045860406512429064
KOSPI,KOSPI Composite,^KS11,FIRST_HIKE,T07_1999,B04,1999,1999-06-30,1.0,4,0.11155926257739512,0.1470576552573234
KOSPI,KOSPI Composite,^KS11,FIRST_HIKE,T07_1999,B04,1999,1999-06-30,1.0,5,0.2746176195212735,0.1470576552573234
KOSPI,KOSPI Composite,^KS11,FIRST_HIKE,T07_1999,B04,1999,1999-06-30,1.0,6,0.3207149097723574,0.1470576552573234
KOSPI,KOSPI Composite,^KS11,FIRST_HIKE,T07_1999,B04,1999,1999-06-30,1.0,7,0.2778342521226005,0.1470576552573234
KOSPI,KOSPI Composite,^KS11,FIRST_HIKE,T07_1999,B04,1999,1999-06-30,1.0,8,0.21227367063284341,0.1470576552573234
KOSPI,KOSPI Composite,^KS11,FIRST_HIKE,T07_1999,B04,1999,1999-06-30,1.0,9,0.17833173920189882,0.1470576552573234
KOSPI,KOSPI Composite,^KS11,FIRST_HIKE,T07_1999,B04,1999,1999-06-30,1.0,10,0.04605286966684852,0.20796466979603523
KOSPI,KOSPI Composite,^KS11,FIRST_HIKE,T07_1999,B04,1999,1999-06-30,1.0,11,-0.03306736582132086,0.2678717965368146
KOSPI,KOSPI Composite,^KS11,FIRST_HIKE,T07_1999,B04,1999,1999-06-30,1.0,12,0.06657902926677361,0.2678717965368146
KOSPI,KOSPI Composite,^KS11,FIRST_HIKE,T08_2004,B05,2004,2004-06-30,1.0,1,-0.06600020389256345,0.06600020389256345
KOSPI,KOSPI Composite,^KS11,FIRST_HIKE,T08_2004,B05,2004,2004-06-30,1.0,2,-0.03565593293821512,0.06600020389256345
KOSPI,KOSPI Composite,^KS11,FIRST_HIKE,T08_2004,B05,2004,2004-06-30,1.0,3,0.04648028757818068,0.06600020389256345
KOSPI,KOSPI Composite,^KS11,FIRST_HIKE,T08_2004,B05,2004,2004-06-30,1.0,4,0.06300226029687206,0.06600020389256345
KOSPI,KOSPI Composite,^KS11,FIRST_HIKE,T08_2004,B05,2004,2004-06-30,1.0,5,0.08051439139215066,0.06600020389256345
KOSPI,KOSPI Composite,^KS11,FIRST_HIKE,T08_2004,B05,2004,2004-06-30,1.0,6,0.09298271350056342,0.06600020389256345
KOSPI,KOSPI Composite,^KS11,FIRST_HIKE,T08_2004,B05,2004,2004-06-30,1.0,7,0.13089977377260498,0.06600020389256345
KOSPI,KOSPI Composite,^KS11,FIRST_HIKE,T08_2004,B05,2004,2004-06-30,1.0,8,0.20742719405074306,0.06600020389256345
KOSPI,KOSPI Composite,^KS11,FIRST_HIKE,T08_2004,B05,2004,2004-06-30,1.0,9,0.2371591124340553,0.06600020389256345
KOSPI,KOSPI Composite,^KS11,FIRST_HIKE,T08_2004,B05,2004,2004-06-30,1.0,10,0.19607532774630587,0.06600020389256345
KOSPI,KOSPI Composite,^KS11,FIRST_HIKE,T08_2004,B05,2004,2004-06-30,1.0,11,0.17550544089199205,0.06600020389256345
KOSPI,KOSPI Composite,^KS11,FIRST_HIKE,T08_2004,B05,2004,2004-06-30,1.0,12,0.24105059029898035,0.06600020389256345
KOSPI,KOSPI Composite,^KS11,FIRST_HIKE,T09_2015,B06,2015,2015-12-16,1.0,1,-0.05587552612198077,0.05587552612198077
KOSPI,KOSPI Composite,^KS11,FIRST_HIKE,T09_2015,B06,2015,2015-12-16,1.0,2,-0.0529060949230411,0.05587552612198077
KOSPI,KOSPI Composite,^KS11,FIRST_HIKE,T09_2015,B06,2015,2015-12-16,1.0,3,-0.015087947967114546,0.05587552612198077
KOSPI,KOSPI Composite,^KS11,FIRST_HIKE,T09_2015,B06,2015,2015-12-16,1.0,4,-0.005287296730142388,0.05587552612198077
KOSPI,KOSPI Composite,^KS11,FIRST_HIKE,T09_2015,B06,2015,2015-12-16,1.0,5,-0.019984953156186425,0.05587552612198077
KOSPI,KOSPI Composite,^KS11,FIRST_HIKE,T09_2015,B06,2015,2015-12-16,1.0,6,-0.014825449726508677,0.05587552612198077
KOSPI,KOSPI Composite,^KS11,FIRST_HIKE,T09_2015,B06,2015,2015-12-16,1.0,7,-0.0021417861876930067,0.05587552612198077
KOSPI,KOSPI Composite,^KS11,FIRST_HIKE,T09_2015,B06,2015,2015-12-16,1.0,8,0.014887237555350152,0.05587552612198077
KOSPI,KOSPI Composite,^KS11,FIRST_HIKE,T09_2015,B06,2015,2015-12-16,1.0,9,0.017826720925416817,0.05587552612198077
KOSPI,KOSPI Composite,^KS11,FIRST_HIKE,T09_2015,B06,2015,2015-12-16,1.0,10,0.014576365012713977,0.05587552612198077
KOSPI,KOSPI Composite,^KS11,FIRST_HIKE,T09_2015,B06,2015,2015-12-16,1.0,11,-0.012474992043715827,0.05587552612198077
KOSPI,KOSPI Composite,^KS11,FIRST_HIKE,T09_2015,B06,2015,2015-12-16,1.0,12,0.007417707041265098,0.05587552612198077
KOSPI,KOSPI Composite,^KS11,FIRST_HIKE,T10_2022,B07,2022,2022-03-16,1.0,1,-0.0076255690109356955,0.0076255690109356955
KOSPI,KOSPI Composite,^KS11,FIRST_HIKE,T10_2022,B07,2022,2022-03-16,1.0,2,-0.034801574770051746,0.034801574770051746
KOSPI,KOSPI Composite,^KS11,FIRST_HIKE,T10_2022,B07,2022,2022-03-16,1.0,3,-0.09143361067429989,0.09143361067429989
KOSPI,KOSPI Composite,^KS11,FIRST_HIKE,T10_2022,B07,2022,2022-03-16,1.0,4,-0.13260581970570728,0.13260581970570728
KOSPI,KOSPI Composite,^KS11,FIRST_HIKE,T10_2022,B07,2022,2022-03-16,1.0,5,-0.08973652736505844,0.13260581970570728
KOSPI,KOSPI Composite,^KS11,FIRST_HIKE,T10_2022,B07,2022,2022-03-16,1.0,6,-0.1432027757309603,0.1432027757309603
KOSPI,KOSPI Composite,^KS11,FIRST_HIKE,T10_2022,B07,2022,2022-03-16,1.0,7,-0.18125595446520348,0.18125595446520348
KOSPI,KOSPI Composite,^KS11,FIRST_HIKE,T10_2022,B07,2022,2022-03-16,1.0,8,-0.11250172482844611,0.18125595446520348
KOSPI,KOSPI Composite,^KS11,FIRST_HIKE,T10_2022,B07,2022,2022-03-16,1.0,9,-0.13316242687528923,0.18125595446520348
KOSPI,KOSPI Composite,^KS11,FIRST_HIKE,T10_2022,B07,2022,2022-03-16,1.0,10,-0.13276670883088248,0.18125595446520348
KOSPI,KOSPI Composite,^KS11,FIRST_HIKE,T10_2022,B07,2022,2022-03-16,1.0,11,-0.10046844000153965,0.18125595446520348
KOSPI,KOSPI Composite,^KS11,FIRST_HIKE,T10_2022,B07,2022,2022-03-16,1.0,12,-0.11249954937832018,0.18125595446520348
KOSPI,KOSPI Composite,^KS11,LAST_HIKE,T07_1999,B04,1999,2000-05-16,1.0,1,0.019622487729958005,0.0
KOSPI,KOSPI Composite,^KS11,LAST_HIKE,T07_1999,B04,1999,2000-05-16,1.0,2,0.01844433532041645,0.0011554790363288436
KOSPI,KOSPI Composite,^KS11,LAST_HIKE,T07_1999,B04,1999,2000-05-16,1.0,3,-0.07618064104526989,0.0939594113783423
KOSPI,KOSPI Composite,^KS11,LAST_HIKE,T07_1999,B04,1999,2000-05-16,1.0,4,-0.2011309974629808,0.21650511620669977
KOSPI,KOSPI Composite,^KS11,LAST_HIKE,T07_1999,B04,1999,2000-05-16,1.0,5,-0.2971222608733721,0.3106490415962838
KOSPI,KOSPI Composite,^KS11,LAST_HIKE,T07_1999,B04,1999,2000-05-16,1.0,6,-0.3022262561088416,0.3156548111795271
KOSPI,KOSPI Composite,^KS11,LAST_HIKE,T07_1999,B04,1999,2000-05-16,1.0,7,-0.32495899298316033,0.3379500598111358
KOSPI,KOSPI Composite,^KS11,LAST_HIKE,T07_1999,B04,1999,2000-05-16,1.0,8,-0.24973284579309685,0.3379500598111358
KOSPI,KOSPI Composite,^KS11,LAST_HIKE,T07_1999,B04,1999,2000-05-16,1.0,9,-0.23898498117582978,0.3379500598111358
KOSPI,KOSPI Composite,^KS11,LAST_HIKE,T07_1999,B04,1999,2000-05-16,1.0,10,-0.3024793011334639,0.3379500598111358
KOSPI,KOSPI Composite,^KS11,LAST_HIKE,T07_1999,B04,1999,2000-05-16,1.0,11,-0.31994979602314677,0.3379500598111358
KOSPI,KOSPI Composite,^KS11,LAST_HIKE,T07_1999,B04,1999,2000-05-16,1.0,12,-0.22957789898433767,0.3379500598111358
KOSPI,KOSPI Composite,^KS11,LAST_HIKE,T08_2004,B05,2004,2006-06-29,1.0,1,-0.07980756279493872,0.07980756279493872
KOSPI,KOSPI Composite,^KS11,LAST_HIKE,T08_2004,B05,2004,2006-06-29,1.0,2,-0.052382012868536054,0.07980756279493872
KOSPI,KOSPI Composite,^KS11,LAST_HIKE,T08_2004,B05,2004,2006-06-29,1.0,3,-0.023262881619605436,0.07980756279493872
KOSPI,KOSPI Composite,^KS11,LAST_HIKE,T08_2004,B05,2004,2006-06-29,1.0,4,-0.025054527068174792,0.07980756279493872
KOSPI,KOSPI Composite,^KS11,LAST_HIKE,T08_2004,B05,2004,2006-06-29,1.0,5,0.01086623449689017,0.07980756279493872
KOSPI,KOSPI Composite,^KS11,LAST_HIKE,T08_2004,B05,2004,2006-06-29,1.0,6,0.02159950518249043,0.07980756279493872
KOSPI,KOSPI Composite,^KS11,LAST_HIKE,T08_2004,B05,2004,2006-06-29,1.0,7,-0.006901103788202301,0.07980756279493872
KOSPI,KOSPI Composite,^KS11,LAST_HIKE,T08_2004,B05,2004,2006-06-29,1.0,8,0.03316429664234177,0.07980756279493872
KOSPI,KOSPI Composite,^KS11,LAST_HIKE,T08_2004,B05,2004,2006-06-29,1.0,9,0.0314267215974704,0.07980756279493872
KOSPI,KOSPI Composite,^KS11,LAST_HIKE,T08_2004,B05,2004,2006-06-29,1.0,10,0.09236610865922978,0.07980756279493872
KOSPI,KOSPI Composite,^KS11,LAST_HIKE,T08_2004,B05,2004,2006-06-29,1.0,11,0.16280474919094767,0.07980756279493872
KOSPI,KOSPI Composite,^KS11,LAST_HIKE,T08_2004,B05,2004,2006-06-29,1.0,12,0.2631339544745559,0.07980756279493872
KOSPI,KOSPI Composite,^KS11,LAST_HIKE,T09_2015,B06,2015,2018-12-19,1.0,1,0.008952446480997578,0.0
KOSPI,KOSPI Composite,^KS11,LAST_HIKE,T09_2015,B06,2015,2018-12-19,1.0,2,0.06089550733298643,0.0
KOSPI,KOSPI Composite,^KS11,LAST_HIKE,T09_2015,B06,2015,2018-12-19,1.0,3,0.03771904049851149,0.021846135339698924
KOSPI,KOSPI Composite,^KS11,LAST_HIKE,T09_2015,B06,2015,2018-12-19,1.0,4,0.06181788613763417,0.021846135339698924
KOSPI,KOSPI Composite,^KS11,LAST_HIKE,T09_2015,B06,2015,2018-12-19,1.0,5,0.0017111676844376866,0.05660737047087683
KOSPI,KOSPI Composite,^KS11,LAST_HIKE,T09_2015,B06,2015,2018-12-19,1.0,6,0.010545600143415212,0.05660737047087683
KOSPI,KOSPI Composite,^KS11,LAST_HIKE,T09_2015,B06,2015,2018-12-19,1.0,7,-0.0018495206507502804,0.05996075939158907
KOSPI,KOSPI Composite,^KS11,LAST_HIKE,T09_2015,B06,2015,2018-12-19,1.0,8,-0.06676587400934564,0.1210977530381444
KOSPI,KOSPI Composite,^KS11,LAST_HIKE,T09_2015,B06,2015,2018-12-19,1.0,9,-0.018301406428404277,0.1210977530381444
KOSPI,KOSPI Composite,^KS11,LAST_HIKE,T09_2015,B06,2015,2018-12-19,1.0,10,-0.00844107634017377,0.1210977530381444
KOSPI,KOSPI Composite,^KS11,LAST_HIKE,T09_2015,B06,2015,2018-12-19,1.0,11,0.021821556947553944,0.1210977530381444
KOSPI,KOSPI Composite,^KS11,LAST_HIKE,T09_2015,B06,2015,2018-12-19,1.0,12,0.030566547803021926,0.1210977530381444
KOSPI,KOSPI Composite,^KS11,LAST_HIKE,T10_2022,B07,2022,2023-07-26,1.0,1,-0.014183434419496987,0.014183434419496987
KOSPI,KOSPI Composite,^KS11,LAST_HIKE,T10_2022,B07,2022,2023-07-26,1.0,2,-0.021197799752930235,0.021197799752930235
KOSPI,KOSPI Composite,^KS11,LAST_HIKE,T10_2022,B07,2022,2023-07-26,1.0,3,-0.07956286745703312,0.07956286745703312
KOSPI,KOSPI Composite,^KS11,LAST_HIKE,T10_2022,B07,2022,2023-07-26,1.0,4,-0.05385543132454906,0.07956286745703312
KOSPI,KOSPI Composite,^KS11,LAST_HIKE,T10_2022,B07,2022,2023-07-26,1.0,5,-0.0174196864595072,0.07956286745703312
KOSPI,KOSPI Composite,^KS11,LAST_HIKE,T10_2022,B07,2022,2023-07-26,1.0,6,-0.03090719367274064,0.07956286745703312
KOSPI,KOSPI Composite,^KS11,LAST_HIKE,T10_2022,B07,2022,2023-07-26,1.0,7,0.01212160729638212,0.07956286745703312
KOSPI,KOSPI Composite,^KS11,LAST_HIKE,T10_2022,B07,2022,2023-07-26,1.0,8,0.0387368462386013,0.07956286745703312
KOSPI,KOSPI Composite,^KS11,LAST_HIKE,T10_2022,B07,2022,2023-07-26,1.0,9,0.028987753236798364,0.07956286745703312
KOSPI,KOSPI Composite,^KS11,LAST_HIKE,T10_2022,B07,2022,2023-07-26,1.0,10,0.04291511560805783,0.07956286745703312
KOSPI,KOSPI Composite,^KS11,LAST_HIKE,T10_2022,B07,2022,2023-07-26,1.0,11,0.05742676534487301,0.07956286745703312
KOSPI,KOSPI Composite,^KS11,LAST_HIKE,T10_2022,B07,2022,2023-07-26,1.0,12,0.08091012608899018,0.07956286745703312
KOSPI,KOSPI Composite,^KS11,PAUSE_START,T07_1999,B04,1999,2000-06-28,1.0,1,0.10177956757327,0.0
KOSPI,KOSPI Composite,^KS11,PAUSE_START,T07_1999,B04,1999,2000-06-28,1.0,2,-0.0005881926725724851,0.09291128938914084
KOSPI,KOSPI Composite,^KS11,PAUSE_START,T07_1999,B04,1999,2000-06-28,1.0,3,-0.13576273769934555,0.2155987570143595
KOSPI,KOSPI Composite,^KS11,PAUSE_START,T07_1999,B04,1999,2000-06-28,1.0,4,-0.23960858280175734,0.3098515895760833
KOSPI,KOSPI Composite,^KS11,PAUSE_START,T07_1999,B04,1999,2000-06-28,1.0,5,-0.2451302175817891,0.3148631499122343
KOSPI,KOSPI Composite,^KS11,PAUSE_START,T07_1999,B04,1999,2000-06-28,1.0,6,-0.26972308351909535,0.3371841900377771
KOSPI,KOSPI Composite,^KS11,PAUSE_START,T07_1999,B04,1999,2000-06-28,1.0,7,-0.1883414811606362,0.3371841900377771
KOSPI,KOSPI Composite,^KS11,PAUSE_START,T07_1999,B04,1999,2000-06-28,1.0,8,-0.1767141617091288,0.3371841900377771
KOSPI,KOSPI Composite,^KS11,PAUSE_START,T07_1999,B04,1999,2000-06-28,1.0,9,-0.24540396827010458,0.3371841900377771
KOSPI,KOSPI Composite,^KS11,PAUSE_START,T07_1999,B04,1999,2000-06-28,1.0,10,-0.26430400397877196,0.3371841900377771
KOSPI,KOSPI Composite,^KS11,PAUSE_START,T07_1999,B04,1999,2000-06-28,1.0,11,-0.16653733555416028,0.3371841900377771
KOSPI,KOSPI Composite,^KS11,PAUSE_START,T07_1999,B04,1999,2000-06-28,1.0,12,-0.1634893789402283,0.3371841900377771
KOSPI,KOSPI Composite,^KS11,PAUSE_START,T08_2004,B05,2004,2006-08-08,1.0,1,0.06144875668298133,0.0
KOSPI,KOSPI Composite,^KS11,PAUSE_START,T08_2004,B05,2004,2006-08-08,1.0,2,0.059501723240703575,0.0018343169465497855
KOSPI,KOSPI Composite,^KS11,PAUSE_START,T08_2004,B05,2004,2006-08-08,1.0,3,0.09853786406595155,0.0018343169465497855
KOSPI,KOSPI Composite,^KS11,PAUSE_START,T08_2004,B05,2004,2006-08-08,1.0,4,0.11020202283495961,0.0018343169465497855
KOSPI,KOSPI Composite,^KS11,PAUSE_START,T08_2004,B05,2004,2006-08-08,1.0,5,0.07922957857399737,0.027898025425924233
KOSPI,KOSPI Composite,^KS11,PAUSE_START,T08_2004,B05,2004,2006-08-08,1.0,6,0.12276981951776822,0.027898025425924233
KOSPI,KOSPI Composite,^KS11,PAUSE_START,T08_2004,B05,2004,2006-08-08,1.0,7,0.12088154596256584,0.027898025425924233
KOSPI,KOSPI Composite,^KS11,PAUSE_START,T08_2004,B05,2004,2006-08-08,1.0,8,0.18710615790010054,0.027898025425924233
KOSPI,KOSPI Composite,^KS11,PAUSE_START,T08_2004,B05,2004,2006-08-08,1.0,9,0.2636538860532074,0.027898025425924233
KOSPI,KOSPI Composite,^KS11,PAUSE_START,T08_2004,B05,2004,2006-08-08,1.0,10,0.37268456401481087,0.027898025425924233
KOSPI,KOSPI Composite,^KS11,PAUSE_START,T08_2004,B05,2004,2006-08-08,1.0,11,0.4957484655811244,0.027898025425924233
KOSPI,KOSPI Composite,^KS11,PAUSE_START,T08_2004,B05,2004,2006-08-08,1.0,12,0.42020900259489435,0.050502784876253703
KOSPI,KOSPI Composite,^KS11,PAUSE_START,T09_2015,B06,2015,2019-01-30,1.0,1,0.06766237666092478,0.0
KOSPI,KOSPI Composite,^KS11,PAUSE_START,T09_2015,B06,2015,2019-01-30,1.0,2,0.04433807988328553,0.021846135339698924
KOSPI,KOSPI Composite,^KS11,PAUSE_START,T09_2015,B06,2015,2019-01-30,1.0,3,0.06859063881298844,0.021846135339698924
KOSPI,KOSPI Composite,^KS11,PAUSE_START,T09_2015,B06,2015,2019-01-30,1.0,4,0.008100532639990776,0.05660737047087683
KOSPI,KOSPI Composite,^KS11,PAUSE_START,T09_2015,B06,2015,2019-01-30,1.0,5,0.016991315087844017,0.05660737047087683
KOSPI,KOSPI Composite,^KS11,PAUSE_START,T09_2015,B06,2015,2019-01-30,1.0,6,0.0045171326310184945,0.05996075939158907
KOSPI,KOSPI Composite,^KS11,PAUSE_START,T09_2015,B06,2015,2019-01-30,1.0,7,-0.06081328646485973,0.1210977530381444
KOSPI,KOSPI Composite,^KS11,PAUSE_START,T09_2015,B06,2015,2019-01-30,1.0,8,-0.012039690683354198,0.1210977530381444
KOSPI,KOSPI Composite,^KS11,PAUSE_START,T09_2015,B06,2015,2019-01-30,1.0,9,-0.002116466969148134,0.1210977530381444
KOSPI,KOSPI Composite,^KS11,PAUSE_START,T09_2015,B06,2015,2019-01-30,1.0,10,0.028339195022690333,0.1210977530381444
KOSPI,KOSPI Composite,^KS11,PAUSE_START,T09_2015,B06,2015,2019-01-30,1.0,11,0.037139965368206074,0.1210977530381444
KOSPI,KOSPI Composite,^KS11,PAUSE_START,T09_2015,B06,2015,2019-01-30,1.0,12,0.06439864949050822,0.1210977530381444
KOSPI,KOSPI Composite,^KS11,PAUSE_START,T10_2022,B07,2022,2023-09-20,1.0,1,-0.06632007953633567,0.06632007953633567
KOSPI,KOSPI Composite,^KS11,PAUSE_START,T10_2022,B07,2022,2023-09-20,1.0,2,-0.040242777703467625,0.06632007953633567
KOSPI,KOSPI Composite,^KS11,PAUSE_START,T10_2022,B07,2022,2023-09-20,1.0,3,-0.0032828136115815587,0.06632007953633567
KOSPI,KOSPI Composite,^KS11,PAUSE_START,T10_2022,B07,2022,2023-09-20,1.0,4,-0.016964372315447784,0.06632007953633567
KOSPI,KOSPI Composite,^KS11,PAUSE_START,T10_2022,B07,2022,2023-09-20,1.0,5,0.026683505465734614,0.06632007953633567
KOSPI,KOSPI Composite,^KS11,PAUSE_START,T10_2022,B07,2022,2023-09-20,1.0,6,0.05368167111995703,0.06632007953633567
KOSPI,KOSPI Composite,^KS11,PAUSE_START,T10_2022,B07,2022,2023-09-20,1.0,7,0.0437923130566118,0.06632007953633567
KOSPI,KOSPI Composite,^KS11,PAUSE_START,T10_2022,B07,2022,2023-09-20,1.0,8,0.05792005533395761,0.06632007953633567
KOSPI,KOSPI Composite,^KS11,PAUSE_START,T10_2022,B07,2022,2023-09-20,1.0,9,0.07264049141049078,0.06632007953633567
KOSPI,KOSPI Composite,^KS11,PAUSE_START,T10_2022,B07,2022,2023-09-20,1.0,10,0.09646171897354039,0.06632007953633567
KOSPI,KOSPI Composite,^KS11,PAUSE_START,T10_2022,B07,2022,2023-09-20,1.0,11,0.03354345586828278,0.06632007953633567
KOSPI,KOSPI Composite,^KS11,PAUSE_START,T10_2022,B07,2022,2023-09-20,1.0,12,0.012323187221424003,0.07673640611081545
KOSPI,KOSPI Composite,^KS11,FIRST_CUT,T07_1999,B04,1999,2001-01-03,1.0,1,0.1273611690455212,0.0
KOSPI,KOSPI Composite,^KS11,FIRST_CUT,T07_1999,B04,1999,2001-01-03,1.0,2,0.03330122409753944,0.08343372783330605
KOSPI,KOSPI Composite,^KS11,FIRST_CUT,T07_1999,B04,1999,2001-01-03,1.0,3,0.007420581724583597,0.10639056108565925
KOSPI,KOSPI Composite,^KS11,FIRST_CUT,T07_1999,B04,1999,2001-01-03,1.0,4,0.14129674050519325,0.10639056108565925
KOSPI,KOSPI Composite,^KS11,FIRST_CUT,T07_1999,B04,1999,2001-01-03,1.0,5,0.14547044029652656,0.10639056108565925
KOSPI,KOSPI Composite,^KS11,FIRST_CUT,T07_1999,B04,1999,2001-01-03,1.0,6,0.0527266152804462,0.10639056108565925
KOSPI,KOSPI Composite,^KS11,FIRST_CUT,T07_1999,B04,1999,2001-01-03,1.0,7,0.07843628071128794,0.10639056108565925
KOSPI,KOSPI Composite,^KS11,FIRST_CUT,T07_1999,B04,1999,2001-01-03,1.0,8,-0.042396974378250074,0.16400895917152047
KOSPI,KOSPI Composite,^KS11,FIRST_CUT,T07_1999,B04,1999,2001-01-03,1.0,9,-0.005863092816946414,0.16400895917152047
KOSPI,KOSPI Composite,^KS11,FIRST_CUT,T07_1999,B04,1999,2001-01-03,1.0,10,0.14925188627323438,0.16400895917152047
KOSPI,KOSPI Composite,^KS11,FIRST_CUT,T07_1999,B04,1999,2001-01-03,1.0,11,0.26518929707438255,0.16400895917152047
KOSPI,KOSPI Composite,^KS11,FIRST_CUT,T07_1999,B04,1999,2001-01-03,1.0,12,0.4039692397667345,0.16400895917152047
KOSPI,KOSPI Composite,^KS11,FIRST_CUT,T08_2004,B05,2004,2007-09-18,1.0,1,0.10442384786307035,0.0
KOSPI,KOSPI Composite,^KS11,FIRST_CUT,T08_2004,B05,2004,2007-09-18,1.0,2,0.06050671663018092,0.0397647436877282
KOSPI,KOSPI Composite,^KS11,FIRST_CUT,T08_2004,B05,2004,2007-09-18,1.0,3,0.04901690143344695,0.05016819089594038
KOSPI,KOSPI Composite,^KS11,FIRST_CUT,T08_2004,B05,2004,2007-09-18,1.0,4,-0.045583013433969644,0.13582363472799464
KOSPI,KOSPI Composite,^KS11,FIRST_CUT,T08_2004,B05,2004,2007-09-18,1.0,5,-0.06913758672852899,0.15715111089589406
KOSPI,KOSPI Composite,^KS11,FIRST_CUT,T08_2004,B05,2004,2007-09-18,1.0,6,-0.09028314737067344,0.1762973478076183
KOSPI,KOSPI Composite,^KS11,FIRST_CUT,T08_2004,B05,2004,2007-09-18,1.0,7,-0.021180399640532088,0.1762973478076183
KOSPI,KOSPI Composite,^KS11,FIRST_CUT,T08_2004,B05,2004,2007-09-18,1.0,8,0.01748219278007035,0.1762973478076183
KOSPI,KOSPI Composite,^KS11,FIRST_CUT,T08_2004,B05,2004,2007-09-18,1.0,9,-0.031322242558014746,0.1762973478076183
KOSPI,KOSPI Composite,^KS11,FIRST_CUT,T08_2004,B05,2004,2007-09-18,1.0,10,-0.13521637821126808,0.21698211835792391
KOSPI,KOSPI Composite,^KS11,FIRST_CUT,T08_2004,B05,2004,2007-09-18,1.0,11,-0.1528768289816883,0.23297276434459935
KOSPI,KOSPI Composite,^KS11,FIRST_CUT,T08_2004,B05,2004,2007-09-18,1.0,12,-0.2030039219156644,0.2783603146324405
KOSPI,KOSPI Composite,^KS11,FIRST_CUT,T09_2015,B06,2015,2019-07-31,1.0,1,-0.0765046863217147,0.0765046863217147
KOSPI,KOSPI Composite,^KS11,FIRST_CUT,T09_2015,B06,2015,2019-07-31,1.0,2,-0.02854597216367627,0.0765046863217147
KOSPI,KOSPI Composite,^KS11,FIRST_CUT,T09_2015,B06,2015,2019-07-31,1.0,3,-0.018788540052912417,0.0765046863217147
KOSPI,KOSPI Composite,^KS11,FIRST_CUT,T09_2015,B06,2015,2019-07-31,1.0,4,0.011158285981887728,0.0765046863217147
KOSPI,KOSPI Composite,^KS11,FIRST_CUT,T09_2015,B06,2015,2019-07-31,1.0,5,0.01981201803932975,0.0765046863217147
KOSPI,KOSPI Composite,^KS11,FIRST_CUT,T09_2015,B06,2015,2019-07-31,1.0,6,0.046615279500759055,0.0765046863217147
KOSPI,KOSPI Composite,^KS11,FIRST_CUT,T09_2015,B06,2015,2019-07-31,1.0,7,0.02936408527145007,0.0765046863217147
KOSPI,KOSPI Composite,^KS11,FIRST_CUT,T09_2015,B06,2015,2019-07-31,1.0,8,-0.15131161460600462,0.18911141274487764
KOSPI,KOSPI Composite,^KS11,FIRST_CUT,T09_2015,B06,2015,2019-07-31,1.0,9,-0.12146193326463561,0.18911141274487764
KOSPI,KOSPI Composite,^KS11,FIRST_CUT,T09_2015,B06,2015,2019-07-31,1.0,10,-0.06655999551766345,0.18911141274487764
KOSPI,KOSPI Composite,^KS11,FIRST_CUT,T09_2015,B06,2015,2019-07-31,1.0,11,0.013961715061164615,0.18911141274487764
KOSPI,KOSPI Composite,^KS11,FIRST_CUT,T09_2015,B06,2015,2019-07-31,1.0,12,0.04305579071519228,0.18911141274487764
KOSPI,KOSPI Composite,^KS11,FIRST_CUT,T10_2022,B07,2022,2024-09-18,1.0,1,-0.0195940519648643,0.0195940519648643
KOSPI,KOSPI Composite,^KS11,FIRST_CUT,T10_2022,B07,2022,2024-09-18,1.0,2,-0.054304934454179055,0.054304934454179055
KOSPI,KOSPI Composite,^KS11,FIRST_CUT,T10_2022,B07,2022,2024-09-18,1.0,3,-0.0771714526345848,0.0771714526345848
KOSPI,KOSPI Composite,^KS11,FIRST_CUT,T10_2022,B07,2022,2024-09-18,1.0,4,-0.05442098224345082,0.0771714526345848
KOSPI,KOSPI Composite,^KS11,FIRST_CUT,T10_2022,B07,2022,2024-09-18,1.0,5,-0.026147316277887134,0.0771714526345848
KOSPI,KOSPI Composite,^KS11,FIRST_CUT,T10_2022,B07,2022,2024-09-18,1.0,6,-0.023421290683698137,0.0771714526345848
KOSPI,KOSPI Composite,^KS11,FIRST_CUT,T10_2022,B07,2022,2024-09-18,1.0,7,-0.06639408534547608,0.0771714526345848
KOSPI,KOSPI Composite,^KS11,FIRST_CUT,T10_2022,B07,2022,2024-09-18,1.0,8,-0.01054057511603479,0.0771714526345848
KOSPI,KOSPI Composite,^KS11,FIRST_CUT,T10_2022,B07,2022,2024-09-18,1.0,9,0.11372300682896963,0.0771714526345848
KOSPI,KOSPI Composite,^KS11,FIRST_CUT,T10_2022,B07,2022,2024-09-18,1.0,10,0.1965997852891972,0.0771714526345848
KOSPI,KOSPI Composite,^KS11,FIRST_CUT,T10_2022,B07,2022,2024-09-18,1.0,11,0.20234148778456773,0.0771714526345848
KOSPI,KOSPI Composite,^KS11,FIRST_CUT,T10_2022,B07,2022,2024-09-18,1.0,12,0.2660774237412735,0.0771714526345848
