week_end,release_date,price_asof_date,WTI_r5,WTI_r63,GAS_r5,GAS_r63,HEAT_r5,HEAT_r63,JET_r5,JET_r63,WTI_z63,GAS_z63,HEAT_z63,JET_z63,pressure_score,pressure_q90_prior,EXTREME,recent_extreme_4,products_down_count,ROLLOVER_RAW,SELECTED
2002-01-11,2002-01-16,2002-01-15,-7.26022879123252,-33.88766257876591,-12.398597978099113,-36.32532592988548,-8.361414004113369,-30.497356956184184,-8.519813986544904,-36.924384467384606,,,,,,,False,False,3,False,False
2002-01-18,2002-01-24,2002-01-23,-2.9406297348383483,-29.407520532339536,-3.2476588677908307,-44.044482700419124,-2.077506257496441,-33.70173442934734,0.38095284166676485,-36.93321451239759,,,,,,,False,False,2,False,False
2002-01-25,2002-01-30,2002-01-29,1.6192571086645533,-38.41691383516945,4.305948946044701,-44.183275227903934,-0.7782140442054963,-37.505959334005176,3.876454345024431,-38.62706608520172,,,,,,,False,False,1,False,False
2002-02-01,2002-02-06,2002-01-31,7.97045270818793,-32.061918152586664,3.8915416249673624,-52.29653783166013,0.9661910911736891,-39.90342177778739,5.148896995808004,-40.04961537849772,,,,,,,False,False,0,False,False
2002-02-08,2002-02-13,2002-02-12,7.292296238684798,-24.97610923141656,3.2047983026358486,-41.224479509354296,4.953393512227663,-34.93994711226725,3.9147589684271304,-37.26346588251545,,,,,,,False,False,0,False,False
2002-02-15,2002-02-21,2002-02-19,2.535484433547271,-29.833766563934116,-2.473960617575576,-51.8885540743091,0.9372139828863252,-39.546502477358096,0.7366515816762645,-40.9737314789184,,,,,,,False,False,1,False,False
2002-02-22,2002-02-27,2002-02-25,-4.586852786094302,-31.196488354907903,-5.0619990846508225,-48.78718830765813,-4.8336546561290765,-41.996268317465095,-4.558674445189432,-48.550781578170074,,,,,,,False,False,3,False,False
2002-03-01,2002-03-06,2002-03-05,10.785619750606273,-14.249669223922206,20.202662787328705,-8.891505165553125,8.898631116743374,-17.28163132965264,8.791187232287989,-13.415001312058875,,,,,,,False,False,0,False,False
2002-03-08,2002-03-13,2002-03-11,12.955152081389057,12.675170563914381,23.873564607404575,16.47552330760555,12.15660167731565,4.055705876562551,10.944469073922953,-6.184350528270303,,,,,,,False,False,0,False,False
2002-03-15,2002-03-20,2002-03-19,2.673306219706872,10.39404390900776,6.269082363420784,27.673385711788246,5.113429923656768,4.321660149978223,3.9098021293732277,2.3274906354489646,,,,,,,False,False,0,False,False
2002-03-22,2002-03-27,2002-03-26,2.835952166606235,18.832009462648607,-0.1320132204922844,36.978178937252586,-1.2195273093818242,7.647036399183818,0.614441257234099,9.976111187033288,,,,,,,False,False,2,False,False
2002-03-29,2002-04-03,2002-04-02,8.220721068310953,26.54681757189998,14.704164514815204,43.93256585333017,8.713996954429792,14.593370672497748,11.197367154954357,16.885333974308793,,,,,,,False,False,0,False,False
2002-04-05,2002-04-10,2002-04-09,-5.243213485700079,14.113813447282453,-0.8583743691391331,40.055109330573536,-2.3669744085904734,6.97416547491926,-2.792246061962315,7.582904423250233,,,,,,,False,False,3,False,False
2002-04-12,2002-04-17,2002-04-15,-11.61056773285255,14.589567659243125,-4.30446196825269,39.6450237011949,-10.94724936168292,5.037620732506687,-10.930840866541116,6.201007478421253,,,,,,,False,False,3,False,False
2002-04-19,2002-04-24,2002-04-22,11.138233106443167,21.19808207026079,6.373347614574939,33.111747148355285,8.923113372794282,11.797360259359673,8.437779032643105,11.988447878334075,,,,,,,False,False,0,False,False
2002-04-26,2002-05-01,2002-04-30,3.3119306086391416,39.635591777504835,0.2594035177046749,46.483565908729304,4.465027373773893,25.757227098041046,5.197903482358074,28.431101219219677,,,,,,,False,False,0,False,False
2002-05-03,2002-05-08,2002-05-07,-1.2242779515677553,27.888672309260876,-6.118929734468893,34.75068313449219,-2.698814471764692,19.763579176699718,-4.631148680502658,20.271151249700374,,,,,,,False,False,3,False,False
2002-05-10,2002-05-15,2002-05-13,6.757130078628924,46.151425949382734,1.2154099650683248,52.433934293271356,4.274784971346926,39.47007415210058,4.569697032094183,41.99791509924182,,,,,,,False,False,0,False,False
2002-05-17,2002-05-22,2002-05-21,-1.4879606770613552,29.220171613147073,3.9062205240762884,29.076917523426598,-0.6006024060211922,16.856124395373755,0.8982096315827587,19.703432781876735,,,,,,,False,False,1,False,False
2002-05-24,2002-05-30,2002-05-24,-4.791554675877107,21.763235152574318,0.666224982541625,24.05585929158879,-3.8927070514260524,11.644804928475967,-2.985296314968116,14.835940089414038,,,,,,,False,False,2,False,False
2002-05-31,2002-06-05,2002-06-04,-7.7121931592014805,28.7682072451781,-5.150189571640218,36.32532592988549,-4.78117273322577,20.43636566626134,-5.672018253445592,22.551228514976046,,,,,,,False,False,3,False,False
2002-06-07,2002-06-12,2002-06-11,-9.75231924664657,29.528351876977528,-8.30352286099904,31.251899559871998,-5.976621172986418,18.264575845022264,-6.090875308699258,19.8883065382956,,,,,,,False,False,3,False,False
2002-06-14,2002-06-19,2002-06-17,2.5732413966478034,29.722191533161368,5.939667356341037,37.95904434018182,4.328341770751004,25.54292148121785,5.223921909941991,23.898696079893586,,,,,,,False,False,0,False,False
2002-06-21,2002-06-26,2002-06-17,2.5732413966478034,29.722191533161368,5.939667356341037,37.95904434018182,4.328341770751004,25.54292148121785,5.223921909941991,23.898696079893586,,,,,,,False,False,0,False,False
2002-06-28,2002-07-03,2002-06-27,7.966922494277107,30.615573636763223,7.209102915451887,37.44548713656041,6.633117175209101,25.344890080953874,8.421193504941392,23.570374598772798,,,,,,,False,False,0,False,False
2002-07-05,2002-07-10,2002-07-09,2.3985675984604753,25.60767330364498,-1.6349138001529526,31.365755885504143,1.5174798019235132,22.3520128234495,1.4947961435873147,21.981083206582554,,,,,,,False,False,1,False,False
2002-07-12,2002-07-17,2002-07-16,5.72434225533928,25.40535188587792,10.799958934731267,39.42918075100392,5.581477910639633,23.572233352106977,5.75698518214777,24.256163717131127,,,,,,,False,False,0,False,False
2002-07-19,2002-07-24,2002-07-23,-0.449944516122991,24.58534445840548,-4.324998379381663,30.065723131491424,-3.4563921455076336,17.68320645091831,-1.7964554975298883,17.629744219057372,,,,,,,False,False,3,False,False
2002-07-26,2002-07-31,2002-07-30,-0.2548699723013717,20.39165294474735,-0.2614380574070821,22.839290720035347,-0.8683122573460881,16.388785510511664,0.8510689667908611,18.062807628762158,,,,,,,False,False,2,False,False
2002-08-02,2002-08-07,2002-08-06,-0.9155896226514254,10.462495107887236,0.3919012200735602,6.323558935715519,-4.6104819448733,3.091436291244715,-4.182296613502356,7.648987085825576,,,,,,,False,False,2,False,False
2002-08-09,2002-08-14,2002-08-12,4.744408777827103,11.080314154696643,-1.608613775162438,-0.2699056969165058,5.144856183604199,3.298649899630645,4.8219713497944285,7.8617190682315226,,,,,,,False,False,1,False,False
2002-08-16,2002-08-21,2002-08-19,11.6360738825945,15.041798098925204,3.3225647628320387,6.340626477831177,10.36667743952663,12.544057394482685,9.611913225507335,16.521798646694,,,,,,,False,False,0,False,False
2002-08-23,2002-08-28,2002-08-26,8.418515649575479,10.905456178783963,5.631514651258139,-2.5741447050147035,11.812276727167752,9.246098175719426,9.116329405424835,10.744788781874897,,,,,,,False,False,0,False,False
2002-08-30,2002-09-05,2002-09-03,-8.98591434190536,4.11822899664153,-10.349363782689817,-10.607761859282318,-3.2970019237569828,4.572224933809494,-4.564550748996038,5.7966755974336515,,,,,,,False,False,3,False,False
2002-09-06,2002-09-11,2002-09-06,4.151408983103993,14.801344595831637,4.683129968409899,-5.962450633514213,4.516039611885334,14.210234131108374,3.632046434495962,15.691458081072671,,,,,,,False,False,0,False,False
2002-09-13,2002-09-18,2002-09-16,0.5850988985799818,17.221494249666076,0.9204535729071706,-1.1711259420901514,1.7207572169426784,18.86406931454332,2.9245568096461865,23.32192033029514,,,,,,,False,False,0,False,False
2002-09-20,2002-09-25,2002-09-24,5.78273037942721,17.449258859269754,8.034912716421335,6.062462181643484,4.376502796675898,19.55063319707047,6.631572493355613,24.116205681688804,,,,,,,False,False,0,False,False
2002-09-27,2002-10-02,2002-09-30,2.7171983135127182,15.186496454640231,3.609601575687265,9.347811822318755,1.9121041446778377,18.840060287033676,3.1983045853050744,23.195953788572602,,,,,,,False,False,0,False,False
2002-10-04,2002-10-09,2002-10-08,-3.75147725516439,7.8803061377411705,3.1943747955331956,6.882014499891496,-2.6702158606996336,12.181822796086946,-2.427303635620653,16.38205422348703,,,,,,,False,False,2,False,False
2002-10-11,2002-10-17,2002-10-15,0.269451156627194,10.4127953453489,9.343968357760206,21.957064659263516,0.8922940018193248,18.029315853256183,0.8562743449887857,22.74157579952294,,,,,,,False,False,0,False,False
2002-10-18,2002-10-23,2002-10-18,0.8493341357199875,6.210575875380329,5.797010219620132,19.481304468798392,2.7920595398627315,17.013083485396766,-0.49382816405825664,19.327238798070624,,,,,,,False,False,1,False,False
2002-10-25,2002-10-30,2002-10-29,-10.338168476213848,-5.196446037717339,-17.006220886070196,0.3924138456134365,-10.988285236463708,3.458557964977995,-13.964014711284387,4.879016416943183,,,,,,,False,False,3,False,False
2002-11-01,2002-11-06,2002-11-05,-7.856573342932226,-2.050964409095446,2.4596709260854084,3.778951274541747,-4.919024419077179,8.015942783707708,-4.192635686330838,7.60222554140345,,,,,,,False,False,2,False,False
2002-11-08,2002-11-14,2002-11-11,-3.1400347870514502,2.7270875808383823,-11.19011333158179,-2.5353470686456663,-5.085841723349108,8.622117544712882,-6.683367936336686,7.004384373292645,,,,,,,False,False,3,False,False
2002-11-15,2002-11-20,2002-11-19,1.33411546123418,6.613009371955078,-20.038656419159356,-10.238735017840991,0.6978395381462278,13.691481708812594,-2.3760726489143633,12.168029479647409,,,,,,,False,False,2,False,False
2002-11-22,2002-11-27,2002-11-26,2.20457427032942,2.358420454519998,-7.707517033050003,-16.182531458036696,9.79417602703809,14.087951800999948,5.993234072267364,7.773696535618033,,,,,,,False,False,1,False,False
2002-11-29,2002-12-04,2002-12-03,1.2513965291474325,4.488412309972749,3.9975715076650196,-4.262008670738818,2.638675517319503,14.852417721066386,3.106259194118179,10.802363307730992,,,,,,,False,False,0,False,False
2002-12-06,2002-12-11,2002-12-10,3.1504437000286787,0.9056392273538164,10.095019750615082,-8.41494896261899,1.1850039917495805,9.178237840599666,0.26990569691649835,4.549371663525309,,,,,,,False,False,0,False,False
2002-12-13,2002-12-18,2002-12-17,11.412793937912298,8.834382222340844,15.094246405016303,1.5544354437800378,10.002004902650881,17.89537402838392,11.129852937712267,13.93902642441378,,,,,,,False,False,0,False,False
2002-12-20,2002-12-26,2002-12-24,6.360524995457287,19.113714422370577,9.531017980432473,18.975653528147266,5.853650245257287,30.22808718729335,9.410608573952041,29.024102102417835,,,,,,,False,False,0,False,False
2002-12-27,2003-01-02,2002-12-31,3.82087293867541,12.910125133317631,8.615411161351137,10.431284662538264,4.936372311833603,23.7000585975636,8.546122941522807,21.634080399145724,,,,,,,False,False,0,False,False
2003-01-03,2003-01-08,2003-01-07,-2.812636030632901,14.940767218803666,-7.40194569954432,7.72584831371316,-4.822978309564727,25.148250963267575,-5.093693636275426,21.515888668363043,,,,,,,False,False,3,False,False
2003-01-10,2003-01-15,2003-01-13,-0.15573901294535253,18.920303531036588,-4.007405132906725,12.95340521919023,-2.140926842367952,30.994786753076305,-5.864137616723776,25.380633089108496,0.4710517528328456,0.14806278182367943,1.162901974568085,0.8263189128426867,0.6520838555168242,,False,False,3,False,False
2003-01-17,2003-01-23,2003-01-17,1.8469396019072197,24.266581649875448,-0.45558165358606906,16.871590473817612,-2.7610809743991394,31.761421798681617,-5.123614989769244,26.099377544530732,0.7382424023520076,0.2883921218870754,1.1757839821321165,0.8474144325922429,0.7624582347408606,,False,False,3,False,False
2003-01-24,2003-01-29,2003-01-17,1.8469396019072197,24.266581649875448,-0.45558165358606906,16.871590473817612,-2.7610809743991394,31.761421798681617,-5.123614989769244,26.099377544530732,0.7277714887556316,0.28553618570851236,1.1501445471381937,0.8340474580590994,0.7493749199153593,,False,False,3,False,False
2003-01-31,2003-02-05,2003-01-31,3.708631697903518,22.830456355529602,13.531128036821894,27.25822659960301,7.250335050005123,37.56428466455433,5.134934662825341,31.97858213648007,0.6438677127487535,0.6650587753140748,1.414951515331746,1.1018422598419406,0.9564300658091287,,False,False,0,False,False
2003-02-07,2003-02-12,2003-02-11,5.362826722798593,20.06079759438166,18.193922071588855,32.33653911874195,23.497008656896693,45.503197134576865,18.517462577636095,35.681061994463874,0.49257189064669243,0.8444505792636371,1.7693574492573285,1.2566463337832547,1.0907565632377283,,False,False,0,False,False
2003-02-14,2003-02-20,2003-02-18,8.48445289045394,21.114960657734883,8.319894385497392,21.86892009648295,23.71546778866291,45.11021214781791,17.563256864315797,34.0507211833392,0.5421461352386792,0.44355069053341867,1.687927556756876,1.1512839966466466,0.9562270947939051,,False,False,0,False,False
2003-02-21,2003-02-26,2003-02-20,8.409755670544829,18.248617939700974,-3.161485638170288,18.919738964142073,15.980125248277599,41.79988442554211,7.881314893016442,28.768207245178086,0.38596143250930653,0.328834127531929,1.4753192116685425,0.8787025079949256,0.767204319926176,,False,False,1,False,False
2003-02-28,2003-03-05,2003-02-20,8.409755670544829,18.248617939700974,-3.161485638170288,18.919738964142073,15.980125248277599,41.79988442554211,7.881314893016442,28.768207245178086,0.38224278155030034,0.3257803267077839,1.4362713807966812,0.8656092606148945,0.752475937417415,,False,False,1,False,False
2003-03-07,2003-03-12,2003-03-05,8.341699610412997,23.193137311852258,0.5819609053264002,29.870325370111832,12.056229987188335,46.43832448688412,1.8001433518657117,35.60044779397646,0.6415586629005265,0.7382983600676796,1.6174307838318278,1.1774914594027595,1.0436948165506983,,False,False,0,False,False
2003-03-14,2003-03-19,2003-03-12,7.73836284331043,29.094414278989518,-2.4368591016957803,36.730319495887095,-4.237922296886153,45.06255042270177,-12.849916353322602,29.91745647272166,0.9495677030445486,0.990313050695455,1.5068520403494887,0.885671529302895,1.083101080848097,,False,False,3,False,False
2003-03-21,2003-03-26,2003-03-19,-16.602825942510478,4.011414780196501,-14.589928423269175,18.143699238422037,-24.059756343469534,17.736770743770055,-29.49894917835676,1.2837146760680682,-0.4065978715909857,0.2664597965305075,0.2169745545580238,-0.484987781829428,-0.10203782558297059,,False,False,3,False,False
2003-03-28,2003-04-02,2003-03-19,-16.602825942510478,4.011414780196501,-14.589928423269175,18.143699238422037,-24.059756343469534,17.736770743770055,-29.49894917835676,1.2837146760680682,-0.40287356306759053,0.2642196818969388,0.21519194344392092,-0.4802754698114758,-0.10093435188455166,,False,False,3,False,False
2003-04-04,2003-04-09,2003-03-19,-16.602825942510478,4.011414780196501,-14.589928423269175,18.143699238422037,-24.059756343469534,17.736770743770055,-29.49894917835676,1.2837146760680682,-0.39924999244777404,0.26203518868268116,0.21345258544904164,-0.47569831491585185,-0.09986513330797578,,False,False,3,False,False
2003-04-11,2003-04-16,2003-03-19,-16.602825942510478,4.011414780196501,-14.589928423269175,18.143699238422037,-24.059756343469534,17.736770743770055,-29.49894917835676,1.2837146760680682,-0.39572269000193117,0.2599040504095213,0.21175475824994816,-0.47124996240708167,-0.09882846093738584,,False,False,3,False,False
2003-04-18,2003-04-23,2003-03-19,-16.602825942510478,4.011414780196501,-14.589928423269175,18.143699238422037,-24.059756343469534,17.736770743770055,-29.49894917835676,1.2837146760680682,-0.39228745925287345,0.25782412793612053,0.21009683408615704,-0.466924468872252,-0.09782274152571196,,False,False,3,False,False
2003-04-25,2003-04-30,2003-04-29,-36.43468611786918,-9.20015383626283,-22.34112530960254,6.927977437229346,-35.00876386392106,10.08812248537803,-40.595735522615215,-7.262977528441082,-1.1194675023594411,-0.187508402874533,-0.15504719400625339,-0.8806329565523202,-0.5856640139481369,,False,False,3,False,False
2003-05-02,2003-05-07,2003-04-29,-36.43468611786918,-9.20015383626283,-22.34112530960254,6.927977437229346,-35.00876386392106,10.08812248537803,-40.595735522615215,-7.262977528441082,-1.1010772627785301,-0.18609645962703575,-0.15389245170770346,-0.8692139634177617,-0.5775700343827578,,False,False,3,False,False
2003-05-09,2003-05-14,2003-05-08,-31.351478125945924,-7.575048715991885,-30.262226590185403,1.45025613666269,-48.77520058766707,-5.545707555933007,-42.53804178091058,-10.492938825300243,-0.9939945291497756,-0.40436541928758857,-0.9067144205335663,-1.0167455870066522,-0.8304549889943957,,False,False,3,False,False
2003-05-16,2003-05-21,2003-05-20,-25.691308107406137,-0.7483028115206017,-29.339093667210108,2.708095860267083,-44.250637978851344,-3.7041271680349097,-34.78986808797164,-8.504458049745946,-0.6036254300251132,-0.3502867478791332,-0.8060582810183393,-0.9045081771158263,-0.666119659009603,,False,False,3,False,False
2003-05-23,2003-05-29,2003-05-21,-1.6801470497427666,-0.8771986072836881,-12.472076294236775,1.134227660393451,-16.265172280518737,-3.1375122567753913,-6.3178901621531685,-8.338160893905114,-0.6050050355911089,-0.4114418433626074,-0.7693199766059521,-0.884831546793541,-0.6676496005883024,,False,False,3,False,False
2003-05-30,2003-06-04,2003-05-21,-1.6801470497427666,-0.8771986072836881,-12.472076294236775,1.134227660393451,-16.265172280518737,-3.1375122567753913,-6.3178901621531685,-8.338160893905114,-0.5993053808233466,-0.40812879419279,-0.7608692490195094,-0.8739462597782163,-0.6605624209534656,,False,False,3,False,False
2003-06-06,2003-06-11,2003-05-21,-1.6801470497427666,-0.8771986072836881,-12.472076294236775,1.134227660393451,-16.265172280518737,-3.1375122567753913,-6.3178901621531685,-8.338160893905114,-0.5937643904425296,-0.40489467794877476,-0.7526921724146923,-0.8634548125970496,-0.6537015133507615,,False,False,3,False,False
2003-06-13,2003-06-18,2003-05-21,-1.6801470497427666,-0.8771986072836881,-12.472076294236775,1.134227660393451,-16.265172280518737,-3.1375122567753913,-6.3178901621531685,-8.338160893905114,-0.5883748200008017,-0.4017364039085474,-0.7447742562378991,-0.8533339664719598,-0.647054861654802,,False,False,3,False,False
2003-06-20,2003-06-25,2003-06-20,19.038532356870842,3.5219586980297946,7.353408404614912,4.191089561563695,-4.652001563489293,-2.996966969121526,9.705432729148587,-8.846251303710181,-0.3350686295585268,-0.2716247858295215,-0.7302150153614505,-0.8687053045044656,-0.5514034338134911,,False,False,1,False,False
2003-06-27,2003-07-02,2003-07-01,3.752534084963128,-0.9165366942371593,8.18027550624726,6.289860042331983,5.887900525002278,-1.26264303728118,7.480121308269834,-7.079305199109921,-0.584414053758652,-0.1819657676405423,-0.6376382797836002,-0.7711508462418564,-0.5437922368561627,,False,False,0,False,False
2003-07-04,2003-07-09,2003-07-07,1.913131012679101,-1.6812659081173038,8.982695838979335,6.507321923685532,2.3623145763435893,-2.687301825109634,3.2088314551500448,-8.327634024060124,-0.6229266387147357,-0.17160526559496705,-0.702161582070472,-0.8252607189289728,-0.5804885513272869,,False,False,0,False,False
2003-07-11,2003-07-16,2003-07-15,3.1177199748182525,6.3694995149132145,11.27954941453443,9.431067947124141,6.77575408789588,2.123752524406578,7.735814230286748,-0.8647367041182182,-0.1568805923850495,-0.04666207737943622,-0.45724788684063433,-0.4446853450033791,-0.2763689754021248,,False,False,0,False,False
2003-07-18,2003-07-23,2003-07-16,7.415728303417756,5.095596937170218,7.8780877853114175,3.679940446427094,5.596776032824992,1.1457795621381137,6.1902577261927005,-3.8827670011737148,-0.2292055122332761,-0.29150372081483716,-0.5024496528131719,-0.5924516232617681,-0.4039026272807633,,False,False,0,False,False
2003-07-25,2003-07-30,2003-07-29,-0.6598506290692663,2.175089931857962,0.3510828650063021,3.4465681118050857,-1.150172423901164,0.2574003995172843,0.64143901776637,-4.01056254572291,-0.3968493397187824,-0.29954899015519315,-0.5429712133931297,-0.5939058119749036,-0.45831883881050217,,False,False,1,False,False
2003-08-01,2003-08-06,2003-07-29,-0.6598506290692663,2.175089931857962,0.3510828650063021,3.4465681118050857,-1.150172423901164,0.2574003995172843,0.64143901776637,-4.01056254572291,-0.39403513804181783,-0.29755059125579825,-0.5386595101754265,-0.588977268296936,-0.4548056269424946,,False,False,1,False,False
2003-08-08,2003-08-13,2003-08-11,2.7642744975134153,9.700387277263648,0.43150013014132793,11.993820890436693,2.466216238406884,6.283473588909873,4.4451762570833795,0.9708814126960903,0.04916665357736383,0.07505440306314426,-0.2303995678487764,-0.3316583545728528,-0.10945921644528028,,False,False,0,False,False
2003-08-15,2003-08-20,2003-08-19,1.8042149238862524,3.810300252394333,21.37538109643709,19.29438114505774,0.6406171812411507,-2.0228249775471547,1.89999382449039,-1.741337532519789,-0.2979837054301971,0.39312525932916353,-0.650492954213771,-0.4676947941864787,-0.2557615486253208,,False,False,0,False,False
2003-08-22,2003-08-27,2003-08-22,-0.410030538197168,6.800004681945215,8.857103418127672,18.805223150293962,-0.4866189651172899,2.594339449202402,0.3621005766952362,2.6863642269548036,-0.11903415391474526,0.3689915994364894,-0.409868306447542,-0.23757965075195053,-0.0993726279194371,,False,False,1,False,False
2003-08-29,2003-09-04,2003-08-22,-0.410030538197168,6.800004681945215,8.857103418127672,18.805223150293962,-0.4866189651172899,2.594339449202402,0.3621005766952362,2.6863642269548036,-0.1183302865010628,0.36654364936211675,-0.4070721517508616,-0.23611539921159938,-0.09874354702535176,,False,False,1,False,False
2003-09-05,2003-09-10,2003-09-05,-9.804032130210848,2.5911813862022406,-9.004955250249123,10.680115502689036,-9.445792431961083,-0.4008021397538822,-9.627683043541984,-0.3981425299184922,-0.3698046550117173,0.004133249790685983,-0.5583935107334947,-0.3944229799348936,-0.32962197397235493,,False,False,3,False,False
2003-09-12,2003-09-17,2003-09-16,-11.649396038925323,2.9040820475236426,-26.72378944495354,4.717254420617045,-9.831093224356326,2.793477733155407,-10.549786886180584,1.9418085857101517,-0.3485640203716218,-0.2616447685027211,-0.3892398497979539,-0.27003630707432347,-0.3173712364366551,,False,False,3,False,False
2003-09-19,2003-09-24,2003-09-16,-11.649396038925323,2.9040820475236426,-26.72378944495354,4.717254420617045,-9.831093224356326,2.793477733155407,-10.549786886180584,1.9418085857101517,-0.3463589858026787,-0.26006877618117463,-0.3867108894680735,-0.2684028914568111,-0.3153853857271845,,False,False,3,False,False
2003-09-26,2003-10-01,2003-09-25,-8.370675932396747,5.224256435860207,-34.46185353419781,-4.30033685862732,-6.462366737628752,1.0959013789719603,-7.962456006133893,1.2303641195356951,-0.2030605208013533,-0.6647498963241937,-0.47276339084873886,-0.30422384177561795,-0.41119941243747593,,False,False,3,False,False
2003-10-03,2003-10-08,2003-10-01,-7.240758065407171,8.469731107061806,-29.469070260625802,-1.1443227222342796,-3.853801941242448,6.546839989767256,-4.939275532957636,6.808912086059483,-0.0034024079520313132,-0.5168274156985629,-0.18403797516022027,-0.0074258304107046565,-0.17792340730537978,,False,False,3,False,False
2003-10-10,2003-10-16,2003-10-01,-7.240758065407171,8.469731107061806,-29.469070260625802,-1.1443227222342796,-3.853801941242448,6.546839989767256,-4.939275532957636,6.808912086059483,-0.0033838704297462193,-0.5132504237614995,-0.18300084728532787,-0.007385370071639386,-0.17675512788705325,,False,False,3,False,False
2003-10-17,2003-10-22,2003-10-16,8.542583678113957,18.990338407248434,-0.11785505194442526,8.1025895246592,13.15213416964984,17.67035644897313,12.95340521919023,16.74789837560258,0.6472628004602798,-0.08842941691634366,0.4069841326900214,0.5240487533152082,0.37246656738729145,,False,False,1,False,False
2003-10-24,2003-10-29,2003-10-28,4.425194855091003,12.789486078002673,17.876441653806488,24.76621812676097,8.234565017569956,14.416308119891003,7.5853342518259455,15.499066307698339,0.25764341694848514,0.6754192686050617,0.23136720770906624,0.45344263305426713,0.40446813157922007,,False,False,0,False,False
2003-10-31,2003-11-05,2003-10-31,-0.6476927363803741,14.078846085708685,1.1443227222342713,16.15526381229261,1.0088357944340736,16.023355123151894,0.7566240383315876,17.08300488727013,0.33659075325632853,0.2745707519252939,0.315997759717077,0.5359424928579729,0.36577543943916807,,False,False,0,False,False
2003-11-07,2003-11-13,2003-10-31,-0.6476927363803741,14.078846085708685,1.1443227222342713,16.15526381229261,1.0088357944340736,16.023355123151894,0.7566240383315876,17.08300488727013,0.33463186469014355,0.2730277998235716,0.3141811529382064,0.5323316598867146,0.363543119334659,,False,False,0,False,False
2003-11-14,2003-11-19,2003-10-31,-0.6476927363803741,14.078846085708685,1.1443227222342713,16.15526381229261,1.0088357944340736,16.023355123151894,0.7566240383315876,17.08300488727013,0.3327068235383742,0.2715105911225952,0.3123955525593285,0.5287930090823789,0.3613514940756692,,False,False,0,False,False
2003-11-21,2003-11-26,2003-10-31,-0.6476927363803741,14.078846085708685,1.1443227222342713,16.15526381229261,1.0088357944340736,16.023355123151894,0.7566240383315876,17.08300488727013,0.33081466515843033,0.27001841731655274,0.3106400856403141,0.5253241630553842,0.35919933279267036,,False,False,0,False,False
2003-11-28,2003-12-03,2003-10-31,-0.6476927363803741,14.078846085708685,1.1443227222342713,16.15526381229261,1.0088357944340736,16.023355123151894,0.7566240383315876,17.08300488727013,0.3289544629974453,0.26855059691972294,0.3089139132932659,0.5219228527486197,0.3570854564897635,,False,False,0,False,False
2003-12-05,2003-12-10,2003-10-31,-0.6476927363803741,14.078846085708685,1.1443227222342713,16.15526381229261,1.0088357944340736,16.023355123151894,0.7566240383315876,17.08300488727013,0.32712532667860195,0.26710647415507216,0.30721622899222856,0.5185869111664453,0.35500873524808696,,False,False,0,False,False
2003-12-12,2003-12-17,2003-12-16,4.438276898031086,22.094499844045334,0.7050557996666762,28.84630174348522,5.4808236494995155,22.453340560326417,1.2768600638799739,20.400831088396913,0.8392511800165052,0.8659394287994314,0.6591589085027193,0.6982710128736068,0.7656551325480657,,False,False,0,False,False
2003-12-19,2003-12-24,2003-12-16,4.438276898031086,22.094499844045334,0.7050557996666762,28.84630174348522,5.4808236494995155,22.453340560326417,1.2768600638799739,20.400831088396913,0.8322019677319308,0.858472080830016,0.654499954339541,0.6931524111840894,0.7595816035213944,,False,False,0,False,False
2003-12-26,2003-12-31,2003-12-30,9.594655310418396,19.83844422388918,9.127577577608728,34.30898293484257,11.506932978478728,20.697069206860878,11.70994619063395,22.478603731171326,0.6802354197029253,1.1102464568035253,0.5528000757253189,0.8033176120073404,0.7866498910597775,,False,False,0,False,False
2004-01-02,2004-01-07,2003-12-30,9.594655310418396,19.83844422388918,9.127577577608728,34.30898293484257,11.506932978478728,20.697069206860878,11.70994619063395,22.478603731171326,0.6754273440950034,1.0982799278084578,0.5493141491918434,0.7969297038212311,0.7799877812291339,,False,False,0,False,False
2004-01-09,2004-01-14,2003-12-30,9.594655310418396,19.83844422388918,9.127577577608728,34.30898293484257,11.506932978478728,20.697069206860878,11.70994619063395,22.478603731171326,0.6707200777965334,1.0866933640768182,0.5458934948434715,0.7906922540313064,0.7734997976870324,0.785983680076713,False,False,0,False,False
2004-01-16,2004-01-22,2004-01-14,15.767121588367727,26.352033396040973,7.092122630834603,39.56585779064555,19.952940339579005,24.575072432431913,21.250784710733008,30.756616946163973,1.0883815650015087,1.3240516727541098,0.7592356791792932,1.2459455848948453,1.1044036254574392,0.7853174690936487,True,True,0,False,False
2004-01-23,2004-01-28,2004-01-14,15.767121588367727,26.352033396040973,7.092122630834603,39.56585779064555,19.952940339579005,24.575072432431913,21.250784710733008,30.756616946163973,1.0772247055826418,1.306984389046184,0.7536141777054836,1.231043143270738,1.092216603901262,0.9053539336736673,True,True,0,False,False
2004-01-30,2004-02-04,2004-02-03,15.668800918698174,24.121522144115964,25.22972293428142,43.48716626079609,15.540459848685195,20.954152802804245,17.686279875020343,24.981179839637107,0.9220236872680554,1.4747439331986907,0.5449479145359782,0.8963682197282563,0.9595209386827451,0.9563488774030393,True,True,0,False,False
2004-02-06,2004-02-11,2004-02-06,-1.527213555948115,17.25815183852055,9.763846956391586,36.14530606090536,-3.731354294798772,12.240198151267794,-2.6937655731808485,15.60485737353372,0.4695654626954746,1.1102711298158643,0.051134975961945994,0.3684243675999224,0.4998489840183018,0.9579755022459369,False,True,2,True,True
2004-02-13,2004-02-19,2004-02-18,2.2845082606624385,27.032927206633122,7.299591361898167,41.612929060697674,-4.090764395716233,22.207346025436546,0.8113634774169631,31.153328827396088,1.1024435433531659,1.3541343593609578,0.6146162710114016,1.2331110685059257,1.0760763105578628,0.9576664149585753,True,True,1,False,False
2004-02-20,2004-02-25,2004-02-23,4.432462507145715,25.403540951233005,0.2942621054197357,33.686408615600726,-5.6337369804815,14.135411830573155,-4.411689041710764,20.299585101009846,0.9855657019365364,0.9682697436149731,0.1529417480796835,0.6155376346875228,0.6805787070796789,0.9847731020431314,False,True,2,False,False
2004-02-27,2004-03-03,2004-02-23,4.432462507145715,25.403540951233005,0.2942621054197357,33.686408615600726,-5.6337369804815,14.135411830573155,-4.411689041710764,20.299585101009846,0.9768528598514556,0.9598559783275732,0.15224136706709396,0.6117312796573308,0.6751703712258634,0.976355714256336,False,True,2,False,False
2004-03-05,2004-03-10,2004-03-08,9.377836704240968,28.431153863003694,-0.7677580899034306,38.11955371937066,0.9019226866849237,15.246859364427353,-4.901265832987816,14.02293413086503,1.1651011165461205,1.1579303380095647,0.21515450512562742,0.2569844401531061,0.6987925999586047,0.9679383264695406,False,True,2,False,False
2004-03-12,2004-03-17,2004-03-15,8.149051449947915,22.020982471345725,4.722312693121715,33.168665782119994,-3.4635496662756218,8.98186778106497,-0.7372334602323837,15.891890078192942,0.7371236032858759,0.9159768687706505,-0.14589429838590437,0.3607364059854761,0.46698564491402456,0.9595209386827451,False,False,2,False,False
2004-03-19,2004-03-24,2004-03-23,6.5296985548154,21.78021162135683,9.030072168597588,34.97762022475757,-0.6444705442642095,9.251237317997733,-1.526747213078842,16.463277597415583,0.7165008093337155,0.992728102756307,-0.12969642325360767,0.3911705221675706,0.49267575275099634,0.9592118513953835,False,False,2,False,False
2004-03-26,2004-03-31,2004-03-30,-1.0456892202417534,11.913249348300802,9.810885226250603,27.581679072294808,1.0050335853501506,0.8928630744301398,9.25451030665207,5.809852860318186,0.06894229304222625,0.6402791949098912,-0.6136843381708933,-0.21362130733625095,-0.02952103938875672,0.9589027641080219,False,False,0,False,False
2004-04-02,2004-04-07,2004-04-05,-7.471188091938188,6.506359334706187,-2.814444676225722,16.51529434061417,-4.49125566808228,-5.499667574744889,-4.326798024851556,-3.4543824588177214,-0.2851642084136087,0.12047683655449555,-0.9816644902336172,-0.7390858710326768,-0.47135943328135177,0.9585936768206602,False,False,3,False,False
2004-04-09,2004-04-15,2004-04-14,-3.197907865647695,9.623906548158299,1.5734590353555924,27.02006127968069,0.8583743691391434,1.9418085857101517,1.62770633321408,7.325449807468118,-0.07903826532738867,0.6117957624487745,-0.5407953783003494,-0.12046493639695245,-0.03212570439397899,0.9582845895332985,False,False,0,False,False
2004-04-16,2004-04-21,2004-04-14,-3.197907865647695,9.623906548158299,1.5734590353555924,27.02006127968069,0.8583743691391434,1.9418085857101517,1.62770633321408,7.325449807468118,-0.078703418421572,0.6082479290458105,-0.5378468217533452,-0.1199503481305977,-0.032063164814926104,0.9579755022459369,False,False,0,False,False
2004-04-23,2004-04-28,2004-04-22,1.712187359675137,15.490250968378136,-0.798939003347875,28.708807184031503,3.0239885189718176,5.353544779324014,4.5275222061987614,10.827107407656465,0.3103203452372906,0.6842560034835696,-0.3353706255938156,0.08161329106974904,0.1852047535491984,0.9576664149585753,False,False,1,False,False
2004-04-30,2004-05-05,2004-04-22,1.712187359675137,15.490250968378136,-0.798939003347875,28.708807184031503,3.0239885189718176,5.353544779324014,4.5275222061987614,10.827107407656465,0.3089105766073498,0.6800863494942835,-0.3338243853328961,0.08127311935686533,0.18411141503140063,0.9573573276712136,False,False,1,False,False
2004-05-07,2004-05-12,2004-05-05,9.34223181902002,24.06811719795373,13.309461602880408,48.293086374719515,11.432025702929806,17.147867086924677,14.728094820762525,25.63164131735613,0.8802102829384708,1.602060970624041,0.3628010361076203,0.9380988024151135,0.9457927730213114,0.957048240383852,False,False,0,False,False
2004-05-14,2004-05-19,2004-05-18,8.215306783855349,18.291697211371847,17.32128405957143,45.68730748196753,8.8993538193621,12.536118236449578,14.386206301240218,23.96915884529133,0.48780707807087764,1.4564393819780372,0.08835105234022257,0.8345928158783141,0.7167975820668628,0.9567391530964904,False,False,0,False,False
2004-05-21,2004-05-26,2004-05-25,4.338861478633013,20.07779254437569,1.7431286377967536,25.831537238000106,1.865542566150152,-0.9680617710723507,-2.607224030977513,1.329554248124472,0.6050994235046963,0.5093321370878366,-0.7140228886007176,-0.48429704546538355,-0.020972093368392036,0.9564300658091287,False,False,1,False,False
2004-05-28,2004-06-03,2004-06-02,0.32585565867999033,8.020955509195955,-5.10947043759755,27.95079992529818,0.5976113403341728,-11.701036604456595,-3.3770695878582933,-2.327942177804765,-0.20858669697123464,0.6061881819214242,-1.3484088260634588,-0.6947060084315773,-0.41137833738621166,0.9564097687076063,False,False,2,False,False
2004-06-04,2004-06-09,2004-06-08,-12.261266672372747,1.9829523838630705,-17.3487960868349,21.324461100348,-10.028436262596578,-17.029452819861476,-9.787287569705375,-2.390552085355448,-0.6151231363856737,0.29119190089853175,-1.649378049534041,-0.694251987283286,-0.6668903180761172,0.956389471606084,False,False,3,False,False
2004-06-11,2004-06-16,2004-06-09,-9.748383118545517,1.9877098154171584,-12.041610093540122,13.207966239133595,-5.190785960201798,-18.215077718462496,-5.12932943875507,-5.599918542496328,-0.6114498329766775,-0.09324982106123268,-1.6951361653266668,-0.8777046708137596,-0.8193851225445842,0.9563691745045616,False,False,3,False,False
2004-06-18,2004-06-23,2004-06-09,-9.748383118545517,1.9877098154171584,-12.041610093540122,13.207966239133595,-5.190785960201798,-18.215077718462496,-5.12932943875507,-5.599918542496328,-0.6081553180772006,-0.09288169047640397,-1.6695708678238044,-0.8716092246655279,-0.8105542752607342,0.9563488774030393,False,False,3,False,False
2004-06-25,2004-06-30,2004-06-29,-9.760580637043265,-6.181360405571863,-12.976404985034758,3.9986731173922587,-2.7793863201228333,-18.70078449850334,3.8676114392398415,0.6832627850444936,-1.1602579439270977,-0.5307402685801388,-1.673344559338932,-0.4978180048553009,-0.9655401941753674,0.9563285803015169,False,False,2,False,False
2004-07-02,2004-07-08,2004-06-29,-9.760580637043265,-6.181360405571863,-12.976404985034758,3.9986731173922587,-2.7793863201228333,-18.70078449850334,3.8676114392398415,0.6832627850444936,-1.1497566933656471,-0.5281144504769498,-1.6489574630943653,-0.495420464722689,-0.9555622679149128,0.9563082831999945,False,False,2,False,False
2004-07-09,2004-07-14,2004-07-13,6.179471192036489,44.597109693768736,9.405113022031424,53.07069943198197,10.504400987895362,28.48371203195495,10.152251478460322,48.35743491572009,2.3037751861228486,1.8227472415441068,1.078677190679178,2.314319239391809,1.8798797144344856,0.9562879860984722,True,True,0,False,False
2004-07-16,2004-07-21,2004-07-13,6.179471192036489,44.597109693768736,9.405113022031424,53.07069943198197,10.504400987895362,28.48371203195495,10.152251478460322,48.35743491572009,2.2495694393233783,1.7930611858172925,1.0698068222090036,2.2594588552233343,1.8429740756432522,0.957048240383852,True,True,0,False,False
2004-07-23,2004-07-28,2004-07-23,10.637064360463858,43.97625230182696,2.7582191484339744,46.22841197775296,14.1186444040544,44.67876727325898,16.4453501891106,53.383473427524855,2.15821849866485,1.4428893946330865,1.9883075540779276,2.495085586588528,2.021125258491098,0.9679383264695411,True,True,0,False,False
2004-07-30,2004-08-04,2004-08-03,21.4794185423471,40.98936624418138,9.390038564952512,42.727805349554885,19.56285880289404,45.112712283242054,17.532567696371693,53.00569856938784,1.9195209936000635,1.262267869537176,1.976432971384392,2.4079909404021684,1.89155319373095,1.0436948165506983,True,True,0,False,False
2004-08-06,2004-08-11,2004-08-09,12.598083487839942,38.156660824737834,-11.59147033365165,34.125820693715404,10.536051565782635,43.67176516122687,10.863384100279537,49.515386286851054,1.704583132713767,0.8479438697398947,1.8600774365927357,2.1564669450209126,1.6422678460168276,1.0728381611571465,True,True,1,False,False
2004-08-13,2004-08-18,2004-08-12,8.477709581758809,45.18909780368165,1.473021724040341,43.975890454960556,3.5827335546164574,44.44111808669837,3.069506846260326,50.86493443433952,2.1285346511838705,1.303583342764943,1.8724692712545947,2.185418479110813,1.8725014360785552,1.0816961267900502,True,True,0,False,False
2004-08-20,2004-08-25,2004-08-18,7.063816729429435,44.30064888864769,2.1347280259698067,36.68225786927744,3.624501249495931,42.849313007735695,2.73769110655197,48.26326836766995,2.030112949301117,0.9502149143011444,1.7542803258432047,2.000638971908645,1.683811790338528,1.088459918520839,True,True,0,False,False
2004-08-27,2004-09-01,2004-08-18,7.063816729429435,44.30064888864769,2.1347280259698067,36.68225786927744,3.624501249495931,42.849313007735695,2.73769110655197,48.26326836766995,1.99277401560866,0.943638808100384,1.7284652851233921,1.9646752376003418,1.6573883366081945,1.0916325876358486,True,True,0,False,False
2004-09-03,2004-09-09,2004-09-02,-0.7915906991464704,38.12378127728402,0.17376198985408778,27.731928541623436,0.0,41.792499003438785,3.458326143007991,50.95089678812437,1.5770347095278736,0.5190141264846627,1.6464597899247493,2.071456005894432,1.4534911579579295,1.0983101146793506,True,True,0,False,False
2004-09-10,2004-09-15,2004-09-13,-2.254378610232016,32.78456223968756,5.253037150917459,28.099308430098425,2.281467776617148,39.177478849948145,4.6297174408344,46.40928949739871,1.2303517037448894,0.5338640663380319,1.4837659068441773,1.7974028796343506,1.2613461391403624,1.2440386384576372,True,True,0,False,False
2004-09-17,2004-09-22,2004-09-13,-2.254378610232016,32.78456223968756,5.253037150917459,28.099308430098425,2.281467776617148,39.177478849948145,4.6297174408344,46.40928949739871,1.219359425650219,0.5314231845029661,1.4669235638514917,1.7705597663541066,1.2470664850896958,1.318989644785632,False,True,0,False,False
2004-09-24,2004-09-29,2004-09-28,4.943345785517375,49.90384530323434,6.524907286010234,42.85608229028138,12.948763160591149,56.948248592228,17.7810470465438,65.40287639644741,2.2536799782666055,1.2239073464511907,2.400400894991251,2.7138565264027004,2.147961186527937,1.2997751429038764,True,True,0,False,False
2004-10-01,2004-10-06,2004-10-05,13.722991183072745,47.04735908741863,10.593981802847726,36.855245770939895,13.98689381132638,53.513195814210725,13.564292042699957,58.75182445542452,2.0344747341988874,0.9311028851958116,2.1639786616469987,2.3044130067398703,1.858492321945392,1.4723688267638209,True,True,0,False,False
2004-10-08,2004-10-14,2004-10-13,3.55290581701088,62.39315340377281,1.1704595949527943,41.056902002634025,5.84157813926374,69.85019456976052,4.597001103765646,73.91171915976018,2.9121423502445625,1.1226552955503366,2.9697883010998205,3.000129978328432,2.501178981305788,1.6422678460168276,True,True,0,False,False
2004-10-15,2004-10-20,2004-10-15,4.337580838544272,68.75154098386935,1.534556967466032,54.07591638465401,8.442405342467886,75.45817157599255,8.644547804407663,79.1200846310021,3.18878443042115,1.725646051933925,3.155792447229641,3.1491936642717757,2.804854148464123,1.6558762875490578,True,True,0,False,False
2004-10-22,2004-10-27,2004-10-15,4.337580838544272,68.75154098386935,1.534556967466032,54.07591638465401,8.442405342467886,75.45817157599255,8.644547804407663,79.1200846310021,3.07125464715457,1.7022154254333335,3.0415442613589843,3.0355945814436596,2.7126522288476367,1.678527099592461,True,True,0,False,False
2004-10-29,2004-11-03,2004-11-02,-7.550388681227699,45.368587796169855,-7.693112385740171,37.83718174526384,-4.84080273250535,47.57091527329986,-10.3565183039152,44.66608645464318,1.6858063101266925,0.9266476910312191,1.6076878605934293,1.3759475725498693,1.3990223585753023,1.7952253900518353,False,True,3,True,True
2004-11-05,2004-11-10,2004-11-08,-9.252905258297787,49.266165313831955,-11.14395617342085,42.144578009651426,-10.476730786940887,51.00846085412712,-16.501392190836835,49.778959057556364,1.8760264800578152,1.1206635042576232,1.7514668430591867,1.592924188721426,1.585270254024013,1.7793091615213639,False,True,3,True,False
2004-11-12,2004-11-17,2004-11-08,-9.252905258297787,49.266165313831955,-11.14395617342085,42.144578009651426,-10.476730786940887,51.00846085412712,-16.501392190836835,49.778959057556364,1.8477316903212853,1.1121559678639599,1.727645845572834,1.5740428078376054,1.565394077898921,1.76339293299089,False,True,3,True,False
2004-11-19,2004-11-24,2004-11-23,-11.883113436473764,48.563605543614244,-9.263066920305453,38.18791091022851,-7.600295102827061,55.68244392981523,-16.33250561032995,51.74457288555969,1.7830827036153354,0.9205533408649037,1.923718287211301,1.6435227744544942,1.5677192765365087,1.7474767044604185,False,False,3,False,False
2004-11-26,2004-12-01,2004-11-23,-11.883113436473764,48.563605543614244,-9.263066920305453,38.18791091022851,-7.600295102827061,55.68244392981523,-16.33250561032995,51.74457288555969,1.7585057477593826,0.9149022392401542,1.8939615319717462,1.623422315275991,1.5476979585618185,1.7315604759299448,False,False,3,False,False
2004-12-03,2004-12-08,2004-12-03,-15.30759886974929,25.622712028389472,-16.185394111056596,20.946731834540557,-12.409393600922211,29.680698022878154,-15.228396283941818,28.16083010682139,0.5243197144863385,0.10981011285235867,0.6685109552742836,0.5632453165149814,0.4664715247819906,1.7156442473994733,False,False,3,False,False
2004-12-10,2004-12-15,2004-12-14,-3.6444611652152155,19.971329950582366,-3.996726040706587,1.171888411321348,2.942558227559261,31.52261866276681,5.785727472519595,28.478313775590465,0.22318249837997603,-0.8106091065206608,0.7502915403518509,0.5748560193680977,0.18443023789481597,1.6997280188690016,False,False,1,False,False
2004-12-17,2004-12-22,2004-12-21,7.6026163585043145,28.216120996163042,11.586354091019142,6.731512701390567,7.888849924117531,37.74158042982649,7.99147076733618,31.204191911431252,0.6599221692574346,-0.5472662221531936,1.0337166792648755,0.6932043274910993,0.45989423846505395,1.683811790338528,False,False,0,False,False
2004-12-24,2004-12-29,2004-12-22,7.029094079140095,21.804872002750088,5.5439277282457216,5.350877475239925,8.484276676050357,36.09484547161144,5.577202792538846,25.064080077143192,0.3160166899118381,-0.6094228272094053,0.9507521564741122,0.4172220681290104,0.26864202182638885,1.6811694449654948,False,False,0,False,False
2004-12-31,2005-01-05,2004-12-30,-1.9413650706761119,17.140351632419968,1.899392334117555,2.379931461611387,-10.56859305647005,32.16116820952256,-11.686434013931098,34.61052624490446,0.06619330692678682,-0.7457252189280102,0.7632158293433483,0.8407139491481295,0.2310994666225636,1.678527099592461,False,False,2,False,False
2005-01-07,2005-01-12,2005-01-11,-0.2187705969892992,19.848298949225807,8.24046399977035,10.249664008039206,-6.633931494667808,34.57119860143431,1.1454878974766385,33.08691326914028,0.21083186775756638,-0.3733142317421798,0.8708382241221544,0.7682223842651611,0.3691445611006755,1.675884754219428,False,False,1,False,False
2005-01-14,2005-01-19,2005-01-11,-0.2187705969892992,19.848298949225807,8.24046399977035,10.249664008039206,-6.633931494667808,34.57119860143431,1.1454878974766385,33.08691326914028,0.21013373763014248,-0.3719649612061402,0.8659758504848051,0.7643431489598034,0.3671219439671527,1.6732424088463949,False,False,1,False,False
2005-01-21,2005-01-26,2005-01-11,-0.2187705969892992,19.848298949225807,8.24046399977035,10.249664008039206,-6.633931494667808,34.57119860143431,1.1454878974766385,33.08691326914028,0.20944249912640006,-0.37063022843326937,0.8611941915186191,0.7605222062725635,0.3651321671210783,1.670600063473361,False,False,1,False,False
2005-01-28,2005-02-02,2005-02-01,8.273564389098127,26.45960524175984,18.966361898737215,11.535408134098,6.99146054964177,38.147595173814175,7.558268116600708,32.914284054853084,0.5656583314043548,-0.3085719190280684,1.0223300938225914,0.7490332758236106,0.5071124455056221,1.667957718100328,False,False,0,False,False
2005-02-04,2005-02-09,2005-02-08,-7.221820781179922,21.491756580093764,-12.138527673052357,1.4636507522742652,-10.919929196499197,28.768207245178086,-12.35384472270041,21.76796097634771,0.2945744487924056,-0.784664909796396,0.5809436904042301,0.24591717846779002,0.08419260196700742,1.6653153727272945,False,False,3,False,False
2005-02-11,2005-02-16,2005-02-15,-1.9885532287107675,22.685020104392198,-7.839390268335262,7.880788553680176,-2.89654396232542,31.884050350780786,-3.865581697509353,26.37562684042718,0.35832439448053405,-0.47636045046734243,0.7233045694489738,0.4521917505583554,0.2643650660051302,1.6626730273542614,False,False,3,False,False
2005-02-18,2005-02-24,2005-02-18,3.785941104342246,15.411628069411309,-4.704841723239215,-15.723088602991398,3.996008472115984,25.44870197744909,5.828361411446138,16.251892949777513,-0.03860738755759972,-1.5968467003782085,0.4204717905124349,-0.005601515767340942,-0.3051459532976786,1.660030681981228,False,False,1,False,False
2005-02-25,2005-03-02,2005-03-01,12.9365237251791,26.025694510554054,4.102710168946979,-8.338160893905101,18.458928270408883,40.51320523182413,18.879407129957215,34.48404862917294,0.5407272389204818,-1.230110580665688,1.121713282450359,0.8184003315554736,0.3126825680651566,1.6573883366081945,False,False,0,False,False
2005-03-04,2005-03-09,2005-03-08,12.065149037977644,27.46298306977758,15.05986852591635,8.70113769896297,13.743003304017998,40.546510810816436,11.395551357658706,36.83051631944237,0.6172084514046803,-0.41561673934487947,1.1155701463206773,0.9204007691760879,0.5593906568891415,1.6558762875490578,False,False,0,False,False
2005-03-11,2005-03-16,2005-03-14,6.063600621639166,31.763439473513216,16.73064665182505,13.501956195517502,3.147800878340675,43.06339476983063,3.953083875663522,41.81420209269477,0.8502711523246942,-0.18673113015908824,1.225245911474545,1.1408364654512533,0.757405599772851,1.654364238489921,False,False,0,False,False
2005-03-18,2005-03-23,2005-03-22,2.1681066061324166,45.211279689994946,5.615272776129706,32.613115356509184,0.519481687710393,47.72839526138609,4.819435675438761,43.863141333505,1.5833566014851244,0.7218004510709346,1.4330258473225472,1.2256133935981683,1.2409490733691937,1.6528521894307844,False,False,0,False,False
2005-03-25,2005-03-30,2005-03-28,1.003912502832862,29.448776598493875,6.899287148695142,14.69161859263254,1.305501570164365,34.50693978184243,4.190106977859845,32.71721821584158,0.7062852910808092,-0.13414902681982394,0.8069763016934802,0.7131745116002263,0.523071769388673,1.651340140371648,False,False,0,False,False
2005-04-01,2005-04-06,2005-04-05,1.6798010806784218,35.10868404470535,11.647135767811305,23.96471175455265,5.586642399614605,45.137480941224226,8.123460292786847,43.38572296616529,1.0126172421144815,0.3087552333515221,1.2964348608151295,1.1924323666575958,0.9525599257346822,1.6498280913125112,False,False,0,False,False
2005-04-08,2005-04-13,2005-04-07,-4.583158212968691,25.856793460353195,-2.2720873535531836,22.758544395111162,-3.5316671924899845,30.83739839328447,-2.6801230226743726,28.789266527134405,0.5007192931212844,0.250046157861412,0.623785152633019,0.5246502565389032,0.47480021503865466,1.6483160422533745,False,False,3,False,False
2005-04-15,2005-04-20,2005-04-07,-4.583158212968691,25.856793460353195,-2.2720873535531836,22.758544395111162,-3.5316671924899845,30.83739839328447,-2.6801230226743726,28.789266527134405,0.4988832226848333,0.24926790109513064,0.621243878731555,0.5226885446551844,0.47302088679167587,1.6468039931942378,False,False,3,False,False
2005-04-22,2005-04-27,2005-04-20,-6.4598099915628024,17.27205115608504,2.0834086902842053,25.306485481840856,-2.359218201682007,25.806318256810034,-2.348568751616207,23.982004885517092,0.02560465043474417,0.37108855113110456,0.3848337516556294,0.30268593374897274,0.2710532217426127,1.645291944135101,False,False,2,False,False
2005-04-29,2005-05-04,2005-05-03,-11.921570065787934,10.044430463881953,-12.834679175562504,21.479759147841495,-10.946358480299313,20.416110040191978,-8.452154252218955,20.866008549563002,-0.372565744213485,0.18528005833657157,0.13233080431833819,0.1600068576998214,0.026262994035311543,1.6437798950759643,False,False,3,False,False
2005-05-06,2005-05-11,2005-05-10,-1.3242684649661185,8.883965961689496,-3.9426919979457984,19.229065457925266,-4.475323072300707,17.706493935013416,-1.6839776176314543,19.560336161333662,-0.43542284763309513,0.07585812457483103,0.00529310477940238,0.09998081382873793,-0.06357270111253095,1.6422678460168276,False,False,3,False,False
2005-05-13,2005-05-18,2005-05-16,-1.1447385840350948,8.828311832430048,-4.356276073428031,12.58446403274105,-3.967343230537431,10.871828466987202,-4.028322432106329,8.116547334030885,-0.43701972463829963,-0.24669985649522197,-0.315108510776711,-0.42377716041317637,-0.35565131308085224,1.6365680868175465,False,False,3,False,False
2005-05-20,2005-05-25,2005-05-24,-2.1739986636405875,0.5714301263438635,-2.9193956525136184,5.418765241391497,-4.988740745603593,2.1850832948108296,-6.610632914097099,-1.5225207597065669,-0.8936099152437408,-0.5945162289099382,-0.7223870378689566,-0.864314532063054,-0.7687069285214224,1.6308683276182645,False,False,3,False,False
2005-05-27,2005-06-01,2005-05-31,3.2988255207806976,4.376250149246645,-1.6713480973740666,8.34426757767238,3.6444117233275883,5.082251016099075,2.199355562120646,1.6617198584825934,-0.6778491957068276,-0.4496670616213862,-0.5829216970304323,-0.713927902878757,-0.6060914643093508,1.6251685684189834,False,False,1,False,False
2005-06-03,2005-06-08,2005-06-07,4.152648977082496,0.8205939370323406,4.261813330578336,7.8361752495409664,9.330466396541908,9.399360646597255,9.166718852582367,9.433741708170263,-0.8727428216437066,-0.47296235134716574,-0.37716102999837536,-0.3537733599762388,-0.5191598907413717,1.6194688092197023,False,False,0,False,False
2005-06-10,2005-06-15,2005-06-08,0.8222629749454032,-2.14778414269396,2.0848566121543515,6.169982136951503,6.009818879287774,5.392321205343705,4.888433056151639,5.549811128355311,-1.0335788101287138,-0.5529052449724282,-0.5653552111898393,-0.5315655184708145,-0.6708511961904489,1.6137690500204203,False,False,0,False,False
2005-06-17,2005-06-22,2005-06-16,5.495288247421356,4.749850580153374,4.468899642521733,10.87728687711424,5.1456253729555295,7.520407157959218,2.749944136055031,6.281206375975088,-0.6439467154097704,-0.3200105047935038,-0.4624959432883918,-0.4959080646249856,-0.4805903070291629,1.6080692908211391,False,False,0,False,False
2005-06-24,2005-06-29,2005-06-16,5.495288247421356,4.749850580153374,4.468899642521733,10.87728687711424,5.1456253729555295,7.520407157959218,2.749944136055031,6.281206375975088,-0.6414229579431401,-0.31903407843599935,-0.460941304815092,-0.49419696284181724,-0.4788988260090122,1.6023695316218571,False,False,0,False,False
2005-07-01,2005-07-07,2005-06-16,5.495288247421356,4.749850580153374,4.468899642521733,10.87728687711424,5.1456253729555295,7.520407157959218,2.749944136055031,6.281206375975088,-0.6389286877320972,-0.31806654106517784,-0.4594022553826627,-0.49250347211392104,-0.4772252390734647,1.596669772422576,False,False,0,False,False
2005-07-08,2005-07-13,2005-07-12,11.646137678235052,15.547408779543126,11.67356801330962,26.284342116089427,7.607771045733839,17.352316708878874,4.461042976672406,19.10858547875429,-0.032884331793872526,0.44427336354962865,0.01081514221625556,0.10499535812075661,0.13179988302319207,1.590970013223295,False,False,0,False,False
2005-07-15,2005-07-20,2005-07-14,4.058425691661099,15.351683843924496,3.2661296378497995,22.862125149379565,1.358045562863076,17.365292305869946,-0.8531435049468867,19.98550347317743,-0.04376585010952892,0.27333174868018556,0.011405973028105835,0.14554984807756688,0.09663042991908233,1.585270254024013,False,False,1,False,False
2005-07-22,2005-07-27,2005-07-14,4.058425691661099,15.351683843924496,3.2661296378497995,22.862125149379565,1.358045562863076,17.365292305869946,-0.8531435049468867,19.98550347317743,-0.04364718238052487,0.272536429494874,0.01137510210056557,0.1451475591522941,0.09635297709180221,1.5835151562752625,False,False,1,False,False
2005-07-29,2005-08-03,2005-07-28,1.141526580695974,20.63433878987733,-1.9753728736232423,24.377257983621245,-1.7581538049800103,13.32693037749029,-0.3011143497687413,19.519049729183273,0.25420191621117266,0.3471688176309426,-0.18275556516749222,0.12290650089457536,0.13538041739229958,1.581760058526512,False,False,3,False,False
2005-08-05,2005-08-10,2005-08-09,6.5626815739587965,40.84793088514378,13.16284424784365,62.65274932185496,8.410319047796824,35.22714466494458,8.14983461809805,43.63423466726037,1.395610925880351,2.25596553680519,0.8731244646629169,1.2548043025543116,1.4448763074756923,1.5800049607777618,False,False,0,False,False
2005-08-12,2005-08-17,2005-08-11,7.771052247530911,46.96077886120937,11.850130921888463,61.53161959152771,14.281537986204906,42.66313370089492,14.725885378933711,47.16647591958119,1.7291920948069686,2.164452616167423,1.2275946375629467,1.4117895046095,1.6332572132867096,1.5782498630290114,True,True,0,False,False
2005-08-19,2005-08-24,2005-08-11,7.771052247530911,46.96077886120937,11.850130921888463,61.53161959152771,14.281537986204906,42.66313370089492,14.725885378933711,47.16647591958119,1.7109863455325625,2.132175369726146,1.219439046132424,1.4006052304448837,1.615801497959004,1.6092637336553612,True,True,0,False,False
2005-08-26,2005-08-31,2005-08-24,7.197794833040472,47.42451004032528,4.1271331755404725,58.8325893817854,8.853340993351145,37.30757623806245,11.965141232334048,43.02285265007792,1.7192129793933417,1.970578495013084,0.9538631336629579,1.196427854878492,1.460020615736969,1.6227837840900863,False,True,0,False,False
2005-09-02,2005-09-08,2005-09-07,1.9606933491127803,34.55534205948708,21.2419587951234,79.22380832041763,10.47310269535296,34.98534849865144,16.23218380044504,47.81747874229277,0.9872256123046877,2.9257489348333623,0.8373632145004994,1.4121654966424568,1.5406258145702516,1.6210382125573157,False,True,0,False,False
2005-09-09,2005-09-14,2005-09-13,-3.8654404828942113,36.06624429917507,-3.0755340262040565,52.91215783707791,-4.778324816183714,29.400532208660856,-2.361694651333843,39.2275784757085,1.0659962531461316,1.6140003921237882,0.5647539282201753,1.0020039108956023,1.0616886210964243,1.6192926410245452,False,True,3,True,True
2005-09-16,2005-09-21,2005-09-19,4.301902011121235,38.98899639533239,-5.589078571900835,55.286900256338946,2.643773704378456,46.4898768552751,3.573487888002437,51.77781430808723,1.2222502885817752,1.7104459316495002,1.3870849556060378,1.5799597105353866,1.474935221593175,1.6175470694917748,False,False,1,False,False
2005-09-23,2005-09-28,2005-09-26,4.162432701322139,36.8129024698786,29.975982430349944,77.61956782367554,14.03775922129877,45.932719696474834,26.090395337038807,59.802680810173456,1.0937935916884338,2.7365690379664436,1.3498156251759512,1.9371958762627581,1.7793435327733969,1.615801497959004,True,True,0,False,False
2005-09-30,2005-10-05,2005-10-04,-2.2647159943416897,27.84164812041955,23.733564234350613,60.10686355422196,6.261665434767533,41.220418265800966,43.62569282684822,83.50080984372983,0.5907261855090814,1.8732195606482083,1.1137675070518975,3.0029710998660533,1.64517108826881,1.631511641753939,True,True,0,False,False
2005-10-07,2005-10-13,2005-10-11,1.4674819559615253,30.41069521191812,16.41813449684825,46.90303931591833,10.972074393080412,41.302372308209094,37.68891997459983,75.51681675500059,0.7312207314520871,1.2487922582314364,1.1113207329854227,2.5683571367779248,1.4149227148617176,1.6404657194708039,False,True,0,False,False
2005-10-14,2005-10-19,2005-10-13,-6.389398357094586,30.125513511757568,-17.390105195669655,33.771665105862674,-2.6437737043784533,40.083903971938206,9.42598698663674,61.747914568732135,0.7125235509815142,0.6418516898819709,1.0465647614944893,1.9079692539759736,1.077227314083487,1.6395646561977923,False,True,2,True,False
2005-10-21,2005-10-26,2005-10-24,-7.512063046810806,28.927771503633714,-44.1190697682344,28.63991986388919,-14.634295575872292,33.52122857071546,-45.6032713058933,40.00391588221674,0.6431877182013994,0.40518654053025505,0.7263382553832044,0.9262662917517455,0.675244701466651,1.6386635929247804,False,True,3,True,False
2005-10-28,2005-11-02,2005-11-01,-5.208663040694634,21.130909366720697,-16.56161960571875,21.914887223383136,-11.10438169279053,24.9835138070317,-26.5648339668681,29.354719190417892,0.20660468374768093,0.09620752751794072,0.31367087265893284,0.4518635382053194,0.26708665553246846,1.6377625296517686,False,False,3,False,False
2005-11-04,2005-11-09,2005-11-07,-2.0495593715040172,13.941688406950586,-4.12767406059067,20.40953563435152,-0.17206772240794735,14.890232577898614,-4.3364214883434915,16.788087263916037,-0.19535273230806136,0.02689448832629177,-0.17285000785390428,-0.10532415657035578,-0.11165810210150741,1.6368614663787568,False,False,3,False,False
2005-11-11,2005-11-16,2005-11-14,-3.7483093254740476,5.440485542276584,-2.5816651194455535,0.06884681855414845,-4.1296941097694075,8.809164067899713,-11.100825393147284,10.110866951401407,-0.6706730810560145,-0.9088156998047897,-0.46572507636827737,-0.40113020487668516,-0.6115860155264417,1.635960403105745,False,False,3,False,False
2005-11-18,2005-11-23,2005-11-21,-6.6160581509439265,7.606793358192994,-7.949389036103992,-0.8522778861982626,-4.652001563489293,9.876853397567348,-10.24471851194691,8.27230642988534,-0.5468405340540354,-0.9470866071558858,-0.4127182717690157,-0.4816696699073264,-0.5970787707215659,1.6350593398327333,False,False,3,False,False
2005-11-25,2005-11-30,2005-11-21,-6.6160581509439265,7.606793358192994,-7.949389036103992,-0.8522778861982626,-4.652001563489293,9.876853397567348,-10.24471851194691,8.27230642988534,-0.5450867086295269,-0.9426500937182697,-0.41152617941266323,-0.48020481864135933,-0.5948669501004548,1.6341582765597213,False,False,3,False,False
2005-12-02,2005-12-07,2005-12-01,-1.595146668549928,6.282941116761499,0.06686727096356619,3.7457562534900415,-4.161162881705431,7.581268817852521,-6.332713395127413,6.502289993125078,-0.617810217102806,-0.7265607831431306,-0.5217483445314923,-0.5577036296396641,-0.6059557436042733,1.6332572132867096,False,False,2,False,False
2005-12-09,2005-12-14,2005-12-01,-1.595146668549928,6.282941116761499,0.06686727096356619,3.7457562534900415,-4.161162881705431,7.581268817852521,-6.332713395127413,6.502289993125078,-0.6157229970999477,-0.7238460302338544,-0.520125659917743,-0.5559160498603508,-0.603902684277974,1.631511641753939,False,False,2,False,False
2005-12-16,2005-12-21,2005-12-19,-0.5047439138199471,1.0700917829939767,2.9832720849345518,-3.993984201106518,-0.9546611883580001,5.104089660731111,-0.059014460255102916,4.09695851042439,-0.9077535380039854,-1.0783714946918042,-0.6391675122238638,-0.6617995263026092,-0.8217730178055657,1.6297660702211687,False,False,2,False,False
2005-12-23,2005-12-29,2005-12-28,3.50495216545628,10.107833020816408,13.0227080620477,5.271143027154303,0.4158010148663677,8.98715284226936,7.302513501488981,11.384712953514489,-0.39363166076831907,-0.6452785607766487,-0.44759090191148776,-0.33287165511553113,-0.4548431946429966,1.6280204986883982,False,False,0,False,False
2005-12-30,2006-01-05,2006-01-03,7.653647591304827,12.25678762738791,13.66182010656178,5.760440592240516,5.868660256963261,7.863286675201167,9.630022443719897,8.008852144058135,-0.2709947301166646,-0.6204701012818868,-0.5012201904235714,-0.48360875778582996,-0.46907344490198816,1.6262749271556274,False,False,0,False,False
2006-01-06,2006-01-11,2006-01-09,4.340819719969029,12.877780727975408,6.550854740434048,7.549614603268886,-2.68204378688248,7.691477268657591,-0.8335697057352669,8.802650244478487,-0.23509628366791602,-0.5356246055347146,-0.5081281594166286,-0.44645828112953484,-0.4313268324371985,1.6245293556228568,False,False,2,False,False
2006-01-13,2006-01-19,2006-01-18,12.419038023138402,22.615141590561823,10.42545727288513,9.519302205127664,0.3527340517968441,12.219415882135968,4.360989357204437,13.441411145566324,0.31872275463846106,-0.44268586433952606,-0.28452285736957,-0.23603930932387007,-0.16113131909862627,1.6227837840900863,False,False,0,False,False
2006-01-20,2006-01-25,2006-01-19,11.14280099354869,25.289680859611803,4.947573881213895,11.080505470307136,3.7235249739883423,16.34263858256967,3.1061842764994587,17.43793946089214,0.47017097346959597,-0.36892814704089805,-0.08111677715189808,-0.05485337484822298,-0.008681831392855785,1.621038212557316,False,False,0,False,False
2006-01-27,2006-02-01,2006-01-30,7.280351657887496,32.07970245165083,1.6729550832631355,22.057248862094553,4.412480490893788,23.050316239850694,5.746838563499727,23.00164306019718,0.8561409987964518,0.142862784141729,0.24957315016810314,0.1972873602155021,0.3614660733304465,1.6192926410245454,False,False,0,False,False
2006-02-03,2006-02-08,2006-02-01,4.2161529138452005,28.24413626956492,-3.2909734088797866,12.454375612714323,4.32310307594354,18.12929264958165,6.144507858336691,17.719529809032906,0.6337146302588966,-0.305388721679624,0.005943083948385367,-0.04299733941590103,0.07281791327793924,1.6175470694917746,False,False,1,False,False
2006-02-10,2006-02-15,2006-02-14,-13.696451301555493,20.255507711250882,-21.346513816229347,4.638512658093491,-15.729156000750693,12.175789386077195,-11.784889662390484,18.078154582798064,0.1749953551007657,-0.6699468741230056,-0.28875868572269653,-0.026576890808348963,-0.20257177388832137,1.615801497959004,False,False,3,False,False
2006-02-17,2006-02-23,2006-02-22,-5.72807546911229,13.355559368695053,-2.7706257713808964,4.865639385286578,2.244483248056491,11.071803929061685,1.0321192540274893,15.586349783093295,-0.22073411019063766,-0.6570535259589949,-0.34279336429757934,-0.14017472579988166,-0.34018893156177343,1.612748373565505,False,False,1,False,False
2006-02-24,2006-03-01,2006-02-24,-1.9336728821707005,16.560555880202486,5.737957938325881,11.403068603783302,7.640077779771091,16.461583475383694,4.061471915419013,17.603950604676292,-0.036168366699803715,-0.3484832363559325,-0.07399110717554908,-0.047602233786805004,-0.12656123600452257,1.6096952491720062,False,False,0,False,False
2006-03-03,2006-03-08,2006-03-07,6.550359947598522,12.173327597466322,13.078790667877177,11.179140598811662,9.894462896591856,6.652997028163667,5.001042057466141,8.4997683196006,-0.28858420310934096,-0.35809751211658547,-0.5625142250919966,-0.46468885959071377,-0.41847119997715915,1.6066421247785072,False,False,0,False,False
2006-03-10,2006-03-15,2006-03-10,-3.445222626595305,7.5920020842317655,4.544895477040116,14.039688135576728,-3.8466280827796053,4.496504719842289,-2.367300199325324,8.544259045296233,-0.5520979386541395,-0.22255796223101781,-0.668426032347662,-0.4613478162101899,-0.4761074373607523,1.6035890003850075,False,False,2,False,False
2006-03-17,2006-03-22,2006-03-17,2.0914533246012628,5.868612617741569,12.417283375515455,14.114293797361594,4.407007832085349,7.075414005529048,4.020095914563925,12.158418057528056,-0.6500074585220189,-0.21850544042290473,-0.5373541493633974,-0.293845995216292,-0.42492826088115326,1.6005358759915085,False,False,0,False,False
2006-03-24,2006-03-29,2006-03-27,0.4559397883486064,7.539990739858918,-1.7923516188904702,17.511355441817525,-1.1117401886576035,10.728771777120656,-1.2705305901920314,13.68094592153739,-0.5512191626128707,-0.05742342369665564,-0.35293292273634314,-0.22294828220033203,-0.29613094781155036,1.5974827515980095,False,False,3,False,False
2006-03-31,2006-04-05,2006-04-04,5.663070698227136,5.165357541064273,10.705956514715165,13.092969653968394,3.6069483818029493,9.391555424974014,3.6538511322080773,12.42751040951816,-0.6871708642878482,-0.2666033333750591,-0.41909295759284715,-0.28031288689547607,-0.4132950105378076,1.5944296272045106,False,False,0,False,False
2006-04-07,2006-04-12,2006-04-11,4.868152165751019,2.8357148737748235,6.902572785534,15.868409263961913,4.871347999317418,5.409562430940281,4.558765810149942,5.021134987334048,-0.8200243576277857,-0.1342009284547677,-0.6180480459296972,-0.6224421692676216,-0.5486788753199681,1.5913765028110116,False,False,0,False,False
2006-04-14,2006-04-19,2006-04-12,2.616750680409783,4.019594411794696,-0.14008874576797392,0.0,4.21608108242779,-1.366763872866387,3.3800434328914233,-5.097555085279139,-0.7482161120248702,-0.8888939942358192,-0.9570691335021563,-1.0895070136666558,-0.9209215633573753,1.588323378417512,False,False,1,False,False
2006-04-21,2006-04-26,2006-04-25,0.31192004495310033,4.628699687582857,3.0199739863632407,-1.8590424305799547,9.274812102243137,6.241106651057347,8.965538230707843,3.7580749270308647,-0.7102100136994014,-0.973827102989299,-0.5701120292830003,-0.6738833476990234,-0.7320081234176811,1.585270254024013,False,False,0,False,False
2006-04-28,2006-05-03,2006-04-26,6.763912558531916,12.490286910726953,1.0314203016764265,10.30828461774531,6.867451843072632,13.445164894544048,6.488498329004715,13.752071466023756,-0.2504884890912894,-0.39034340327092804,-0.20534531539959486,-0.20809415504159504,-0.2635678407008518,1.5835151562752625,False,False,0,False,False
2006-05-05,2006-05-10,2006-05-03,5.65073827464962,13.428293034555514,-5.653369392501855,9.692438515886582,2.180060989867248,10.346773549021798,2.669413537418274,10.334042034537703,-0.1952164153225105,-0.4187211463187083,-0.36136509073876405,-0.3665102102025835,-0.33545321564564157,1.5817600585265121,False,False,1,False,False
2006-05-12,2006-05-17,2006-05-11,6.318783555065871,14.875430756645288,1.0690317937161398,21.588838043303777,5.406722127027579,14.861316718184478,6.2061114722975805,13.346577367374609,-0.11022572639430205,0.1508435955717564,-0.1320005973232292,-0.2252761339346332,-0.07916471552010201,1.580004960777762,False,False,0,False,False
2006-05-19,2006-05-24,2006-05-23,-2.0694250802176932,7.966602436556992,-2.424061309575644,-19.294759069722236,-1.8729983125707375,-3.1684822999174242,-1.983136334123981,-34.83354303132758,-0.5144889678285969,-1.8073879504802977,-1.0461123500848177,-2.473601892144335,-1.4603977901345118,1.5782498630290112,False,False,3,False,False
2006-05-26,2006-06-01,2006-05-30,3.714631783509978,14.567360595382222,2.6446203364759575,22.810994756790272,4.488259669502499,6.543667997246135,4.738371094053272,-1.9840046144057613,-0.12596610588370805,0.21589200874139539,-0.5488505281601672,-0.9192219328414986,-0.3445366395359946,1.5764947652802608,False,False,0,False,False
2006-06-02,2006-06-07,2006-06-05,4.269155715583951,16.78067189184635,10.51532402917614,32.11976975773581,4.295138719559926,9.881983494862743,5.71309650662207,8.722350655916575,0.004392365263470656,0.6599275436585907,-0.3777602279313439,-0.42113897520975363,-0.033644823554759035,1.5747396675315104,False,False,0,False,False
2006-06-09,2006-06-14,2006-06-13,-6.021222233296262,14.224750546488757,-7.445736595903016,31.278246549880812,-5.877980475866289,7.783237124470434,-3.0334079348521383,16.609208362697522,-0.1461619362968966,0.6176368218314658,-0.4836081723867535,-0.0552156857052749,-0.0168372431393648,1.57298456978276,False,False,3,False,False
2006-06-16,2006-06-21,2006-06-20,-3.2929458374429204,20.775037105021287,-6.558942841445896,35.78773347190934,-8.4557388028063,9.356877753578894,-10.796886384611595,18.96815738865561,0.24079816951553287,0.8316960937490705,-0.4021192326515365,0.054266694812538686,0.18116043135640136,1.5712294720340099,False,False,3,False,False
2006-06-23,2006-06-28,2006-06-21,-0.2992520936454029,19.337139298053945,-3.200655341661026,38.48061941890915,-5.075084794083462,9.314333171923462,-8.208011203410505,19.187176760577387,0.15520358483851726,0.9576848550636692,-0.40328728054870083,0.06432568678713017,0.19348171153515395,1.569474374285259,False,False,3,False,False
2006-06-30,2006-07-06,2006-06-21,-0.2992520936454029,19.337139298053945,-3.200655341661026,38.48061941890915,-5.075084794083462,9.314333171923462,-8.208011203410505,19.187176760577387,0.15486357095653722,0.9537530046309893,-0.40228367916507085,0.0641875242744287,0.19263010517422113,1.5677192765365087,False,False,3,False,False
2006-07-07,2006-07-12,2006-07-11,7.819880888032102,23.639778103070782,6.990569674431126,38.201948953348364,2.1020216931627296,14.046421699338604,0.1442654734461773,23.08618723127111,0.4100863076116978,0.936513057509552,-0.1588035178003667,0.24598237349974972,0.3584445552051582,1.56748675667275,False,False,0,False,False
2006-07-14,2006-07-19,2006-07-18,6.516143068687456,25.383166297700033,13.850405329390108,43.11836373961533,4.649514960065099,13.809231869605426,11.649347252737876,27.401172583517507,0.5128050094299064,1.1684795533046508,-0.17063778251661998,0.44717645119877947,0.4894558078541792,1.5672542368089912,False,False,0,False,False
2006-07-21,2006-07-26,2006-07-20,5.457035082172734,21.289222214770415,10.497209071606168,35.955120428467595,1.0787591128997385,9.977291269956826,6.769137458200548,18.653800717288934,0.26745389994629354,0.8194867392931965,-0.36744316420462714,0.036359562822179274,0.18896425946426051,1.5670217169452325,False,False,0,False,False
2006-07-28,2006-08-02,2006-07-31,-1.5173990066067387,15.961982870882055,-1.3629580080282129,27.31795110851539,7.553552414490741,19.582169001940926,-1.2838323972912637,19.001140800148324,-0.05125689098426635,0.40255121123321475,0.12857170197319145,0.05258518509767144,0.13311280182995283,1.5667891970814736,False,False,2,False,False
2006-08-04,2006-08-09,2006-08-08,3.2912170500285645,14.792202977086658,-3.8974697723358513,29.302600455239787,8.215464087667993,16.590399827992872,2.3476337084785723,19.0911575802328,-0.1211483201010237,0.496880406660995,-0.02625056513845187,0.05670855424405054,0.10154751891639248,1.5665566772177149,False,False,1,False,False
2006-08-11,2006-08-16,2006-08-15,-4.476759313334339,16.24786126070081,-9.832980967804493,31.3551452430198,-4.480590157409225,21.439880260303024,-4.704010406164669,20.284547420023255,-0.033605187440923376,0.5943137833160317,0.22484582984521223,0.11283703349158265,0.22459786480297583,1.5663241573539561,False,False,3,False,False
2006-08-18,2006-08-23,2006-08-22,-1.0693822775511357,16.588942262785814,-3.527336637928487,17.119049573626935,1.6738914797053244,14.888288889239941,5.4015972071033485,18.103087716424177,-0.013039941202446248,-0.09303924381526142,-0.11547495788329569,0.00956960699086165,-0.05299613397753543,1.5660916374901974,False,False,1,False,False
2006-08-25,2006-08-30,2006-08-28,0.4979027285897295,13.598732411865427,-11.580492187605525,4.638342413886715,0.4140792666031387,12.471558472093134,-0.9221128187034031,12.832105744981167,-0.19306853664805274,-0.6952233557526778,-0.24084688050866257,-0.23991827768754273,-0.342264262649234,1.5658591176264387,False,False,2,False,False
2006-09-01,2006-09-07,2006-09-06,-5.317344461606614,12.298102366397675,-11.461127542997735,-7.113844088571199,-6.634010906133553,8.755589102431955,-7.824125819478134,9.099599978473263,-0.27113037903344384,-1.2609244364944983,-0.4338448212808216,-0.4163962467776515,-0.5955739708966038,1.5656265977626798,False,False,3,False,False
2006-09-08,2006-09-13,2006-09-12,-8.166881242775286,6.1065480616503764,-11.20391944771314,-12.34940734518979,-14.94989185739765,-3.08253542664122,-15.655223785285369,-6.297752396074093,-0.6448221779783144,-1.5068857253288375,-1.0503386355968114,-1.1468089113000706,-1.0872138625510086,1.565394077898921,False,False,3,False,False
2006-09-15,2006-09-20,2006-09-19,-5.741021240243008,-7.678714321377028,-6.254051847489828,-28.468356945552436,-6.289142138381801,-13.658856406707237,-8.92239304403622,-15.254615302944535,-1.4773019633409028,-2.2726974075345585,-1.5974379032347106,-1.5665856672460834,-1.7285057353390638,1.563624465965211,False,False,3,False,False
2006-09-22,2006-09-27,2006-09-26,-5.549852543249612,-8.106985097423456,-3.9246370955178715,-30.274484172321696,-5.063600708239563,-15.343524427536845,1.8830798939489701,-9.792764646332602,-1.4936056331407166,-2.330648560855087,-1.6735053284537023,-1.2970712394176307,-1.698707690466784,1.5618548540315007,False,False,2,False,False
2006-09-29,2006-10-04,2006-10-03,-7.599422558039691,-12.96870412152383,-5.335476754962943,-37.15168939654299,-4.271772968515421,-17.374599209155836,0.059154098146112305,-15.676616328407706,-1.776657902242649,-2.6258982742026604,-1.7658654040240769,-1.5681359183116155,-1.9341393746952504,1.5600852420977906,False,False,2,False,False
2006-10-06,2006-10-12,2006-10-11,-5.196193806447229,-18.171331069621715,-1.2756131344437023,-38.45267009229939,0.8722796740353734,-19.342592752818895,-1.7104179805502124,-16.061948437032765,-2.073800465639055,-2.645449010812812,-1.8527516396881338,-1.5753677140440623,-2.036842207546016,1.55831563016408,False,False,2,False,False
2006-10-13,2006-10-18,2006-10-17,0.6984101295785181,-20.425987018589826,-0.20033395681751734,-31.30917879771492,4.562616082677554,-15.716424313252265,-0.1711840646276542,-17.60196167166776,-2.1861653123702554,-2.2734963196194857,-1.6501729594556376,-1.636725400418956,-1.9366399979660838,1.5565460182303696,False,False,2,False,False
2006-10-20,2006-10-25,2006-10-20,-0.3655038443787426,-22.957444164450024,1.0084119066626227,-37.260096070971834,2.208678740284329,-21.82773616630368,-1.3897154754242782,-22.32601625906523,-2.3107433810265268,-2.518308155396274,-1.9505300687001206,-1.8459333482035696,-2.1563787383316226,1.5547764062966596,False,False,1,False,False
2006-10-27,2006-11-01,2006-10-27,1.3923646124824356,-13.06672124692762,0.4561754407905709,-27.01363243151941,-4.2609996059736694,-14.756486746200794,-4.652001563489281,-13.703928898037917,-1.7019909608726747,-2.017363968960618,-1.572211643555596,-1.4279141821858456,-1.6798701888936836,1.5530067943629495,False,False,2,False,False
2006-11-03,2006-11-08,2006-11-06,1.7114511693487304,-16.53762641549365,-0.9600073729019342,-25.067113459516438,-2.015480197846026,-16.72383145826261,-2.4664284379720995,-18.79194866714965,-1.8915610853992046,-1.9094569898747742,-1.661179526194768,-1.6559588137060517,-1.7795391037936996,1.5512371824292392,False,False,3,False,False
2006-11-10,2006-11-15,2006-11-09,1.4985871227804537,-15.377700520008794,5.946142522139923,-24.244703384195915,2.26875402667948,-14.890842549511218,2.009829351391968,-16.56974995482212,-1.8071074666031128,-1.855122650499745,-1.5562008572421255,-1.540722919854964,-1.6897884735499868,1.5494675704955285,False,False,0,False,False
2006-11-17,2006-11-22,2006-11-20,-3.8593352004545785,-25.393024859259917,2.183348390167894,-36.54063475561594,3.0021016254857846,-20.73697659012241,5.150590847859101,-21.188596129208783,-2.37133659575451,-2.3874875045806965,-1.84040891242196,-1.7440150667476175,-2.085812019876196,1.5476979585618185,False,False,0,False,False
2006-11-24,2006-11-29,2006-11-28,-0.3438398803032709,-16.099242465056196,-1.1864016772645987,-30.419077941375157,-0.8298802814695065,-17.335288681119433,1.8586848797317719,-21.327357437543657,-1.8080102584616602,-2.0858050387867904,-1.6539545104877633,-1.736611716650112,-1.8210953810965815,1.5469907441626618,False,False,2,False,False
2006-12-01,2006-12-06,2006-12-05,8.561375272299172,-10.22788491204183,1.9651979510417301,-24.438526669845658,7.274859112042649,-7.471898258027513,8.278304088010858,-9.636894115256705,-1.4578621263150662,-1.801476433879983,-1.14871033696838,-1.1868573136768379,-1.3987265527100667,1.5462835297635051,False,False,0,False,False
2006-12-08,2006-12-13,2006-12-08,1.7719719100509457,-11.034324717562331,-1.2642393415176467,-25.124374441446907,1.0068192836921892,-7.872730594620944,1.9342962843130935,-8.596174768618967,-1.494924812115964,-1.8166244825691358,-1.1635487156600395,-1.1335948846505364,-1.4021732237489188,1.5455763153643485,False,False,1,False,False
2006-12-15,2006-12-20,2006-12-19,0.7503827019587822,-18.57090580484334,3.818197790111472,-32.47508087371221,-6.176617445181751,-16.826694108837554,-9.02910172399857,-24.095499604381146,-1.9137481968213534,-2.1215168378859692,-1.6053721575959663,-1.838464004459582,-1.8697752991907177,1.5448691009651916,False,False,2,False,False
2006-12-22,2006-12-28,2006-12-22,-2.5398697771998173,-17.999992953298772,-4.355180750784303,-36.08043372807435,-2.6386755173194887,-10.214680105473048,-6.603058152308584,-19.616163083728328,-1.8643132377551765,-2.255011366733913,-1.2651103310776002,-1.618739632995496,-1.7507936421405463,1.5441618865660351,False,False,3,False,False
2006-12-29,2007-01-04,2007-01-03,-7.529549716090503,-24.58305651432711,-9.96701237339985,-41.07913523908384,-7.49485045403547,-31.87509697736377,-2.822056764225132,-25.63372397131501,-2.218660058775244,-2.443273704382464,-2.3359221911010732,-1.8809838311564808,-2.2197099463538157,1.5434546721668785,False,False,3,False,False
2007-01-05,2007-01-10,2007-01-08,-11.762451936850297,-29.854475657775083,-15.27271920424046,-49.73641574216578,-10.6356035899328,-30.740657779955953,-7.823893825677003,-32.504556550099636,-2.4880024200137334,-2.778890648611552,-2.251327731553919,-2.175457215999538,-2.4234195040446855,1.5427474577677218,False,False,3,False,False
2007-01-12,2007-01-18,2007-01-17,-10.87772341631875,-37.74144096613412,-12.271842565684226,-46.38526753838666,-4.003202975518492,-32.98374186437448,-1.562531790308087,-27.10391965164622,-2.8902859632397746,-2.592665173435554,-2.3351916041731853,-1.9092569034636504,-2.431849911078041,1.5420402433685652,False,False,3,False,False
2007-01-19,2007-01-24,2007-01-23,3.2224168000308704,-32.74514706574775,4.41940804203389,-34.63453774711498,6.802622085585629,-24.21747151312743,8.087687931591132,-20.472901256096982,-2.5672426708943235,-2.067240567494089,-1.881447396477855,-1.596137126410251,-2.0280169403191297,1.5413330289694083,False,False,0,False,False
2007-01-26,2007-01-31,2007-01-23,3.2224168000308704,-32.74514706574775,4.41940804203389,-34.63453774711498,6.802622085585629,-24.21747151312743,8.087687931591132,-20.472901256096982,-2.530742227851236,-2.046697168191021,-1.8653218200621255,-1.5854216790053561,-2.0070457237774346,1.5406258145702516,False,False,0,False,False
2007-02-02,2007-02-07,2007-02-06,13.968555758248502,-21.376341943519872,14.159368435010188,-25.984727345833686,15.641881353468461,-14.90719487482426,4.9165957314184245,-19.238634341009536,-1.8884596333125299,-1.6720275550816277,-1.4021383619267616,-1.5200821219863472,-1.6206769180768164,1.5340567552725444,False,False,0,False,False
2007-02-09,2007-02-14,2007-02-12,7.456087674512443,-22.660017418212067,6.316443790016038,-24.90200854175164,5.640592791355204,-18.627473208052606,0.7038152220261447,-21.763454130804362,-1.940544777347368,-1.6158620110936897,-1.572796645075302,-1.6225253842690326,-1.6879322044463478,1.5274876959748371,False,False,0,False,False
2007-02-16,2007-02-22,2007-02-20,-1.1761833368674663,-21.833089162979412,6.974363885058824,-15.750017612758644,-2.3445618574680918,-18.999681160039415,-3.7629366053770994,-26.158043889770177,-1.8795560815967545,-1.2320118838398741,-1.5803797875672412,-1.8056733875012905,-1.62440528512629,1.5209186366771297,False,False,2,False,False
2007-02-23,2007-02-28,2007-02-22,2.298951822469878,-16.99975306175817,13.434805253107854,-3.3711057342311723,1.6994256045370884,-13.15683980649216,1.7760421004381473,-18.836045040568706,-1.6092897455050221,-0.722274925168014,-1.2913173929490471,-1.4691936900567903,-1.2730189384197184,1.5143495773794207,False,False,0,False,False
2007-03-02,2007-03-07,2007-03-05,2.923246082558974,-13.457165070231117,9.373573053621428,7.962073706456042,4.809475384933508,-9.34639442805633,7.556202022242096,-8.821435682285578,-1.4126332466199847,-0.25844120147966804,-1.1033402706476687,-1.020879211176341,-0.9488234824809156,1.5077805180817134,False,False,0,False,False
2007-03-09,2007-03-14,2007-03-05,2.923246082558974,-13.457165070231117,9.373573053621428,7.962073706456042,4.809475384933508,-9.34639442805633,7.556202022242096,-8.821435682285578,-1.4047944703168418,-0.2579300364857462,-1.098802409371305,-1.017011414977299,-0.944634582787798,1.501211458784006,False,False,0,False,False
2007-03-16,2007-03-21,2007-03-20,-9.400394922213138,-14.818157435835325,-0.3252035386377343,14.084830858737945,-5.7323941127499864,-3.570762732713162,-3.453343974101306,-3.1835838968364607,-1.4682559006999145,-0.007070852431570741,-0.8193228862922031,-0.7656904597750402,-0.7650850247996821,1.4946423994862987,False,False,3,False,False
2007-03-23,2007-03-28,2007-03-23,1.6843198709050926,-4.826759828109209,5.368211024985988,18.456406934673474,-0.8149055573266614,1.7689140483577916,1.8712708932154165,5.491575759611464,-0.9383607412337983,0.1720217552902359,-0.5624046059394905,-0.38232755043978905,-0.4277677855807105,1.4880733401885915,False,False,1,False,False
2007-03-30,2007-04-04,2007-04-03,5.603885280933811,6.326977996074204,4.5865255871949815,26.967569617386328,6.942137892421672,13.774652649019023,7.811147570338588,11.419643436001085,-0.3529590821161819,0.5209788890495357,0.011662335722926397,-0.12067458039874711,0.014751890564383283,1.4815042808908823,False,False,0,False,False
2007-04-06,2007-04-11,2007-04-10,-6.426595492500832,5.681647504366096,9.341733281365189,36.716014186377436,0.16124701155683516,13.429891127452686,1.138908076876497,14.66293886482563,-0.3859708213272698,0.9203632276051927,-0.004835406561153229,0.022521083228479927,0.1380195207363124,1.474935221593175,False,False,0,False,False
2007-04-13,2007-04-18,2007-04-17,2.6154719909568787,5.251104703401212,-3.4244966696104524,28.604781812498636,-0.660795356003224,4.752025261649829,0.2503130218118475,9.101939838716863,-0.40770677302925035,0.5838543090817591,-0.4203106492136972,-0.2231117287743402,-0.11681871048388218,1.4734437610075546,False,False,2,False,False
2007-04-20,2007-04-25,2007-04-24,1.5089880796778639,5.367728170596651,12.787262491021572,40.935868862729656,2.2399188313626137,11.252943698986096,0.6478966097709074,14.401838011977045,-0.4007283563239664,1.089914510967691,-0.10768943855033647,0.011780780334460113,0.14831937410696205,1.471952300421934,False,False,0,False,False
2007-04-27,2007-05-02,2007-05-01,0.5134999223926856,14.201498298949772,-2.1825397104934128,40.52444793152121,2.085079548019057,15.538601043525096,1.2342788142878514,16.50042644186692,0.064067519399563,1.068676975781898,0.09837818944617834,0.10477038316069263,0.33397326694708296,1.4704608398363135,False,False,1,False,False
2007-05-04,2007-05-09,2007-05-08,-3.4260198137089084,-0.3047071558124598,-2.411907894572614,28.227177972353353,-3.062286021398305,4.8053937705648275,-0.9862012869115819,6.183323097853999,-0.6993016181977447,0.5587588740718409,-0.41832095087178345,-0.35350296709758455,-0.22809166552381796,1.4689693792506926,False,False,3,False,False
2007-05-11,2007-05-16,2007-05-15,1.4352024373979133,-0.37926720557389193,5.325790937920453,33.67294492946421,3.0093619661804465,8.90829181375086,1.4756785245844335,8.665632639119028,-0.701358589573221,0.7817092760660472,-0.21969773430431236,-0.2423994070365234,-0.09543661371200238,1.4674779186650722,False,False,0,False,False
2007-05-18,2007-05-23,2007-05-22,2.733050565793597,4.8936531374195145,-3.3118495203894316,34.716276159859085,1.1579076738763507,12.704875004946706,1.0684900100016352,16.337180801429245,-0.4215362645449487,0.8224525119392591,-0.03599390171094143,0.0997972717386545,0.11617990435550586,1.4659864580794515,False,False,1,False,False
2007-05-25,2007-05-31,2007-05-30,-2.2434341726998444,18.103044168962583,-1.6529301951210582,47.905346476565356,-2.008524179618458,24.43219243011068,-2.197890671877523,23.556607131276674,0.27668114138860084,1.363844847534487,0.5312599281531655,0.42178750423403216,0.6483933553275714,1.464494997493831,False,False,3,False,False
2007-06-01,2007-06-06,2007-06-05,3.7886847700267436,20.229729064618503,-1.9462030890660564,43.868921168905786,4.516729307488185,23.913365855549536,2.660374551797615,20.951371068430607,0.3886071934209381,1.19073623564902,0.5049248614647789,0.3044744472224365,0.5971856844392933,1.4630035369082106,False,False,1,False,False
2007-06-08,2007-06-13,2007-06-12,-0.4122457933883826,12.361395596717664,-5.785765814673885,31.76671156421587,-2.831592011728774,15.44118105246555,-2.4644881032643093,17.783067743140155,-0.028876076254933644,0.6877337263066257,0.09297516813968741,0.16206172985422632,0.22847363701140144,1.4615120763225895,False,False,3,False,False
2007-06-15,2007-06-20,2007-06-19,5.636760755901983,11.594091561441292,4.358814099402319,16.16738859004859,5.535812879260984,13.805884800948604,5.612504687555845,15.476758299302873,-0.06953228638322281,0.043556660379673984,0.01337231090975961,0.05835154373459487,0.011437057160201412,1.460020615736969,False,False,0,False,False
2007-06-22,2007-06-27,2007-06-26,-2.0010891931862003,17.356683710914307,-1.4946565030639154,14.563799614339166,-1.1928570865273844,17.85287585552583,-5.221879190849334,13.771725055720072,0.23684730027212025,-0.022673559267272523,0.21028725858241562,-0.018341540814561585,0.10152986469317545,1.4593676699590652,False,False,3,False,False
2007-06-29,2007-07-05,2007-07-03,5.217074938211335,7.832873135453868,3.104256670938909,10.62733409151859,3.101405352916954,10.412252534980787,3.9183225571038545,6.085895105007881,-0.27058329703395134,-0.18531320133361429,-0.15279046486853878,-0.36416697681381244,-0.2432134850124792,1.4587147241811613,False,False,0,False,False
2007-07-06,2007-07-11,2007-07-10,2.348798130721376,16.851619198236328,9.581792289723332,11.414119804721421,2.492938304252536,14.770056700624842,2.5624509412855456,8.592473835719089,0.2108120425473627,-0.15240880747672322,0.0602684413652891,-0.2504808479975147,-0.03295229289039653,1.4580617784032572,False,False,0,False,False
2007-07-13,2007-07-18,2007-07-17,1.6754461252366855,15.91159333251614,-15.182681694560408,-0.344065220228523,-4.009230500033747,11.421621556594333,-4.420089498579102,3.922071315328133,0.16022228389521576,-0.6397182461725782,-0.10362220619260558,-0.46084992991254164,-0.2609920245956274,1.4574088326253531,False,False,3,False,False
2007-07-20,2007-07-25,2007-07-24,-0.8818997527871063,13.52070550005116,-3.6604738489929027,-16.791801560243012,-0.49407215129770926,8.687630573934012,0.3838776307165667,3.658052336273791,0.03202221565813382,-1.3209040211004301,-0.23740251596109094,-0.4718165828239762,-0.49952522605684085,1.4567558868474493,False,False,2,False,False
2007-07-27,2007-08-01,2007-07-31,6.361822862412943,19.369028440071435,4.298512823313933,-10.310749026435651,3.6951214043400697,10.297672430255016,5.134118596103723,7.557892118089668,0.3454035494001711,-1.0459631919115284,-0.15795032117941005,-0.2942926386943416,-0.28820065059627725,1.4561029410695454,False,False,0,False,False
2007-08-03,2007-08-08,2007-08-07,-7.913732055872385,14.881316197907942,-7.200270821825947,-15.099111953688993,-7.5320382978798035,5.827920153773509,-8.44503445683162,0.09905894816963101,0.10385524208238361,-1.2406739955656283,-0.37741420149281285,-0.6319046884971323,-0.5365344108682975,1.4554499952916415,False,False,3,False,False
2007-08-10,2007-08-15,2007-08-14,0.2073972399129172,13.653511000422943,3.411183450686312,-17.013719440923136,1.2276369011619013,4.046195088754957,2.830838126392228,1.4542185499774298,0.03765876244334997,-1.3145623543739766,-0.46439808644884395,-0.5688849755393807,-0.5775466634797128,1.4547970495137375,False,False,0,False,False
2007-08-17,2007-08-22,2007-08-21,-4.102344206543482,6.818116228085884,-6.833977469656635,-20.53584739019034,-1.6919142375819478,1.1963731772966493,-1.1130044728837625,-0.7272759329079584,-0.33056303585366875,-1.4541171986274184,-0.6039337849773079,-0.6667188274291369,-0.7638332117218831,1.4541441037358334,False,False,3,False,False
2007-08-24,2007-08-29,2007-08-28,3.256233326215573,12.317783727001306,7.94566148029056,-10.937255714778711,2.3506447675341318,5.55554212444925,1.8322595515664553,3.302874290536016,-0.033271113380886105,-1.0501562858858031,-0.3873813750307174,-0.48178434778056745,-0.4881482805194935,1.4534911579579295,False,False,0,False,False
2007-08-31,2007-09-06,2007-09-05,5.3561231885256895,13.810632923886928,6.563716363997904,-2.187659969530888,5.215151187213685,5.366781239010072,3.843022107678474,3.413939208588803,0.047451496348652714,-0.6852592371163221,-0.3959551656793,-0.47571875112097095,-0.37737041439198504,1.452629672909706,False,False,0,False,False
2007-09-07,2007-09-12,2007-09-11,4.033699614961628,17.88475571827798,-7.860173059358837,-1.7094433359300183,3.959046727100856,12.224073835162574,4.428936559106081,9.112066527515973,0.26789083607405684,-0.6637983262524403,-0.05575675673492857,-0.2148945473081916,-0.16663969855537591,1.451768187861482,False,False,1,False,False
2007-09-14,2007-09-19,2007-09-18,4.196770437183878,16.44476539955989,5.929078568050091,-0.13917886728226084,3.228286708129688,9.916547664031306,3.812071647985508,7.3116334879456275,0.18934175052072275,-0.5972508523339054,-0.17007439955273018,-0.296749349917614,-0.2186832128208817,1.4509067028132585,False,False,0,False,False
2007-09-21,2007-09-26,2007-09-25,-0.3810464938733802,18.064808098872696,-3.495868502097018,-2.1403908663153492,-3.367015054078315,7.742389696480363,-2.7016893755536344,9.831823303241324,0.2769820132310711,-0.6787347681048109,-0.27775700203251336,-0.18092108785532904,-0.21510771119039554,1.4500452177650345,False,False,3,False,False
2007-09-28,2007-10-03,2007-10-02,-1.4888612493750637,11.358871911286302,-4.574193014354676,-9.818840551608936,-1.1636156426800424,3.477368700883358,-0.0883782647007684,5.825122481436711,-0.08822260069797352,-0.9952347089893232,-0.4894023387134228,-0.3641938037162129,-0.4842633630292331,1.449183732716811,False,False,3,False,False
2007-10-05,2007-10-11,2007-10-10,1.6494452209966242,11.387003722356798,2.3366710660176033,-8.023169000425101,2.2090175742099856,4.897224719979669,0.3518033531679029,5.876068837837216,-0.08654177874775558,-0.9175212635314991,-0.4176744006675038,-0.3611676842220095,-0.445726281792192,1.4483222476685873,False,False,0,False,False
2007-10-12,2007-10-17,2007-10-16,8.765515160768766,15.466462781561491,6.780639715357969,1.9110346202418578,6.7451326553962145,10.416133095961678,6.71219635511399,11.637952665406349,0.13620645380066818,-0.5029602116016288,-0.1416108516155635,-0.09571063270373772,-0.15101881053006547,1.4474607626203635,False,False,0,False,False
2007-10-19,2007-10-24,2007-10-23,-1.2986449243952771,13.225978965565085,-3.1897638604693466,3.6897389375825864,-1.1731614020646,10.157979281792004,-1.425003157768341,9.932837279666828,0.013519905490937928,-0.4281001634730864,-0.15426761218523277,-0.17403610920793827,-0.18572099484382987,1.44659927757214,False,False,3,False,False
2007-10-26,2007-10-31,2007-10-30,4.3903419032452575,16.63096178279776,6.280919067290363,12.120203402658015,5.319271312534316,15.962217597207456,5.222152533053281,14.736287177298447,0.19991134463547983,-0.07692826421848568,0.1364166027451545,0.04771726307491788,0.07677923655926662,1.4457377925239159,False,False,0,False,False
2007-11-02,2007-11-07,2007-11-06,6.762657449258776,29.12407335915844,8.738433041207099,24.774644274506734,7.540959344741884,28.537880847768786,8.004270767353656,27.78684510034563,0.8846236580693375,0.4499323930306507,0.7664540972971524,0.6503149964714027,0.6878312862171359,1.4448763074756923,False,False,0,False,False
2007-11-09,2007-11-15,2007-11-14,-2.562088904484131,28.096850354468987,-3.435612296596809,14.862462963300421,-1.6336419319693614,24.89642509359524,-2.4701854777257894,22.941554754708164,0.8256861943165699,0.03591126800236356,0.5818287181162043,0.42482539337299513,0.46706289345203317,1.441880948214295,False,False,3,False,False
2007-11-16,2007-11-21,2007-11-20,8.389913238169436,35.828980097113224,4.263148189520049,26.69615928653723,7.6290125310894785,32.697238782838426,6.54561517832083,29.519270739418165,1.2477790455969557,0.5298850368417186,0.9722094830153478,0.7284659548580781,0.869584880078025,1.4388855889528978,False,False,0,False,False
2007-11-23,2007-11-28,2007-11-27,-1.4305492723902271,27.368994474846133,-1.240657624810837,15.472481505187114,2.3270170743643055,29.221722761717235,1.7069060054552714,26.129787226508927,0.7786840650367853,0.05965831182919657,0.7946125511094727,0.5696372317389303,0.5506480399285962,1.4358902296915004,False,False,1,False,False
2007-11-30,2007-12-05,2007-12-04,-6.658178385614214,15.354692900706219,-6.6290665089254395,2.279698632263758,-5.582844955294184,18.42372661920937,-6.301895024640845,15.984870094189624,0.11743310404731312,-0.4927619985601517,0.24998932991621486,0.0979517571507839,-0.006846951861459952,1.4328948704301023,False,False,3,False,False
2007-12-07,2007-12-12,2007-12-11,2.0288764083332755,12.099224090302238,0.9157573154020796,6.642422381624202,-0.3194890896519177,12.919793847168194,-0.3926192715281244,11.714397947142945,-0.06167272937764838,-0.30889587942971997,-0.027393851172612317,-0.10056679092142484,-0.12463231272535139,1.429899511168705,False,False,2,False,False
2007-12-14,2007-12-19,2007-12-18,-0.2110525637619554,9.243430131833785,1.4479891000314649,3.7533009644797546,2.137002573619233,14.060411365989067,0.5101050888405683,10.037189236342419,-0.21877506012782244,-0.42963203706700476,0.03013857948712989,-0.1784326735687971,-0.19917529781912363,1.4269041519073076,False,False,0,False,False
2007-12-21,2007-12-27,2007-12-26,6.417011123916564,17.730755496521887,7.526248450054678,15.860503017663858,3.1222424382978153,19.600103341452684,3.0830958337657677,15.440371626585522,0.24951537801296325,0.080108372549044,0.30974812476395713,0.0736341151726547,0.17825149762465478,1.4239087926459104,False,False,0,False,False
2007-12-28,2008-01-03,2008-01-02,5.826890812397583,21.95370557200981,8.145948852369411,24.19885179933072,5.670751364228683,24.865796918299267,5.773717338152099,19.353169726756537,0.48226203774467324,0.43104106366195766,0.5754180270023652,0.2561320775469672,0.43621330148899085,1.420913433384513,False,False,0,False,False
2008-01-04,2008-01-09,2008-01-08,0.49901340685841006,19.974932301280354,-0.5390848634876534,17.198020299922195,-0.9867252733253735,20.266437573396225,-0.487531436317422,17.45324221465988,0.3719171830927993,0.13508688601166957,0.3414146089216582,0.16688936398606044,0.25382701050304685,1.417918074123115,False,False,3,False,False
2008-01-11,2008-01-16,2008-01-15,-4.844282223891798,6.382037262406717,-7.018157890775628,3.1719922578279025,-2.941388520629334,10.466249625944718,-2.9374608679904246,8.606155896666365,-0.3812638449534267,-0.4573652263063473,-0.15589390869365816,-0.24755969609163647,-0.3105206690112671,1.4149227148617176,False,False,3,False,False
2008-01-18,2008-01-24,2008-01-23,-4.702292291613152,0.05706134248978815,-0.31270965844360926,5.56593406174862,-4.170612444670173,6.121345198155176,-3.2260862218221553,4.917008439075641,-0.7312013590083319,-0.35527668963437187,-0.37619612429670546,-0.42010902149599955,-0.4706957986088522,1.4133326792330763,False,False,3,False,False
2008-01-25,2008-01-30,2008-01-29,2.2284430148251664,-0.07634004405862445,4.435414159396075,3.6304008674973702,3.197714500500041,4.753210456019419,1.3658748931040043,3.229898723014011,-0.7368235050498818,-0.4365861690417156,-0.4450601959708107,-0.4985305902759635,-0.5292501150845929,1.4117426436044347,False,False,0,False,False
2008-02-01,2008-02-06,2008-02-05,-3.7119496552192843,-8.140048113399684,-4.525261425098781,-8.648689490365486,-4.054338135643923,-4.642690489822661,-3.2699387635889967,-6.361198069791597,-1.1827061704306887,-0.9562862382478974,-0.9224357093340005,-0.9483586973793064,-1.0024467038479732,1.4101526079757933,False,False,3,False,False
2008-02-08,2008-02-13,2008-02-12,4.969555128424457,-3.7429043933640895,3.9652771919993786,-5.91243227466986,5.693079450953239,-0.4247930697496561,7.2590716663191905,-1.000564211732117,-0.9342729056706682,-0.8373944400506838,-0.7050193087825152,-0.6935141515704829,-0.7925502015185875,1.4085625723471513,False,False,0,False,False
2008-02-15,2008-02-21,2008-02-20,8.307128283554961,6.1858527718711445,10.254879108453544,8.202648041796209,6.080672142542395,6.390749910367218,6.209139528780815,7.219816295758254,-0.3805343418605939,-0.23643946867138424,-0.3561157010476633,-0.3051372970910003,-0.31955670216766047,1.40697253671851,False,False,0,False,False
2008-02-22,2008-02-27,2008-02-26,0.8365749417366116,2.602246600629165,0.15612805669524105,5.573701466897723,2.807959861329465,4.464541090606338,1.3586692193805952,4.132673549069974,-0.5789913639843192,-0.3477267483679728,-0.45376185273330866,-0.45007153321079246,-0.45763787457409827,1.4053825010898686,False,False,0,False,False
2008-02-29,2008-03-05,2008-03-04,-1.1069671749766865,11.823440104432184,-4.834174678282014,12.126843129136825,0.21276603771166067,12.190949741853682,1.1011811204166895,12.914092750079298,-0.06483431259563976,-0.06835669950918236,-0.058220217750703865,-0.0349573485773549,-0.05659214460822022,1.403792465461227,False,False,1,False,False
2008-03-07,2008-03-12,2008-03-11,8.650148635430094,20.892070377564465,6.688941913858129,17.30234180117115,6.844956652596873,19.1960986593839,8.083216062367175,21.192202657024527,0.4405179219492342,0.15225228363585802,0.30027315603516413,0.3562339311189423,0.3123193231847997,1.4022024298325857,False,False,0,False,False
2008-03-14,2008-03-19,2008-03-18,0.7695869407643704,18.230330378905315,-2.363077225451026,11.979407250827416,4.558733410808643,19.36369149540428,3.7483093254740476,23.199992314251343,0.29121935302049623,-0.07511871009177551,0.30835257792391596,0.45060825915121894,0.2437653700009639,1.4006123942039437,False,False,1,False,False
2008-03-21,2008-03-26,2008-03-25,-3.8169629646617462,11.327366618784549,6.505385224920763,13.022487577974939,-3.5648622480843386,15.87803177260004,-8.99482366629394,13.858616328614673,-0.09489410378071166,-0.03042491617668294,0.12899011845439196,0.007244686251704497,0.0027289461871754673,1.3990223585753023,False,False,2,False,False
2008-03-28,2008-04-02,2008-04-01,-0.8485497387829574,4.966748112297552,-1.0878118147183016,6.245735493374666,-4.452674813614766,9.207292795007865,2.8824258237898914,13.73644268131049,-0.4506210286819793,-0.32043853983221454,-0.21399355740111858,0.0014368606583482376,-0.24590406631424105,1.385254736631809,False,False,2,False,False
2008-04-04,2008-04-09,2008-04-08,7.27906448624019,13.240012614326572,4.019679912633675,11.689225053453951,8.93657379496707,20.01450712713371,7.181926754178865,22.200438278395502,0.013668541645721823,-0.08657877028177816,0.342507859174015,0.40363994779166107,0.16830939458240493,1.3714871146883159,False,False,0,False,False
2008-04-11,2008-04-16,2008-04-15,4.706009791636623,18.844026433296023,5.119948135685191,19.63228625260477,5.014121143641346,25.37605189759371,5.758047943520655,28.41493433277505,0.3280608255292116,0.25452891002014394,0.618211983489062,0.6986126633147709,0.4748535955882971,1.3577194927448226,False,False,0,False,False
2008-04-18,2008-04-23,2008-04-22,4.63721785510896,28.474939616998853,4.35988840543164,27.43470347537455,0.02999850029995984,30.31987565663404,0.7717631560383078,32.20550257703842,0.8685900505615455,0.5895336699305946,0.8719136065322868,0.8775262010306087,0.8018908820137589,1.3439518708013256,False,False,0,False,False
2008-04-25,2008-04-30,2008-04-29,-2.98097357954047,23.265523022633218,-3.543267499464976,19.456021816513484,-2.798236101511792,24.323925054622205,-3.9790351448377144,26.8605925390967,0.5734839637239795,0.24498550046833398,0.560186984006246,0.6205551121617751,0.4998028900900836,1.3301842488578324,False,False,3,False,False
2008-05-02,2008-05-07,2008-05-06,5.180323610102828,32.157796287955335,5.870915173254582,29.852198414866855,3.396324008753273,31.77458719901941,2.9774528701231135,33.10798417280883,1.0726153159670355,0.6926029381692672,0.9439267698734699,0.9171272783276787,0.9065680755843628,1.3164166269143391,False,False,0,False,False
2008-05-09,2008-05-14,2008-05-13,3.2387244195538054,30.426965579084687,3.5378730644038394,29.424794287271293,9.574376064684438,35.6558838127506,8.988329165741945,34.83724167223157,0.9717696811342315,0.6726192104185227,1.141744751444009,0.9970439786896291,0.945794405421598,1.302649004970846,False,False,0,False,False
2008-05-16,2008-05-21,2008-05-20,2.4337831818869766,24.553620477416708,2.9805630576815574,22.150478236499318,1.9319087563438804,31.507120426552078,2.4410456402225265,31.0691477836733,0.6385242438765886,0.3571571610314138,0.9235395297197224,0.8143354124944875,0.683389086780553,1.2888813830273527,False,False,0,False,False
2008-05-23,2008-05-29,2008-05-28,1.5927701778405177,27.413556525760324,2.1020866754347627,28.432277779780215,1.503391100718362,32.320978764418555,1.2998781219143132,32.75478826368517,0.7981979782578393,0.6280574630656376,0.9630026009177878,0.8927320553711569,0.8204975244031054,1.2751137610838557,False,False,0,False,False
2008-05-30,2008-06-04,2008-06-03,-3.5399129443150326,22.05730623094891,0.46533355256411285,27.956489456675783,-4.368448684144484,25.08813829815379,-4.9160224978473614,24.440798091051295,0.4944950724996253,0.606161488789157,0.5865937602591608,0.4934858978877122,0.5451840548589139,1.2613461391403624,False,False,2,False,False
2008-06-06,2008-06-11,2008-06-10,5.515456649948078,18.92261424546687,-1.7484054497706296,19.519142093047023,4.763445906075909,23.006627551632814,3.424992304307866,19.782574332991988,0.3167820846579814,0.23957040785464975,0.4777846489082873,0.2699706379804953,0.32602694485035344,1.2599181737352958,False,False,1,False,False
2008-06-13,2008-06-18,2008-06-17,1.9671282836189803,20.120155588321484,2.733938526652858,24.616157845150905,-0.07887472474117578,18.369019416082985,0.4651171175730659,16.499382125091014,0.38389403435261743,0.4602150451530423,0.23683139114271579,0.11243016737488745,0.29834265950581573,1.2584902083302292,False,False,1,False,False
2008-06-20,2008-06-25,2008-06-24,1.8486181567587554,25.441731876247104,1.9724505347778574,23.235046866383925,0.1839443430229507,18.679465989764623,-0.38744721075586336,22.35318254406175,0.6841594044080996,0.3994267738217565,0.2525537914354511,0.3927939680811414,0.4322334844366122,1.2570622429251626,False,False,1,False,False
2008-06-27,2008-07-02,2008-07-01,3.2933979911929026,29.684534131555196,0.7185659660874533,21.778798956977596,3.076370299575237,25.62728750740891,4.330338537164051,26.78065562018898,0.9227800055077736,0.33543978587728746,0.6128402995013683,0.6045688288319131,0.6189072299295857,1.2556342775200957,False,False,0,False,False
2008-07-04,2008-07-09,2008-07-08,-2.826070258257265,22.597719628165592,-3.622371387717477,19.103892208520918,-2.6835008710697226,17.784256103046847,-2.4680174856775055,17.5714162996874,0.5191090504398403,0.21846090084940878,0.2040590307600296,0.1610390989422402,0.2756670202478797,1.254206312115029,False,False,3,False,False
2008-07-11,2008-07-16,2008-07-15,1.9073155899908016,19.799025426519755,0.340399524109029,14.32434359694477,2.6063502950428354,15.376485254448339,2.2688142325534315,14.082182588720183,0.3595476853214574,0.009795857197823455,0.07845691865026556,-0.007030385654999219,0.1101925188786368,1.252778346709963,False,False,0,False,False
2008-07-18,2008-07-23,2008-07-22,-8.60154653861906,6.5602610327917255,-6.246056624887973,3.7183985666251536,-6.263654919658632,9.082831834489758,-5.877252444879684,7.433166987802191,-0.3922023767387381,-0.45318748238504003,-0.24963265281672906,-0.32729934699184665,-0.3555804647330884,1.2513503813048958,False,False,3,False,False
2008-07-25,2008-07-30,2008-07-29,-4.041277898072295,5.499956714259888,-4.3346278360788055,2.927038230011324,-5.575768426564453,6.305299509437089,-5.236514315070473,6.175687817569426,-0.4517756439551708,-0.48697263949068204,-0.3941869026103432,-0.3874207942661362,-0.43008899508058307,1.249922415899829,False,False,3,False,False
2008-08-01,2008-08-06,2008-08-05,-2.9057332384466528,-2.586100134289591,0.616229269453638,-2.327647673789603,-5.9051142747322745,-2.996138774048457,-6.116446109675683,-2.9182111622293725,-0.9108860365923527,-0.7159962026929977,-0.8795095879144146,-0.8259428747570717,-0.8330836754892091,1.2484944504947628,False,False,2,False,False
2008-08-08,2008-08-13,2008-08-12,-4.841116094336787,-10.665940648180174,-0.3418806748785609,-6.20740141307201,-6.734840474569849,-19.305355313302737,-8.300830889802949,-20.207371217774284,-1.3681266901271911,-0.8842878883909875,-1.729658022720357,-1.6592575614430434,-1.4103325406703948,1.2470664850896958,False,False,3,False,False
2008-08-15,2008-08-20,2008-08-19,1.1341279415507444,-11.965595888516422,-2.8484037542339373,-12.036368224987513,2.1457260161782745,-19.091538053468344,2.5727955522519563,-20.07562130574486,-1.4362750441296719,-1.1372939097789234,-1.7085228430042754,-1.6438919214125898,-1.4814959295813652,1.2464547439176457,False,False,1,False,False
2008-08-22,2008-08-27,2008-08-26,1.664537781336544,-11.893828285020406,4.7144460259742225,-9.424008874448049,3.0722923110744436,-17.52263684311226,5.19359226022351,-16.181907167435657,-1.4258454671621434,-1.0191539434443213,-1.6173211503506628,-1.4479145300677618,-1.3775587727562224,1.2458430027455953,False,False,0,False,False
2008-08-29,2008-09-04,2008-09-03,-6.143098243232084,-11.164898477450004,0.5698021114637796,-1.8215439891341216,-4.726294668049066,-14.495219184166558,-3.083678433605919,-10.5391218287509,-1.3783207358551814,-0.6833453435749437,-1.4519271984042497,-1.1706046788398368,-1.171049489168553,1.245231261573545,False,False,2,False,False
2008-09-05,2008-09-10,2008-09-09,-6.0151551208949865,-24.11343789868281,-6.836832686375713,-9.64762136883898,-6.936472237903016,-28.270106857627525,-4.980543953468978,-22.146146513122506,-2.105132634017229,-1.0247672561250067,-2.1585476598426987,-1.72344652940284,-1.7529735198469436,1.2446195204014951,False,False,3,False,False
2008-09-12,2008-09-17,2008-09-16,-12.072983178605488,-38.1535493609073,8.76181994260047,-3.619739952891378,-4.346961539159453,-32.538193672045814,24.930134254822477,2.31887062412689,-2.8792459383426423,-0.7576865291397533,-2.360926473237287,-0.5432812570729973,-1.6352850494481699,1.2440077792294448,False,False,1,False,False
2008-09-19,2008-09-24,2008-09-23,16.451169614372148,-23.55099790329389,-14.950098319066019,-20.542288806735254,8.946648165541388,-23.775489849527382,-18.272466069944336,-15.566148235061583,-2.027842871820896,-1.4977709771597227,-1.8905538046138428,-1.398740333042998,-1.703726996659365,1.2433960380573947,False,False,2,False,False
2008-09-26,2008-10-01,2008-09-30,-6.859557311064863,-33.703953205551656,-1.038585003212272,-22.299439776034976,-5.194197907065835,-32.046058056168455,-9.012257014910794,-28.908743787136444,-2.576344158978972,-1.5677397139780596,-2.2998801172798595,-2.0309202590246236,-2.1187210623153785,1.2427842968853444,False,False,3,False,False
2008-10-03,2008-10-08,2008-10-07,-11.03381267315784,-40.9964470299445,-28.693663820183236,-47.223660375004805,-14.547800243588163,-43.38613371884905,-16.006932973484826,-42.583867461482896,-2.9499584602172013,-2.648398895203162,-2.854044371290194,-2.667273848261018,-2.7799188937428942,1.242172555713294,False,False,3,False,False
2008-10-10,2008-10-16,2008-10-15,-17.877489658562638,-55.39531059574229,-11.20495038086229,-53.40439138679977,-13.561738248743033,-54.378009136824325,-14.527887621741217,-54.25743220805709,-3.69381493693302,-2.886226481726069,-3.3688778598572267,-3.1879303292497063,-3.2842124019415055,1.241560814541244,False,False,3,False,False
2008-10-17,2008-10-22,2008-10-21,-9.876001741735477,-55.13457070963472,-14.873534647790546,-57.51735779663488,-4.861279630802334,-49.3355469668748,-7.979691684029726,-50.98210115987555,-3.605170600138308,-3.0249015274528652,-3.0618423856531716,-2.9858026226718635,-3.1694292839790523,1.2409490733691937,False,False,3,False,False
2008-10-24,2008-10-29,2008-10-28,-12.680099165538422,-70.2182670421218,-15.394744844763391,-77.86460344621652,-9.824745025655568,-59.07497988725656,-10.126121590688552,-61.05338315500275,-4.329109400563016,-3.8443699982140283,-3.493673811135685,-3.4088273437212164,-3.7689951384084868,1.2272945285780228,False,False,3,False,False
2008-10-31,2008-11-05,2008-11-04,11.438022505688885,-52.116820493893734,3.76876423317719,-69.65659873087309,8.654045633105646,-41.06330782666068,7.770898432731633,-44.09645517369757,-3.283599738354074,-3.4200300382576714,-2.563485393740588,-2.579393161467274,-2.9616270829549016,1.2136399837868443,False,False,0,False,False
2008-11-07,2008-11-13,2008-11-12,-15.621671721518698,-72.09083817234406,-13.156502717850907,-87.52619335066112,-12.330486084069134,-53.153982815355384,-12.763886312920237,-53.07235844909093,-4.241990559310797,-4.092292135714036,-3.113777151309982,-2.956425692370548,-3.6011213846763406,1.199985438995666,False,False,3,False,False
2008-11-14,2008-11-19,2008-11-18,-8.72257359805135,-75.23656214396341,-13.15023083977416,-95.34302788236117,-7.576490639689607,-58.18549254170525,-8.021401388380541,-59.03199542794025,-4.288566382243306,-4.307070078831987,-3.3052791290227197,-3.1823806909281633,-3.770824070256544,1.186330894204495,False,False,3,False,False
2008-11-21,2008-11-26,2008-11-25,-8.430880790562725,-85.97013402014511,-3.7636383281334775,-105.59306511054393,-4.280584099773682,-65.36663863071828,-4.965356574655405,-68.28544856651176,-4.695073700825932,-4.594672236756013,-3.5854554390098023,-3.541157292977267,-4.104089667392254,1.1726763494133166,False,False,3,False,False
2008-11-28,2008-12-03,2008-12-02,-13.08977469634453,-84.36171918872381,-13.21526871357182,-109.79440627829038,-12.172337286830631,-66.2871116071183,-11.528615545779616,-70.83060168497737,-4.4749948562771555,-4.618722303949801,-3.5600087943550114,-3.5861673567472465,-4.059973327832304,1.1590218046221457,False,False,3,False,False
2008-12-05,2008-12-10,2008-12-09,-11.354124774802028,-89.37529388487889,-13.15293899538495,-125.81362615668861,-11.770372408081741,-72.23386326051929,-17.3136932218704,-83.65444961861877,-4.578635671070475,-5.074699050619333,-3.7618867450058033,-4.065461999710709,-4.37017086660158,1.1453672598309672,False,False,3,False,False
2008-12-12,2008-12-17,2008-12-16,4.2877024356391935,-79.81768933333477,17.17901047416128,-110.50082170914509,3.437728907761305,-65.41195522128689,0.07410152247194256,-80.11708136372553,-4.018834671907812,-4.346689069381564,-3.3830223675895494,-3.8220657529938693,-3.8926529654681987,1.1317127150397885,False,False,0,False,False
2008-12-19,2008-12-24,2008-12-23,-37.00592140705122,-126.08449596725121,-20.077764161486524,-114.98271486072105,-8.488198431428552,-80.82573111836034,1.1049836186584936,-88.12517393175476,-5.946248305364736,-4.3882128667523315,-3.998620678384885,-4.070036214841789,-4.600779516335935,1.1180581702486176,False,False,2,False,False
2008-12-26,2008-12-31,2008-12-30,22.507095313156885,-94.98670274077593,3.052809144969676,-109.41479955394242,-3.5225694097608944,-79.84687242970357,-3.0606826736080928,-85.36049352365582,-4.370135372498192,-4.079965076121513,-3.865899672440099,-3.863568912009896,-4.044892258267424,1.1044036254574392,False,False,2,False,False
2009-01-02,2009-01-07,2009-01-06,19.667448083392763,-59.62397620926365,29.225873947919272,-59.37619280922062,23.01556563996661,-43.20243811805191,21.739553972360902,-45.20954442241665,-2.8134942697998278,-2.311070205226759,-2.245727863570165,-2.1999374206722675,-2.3925574398172547,1.1031849233018218,False,False,0,False,False
2009-01-09,2009-01-14,2009-01-13,-25.128501002687738,-76.50305840487188,-1.5530942030876622,-52.96047095193833,-5.7523844138186595,-43.01577206985359,-6.2598656319744554,-45.99402429064296,-3.460588239295661,-2.077924661519533,-2.2194907459575743,-2.21320495558367,-2.4928021505891094,1.1019662211462038,False,False,3,False,False
2009-01-16,2009-01-22,2009-01-21,11.939970830902343,-55.42307453045348,2.829164262109121,-36.84397855183186,-7.938502925456565,-46.312460984677614,-10.335277082735475,-49.31925610324383,-2.5625137926242636,-1.5296749936387617,-2.33851097758785,-2.325100462700847,-2.1889500566379305,1.100747518990586,False,False,2,False,False
2009-01-23,2009-01-28,2009-01-27,7.730667321422567,-41.873559567613164,-3.9705259592692768,-25.241393361432294,-1.6411356559790147,-34.26197969657182,-2.976626295888639,-39.93051773328764,-2.001763270819099,-1.1395348800697616,-1.8208494178897514,-1.9412430131318406,-1.725847645477613,1.0995288168349686,False,False,3,False,False
2009-01-30,2009-02-04,2009-02-03,-1.9385147858176275,-51.058091557928066,6.869279646594498,-18.651443505399058,-4.337320772962581,-44.88383158377903,-4.214318132236389,-47.59429129179769,-2.3491423534588054,-0.9184218810830961,-2.2471312695733157,-2.224531702599266,-1.9348068016786208,1.0983101146793506,False,False,2,False,False
2009-02-06,2009-02-11,2009-02-10,-8.498926641782313,-48.644995614836915,7.836062149055153,-2.4559945121187923,-1.59034021999143,-40.49560727192139,-2.5692343515333946,-46.61515824064497,-2.23432037318512,-0.38134026432464285,-2.049333359424685,-2.1691448500324446,-1.7085347117417231,1.0970914125237332,False,False,2,False,False
2009-02-13,2009-02-19,2009-02-18,-7.95322714614306,-50.03294271972336,-17.99932670343635,-10.58255238038479,-12.765989592613819,-45.04069651262361,-11.52232232907851,-49.67446496463195,-2.2702854273068507,-0.6494096690659648,-2.2201599902833467,-2.269409364438034,-1.852316112773549,1.0958727103681152,False,False,3,False,False
2009-02-20,2009-02-25,2009-02-24,10.576089316195928,-22.899362188030043,-2.9852963149681275,11.778303565638346,1.836445600512464,-32.362867798060094,3.5506688456909816,-33.55225689335056,-1.2033357623205925,0.09164784915211253,-1.6888471453189202,-1.6382676203797226,-1.1097006697167808,1.0946540082124974,False,False,1,False,False
2009-02-27,2009-03-04,2009-03-03,9.87802300355398,-26.53021551810545,17.73460228957424,7.950651463119963,0.25608208616736505,-39.201904656682004,-1.1182912239745755,-42.65785885505108,-1.3395723241854471,-0.03528457689975271,-1.9565664018489426,-1.97532468543837,-1.326686997093128,1.09343530605688,False,False,1,False,False
2009-03-06,2009-03-11,2009-03-10,9.428181208320876,4.202674796535434,-3.3540976415558394,30.277037210298268,0.42535155580564415,-22.754809849926783,1.459879942115285,-23.988246611126304,-0.14921086160032626,0.7054211194371911,-1.2816918838758542,-1.2574944912603137,-0.49574402932482575,1.092216603901262,False,False,1,False,False
2009-03-13,2009-03-18,2009-03-17,6.954730036647117,2.481003831235541,9.060999679010976,26.266826203785172,6.172259068453627,-15.358045685463134,4.337627432535185,-9.419638722584576,-0.2154986577963231,0.5708853048655306,-0.9795792992879083,-0.703510378982179,-0.33192575780022,1.0920705998349087,False,False,0,False,False
2009-03-20,2009-03-25,2009-03-24,8.585353589314229,37.346754177579236,5.110330673617626,35.40996141609998,15.767882324691357,6.622137237501066,17.686451733089637,7.600390699592258,1.1330446766977962,0.8736722318379816,-0.09264609887371393,-0.05953320154228058,0.4636344020299458,1.0919245957685553,False,False,0,False,False
2009-03-27,2009-04-01,2009-03-31,-7.226444127096183,27.83249663510873,-5.796570499721695,43.26090778323188,-9.353942404639074,6.97416547491926,-8.638975702804524,3.336169896523469,0.761834361647131,1.1325690428250734,-0.07833939878592441,-0.22066024214214508,0.39885094088603373,1.0917785917022018,False,False,3,False,False
2009-04-03,2009-04-08,2009-04-07,-1.0327114155849517,1.0640575123192886,4.341999399483827,15.84333416192591,2.6589454189239436,-12.263035489070814,3.588814284305888,-13.191137607005604,-0.27507752683471914,0.21820240101933056,-0.8542993446816008,-0.8459509433083279,-0.43928135345132935,1.0916325876358486,False,False,0,False,False
2009-04-10,2009-04-15,2009-04-14,-3.160982783632714,19.61923073597331,-0.9423773981877376,24.003708564970555,-1.7279047608352176,-7.685344773150024,-1.840108537089129,-8.223809823697211,0.44384908398800926,0.48937048736012184,-0.6676077511064078,-0.6559371432436537,-0.09758133075048261,1.0914865835694951,False,False,3,False,False
2009-04-17,2009-04-22,2009-04-21,-5.950174207997881,27.65262385617135,-3.9366390187554514,10.704543602274578,-3.322564762832039,-9.243956065036507,-4.454916991217738,-8.788229461855131,0.7545678467564051,0.045704072189811866,-0.7292822612548303,-0.6760898822096215,-0.15127505612955872,1.091340579503142,False,False,3,False,False
2009-04-24,2009-04-29,2009-04-28,4.935143162810323,5.257204632814548,-1.526747213078842,11.999702318056908,-2.585695383629918,-9.894553056413658,-3.883243902687355,-8.19520161294566,-0.1156537510933663,0.08883010847162853,-0.7541054526619153,-0.652306115627472,-0.35830880272778126,1.0911945754367884,False,False,3,False,False
2009-05-01,2009-05-06,2009-05-05,9.343496457987227,26.338690203162795,13.170279868830399,20.262059858483976,6.48755213574036,0.0,7.260951195713987,2.559554718896372,0.7032643197208054,0.3645758489333523,-0.3524767770570033,-0.2429301584752954,0.11810830828046473,1.091048571370435,False,False,0,False,False
2009-05-08,2009-05-13,2009-05-12,8.885258497053625,39.5987968297445,7.1551967772116285,22.738984219566095,6.295785015248136,8.117329004382244,7.642606720334795,12.298046541315516,1.217230184627923,0.44682978050205246,-0.023363433345186854,0.12745189775343352,0.44203710738455554,1.0909025673040817,False,False,0,False,False
2009-05-15,2009-05-20,2009-05-19,1.2000482052971857,53.210783973750175,9.285324630543236,44.33594701328391,-0.6802747322752523,21.04261268414997,-1.008411906662616,24.189942934630434,1.7419784379595353,1.1687890613886895,0.5005779445341657,0.5797377223798381,0.9977707915655571,1.0907565632377283,False,False,2,False,False
2009-05-22,2009-05-28,2009-05-27,6.330918718710368,48.96561337626461,2.986978896047535,50.30822222429957,4.537135742064634,23.743302825702134,4.233436382656073,24.87271047159553,1.5684170181084878,1.364938405318053,0.6093405664402156,0.6047305006306133,1.0368566226243423,1.0899910149987655,False,False,0,False,False
2009-05-29,2009-06-03,2009-06-02,9.31544415033438,50.06221937702282,6.580247748869661,42.43260736438205,14.55007575229948,40.85861207139216,15.153971228653793,43.445264498141675,1.6037902501378036,1.0967661151041723,1.303255738349785,1.3114946798919742,1.3288266958709338,1.089225466759802,True,True,0,False,False
2009-06-05,2009-06-10,2009-06-09,2.077996849174522,42.712035017876474,0.9429090288851687,46.72961403482306,0.16982738301916103,40.603087898605686,0.8923650962216596,42.877749652248056,1.3127800747568914,1.2371580336529442,1.2883426091297696,1.2852741013987932,1.2808887047345996,1.0917785917022018,True,True,0,False,False
2009-06-12,2009-06-17,2009-06-16,0.6406171812411507,36.39792216247051,5.2309461960237575,42.89956055183584,1.0129518238855577,35.443780654037624,2.0335957739676265,40.5737179936805,1.0647614805707635,1.1052864628208445,1.0747866209138135,1.1932228154059414,1.1095143449278406,1.0995288168349686,True,True,0,False,False
2009-06-19,2009-06-24,2009-06-23,-2.383800412454261,25.428768160702024,-11.41404942003037,26.37518045818783,-3.6492076448768236,16.026690684469436,-1.9780864747349125,20.90917978585594,0.6390489766951,0.5507557594556455,0.2848713131850169,0.44177766702116944,0.47911342908923293,1.10695898519264,False,True,3,True,True
2009-06-26,2009-07-01,2009-06-30,1.4571418462501253,34.11235413404834,0.05544774192516956,32.22719869983471,-0.4073325387635786,24.97330055034493,-0.7799482434823751,28.7682072451781,0.9728446811804912,0.7452750477600467,0.647493913320815,0.7402422633687533,0.7764639764075265,1.1064479132456,False,True,2,False,False
2009-07-03,2009-07-08,2009-07-07,-12.804963311093633,20.74436509112924,-11.7106125050424,16.94931102625251,-13.34491524007829,8.152406750331512,-11.518935459005773,13.370669282656673,0.4547407804519557,0.23325997820505467,-0.03671867732510927,0.15234851154641643,0.2009076482195794,1.1059368412985597,False,True,3,True,False
2009-07-10,2009-07-15,2009-07-14,-5.323705987102578,18.58164188765937,-5.895123586270097,11.996564838170135,-2.9374608679904246,6.9428506431762935,-3.6867655545186873,11.524012265227114,0.37052648567549357,0.06724248964069424,-0.08585046934867697,0.08173002154149275,0.1084121318772509,1.1054257693515195,False,False,3,False,False
2009-07-17,2009-07-22,2009-07-20,6.862423259807708,33.3068057753286,9.864127600903805,25.817236266077153,12.139967612657195,23.646900591135903,11.236914581230334,27.293421581722527,0.9392305734613602,0.5301430627014416,0.5942847613214405,0.6837335648355768,0.6868479905799547,1.1049146974044795,False,False,0,False,False
2009-07-24,2009-07-29,2009-07-28,5.047957376177932,31.054708782312844,3.722158850811009,30.373681336303893,5.330690950584104,29.206511901133464,3.5367143837291346,32.954646826825275,0.8499100150784382,0.682059429663841,0.8197830141277125,0.8987629685411592,0.8126288568527877,1.1044036254574392,False,False,0,False,False
2009-07-31,2009-08-05,2009-08-04,6.002956080512405,27.101501996656918,9.689306455872776,26.61469199004829,6.781324464493547,29.48147703092081,5.264373348542209,31.473224998480703,0.6951548755346131,0.5546663908614446,0.8292533659027402,0.8400872554668185,0.7297904719414041,1.1031849233018218,False,False,0,False,False
2009-08-07,2009-08-12,2009-08-11,-2.7546822029610873,18.39352969862412,-1.2837146760680718,20.078554558287006,0.2661699734860387,25.40522807782447,-0.7880261425305976,25.652690467198525,0.3568282206411859,0.3342476398376849,0.6612657477194169,0.6157454837032778,0.4920217729753914,1.1019662211462038,False,False,2,False,False
2009-08-14,2009-08-19,2009-08-18,-0.34612091087296637,15.992190019221427,-3.9530838756635203,9.348389149524724,-1.9324272826402815,24.022630359043973,-1.8095224977954678,23.57087372355748,0.2632796411450308,-0.02697582327801765,0.6036483692743012,0.5350200950480675,0.34374307054734543,1.100747518990586,False,False,3,False,False
2009-08-21,2009-08-26,2009-08-25,3.3805235759401677,13.624856843516934,-1.8448705552333182,2.6076373489078613,-0.9256804460532227,18.057254016969303,-1.1885607233981084,18.18868686758299,0.17109381063879986,-0.253856764648581,0.35899118216294884,0.3280352392400191,0.1510658668482967,1.0995288168349686,False,False,3,False,False
2009-08-28,2009-09-02,2009-09-01,-4.997102871337282,-0.6876901781547323,-3.6813973122716317,-7.654007712233438,-5.394566289171495,-1.8873880245016652,-5.301101596650371,-2.2663859577211833,-0.3850089915304249,-0.599364895427437,-0.4569357332455211,-0.45666175018478566,-0.47449284259704216,1.0983101146793506,False,False,3,False,False
2009-09-04,2009-09-10,2009-09-09,4.535143626055227,1.7694565987259756,2.0248160829947492,-6.572100658123853,1.2622083809747981,-0.7950070265460367,0.6283939558534286,-2.5303570980894086,-0.2889209194432595,-0.5618524379273968,-0.4115390616935575,-0.4661017881509357,-0.43210355180378734,1.0970914125237332,False,False,0,False,False
2009-09-11,2009-09-16,2009-09-15,-0.38057696227679944,0.3820308855776672,-2.4678762270775167,-13.324742272342377,-0.17246339428517674,-1.7113937372251447,0.9706042512176509,-2.9669122722653545,-0.34253605610355936,-0.7888925559209283,-0.44848047704299254,-0.4821641140994755,-0.515518300791739,1.0958727103681152,False,False,2,False,False
2009-09-18,2009-09-23,2009-09-22,0.9697216036279263,6.366244812516516,0.5097717071668801,0.7941051372812905,2.2754110248512562,5.848265425064103,4.227548314823833,4.398148299333863,-0.1088655013821062,-0.3104331324543182,-0.13779945417666026,-0.19821870831288405,-0.18882919908149218,1.0946540082124974,False,False,0,False,False
2009-09-25,2009-09-30,2009-09-29,-7.159365318700882,-7.117398471893425,-9.164458991111795,-13.368617940604066,-5.66953436765453,-3.3365693843800406,-7.754944950850379,-7.3729526718933585,-0.6348107615840245,-0.7888978004782037,-0.5147430375534346,-0.6511351555723625,-0.6473966887970064,1.09343530605688,False,False,3,False,False
2009-10-02,2009-10-07,2009-10-06,6.048320910319625,11.735885749519817,9.277389550826927,7.6193841152652695,6.230388333615484,16.238734189313735,6.218141928018986,10.364124715131382,0.10242626232538,-0.07730472516100335,0.29053787695906613,0.0333591475168413,0.08725464041007103,1.092216603901262,False,False,0,False,False
2009-10-09,2009-10-15,2009-10-14,7.738666361542039,20.12766709904158,6.62791656153553,11.812276727167752,8.649040797550244,21.097196508010718,8.297703272710876,15.942135345364077,0.4303615704453485,0.06480872286177983,0.490041053851312,0.24848524364758903,0.30842414770150733,1.0920705998349087,False,False,0,False,False
2009-10-16,2009-10-21,2009-10-20,6.238539510785839,19.989616207977054,7.89395636013792,11.14354200813992,5.83883182381542,16.986218470127294,5.448025667328119,12.605551324771898,0.4243304242382386,0.042049857177381966,0.3199937743094715,0.11930424844015215,0.22641957604131105,1.0919245957685553,False,False,0,False,False
2009-10-23,2009-10-28,2009-10-27,0.7326965572825522,22.534862387252378,3.257617043461267,16.88038663869538,1.285237661729202,20.960593375028544,0.9862012869115844,17.547556428596447,0.5234185193548752,0.23679075367515676,0.4834141937648816,0.31024393318170873,0.3884668499941556,1.0917785917022018,False,False,0,False,False
2009-10-30,2009-11-04,2009-11-03,0.16349120160575797,10.051343947906972,-3.461594676653304,0.30674870678618793,-0.34440378445986325,4.795266381257517,-0.19646371741648544,3.5021087694094017,0.03315044434972212,-0.32692379885071443,-0.18440635006714504,-0.2338625689025609,-0.17801056836767454,1.0916325876358486,False,False,3,False,False
2009-11-06,2009-11-12,2009-11-11,-1.4298500218351022,11.486599572162607,-0.9731190747868271,1.7129928336764608,-0.8893339247563125,6.298472476895979,-0.8950830520084669,4.966467231436435,0.0894520930855278,-0.2786243096069316,-0.12206705411771551,-0.17681057639134304,-0.12201246175761557,1.0914865835694951,False,False,3,False,False
2009-11-13,2009-11-18,2009-11-17,0.08855715677740729,8.63218644476597,1.8083675433295545,2.751276572214725,1.4424522669230273,6.47690003707663,1.6373474197972495,6.191728765769709,-0.02284695009516966,-0.24288338698912149,-0.11453509873374304,-0.12904739057978754,-0.12732820659945543,1.091340579503142,False,False,0,False,False
2009-11-20,2009-11-25,2009-11-24,-5.457316613307961,4.786911410732229,-2.8565951706805834,5.245863399391705,-5.5852077925893076,4.212833043431059,-3.607605647380965,5.938177202532301,-0.1741376861688549,-0.15748138550706114,-0.20816171946249698,-0.1387374378407565,-0.1696295572447924,1.0911945754367884,False,False,3,False,False
2009-11-27,2009-12-02,2009-12-01,2.453635486685623,14.057232294740377,3.2958698952751413,11.474813196122941,3.9833852147361077,15.530474804536498,3.2066875796662653,15.029553007454618,0.19131637141620875,0.055433473347496584,0.26137774661054647,0.2150315610472242,0.180789788105369,1.091048571370435,False,False,0,False,False
2009-12-04,2009-12-09,2009-12-08,-7.686919690388145,1.8351689782970038,-4.7195691336274495,4.730427979500752,-4.0348387790305384,10.23342764453117,-2.2439236191277754,12.157235432473401,-0.2910195111145439,-0.17523473926885919,0.041152777857929264,0.10291406550675435,-0.08054685175467986,1.0909025673040817,False,False,3,False,False
2009-12-11,2009-12-16,2009-12-15,-2.7513780796508907,-2.6273171360388696,-4.1198238064924,-0.4968268569010121,-3.7760123103350556,4.31407327392138,-4.223078603136689,5.348290432014591,-0.4668552809951957,-0.35395493055381044,-0.20491462994985016,-0.16266349520292073,-0.2970970841754442,1.0907565632377283,False,False,3,False,False
2009-12-18,2009-12-23,2009-12-22,3.969986984668445,6.668198892523717,1.483136222418174,8.651581228351677,2.272224573880993,10.338870036952626,0.9424153519270673,8.592238751149385,-0.09875431841873629,-0.03997562891485153,0.04603370291162829,-0.03584508359880175,-0.03213533200519032,1.0899910149987655,False,False,0,False,False
2009-12-25,2009-12-30,2009-12-29,8.132200074793422,16.969713089694647,7.673691953903687,19.513895861970425,10.110619584008896,22.836797545101618,8.177027484552635,20.04031226138473,0.30903177148258754,0.33275356426200126,0.5666430017217586,0.41157683402346545,0.40500129287245323,1.089225466759802,False,False,0,False,False
2010-01-01,2010-01-06,2010-01-05,3.828158979497996,15.134083129845004,5.901417143705517,18.117608129642544,4.673747785168985,21.68846404126763,5.263124994808679,19.524535714692867,0.23590403251562964,0.2843525978081213,0.5178654567631193,0.3908229534154708,0.35723626012558524,1.0884599185208388,False,False,0,False,False
2010-01-08,2010-01-13,2010-01-12,-1.1690282644513894,9.811147568530735,-1.6855684402692608,14.5045423738128,-3.43740298323564,12.51946494364675,-2.2892847458400234,11.189304336636642,0.024489370609780455,0.159751615416989,0.1344474751210705,0.06389209850610568,0.09564513991348642,1.087694370281876,False,False,3,False,False
2010-01-15,2010-01-21,2010-01-20,-4.2608050342115265,-2.6134446802585987,-2.607773850590885,2.421914543142505,-6.189551412421776,-1.546551154127826,-5.338482445630934,-1.1893103513952183,-0.4689116367891052,-0.2563840783721668,-0.4533972591966504,-0.42148684503961487,-0.4000449548493843,1.0869288220429127,False,False,3,False,False
2010-01-22,2010-01-27,2010-01-26,-5.611625081089311,-7.032228517941509,-4.729251470768509,-2.9943876373072076,-4.588654737510323,-5.178337035913327,-3.9925462409183856,-4.431892810452233,-0.6438607995569696,-0.44272153532745173,-0.6046271813253808,-0.5481457675452902,-0.5598388209387731,1.0861632738039497,False,False,3,False,False
2010-01-29,2010-02-03,2010-02-02,3.3450577273113997,0.2204214830854213,1.8882929013647096,2.249583616941782,4.63792795851215,3.2543547732471207,2.8609228489209695,2.2517839095807783,-0.3543089336840664,-0.2611943829101512,-0.2507225082708463,-0.28478759154828015,-0.287753354103336,1.0853977255649865,False,False,0,False,False
2010-02-05,2010-02-12,2010-02-11,-2.2735718785320698,-5.445193216478691,-5.674549538547532,-1.9969134393929413,-3.688217981381913,-3.0412886288378154,-2.623763021685715,-2.024360627664666,-0.5794167254748068,-0.40751481630011555,-0.5141847027984604,-0.4525580316564574,-0.48841856905746006,1.0846321773260232,False,False,3,False,False
2010-02-12,2010-02-18,2010-02-17,4.716730674429517,0.025886616763753076,4.553295566910744,4.659227780206679,2.8500656805798767,1.7717497122339099,2.726064820889173,3.136321806566943,-0.36049339890040755,-0.1768569944432421,-0.3115796126614399,-0.24880580794585128,-0.2744339534877352,1.0838666290870602,False,False,0,False,False
2010-02-19,2010-02-24,2010-02-23,2.095326995006501,-1.188683697813074,4.104680317837906,4.2580937971727195,1.7531127675941658,-0.0992555912751739,3.122930363378187,1.2276117831543576,-0.4084598720573761,-0.19052448145053655,-0.38972127206240087,-0.3236980495072021,-0.3281009187693789,1.083101080848097,False,False,0,False,False
2010-02-26,2010-03-03,2010-03-02,1.2766399766506078,3.0218401794316354,1.6054832804918373,5.761275278461106,1.5274995198394692,4.500759605743589,1.3572675637212661,5.035614654089003,-0.23978186060146559,-0.1382095683234187,-0.19588932884656282,-0.17308086968011083,-0.18674040686288948,1.0825137041716362,False,False,0,False,False
2010-03-05,2010-03-10,2010-03-09,2.33377026746458,6.43585782280631,3.6488293263136686,11.059626541685866,1.3116534902471606,4.138521616285428,0.9583207025807626,4.686069631818668,-0.10301819284500395,0.045746701838392974,-0.21088980007855065,-0.18667413142368572,-0.11370885562721184,1.0819263274951751,False,False,0,False,False
2010-03-12,2010-03-17,2010-03-16,0.3062789530545731,14.748588496945668,0.8341104893848438,19.67303582502281,1.6276089314547044,12.206569744838413,1.137992366276258,11.319668081865895,0.22976947162780484,0.34482899576811626,0.1291738241493103,0.07579389972440491,0.19489154781740908,1.081338950818714,False,False,0,False,False
2010-03-19,2010-03-24,2010-03-23,-0.08566359209525423,11.811977207148598,-1.3472909951368475,16.6543967325119,-1.146144351900665,8.204599373153057,-0.6622540760493271,7.589848292751017,0.11183606703947718,0.23943461343669606,-0.03972730882624118,-0.07191608392051445,0.0599068219323544,1.080751574142253,False,False,3,False,False
2010-03-26,2010-03-31,2010-03-30,0.5615934672002301,6.682991964886903,0.791991095285753,10.665033913085226,1.8087118491143968,4.584638812541865,2.113250747748603,6.330013088642464,-0.09401855847581284,0.030688357918222192,-0.19249941300461504,-0.12175242708456804,-0.09439551016169342,1.080164197465792,False,False,0,False,False
2010-04-02,2010-04-07,2010-04-06,5.4863573505541074,8.62343190597167,3.3512431471541815,8.47565846025405,5.934139012864267,5.981543611998009,5.966523136690319,8.753008024315475,-0.015987266692961147,-0.04563446801767613,-0.13322961069360922,-0.025487425200122964,-0.055084692651092365,1.0795768207893313,False,False,0,False,False
2010-04-09,2010-04-14,2010-04-13,-3.217372730870148,1.2729846454771923,-2.3294042512863724,1.724582476613514,-2.624585039712574,-0.3661331321233878,-2.487911528148776,1.4956091153649957,-0.31148018109016773,-0.28109146416974895,-0.4016523150579855,-0.3136978533991868,-0.32698045342927223,1.07898944411287,False,False,3,False,False
2010-04-16,2010-04-21,2010-04-20,-0.9833392583315484,6.2403740265362,0.23078708605022116,7.2159309913320175,-1.5246310572873751,5.453287902025027,-1.8157557414252745,6.33482083110442,-0.11116937303679812,-0.08896991922499435,-0.15464257511454294,-0.12089927679481029,-0.11892028604278643,1.0784020674364088,False,False,2,False,False
2010-04-23,2010-04-28,2010-04-27,-0.6650166579585637,9.579555780196245,1.0548137241031736,10.983115915349511,1.98208839667111,11.75548553929861,1.500369131723063,12.02115235638129,0.02350190031758268,0.04284393193395584,0.11275951004085284,0.10558094675674731,0.07117157226228467,1.0778146907599482,False,False,0,False,False
2010-04-30,2010-05-05,2010-05-04,0.3632844876955238,10.599195179292169,0.5005698734436861,14.796618164781119,2.9235273022483077,13.962897249264106,2.054560880889119,14.637082407333772,0.06460538301544015,0.17627836537494238,0.2063313501822669,0.20970162404842496,0.1642291806552686,1.077227314083487,False,False,0,False,False
2010-05-07,2010-05-12,2010-05-11,-7.999234430179877,3.5451473699095453,-6.2271460542928345,9.150101875790508,-6.359334148308425,8.885960772786918,-6.247757531754861,8.389324875578923,-0.2203457784251041,-0.021797059508637806,-0.009668074908192634,-0.03979610658657374,-0.07290175485712708,1.0771122137309246,False,False,3,False,False
2010-05-14,2010-05-19,2010-05-18,-9.599130735868917,-10.770714040388892,-6.8992871486951435,-2.3024808398153693,-7.8587303738788945,-1.822835281671846,-7.370986136509028,-1.7077260818192905,-0.7988591653780348,-0.4235587083734853,-0.46526841357285426,-0.44302283396042125,-0.5326772803211989,1.076997113378362,False,False,3,False,False
2010-05-21,2010-05-26,2010-05-25,-6.860172779842031,-20.789982792177064,-5.807224009380022,-12.94776579861357,-4.227083782990635,-7.987867913220262,-3.0344318378680497,-7.153098803821075,-1.2026000107547732,-0.7968040804305055,-0.7271514677666567,-0.6601033357252414,-0.8466647236692941,1.0768820130257997,False,False,3,False,False
2010-05-28,2010-06-03,2010-06-02,11.781733920851961,-10.452317286804542,5.288281485157476,-9.804977813582036,6.799735124544994,-3.906746819090951,6.12694760556669,-3.8067713809965036,-0.7813333193538077,-0.6849072497206682,-0.5519965083615016,-0.5251585529974411,-0.6358489076083547,1.0767669126732373,False,False,0,False,False
2010-06-04,2010-06-09,2010-06-08,-1.1343322624115528,-12.560495833145882,1.5570784384879195,-13.532786005600169,-0.5628052717002002,-6.119790387181289,-0.45328710199870464,-5.690598420336893,-0.865160760770686,-0.8147995785813615,-0.6455416983793297,-0.5998150756582343,-0.7313292783474029,1.0766518123206748,False,False,2,False,False
2010-06-11,2010-06-16,2010-06-15,6.672727598499763,-6.194047187700678,6.945449463312102,-7.421447031672912,5.295942742277425,-2.4514565763585705,4.8766125996812795,-1.9519781869318753,-0.6058828266153664,-0.5983486958298266,-0.4879753932824723,-0.4490990376005928,-0.5353264883320645,1.0765367119681124,False,False,0,False,False
2010-06-18,2010-06-23,2010-06-22,0.4026240908814053,-5.705759504724029,0.44631861839911036,-5.627837418136949,2.0708662025907416,0.7655539781328279,1.479387515295701,0.18966340441315885,-0.585174511727817,-0.5343069337321825,-0.349902249227565,-0.3626033403840173,-0.4579967587678955,1.07642161161555,False,False,0,False,False
2010-06-25,2010-06-30,2010-06-29,-1.593971558402741,-7.861324530327006,-3.217975000754473,-9.637803514177183,-5.084183843445884,-6.1273417144274545,-4.455942953548312,-6.379530296883757,-0.6716173341800054,-0.6747597894744852,-0.6441235130787876,-0.6258343636917375,-0.6540837501062539,1.0763065112629877,False,False,3,False,False
2010-07-02,2010-07-08,2010-07-07,-2.5071322511334766,-14.541192300767433,-0.15341347933482505,-10.715011092005641,-2.077601964510463,-12.453043176554656,-2.051610613018011,-12.973247707692344,-0.9413190324154375,-0.7116127839128775,-0.913692328963272,-0.8897131579841088,-0.8640843258189239,1.0761914109104251,False,False,3,False,False
2010-07-09,2010-07-14,2010-07-13,6.977077895519594,-8.255181945050898,5.965779029726816,-7.731230430055389,6.768343807210058,-7.817222824741739,7.500369513665232,-7.518124938729136,-0.6844479836221818,-0.6051916517586776,-0.7134551375927175,-0.6687370410792567,-0.6679579535132084,1.0760763105578628,False,False,0,False,False
2010-07-16,2010-07-21,2010-07-20,0.2071466302601869,-7.064696056459188,-0.7516948449298932,-8.713712361035507,-0.7464578079045993,-7.039049575358955,-0.8767713253310038,-6.57914052263487,-0.6350194363453252,-0.6389301395008465,-0.6789307553095661,-0.6298976934646656,-0.6456945061551009,1.0746375416117195,False,False,3,False,False
2010-07-23,2010-07-28,2010-07-27,0.18090197464760005,-6.2187774238530205,-1.1128086509407502,-10.881334736079443,-2.1712541930625022,-11.19239216509257,-1.2306333010757542,-9.310142955433697,-0.5996773478751589,-0.7144597086209931,-0.8557283089669149,-0.7387813195638638,-0.7271616712567326,1.0731987726655752,False,False,3,False,False
2010-07-30,2010-08-04,2010-08-03,6.327901411644494,-0.2541604999040598,6.307509072337022,-5.074395537186095,8.837169007135639,-5.278750460205217,8.129920449770893,-3.234783386551928,-0.35644283470801436,-0.5080930748752709,-0.6006771622203366,-0.4929590214923553,-0.4895430233239943,1.071760003719431,False,False,0,False,False
2010-08-06,2010-08-11,2010-08-10,-2.8018544549370987,4.943219475338712,-4.542905684674878,-3.390155167568134,-3.4223872387577488,-2.3418035506545407,-2.262853422086363,0.7501207231165495,-0.14463575746157478,-0.44782539329230425,-0.4738295173946639,-0.3317390388444834,-0.3495074267482566,1.0703212347732878,False,False,3,False,False
2010-08-13,2010-08-18,2010-08-17,-5.745169477585721,8.797180733621927,-6.931419104201073,-3.422287123074063,-4.500141245770285,1.01678557745407,-3.905258156189325,4.21584870343627,0.012427147474500194,-0.4483632944138387,-0.3290435349281062,-0.19156946166038913,-0.23913728588195846,1.0688824658271434,False,False,3,False,False
2010-08-20,2010-08-25,2010-08-24,-6.151599045636208,9.505754467827751,-4.267606003300351,-1.8826691169943917,-2.8734660402060306,2.3704033202386743,-3.8113992137856196,3.4388813275186823,0.041292274112611695,-0.3932271934421682,-0.27048743303562195,-0.22271443270299932,-0.21128419626704442,1.0674436968810002,False,False,3,False,False
2010-08-27,2010-09-01,2010-08-31,0.9638965457804103,-1.312082907243788,4.908291590474613,-2.262659011677241,2.315513793855517,-2.1138180104507933,1.4028286163188055,-1.2852376617291994,-0.4001411283579462,-0.40619629312812194,-0.4630039537021696,-0.4133675731227292,-0.42067723707774174,1.066004927934856,False,False,0,False,False
2010-09-03,2010-09-09,2010-09-08,3.711710010593452,0.362343548827549,4.627807819873349,2.8867984000852265,4.378808978139169,3.165447276996542,3.615440182013622,3.119161247800712,-0.3312436345208809,-0.2229237038648152,-0.2351543386587629,-0.2346755564159542,-0.2559993083651033,1.0645661589887119,False,False,0,False,False
2010-09-10,2010-09-15,2010-09-14,3.7149403168343698,-0.07811483277042718,2.9295024191823122,-0.1492166404695458,3.380331502350736,2.451456576358578,3.0976982419033314,2.4223459403253287,-0.3488436769194077,-0.3305238329943474,-0.2656436564571321,-0.26261755189120684,-0.3019071795655235,1.0631273900425684,False,False,0,False,False
2010-09-17,2010-09-22,2010-09-21,-5.103284380657577,-5.584023304309407,-4.948727120358783,-5.544262379227446,-0.6191970247920995,-0.23860665102426667,-0.89559872724649,0.04735969778314063,-0.5737149323762883,-0.5219752912264903,-0.38135519486323083,-0.3585754013498484,-0.4589052049539645,1.0616886210964243,False,False,3,False,False
2010-09-24,2010-09-29,2010-09-28,4.279373357509499,0.28932161160283204,0.4175371410480592,-1.908750237424908,0.6666691358189518,5.512246328240543,1.1299555253933466,5.633258176724798,-0.33235959510370705,-0.3918566000189623,-0.1326006656154261,-0.1314944118608174,-0.24707781814972823,1.0598892406418523,False,False,0,False,False
2010-10-01,2010-10-06,2010-10-05,8.408523526900174,11.204977389636495,9.48365828264935,7.728321524559272,7.671491758086163,15.261340050837186,6.172557976095645,13.857426765838445,0.11548572794271478,-0.04805636456331824,0.28888845686790887,0.20269218257000385,0.13975250070432732,1.0580898601872792,False,False,0,False,False
2010-10-08,2010-10-14,2010-10-13,-0.21655446383991692,7.969149070313623,-0.14028526967495636,7.681130971658175,-0.26315804660558206,13.221473673977584,-0.43956114730379975,10.830169424864257,-0.017425285660714933,-0.049686565035508015,0.20029686948526573,0.07937371309365186,0.05313968297067366,1.0562904797327062,False,False,3,False,False
2010-10-15,2010-10-20,2010-10-19,-2.6049599980740914,4.2357461213296315,-5.129329438755057,1.2103022171243627,-3.081349354449733,10.112549134201844,-2.6305371653312735,7.985124316089899,-0.17077543933589134,-0.2806503053048174,0.06542891273729581,-0.03651853032869722,-0.10562884055802754,1.0544910992781342,False,False,3,False,False
2010-10-22,2010-10-27,2010-10-26,3.7372543137489007,6.942534132892066,1.788423225642094,3.5583809355821923,2.7684999372716272,13.18701565386904,3.3441887222632505,11.778303565638346,-0.05926998403150219,-0.19640574974127648,0.1986506626901981,0.1180882447111783,0.015265793407149442,1.0526917188235614,False,False,0,False,False
2010-10-29,2010-11-03,2010-11-02,1.5735115355045601,1.7067722009337678,0.6380389743210224,-1.649722033557759,1.9065086434593748,6.018554387304711,0.5319161477600026,3.0523015840890237,-0.2747552613145181,-0.3825042677288169,-0.11268870678037314,-0.23799814343803444,-0.2519865948154356,1.0508923383689892,False,False,0,False,False
2010-11-05,2010-11-10,2010-11-09,3.6622987225654566,10.850577543304887,5.055916979811329,12.256187801637292,4.759740844875289,17.581013884667428,5.6298431232307555,13.873864664740124,0.10238457924248284,0.11592039830689371,0.389792212232021,0.204168706122145,0.20306647397588565,1.0490929579144164,False,False,0,False,False
2010-11-12,2010-11-17,2010-11-16,-5.5632221797297925,8.806092108672416,-3.1178718248450896,10.354940345979216,-3.928771707303569,15.313493570742287,-4.050862949967227,10.207802574390222,0.01792788768468738,0.04763938642465004,0.29069734736568204,0.05408010959549588,0.10258618276762883,1.0472935774598433,False,False,3,False,False
2010-11-19,2010-11-24,2010-11-23,-1.8882365818717322,11.421532655526773,-1.6449330740803796,12.340858552952913,-2.4692612590371295,13.302131865273935,-1.9776517976456485,10.718691002488834,0.12592494225221648,0.11885393897787554,0.20280080881517004,0.07492780418902836,0.1306268735585726,1.0454941970052714,False,False,3,False,False
2010-11-26,2010-12-01,2010-11-30,3.483661412231513,15.655092695523424,2.741192428491645,13.239983194865212,1.5415412067443903,15.167705179257652,1.8947471439913643,13.08536814003742,0.3008175311537514,0.15102421596763646,0.2838671274536127,0.1717988371771682,0.2268769279380422,1.0436948165506983,False,False,0,False,False
2010-12-03,2010-12-08,2010-12-07,5.290279255386186,17.233661940316154,5.708071074344117,14.320246449335961,5.732836831683738,16.52173303280223,5.105319572767553,14.57524753079135,0.36579244800486094,0.1897065178250685,0.3425986884595957,0.2327063651592965,0.2827010048622054,1.043010997158063,False,False,0,False,False
2010-12-10,2010-12-15,2010-12-14,-0.40673426313201494,15.13996464553683,-1.0179331091976647,12.795469883092439,1.2305323441963425,15.34714704008887,0.7849658153423119,13.364897743270095,0.2786199716997237,0.1346043476674265,0.2909042929989845,0.18275759619189386,0.22172155213950717,1.0423271777654273,False,False,1,False,False
2010-12-17,2010-12-22,2010-12-21,1.0921687125412418,20.181605687415168,5.031416751240702,22.272062891416518,2.017824717328495,18.176238435457336,0.20554991820959595,14.84857156960571,0.48734538345767325,0.47597074402495015,0.41420831959636645,0.24352413098871623,0.4052621445169265,1.0416433583727913,False,False,0,False,False
2010-12-24,2010-12-30,2010-12-29,2.0285570625581975,15.750316022802807,-0.806969764560898,18.189520846091366,0.8354932229329547,14.835661568527053,2.6743895360928867,12.234159082656939,0.30281038535559013,0.32809928419769435,0.26756344835109447,0.13570521906189137,0.25854458424156757,1.040959538980156,False,False,1,False,False
2010-12-31,2011-01-05,2011-01-04,-2.31115500548192,7.62185044895884,0.42390907057667204,11.31933306776681,-0.9994086782600655,8.990097098254116,0.28186046443769047,9.041666396236282,-0.035186658905578996,0.07968380672021226,0.01130201011700481,0.004097270571825736,0.014974107125865953,1.0402757195875203,False,False,1,False,False
2011-01-07,2011-01-12,2011-01-11,1.9058748626005848,10.938083035558273,2.382557841206961,14.22433332265441,4.708598276913639,15.204481133580142,5.018693269561872,15.747039686987744,0.10274942798038714,0.18458637978201206,0.2836859128836621,0.28050236088288727,0.21288102038223713,1.039591900194885,False,False,0,False,False
2011-01-14,2011-01-20,2011-01-19,-0.2857772883586941,13.257265745273683,0.9864444970914016,20.340107258500847,1.6724069001011284,19.958237388130996,2.006503053649106,20.384079905968107,0.19917938762453843,0.40563823978314123,0.4919369379808788,0.47151744593854916,0.3920680028317769,1.0389080808022493,False,False,0,False,False
2011-01-21,2011-01-26,2011-01-25,-7.143464580308896,3.687274306778336,-5.481979545145257,13.13664210060081,-1.91064276101053,14.908380563200737,-1.7042639344086938,14.926069453306646,-0.19981626088968948,0.14430060099466707,0.26954166786198236,0.24550775256100735,0.11488344013199182,1.0382242614096133,False,False,3,False,False
2011-01-28,2011-02-02,2011-02-01,5.109346248078306,7.656799799458433,4.9058462642772165,17.69706487806928,5.698693137361056,18.261314449102002,5.60755767011168,19.1682678816206,-0.034019725751598,0.3094492069588168,0.41661377979898384,0.4205968420033549,0.2781600257523894,1.037540442016978,False,False,0,False,False
2011-02-04,2011-02-09,2011-02-08,-4.208386546933512,-1.4110805497039691,1.0673336135642013,14.567978581730253,-0.8784829555732803,13.689839917242702,0.7555351644449403,16.230811469779535,-0.41262381778314144,0.1955605481318773,0.2149825509166325,0.2985392902892771,0.07411464288866136,1.0368566226243423,False,False,1,False,False
2011-02-11,2011-02-16,2011-02-15,-3.2195939800487827,-2.083284676273092,-0.45017469109507535,14.070578387986513,-0.22083188952286545,14.358279185474496,0.5005373339069421,17.74830672064936,-0.44020842536362526,0.1772814488232035,0.24418230595417745,0.36104250500389445,0.08557445860441254,1.0329480395184651,False,False,2,False,False
2011-02-18,2011-02-24,2011-02-23,14.435912381005577,16.735703464086868,10.503232399094887,26.048272695496482,6.972951977072389,25.589041973329373,6.923059881482732,29.023663595572618,0.3475136323055985,0.6125562815538108,0.7389809347058662,0.8280014936610033,0.6317630855565697,1.0290394564125858,False,False,0,False,False
2011-02-25,2011-03-02,2011-03-01,7.263437132539606,15.026050136610017,9.229305088498705,25.860312743603075,8.147434714497429,25.509461517621368,8.86593239344153,28.398169290562127,0.27552656653282526,0.6048342399629559,0.7342722197590703,0.8006001242714427,0.6038082876315736,1.0251308733067064,False,False,0,False,False
2011-03-04,2011-03-09,2011-03-08,5.306829146905074,16.219423781206785,-1.1800601805174247,19.43358867321159,-0.8953798833830048,20.769061397748697,-1.9897960724918673,23.496353812356787,0.3252281166467481,0.3700059127575179,0.523922325736335,0.5958888560861538,0.4537613028066887,1.0212222902008292,False,False,3,False,False
2011-03-11,2011-03-16,2011-03-15,-7.745230970424975,9.272174005022222,-3.7380680433564883,17.192027431433903,-1.849102945571249,19.043035390790717,-1.9310041991187001,22.430086317356317,0.033434037263832046,0.28788902523852045,0.44700707682074137,0.5507845682606439,0.32977867689593443,1.0173137070949498,False,False,3,False,False
2011-03-18,2011-03-23,2011-03-22,7.239480572305,16.443972679650496,6.679977884699734,20.34299611499974,3.5664503040882956,21.142466720099637,4.142987317468248,25.585411285233366,0.3345516032233988,0.4024885663082052,0.5392319522684572,0.6811084680414979,0.4893451474603898,1.0134051239890725,False,False,0,False,False
2011-03-25,2011-03-30,2011-03-29,1.915878630265859,13.690518722564738,2.143927206113562,20.929867904584047,0.4620470266290735,19.457945418945656,-0.2559182458821517,22.378437158605898,0.2184364180250078,0.42342557902936423,0.4640053226634015,0.5467781518979843,0.4131613679039394,1.009496540883193,False,False,1,False,False
2011-04-01,2011-04-06,2011-04-05,3.28083724292759,16.314107460862644,4.841539737590093,25.09885361483168,4.2230287888567695,22.251243737719996,3.5555105859623466,24.660045166825288,0.32857836341196606,0.5752251051578768,0.5870619552199937,0.6409413781183204,0.5329517004770392,1.0055879577773137,False,False,0,False,False
2011-04-08,2011-04-13,2011-04-11,1.7968693542816556,21.43920037266424,1.1772536225267194,24.77447344042815,3.397621555493114,25.75198468904806,2.7719668240300406,27.041603420887107,0.5440241485629436,0.5625719787638443,0.7413059849223985,0.7391231545729644,0.6467563167055377,1.0016793746714365,False,False,0,False,False
2011-04-15,2011-04-20,2011-04-18,-1.5622411830260383,15.795359058194073,2.001357955463058,25.653278673082376,0.15745555134657988,19.72850619599329,-0.4624642125522984,21.307390167935907,0.30545319989244424,0.5939593128356639,0.47318855898530904,0.4991743333839277,0.46794385127433624,0.9977707915655571,False,False,1,False,False
2011-04-22,2011-04-27,2011-04-26,2.007119182042044,20.08596777928658,3.764399814942311,28.830844265703924,-0.8698408370662701,20.5745084218042,0.09108851396471221,22.466215449139973,0.48609282480257193,0.7094670755065103,0.5101115798861104,0.5468207598410396,0.5631230600090581,0.9939458062772772,False,False,1,False,False
2011-04-29,2011-05-04,2011-05-03,-0.9717549925827983,22.22398006878529,2.6518477975919788,30.88402979591272,0.18897643419226284,19.307775034151863,1.3418926576959576,22.534227087773047,0.5757297550334249,0.7835784288654503,0.4532263045686247,0.5489254387572694,0.5903649818061923,0.9901208209889952,False,False,0,False,False
2011-05-06,2011-05-11,2011-05-10,-7.748749547837429,15.86745509218081,5.600976859278772,34.59904524421889,-6.877003026040261,12.10051328053423,-4.627436331838448,16.442793421369885,0.3064171499729125,0.9184169427609381,0.13251199460319774,0.29398519884270535,0.41283282154493844,0.9862958357007131,False,False,2,False,False
2011-05-13,2011-05-18,2011-05-17,-15.337978406755209,12.491421128446351,-13.629170721262312,21.10200763241547,-12.59898454915304,9.313328908826595,-10.931507692928578,12.884126677410917,0.16332327499504912,0.4219946980260284,0.00843925163288577,0.14500856800583126,0.18469144816494865,0.9824708504124332,False,False,3,False,False
2011-05-20,2011-05-25,2011-05-23,-13.059074511116417,13.916970072326112,-15.235631365407965,18.584154893460326,-11.350491228780985,6.667921991669873,-10.768574543721563,9.699851382009275,0.22348911346814598,0.3291250469467372,-0.10932058851512315,0.01171275806216836,0.1137515824904821,0.9786458651241512,False,False,3,False,False
2011-05-27,2011-06-02,2011-06-01,2.4423456393418905,9.74160845992904,-10.069931949175055,17.576964097420362,3.1856302717856435,9.62111859887835,1.2668676825910492,12.206916085455415,0.04635203351313268,0.2917725623313884,0.02237704367920404,0.11663643619393461,0.11928451892941491,0.9748208798358713,False,False,1,False,False
2011-06-03,2011-06-08,2011-06-03,3.946007167359258,11.328082047727303,5.0310010139201635,21.22716238205843,7.088913921814623,10.703549693280173,5.201499494672383,12.478068501971636,0.11358749597953148,0.4255960699394614,0.07063315374180841,0.12787679475292715,0.1844233786034321,0.9709958945475892,False,False,0,False,False
2011-06-10,2011-06-15,2011-06-13,-5.504140546811917,10.091226195864163,-2.2511773172216873,18.281204483938332,1.0765068891806298,13.084657871720632,0.8894594853451091,13.669895941617014,0.060962189853301006,0.3167291083340684,0.17687188174960186,0.17773033126620902,0.18307337780079508,0.967170909259307,False,False,1,False,False
2011-06-17,2011-06-22,2011-06-21,-6.806750572351329,8.226859115499431,-7.249550203815347,9.704100011826801,-4.74734863402313,6.093071972642698,-5.234716064408657,6.499213874571246,-0.018328415713021174,0.0006102928565754404,-0.13577957131967003,-0.12349385398240688,-0.06924788703963065,0.9633459239710273,False,False,3,False,False
2011-06-24,2011-06-29,2011-06-28,-8.131704647251818,8.19551919262746,-4.7093091212275,8.310748834039677,-9.320132996770365,1.8712312814189342,-9.088119439299211,2.1053409197832265,-0.019643031916971025,-0.050738597586270716,-0.32450957126044655,-0.30801446189034454,-0.17572641566350822,0.9595209386827451,False,False,3,False,False
2011-07-01,2011-07-07,2011-06-28,-8.131704647251818,8.19551919262746,-4.7093091212275,8.310748834039677,-9.320132996770365,1.8712312814189342,-9.088119439299211,2.1053409197832265,-0.019623172923681296,-0.05068718864622815,-0.32414700305521477,-0.3076735783924734,-0.1755327357543994,0.9592118513953836,False,False,3,False,False
2011-07-08,2011-07-13,2011-07-08,-1.0341353794732595,13.098044650178561,4.352237323457317,20.593828959808235,0.06487188031591277,13.55716418716212,-0.7937809578739204,12.767399626052361,0.18937059741597484,0.40294123993223513,0.19995101785861688,0.1415507863861128,0.23345341039823492,0.9589027641080219,False,False,1,False,False
2011-07-15,2011-07-20,2011-07-19,7.219245152008921,15.934416109818336,11.991670449220845,20.442974858873118,9.67346814697102,13.007110173730197,9.151510883577334,11.825843381128422,0.3101936081225199,0.3968943561266883,0.17506559431941246,0.10172557780424919,0.24596978409321746,0.9585936768206602,False,False,0,False,False
2011-07-22,2011-07-27,2011-07-26,3.7539565083156403,7.243360842570547,1.934038276059407,16.594385695246956,1.1661939747842958,10.625553048531618,1.2379145544920556,9.594129374133466,-0.06131076982115088,0.2540744684582735,0.06794019335680859,0.007477556284479934,0.06704536206960278,0.9582845895332986,False,False,0,False,False
2011-07-29,2011-08-03,2011-08-02,-6.0310947495634,-6.051171039532459,-3.2558673846447,4.109213222103548,-1.1336153786336352,1.344502955400547,-1.0464658680648151,-0.3182688873728677,-0.6295791170885165,-0.2084551146240877,-0.34931301097092593,-0.41110540273683055,-0.3996131613550902,0.9579755022459369,False,False,3,False,False
2011-08-05,2011-08-10,2011-08-09,-16.74613100098451,-28.104131187422034,-11.52274503145707,-6.233471628836095,-8.991757991883649,-6.751875153100091,-9.209571514056776,-7.538044328937779,-1.572017182567812,-0.5915394668693016,-0.7131756785757772,-0.7157520335893428,-0.8981210904005585,0.9576664149585754,False,False,3,False,False
2011-08-12,2011-08-17,2011-08-16,8.838671251002008,-11.520228965995054,5.547672153383268,3.052268567903675,4.630940575651113,-0.27183163187773945,4.943907726280938,-0.6631324035381452,-0.8582346523387003,-0.24638569284393694,-0.4204205736043221,-0.4239754747728172,-0.48725409838994416,0.9573573276712136,False,False,0,False,False
2011-08-19,2011-08-24,2011-08-23,-1.5116566921165615,-20.27136623041662,2.7858944542816735,-0.8418148625143902,0.40747085240219977,-3.430811083563825,0.49776110737522067,-4.308358613631167,-1.2306298610236042,-0.3906707982685122,-0.5622368672566079,-0.5777363084898456,-0.6903184587596425,0.957048240383852,False,False,0,False,False
2011-08-26,2011-08-31,2011-08-30,4.07516932794093,-15.495382821192935,1.7804624633506687,-1.7153079226249357,3.692420127468949,0.885687272403032,2.8713228672081867,-0.32113065490495774,-1.0236082305072005,-0.4226737309575553,-0.36691286708167986,-0.408124815006025,-0.5553299108881151,0.9567391530964904,False,False,0,False,False
2011-09-02,2011-09-08,2011-09-07,0.4937173404113664,-19.31942542139954,0.6552877388723778,-5.289050561905008,0.09792721526826538,-3.4629943212883854,-1.9159540457296584,-6.382105070244803,-1.1848133611950988,-0.5550550025486939,-0.5627073387925071,-0.6645259717551695,-0.7417754185728673,0.9564300658091287,False,False,1,False,False
2011-09-09,2011-09-14,2011-09-13,4.790927524574232,-19.07660146236308,-4.262111314271673,-15.457230943190222,-2.8341978002274852,-9.64917352416837,-4.057555758632627,-11.43548526623152,-1.1716270333697838,-0.932660748687908,-0.8412767297280338,-0.8778660476838169,-0.9558576398673856,0.9564097687076063,False,False,3,False,False
2011-09-16,2011-09-21,2011-09-20,-3.7152130280318394,-25.689783029582316,-2.4277569581346836,-21.058869741813176,0.47797974237613505,-9.450480231755556,0.818000471193069,-12.011869315066457,-1.4510448340407194,-1.1393819359383082,-0.8308819995782437,-0.9007757178591346,-1.0805211218541013,0.956389471606084,False,False,1,False,False
2011-09-23,2011-09-28,2011-09-27,-3.2030792045804306,-13.554883827407535,0.07558579347014309,-7.354113227080715,-2.7626066274931267,0.3858976899043615,-0.61287219413735,-1.693233816275221,-0.9294004477210358,-0.6269700426981312,-0.38512036294468194,-0.4614184422729676,-0.6007273239092041,0.9563691745045616,False,False,2,False,False
2011-09-30,2011-10-05,2011-10-04,-11.015008832851423,-28.515899827618213,-2.874311686959111,-15.259425927960013,-3.4916265106227877,-10.194642742533054,-3.122001736121416,-10.016735047069018,-1.5654323564792654,-0.9203699427888552,-0.8630815044266956,-0.814249277515844,-1.0407832703026652,0.9563488774030393,False,False,3,False,False
2011-10-07,2011-10-13,2011-10-12,7.15501495905139,-8.534919132215952,4.572437432335302,2.055872702103657,4.995762644535635,3.8123168798353415,2.8513753705868994,1.2765396737729815,-0.7096166575607709,-0.2740704371397445,-0.228118720925409,-0.3332909276953424,-0.3862741858303167,0.9563285803015169,False,False,0,False,False
2011-10-14,2011-10-19,2011-10-18,3.2208903369617863,-9.855680247279972,-2.320626255893336,-9.27724463734702,4.291924127385121,-2.224494735265826,4.102965727668609,-4.736532422284354,-0.764816640289285,-0.6960844180631012,-0.5011605855413753,-0.5885273044725366,-0.6376472370915746,0.9563082831999945,False,False,1,False,False
2011-10-21,2011-10-26,2011-10-25,5.119141009405833,-4.644179438605079,-0.884309373633382,-10.528649367326299,0.16526197778812074,-1.7351884039328538,0.4971012722020402,-4.144328908011899,-0.5415968115877721,-0.7417266830841163,-0.47838001968854127,-0.5625620347582504,-0.58106638727967,0.9562879860984722,False,False,1,False,False
2011-10-28,2011-11-02,2011-11-01,-0.8532751451935737,0.347713052712788,-3.2345805943054815,-8.1100722231762,-0.4634235370898733,-0.033172997484511337,-0.46388419832079564,-2.1032651758884473,-0.3280883104413847,-0.6503941775590052,-0.40064261691912184,-0.474963804652103,-0.4635222273929037,0.9562676889969498,False,False,3,False,False
2011-11-04,2011-11-09,2011-11-08,4.87953294720283,15.320415822322742,2.7894760018795504,0.33513343599254014,3.1997506111841654,9.322366913642984,3.5240188126069465,7.625593550132541,0.3111689800409552,-0.33432237211563254,0.024304002650419626,-0.05998985445284676,-0.014709810969276113,0.9562473918954275,False,False,0,False,False
2011-11-11,2011-11-16,2011-11-15,2.620326296074064,12.629759587001981,-6.132189087431896,-9.38718480209378,1.8150474392638525,6.822681237281461,1.1792965357961567,3.8435216920016253,0.19592186172570214,-0.6971054684225866,-0.08924987816240292,-0.2211876816160336,-0.20290529161883025,0.9562270947939051,False,False,1,False,False
2011-11-18,2011-11-23,2011-11-22,-1.6334761819986805,13.998189291275049,-1.3930573535946797,-12.067353238817166,-4.7166364911462715,2.51227414702308,-4.902783499645694,-0.4316792358486253,0.254223178089481,-0.7962577989065321,-0.2851212491084216,-0.4034135154134454,-0.30764234633472953,0.955860377887983,False,False,3,False,False
2011-11-25,2011-11-30,2011-11-29,3.114438570176552,11.555583537636235,1.4628460777450008,-15.34012490712873,1.1668743834377204,-1.4805337058567898,0.9068072213970518,-3.8693351428805727,0.1494467486717683,-0.9173443287761673,-0.4665049112538404,-0.5497859238535564,-0.446047103802949,0.9554936609820606,False,False,0,False,False
2011-12-02,2011-12-07,2011-12-06,1.4524728090427386,12.514339006267594,3.8770678617174523,-12.118344784283654,-0.49842269656538674,-2.0768836176904575,-0.4691697614171662,-2.4225508585680866,0.19036105267323192,-0.7952477797264913,-0.49311112715328415,-0.4872566479420687,-0.3963136255371531,0.9551269440761382,False,False,2,False,False
2011-12-09,2011-12-14,2011-12-13,-1.002539539883573,11.994268845476526,-1.0532572499893267,-4.860340536788076,-3.2157111634531286,-0.44619947034514484,-4.219456297899461,-2.866713316183825,0.1678758392169025,-0.5225223948038403,-0.41820773611134127,-0.5056719006166378,-0.3196315480787292,0.954760227170216,False,False,3,False,False
2011-12-16,2011-12-21,2011-12-20,-3.120820645384105,12.46898091316417,-0.668898815079654,-2.302540747049011,-2.191010963574446,-1.6736792355523864,-0.8798226735214508,-3.1317799552547503,0.1880788783542679,-0.4261442605630025,-0.47371561674505264,-0.5164052517194858,-0.30704656266831826,0.9543935102642936,False,False,3,False,False
2011-12-23,2011-12-29,2011-12-28,2.3195343068483862,20.584630775473624,2.4182145598313847,1.2408069235917893,1.1884096524181669,2.4979311085430753,2.167917071477891,0.4854378464798143,0.5364506184463294,-0.29292966091078826,-0.2827602821577641,-0.3608384497984492,-0.10001944360516805,0.9540267933583715,False,False,0,False,False
2011-12-30,2012-01-05,2012-01-04,1.887494302187524,31.405535770667065,4.036422385536035,5.961780282149532,7.32646553887093,11.68963321199905,6.876248328180832,8.83025327532497,1.000853587563315,-0.11562557894535086,0.13742533628853687,-0.0027110514185882863,0.25498557337197825,0.9536600764524491,False,False,0,False,False
2012-01-06,2012-01-11,2012-01-10,-0.7017572658646535,18.302603022921822,1.102141942637792,-0.1095490341436837,2.2121917087270693,6.823474746290821,4.124295853404922,8.46038091886933,0.4357878965007149,-0.34335570317851116,-0.08521314648643467,-0.01857986105088064,-0.0028402035537778885,0.9532933595465267,False,False,0,False,False
2012-01-13,2012-01-19,2012-01-18,-1.6071334325265283,15.249548877140434,3.0583423372080185,4.086629032766426,-2.673781713923693,0.896271559929194,-2.947042230878193,2.9695352526398797,0.3039737732639397,-0.18538248702934865,-0.35641001917399323,-0.2544033813726901,-0.12305552857802307,0.9529266426406046,False,False,2,False,False
2012-01-20,2012-01-25,2012-01-24,-1.86434186041073,12.541273568068567,1.079924102176023,4.503781455088159,-0.03291097610750591,0.6605043827924042,-0.2927307343257621,1.9737482838321336,0.1870669428590037,-0.16951690102349848,-0.3668261942809799,-0.296953903230399,-0.16155751391896844,0.9525599257346822,False,False,2,False,False
2012-01-27,2012-02-01,2012-01-31,-0.3852006790354854,5.361592717682543,2.8588500693793404,8.606288028568349,0.6888660995185316,-0.16331867095783734,0.2927307343257626,0.913546320783081,-0.12248444279580946,-0.014976825556536812,-0.4041974968934416,-0.3422641004243859,-0.2209807164175434,0.951883373703374,False,False,0,False,False
2012-02-03,2012-02-08,2012-02-07,0.09136592686747673,4.450711210314426,0.9350717482433707,8.372637708588957,4.3499022660731645,4.088720269738346,4.228892714215193,4.619391095240073,-0.16165232843108965,-0.02376304545527408,-0.20866064358573716,-0.18231153349701054,-0.14409688774227786,0.9512068216720654,False,False,0,False,False
2012-02-10,2012-02-15,2012-02-14,2.2772715055755457,1.8317913722768784,1.9119735731073297,14.57317043550517,-0.7224784056896478,-0.09453285720533547,-1.474074048837579,-0.40990125183846965,-0.2745532271478131,0.21002592015175256,-0.40056255510278516,-0.39891434337008763,-0.21600105136723335,0.9505302696407568,False,False,2,False,False
2012-02-17,2012-02-23,2012-02-22,5.000800138467873,8.175030057977786,5.141165058913102,25.80369879017466,2.950982884633146,7.630010257935141,3.8734509181141012,8.59619140525787,-0.00019580336119875548,0.633605773738348,-0.04510229952680586,-0.009968519344045511,0.14458478787657447,0.9498537176094487,False,False,0,False,False
2012-02-24,2012-02-29,2012-02-28,0.6683321342144862,9.520698595458672,-0.19749841837659213,22.809814443889312,0.2168862197979352,9.813061899676482,0.061766524508483536,10.573793241617913,0.058003058936085455,0.519726165553037,0.055368549916663526,0.07543235588907439,0.17713253257371508,0.94917716557814,False,False,1,False,False
2012-03-02,2012-03-07,2012-03-06,-1.779507440167482,3.6371181283140928,0.3946075492110384,17.297905262163795,-1.46534188602245,6.75581510112913,-1.086461098307941,7.651170390097876,-0.1967507199388283,0.3108467238678932,-0.08546102446216051,-0.05095502635423775,-0.005580011721833346,0.9485006135468319,False,False,2,False,False
2012-03-09,2012-03-14,2012-03-13,1.8826534008337175,7.086904464517921,4.177985528380709,22.102115929005915,2.2975242197716836,11.709266628136277,2.8916194931294332,14.916012126535621,-0.047081833755281015,0.4921979580490839,0.14292615525173905,0.2633760365446356,0.21285457902254437,0.9478240615155233,False,False,0,False,False
2012-03-16,2012-03-21,2012-03-20,-0.96054980936378,12.191960749397138,1.313339702929195,26.64733475745184,-1.142163983079164,14.436737745078448,-1.0669206526223665,16.45219798557605,0.17436884551065704,0.6636244660572327,0.2686153196006884,0.32962624555816405,0.3590587191816855,0.9471475094842148,False,False,2,False,False
2012-03-23,2012-03-28,2012-03-27,1.5399365343353402,7.344876690206611,0.7736383936495412,20.338021300820238,-0.4979779976428405,10.588067171636832,-0.030651341236139093,12.281560423875932,-0.03621004609185888,0.42384166971527876,0.09063908554803785,0.14854761155237486,0.15670458018095815,0.9464709574529065,False,False,2,False,False
2012-03-30,2012-04-04,2012-04-03,-3.1231837212496965,1.024262505705529,1.8931863145665844,19.989798876666846,0.684082269719139,5.969539765169437,1.2187841299114195,8.26708300798059,-0.31080967173321733,0.41017846816475306,-0.12289832985240172,-0.02572309175072465,-0.01231315629289766,0.945794405421598,False,False,0,False,False
2012-04-06,2012-04-11,2012-04-10,-4.003054216394345,-0.18771926670387196,-4.820964810491586,13.76634401913741,-4.902167244688699,0.3572012240947044,-4.851870780437554,0.7628771899621336,-0.36319678469041516,0.17372964110076933,-0.3824038694952515,-0.3515004837660546,-0.230842874212738,0.9457942421815694,False,False,3,False,False
2012-04-13,2012-04-18,2012-04-17,3.029206535268364,3.4454196026714228,-0.7727018484710355,11.314770620959495,1.128134446403998,2.6304487886734904,2.0373686999850467,4.570773389093729,-0.2046888692442913,0.08051154696071551,-0.27675191986418785,-0.18567290489771657,-0.14665053676137005,0.9457940789415407,False,False,1,False,False
2012-04-20,2012-04-25,2012-04-24,-1.0900604728316812,4.219700990250484,-4.022962529536161,6.211883989247306,0.09610764795505321,2.7594674127360563,-0.9038553040480028,3.959648819371501,-0.17076112632278642,-0.11342739275350172,-0.2704960919589257,-0.2120722627551362,-0.19168921844758752,0.945793915701512,False,False,2,False,False
2012-04-27,2012-05-02,2012-05-01,2.934219200256747,7.539120869542717,-1.7651510575322313,1.5878828623357215,1.5252917255268723,3.595893038744376,1.553308646034597,5.220226731080321,-0.025866788555992493,-0.28915270332975734,-0.23143577599469942,-0.15699374431501226,-0.17586225304886538,0.9457937524614833,False,False,1,False,False
2012-05-04,2012-05-09,2012-05-08,-8.89912956112426,-1.4513746184490064,-2.6723783611327607,-2.0195672470404187,-5.910811225440942,-6.664820452769729,-6.1993468247048895,-5.2080128078397605,-0.41820504795460434,-0.42615587409315947,-0.7074838246763194,-0.6111943168372884,-0.5407597658903429,0.9457935892214546,False,False,3,False,False
2012-05-11,2012-05-16,2012-05-15,-3.3074705019265536,-7.036116625951109,-2.061195928961535,-5.992736749109269,-2.8161318153709565,-8.758473862451043,-2.0209400735546867,-5.754878832556866,-0.6616656716761691,-0.5770171809908214,-0.8037267875511627,-0.6342566585034402,-0.6691665746803983,0.945793425981426,False,False,3,False,False
2012-05-18,2012-05-23,2012-05-22,-2.7292562908418416,-14.766173055260829,-2.4719542935036647,-13.605856101526046,-1.8406492916728172,-13.55010603875701,-3.4040046239991164,-13.032334374670077,-0.9985754506627175,-0.8664497874499101,-1.0250942648055956,-0.950867893923295,-0.9602468492103795,0.9457932627413974,False,False,3,False,False
2012-05-25,2012-05-31,2012-05-30,-4.0735420548437755,-19.862861971403426,-1.7075396316387013,-13.268865649149639,-4.223963635741853,-16.138483144137634,-3.559847253076861,-14.192804758470418,-1.2194513026229947,-0.85220295773697,-1.1433886622168603,-0.9998189174555776,-1.0537154600081007,0.9457930995013687,False,False,3,False,False
2012-06-01,2012-06-06,2012-06-05,-7.36079912103758,-21.66941423647863,-9.046550034963131,-16.7531568333344,-6.650751604464905,-19.039425451906585,-6.379391946504501,-17.597469957275873,-1.295565112812148,-0.9837016442942575,-1.2756744522176338,-1.1464974641157755,-1.1753596683599536,0.9457929362613401,False,False,3,False,False
2012-06-08,2012-06-13,2012-06-12,-1.1451872737781374,-24.69725491109047,-0.6618673178756888,-21.593009679590804,-0.1901502759668118,-21.527099947645073,-0.672145921096706,-21.161235371502006,-1.4245445798530003,-1.1664684551462128,-1.3880510171168894,-1.2994736440585821,-1.3196344240436713,0.9457927730213114,False,False,3,False,False
2012-06-15,2012-06-20,2012-06-19,1.6930223679591505,-25.22664692905759,-1.466243823043416,-24.579913609019297,1.0654590898103409,-20.34196491553098,2.1562173654781565,-18.513725309016692,-1.4436720595166264,-1.2777959517037227,-1.3293651050689623,-1.1808810194199946,-1.3079285339273266,0.9418703032776179,False,False,1,False,False
2012-06-22,2012-06-27,2012-06-26,-5.695532905135152,-29.974041108399447,-3.2044924014969673,-29.364119827498758,-2.452230158313796,-22.050236279832532,-2.2690205359280053,-20.69101674510201,-1.6464254423598477,-1.4569738084785102,-1.405157031217355,-1.2731481779194378,-1.4454261149937877,0.9379478335339221,False,False,3,False,False
2012-06-29,2012-07-05,2012-07-03,10.063548065188376,-18.196057682442298,7.4637804680171795,-22.45198035384704,6.712922752466419,-16.14301977625784,6.164211842039975,-15.924154492637257,-1.1285105382843021,-1.1897584668526702,-1.1278369255605623,-1.062535825204684,-1.1271604389755547,0.9340253637902264,False,False,0,False,False
2012-07-06,2012-07-11,2012-07-10,0.23860665102427825,-19.951091059686707,3.5283942367967094,-20.13358335028113,1.7411071425640343,-14.05759302422065,2.8332538851217635,-12.483028117178655,-1.202491509753632,-1.0989363369102405,-1.028967538667823,-0.9106525212879791,-1.0602619766549186,0.9301028940465328,False,False,0,False,False
2012-07-13,2012-07-18,2012-07-17,5.955861335573635,-14.452940996976544,2.7732071580543414,-16.315566941104223,4.101294213509181,-9.956298810711466,2.858333314907488,-10.122827837291581,-0.9608017443809937,-0.9515043836687157,-0.837206904118148,-0.8063607961772535,-0.8889684570862778,0.9261804243028371,False,False,0,False,False
2012-07-20,2012-07-25,2012-07-24,-0.8908996055242424,-15.110377461440406,-2.158765900820238,-14.547169099035024,-0.3177407792388052,-10.33783544538352,-0.24083961409082968,-9.145092772451425,-0.9877017614733904,-0.8825866476915296,-0.8535754275116503,-0.7625615331837073,-0.8716063424650694,0.9222579545591436,False,False,3,False,False
2012-07-27,2012-08-01,2012-07-31,-0.2268088974111155,-17.466668955908794,3.165298163587602,-8.049912027844709,-0.31875359023507965,-11.798009164062615,0.37820227305202697,-11.220048760560312,-1.0883692869916433,-0.633961443812067,-0.9198550790495055,-0.8518819231730514,-0.8735169332565669,0.9183354848154478,False,False,1,False,False
2012-08-03,2012-08-08,2012-08-07,6.163922687503743,-4.3653166571515465,7.741428492723686,3.9564060796139215,5.587660256395896,0.100688043411694,6.316489454795914,1.9190701159111927,-0.5167268866922904,-0.17610626201247542,-0.36721499431063814,-0.27787067277507255,-0.33447970394761917,0.9144130150717521,False,False,0,False,False
2012-08-10,2012-08-15,2012-08-14,-0.29933740546649945,-1.4350498727738725,-0.34387929348046176,2.7590365411497233,1.4321643621352318,4.221460837776805,1.4393339797915337,4.481269261929069,-0.3886773036087599,-0.22156289858838604,-0.17583005221863482,-0.16583085957343727,-0.2379752784973045,0.9104905453280585,False,False,1,False,False
2012-08-17,2012-08-22,2012-08-21,3.3169663639726434,4.2095893795403585,1.4364132061057104,7.470891015761902,2.7077172093623836,8.074030100493028,1.450214571061047,9.068863772890408,-0.14256059568478852,-0.04167214022526198,0.003066596163562045,0.034620938210423065,-0.03663630038401634,0.9065680755843628,False,False,0,False,False
2012-08-24,2012-08-29,2012-08-28,-0.2592690070443617,5.935984565911964,12.106005988965169,16.40774449733425,0.44958328777319106,10.390193378092254,2.564639249213988,13.501423122323871,-0.06721239339962533,0.2994695786931827,0.11061531552808945,0.22829368754389243,0.1427915470913848,0.9028697560337303,False,False,0,False,False
2012-08-31,2012-09-06,2012-09-05,-0.9704255213258812,12.326358165623672,-7.916563553451637,17.537730978845733,-0.09616926530575837,16.9447757172514,-2.096254317971352,17.784560750857032,0.21152022201902262,0.34234103341963434,0.41514956161704086,0.4154121383673586,0.3461057388557641,0.8991714364830957,False,False,3,False,False
2012-09-07,2012-09-12,2012-09-11,1.7570759260528381,16.12526885792639,4.511074117787694,22.204144933695513,1.0133082270787905,19.411100690218717,0.6159551349989132,20.21045342985443,0.377127681853054,0.520394866965614,0.5294244463012051,0.5211567290713713,0.4870259310478111,0.895473116932461,False,False,0,False,False
2012-09-14,2012-09-19,2012-09-18,-1.8515195030397815,12.580726986927464,-6.474858310662422,17.1955304460765,-2.004840418871733,16.340801181536648,-3.626530573758694,14.427705490617578,0.22191806982173343,0.3281962736839012,0.38592021142608035,0.2672834437470322,0.3008294996696868,0.8917747973818285,False,False,3,False,False
2012-09-21,2012-09-26,2012-09-25,-4.487657242708323,13.788602649354312,-0.5054770661624172,19.89454578141105,-0.4187475920823144,18.374283747768132,-0.19120464716255461,16.505521379383033,0.2745140219625377,0.4312050561629792,0.48023707641384306,0.3581095003087011,0.3860164137120153,0.8880764778311939,False,False,3,False,False
2012-09-28,2012-10-03,2012-10-02,0.8854936241170305,4.610548208282967,0.7404948006577651,13.171260114051666,1.346605792548512,13.007966787850236,0.09564802259568143,10.436957559938758,-0.12731684479951633,0.17315318557382622,0.22958885195055462,0.09152112338740039,0.09173657902806623,0.8843781582805614,False,False,0,False,False
2012-10-05,2012-10-11,2012-10-10,3.3999819516097833,5.891357006059696,5.620207996831287,15.713713441300131,4.515870620031583,14.820858468307888,4.262731876747209,11.891260517684184,-0.07111291024429521,0.2704899518348371,0.3139425785748909,0.15529564671118828,0.16715381671915525,0.8806798387299268,False,False,0,False,False
2012-10-12,2012-10-17,2012-10-16,-0.3794248142365922,2.4073709982626035,-8.701137698962981,5.430215607694778,-0.40631404547161837,10.282345763025372,-1.4442951216987865,7.415662803501108,-0.22375406121464622,-0.12443790935206306,0.10174865164249958,-0.041535863621253145,-0.07199479563636571,0.8769815191792921,False,False,3,False,False
2012-10-19,2012-10-24,2012-10-23,-6.067214113813929,-2.450963383650924,-11.765090907893013,-3.428462005807114,-4.9432399797988875,6.631700199366157,-5.29258390204082,2.875219199385887,-0.4366689281358037,-0.46461076391421363,-0.06892878310316204,-0.24121640970992175,-0.30285622121577527,0.8732831996286596,False,False,3,False,False
2012-10-26,2012-11-02,2012-11-01,1.6914212320679574,-4.876281224590634,-1.316595918230445,-14.966559381990194,-0.2616946210534687,4.248841115480819,-2.5207182396478527,-3.1823150954758366,-0.5426773292320324,-0.9076279427118101,-0.18031149049721362,-0.5076623504974761,-0.534569778234633,0.869584880078025,False,False,3,False,False
2012-11-02,2012-11-07,2012-11-06,3.408834100121444,-5.242670735028296,6.520592368307233,-10.686054478580123,-0.7187224666105515,1.6196024161090259,-0.94563352420354,-5.8006374545383945,-0.5581494474810489,-0.7415953507311656,-0.3032195315302462,-0.6224400141827221,-0.5563510859812957,0.8646761445105348,False,False,2,False,False
2012-11-09,2012-11-15,2012-11-14,2.1309786586751027,-10.273891730227167,1.2929473045987967,-16.776408176039514,1.0101095986503918,-3.6188159291994095,1.3698844358161928,-8.567828927643086,-0.778642885009678,-0.9748195636531326,-0.548331341328329,-0.7436439541862727,-0.7613594360443531,0.8597674089430417,False,False,0,False,False
2012-11-16,2012-11-21,2012-11-20,1.2569997909669663,-11.389443515742713,4.834538882199157,-15.088478337039021,2.973327434044184,-2.599236646200371,4.165152588263058,-6.8262920228553625,-0.8265886293066986,-0.9082192508958921,-0.4999079833332085,-0.6658336251776901,-0.7251373721783724,0.8548586733755486,False,False,0,False,False
2012-11-23,2012-11-28,2012-11-27,0.21910866172359325,-9.582318555809929,-3.2841106189242333,-20.808640315648276,1.0659661228658397,-3.259741028992771,2.0577551846622772,-7.398871868032312,-0.7458827807504492,-1.126805949465957,-0.5303399193424493,-0.6902465124050493,-0.7733187904909762,0.8499499378080583,False,False,1,False,False
2012-11-30,2012-12-05,2012-12-04,1.4069434254544269,-7.965819311841871,-0.7580327540558024,-19.479186962870426,-0.9320972943061991,-4.958615243083425,-1.6835414463862688,-9.453815784055736,-0.6737379340371175,-1.0734266922002023,-0.6094823532899376,-0.780046973593253,-0.7841734882801276,0.8450412022405652,False,False,3,False,False
2012-12-07,2012-12-12,2012-12-11,-3.0913649664763123,-12.814260204371022,-7.438526638007619,-31.42878771866573,-2.3689771122404775,-8.34090058240269,-2.5100165917572315,-12.57978751081187,-0.8863054996869967,-1.5309146324421508,-0.7675907460813692,-0.9169606427338262,-1.0254428802360858,0.840132466673075,False,False,3,False,False
2012-12-14,2012-12-19,2012-12-18,2.4303938991276564,-8.53234680220359,4.8009219186360665,-20.153007489367255,2.569444937478272,-3.7666152260527026,0.9702085806450668,-7.9830483564081165,-0.6963934921907191,-1.0933378799672324,-0.5516215734394255,-0.7125010903296978,-0.7634635089817687,0.8352237311055819,False,False,0,False,False
2012-12-21,2012-12-28,2012-12-27,2.0222911401214345,1.0949619988385915,4.894302262280219,-12.720650330750397,1.7380335846076567,-0.712669035127923,4.244580345867771,-2.5203272629554987,-0.2714236638523369,-0.8058146237494553,-0.4074299980686561,-0.4702371504273039,-0.48872635902443806,0.8303149955380887,False,False,0,False,False
2012-12-28,2013-01-04,2013-01-03,2.460925584091389,1.1793482646869062,1.635328324248179,-11.765728903565828,-1.0864304391905737,-3.863489751562711,-1.3271594928903734,-4.697536831340416,-0.26744914773406836,-0.7679707951527289,-0.5552395664251943,-0.5659829594659158,-0.5391606171944768,0.8254062599705985,False,False,2,False,False
2013-01-04,2013-01-09,2013-01-08,1.491597044763491,3.6490830402783474,2.7979140795080264,-14.063696066053557,1.1107595417248035,-2.724090890682425,3.4258949821015343,-2.2415283670920583,-0.158235308225758,-0.8552136385580644,-0.5009729326313341,-0.45669479648423145,-0.49277916897484697,0.8204975244031054,False,False,0,False,False
2013-01-11,2013-01-16,2013-01-15,0.05362793071092509,1.5452249754743959,-4.538433747755269,-13.314114871713098,-1.5057567636562201,-5.953758079006618,0.22642739740296952,-3.585978386770868,-0.2509949488677371,-0.8251127971300398,-0.652552662154419,-0.5157246837985401,-0.5610962729876839,0.8197106576480739,False,False,2,False,False
2013-01-18,2013-01-24,2013-01-23,1.9116979805688594,5.469860085559826,3.789927259098573,0.7163084350767696,2.121143321094042,-1.059910356099603,1.284126794832444,1.2518218357403137,-0.0773201799769245,-0.2844624696594705,-0.4211166844058481,-0.30088185188489747,-0.2709452964817851,0.818923790893042,False,False,0,False,False
2013-01-25,2013-01-30,2013-01-29,1.5797138169825025,13.151393656548318,2.8901604072649283,8.17790572073364,1.0967851881186697,1.812934082192465,1.9054244302999328,5.3630421780501525,0.2625142843731003,0.002919126736941,-0.28520401996958583,-0.11835916391063536,-0.03453244319254497,0.81813692413801,False,False,0,False,False
2013-02-01,2013-02-06,2013-02-05,-0.9675834623719114,10.492388962108425,3.234202116806914,12.728703755770992,2.6279809020480918,4.702609605294005,1.8389173326777757,9.722677750375773,0.14456401492778653,0.17817907698903687,-0.1485517887567411,0.07516001633321528,0.06233782987332439,0.8173500573829785,False,False,0,False,False
2013-02-08,2013-02-13,2013-02-12,0.8240672921723267,13.617278176921257,2.514098895810201,17.435338714477773,1.8883087001501202,10.158557876674342,1.6843148138783932,13.019654036001835,0.2828849476665323,0.35943667572787885,0.10930469094359865,0.22149132823986895,0.24327941064446967,0.8165631906279466,False,False,0,False,False
2013-02-15,2013-02-21,2013-02-20,-2.661279718944266,10.510302200596296,4.911851748054167,19.15564509212674,-3.367951624425839,6.688825072978469,-2.864819358854636,9.362410203266784,0.1448569232128574,0.42544548608608534,-0.05483244794567742,0.058763472405508256,0.1435583584396934,0.8157763238729151,False,False,2,False,False
2013-02-22,2013-02-27,2013-02-26,-4.289692122952008,6.259000868800295,-5.696794127694546,12.820742469213975,-4.907189399239707,-0.5899722127188383,-3.4881776779739173,2.7558884638603005,-0.043934300779740844,0.18047777885303606,-0.3992081409517543,-0.23513325374582755,-0.12444947915607164,0.8149894571178832,False,False,3,False,False
2013-03-01,2013-03-06,2013-03-05,-1.9073108293094891,2.6085527668846207,-0.7225216362114454,13.907157300013791,-1.5237128182127995,-1.3262793878410446,-3.4486176071169203,0.19880722253861152,-0.20603530662783423,0.22228956282198772,-0.43367661051666745,-0.34874699508240653,-0.1915423373512301,0.8142025903628511,False,False,3,False,False
2013-03-08,2013-03-13,2013-03-12,1.7019830433338778,7.8628375844580045,0.0,18.2874195658531,-0.6697948684127581,1.421343725005545,-0.1656452258825276,5.696339462993825,0.02771664336804393,0.39145269547894207,-0.30303512246179853,-0.10350651972354045,0.0031569241654117487,0.8134157236078197,False,False,2,False,False
2013-03-15,2013-03-20,2013-03-19,0.0,6.849846445630085,-3.192693554881016,18.424854593536672,-3.3137105340806614,-3.3137105340806614,-4.232898711150062,-0.3453042105057887,-0.017376109632065255,0.39638373810164085,-0.5273029672133887,-0.37278988761788057,-0.1302713065904234,0.8126288568527877,False,False,3,False,False
2013-03-22,2013-03-27,2013-03-26,3.768423396926545,8.463705636269978,3.261730492383104,12.206236527575793,0.3121209400540968,-4.799839849069794,1.100802309489996,-3.1652474047815087,0.054502611883309245,0.15519858659992122,-0.5972471710388025,-0.498249821323704,-0.22144894846981902,0.8115550593688852,False,False,0,False,False
2013-03-29,2013-04-03,2013-04-02,2.7950510717099353,6.996306030886265,-1.7348638334613091,5.73264951917183,7.02865327281717,1.3012545354433749,4.922086306786853,1.5017802686738422,-0.010942030511743278,-0.09581238866646037,-0.30688279222592507,-0.28934634458395003,-0.1757458889970197,0.8104812618849822,False,False,1,False,False
2013-04-05,2013-04-10,2013-04-09,-3.1871461006157196,1.046012312386311,-2.275698712261607,3.1171354902939425,-8.004270767353637,-6.40788566845224,-3.4712836578290136,-3.933941456003234,-0.27634791550955723,-0.19717672553919804,-0.672900794049935,-0.5319622816134703,-0.41959692917804015,0.8094074644010789,False,False,3,False,False
2013-04-12,2013-04-17,2013-04-16,-5.960979396816217,-6.056495456081249,-2.3286951378790652,2.4225257345149465,-7.523983418740526,-15.04226586524307,-7.437180351424766,-14.551143171210448,-0.5931550151366526,-0.22396608314662195,-1.0825282110406254,-1.006078298338344,-0.726431901915561,0.8083336669171765,False,False,3,False,False
2013-04-19,2013-04-24,2013-04-23,0.5395090078445584,-7.429211136348443,-2.422525734514944,-1.8975901459005806,-0.7198364100259561,-15.89193027143403,-0.8905439188677043,-15.05768661821792,-0.653786483412692,-0.3916021058811172,-1.1209161730370112,-1.0270057612158243,-0.7983276308866611,0.8072598694332733,False,False,3,False,False
2013-04-26,2013-05-01,2013-04-30,4.396915001890285,-4.612009951440664,2.4599159013367817,-2.327834651828736,-0.2665145304936463,-17.255229990046335,0.1861851217416043,-16.776925926776237,-0.527102415448482,-0.4079460667658868,-1.1835560592230834,-1.1020792856368327,-0.8051709567685712,0.8061860719493708,False,False,1,False,False
2013-05-03,2013-05-08,2013-05-06,1.8010913958140549,-0.427061739635831,1.2762251613851072,-1.795380361659582,3.6112988323471638,-13.678342801090004,-1.7919660343539472,-17.55335023429556,-0.3394041957038427,-0.38682787648127787,-1.0112320644504327,-1.1347188478473462,-0.7180457461207248,0.8051122744654677,False,False,1,False,False
2013-05-10,2013-05-15,2013-05-14,-1.939352518610289,-3.1944906182480275,-1.0929070532190206,-5.105517080028418,-1.018561006733496,-17.528896398147996,-0.3696861881326092,-20.036761923616094,-0.46292146378425064,-0.5153271267363491,-1.1924188802271012,-1.2435058507915855,-0.8535433303848217,0.8040384769815645,False,False,3,False,False
2013-05-17,2013-05-23,2013-05-22,0.03192678151953665,-0.9952437892893082,-4.207262564918618,-13.813817931736743,-0.4406911281990787,-14.882605011871311,0.1847404922240259,-16.65712467027228,-0.3639695453000501,-0.8540321386136951,-1.0643182775069457,-1.0898719193846325,-0.8430479702013308,0.802964679497662,False,False,2,False,False
2013-05-24,2013-05-30,2013-05-29,-2.5653304152715566,0.5383303267630299,-0.6019581758386039,-9.599605088745346,-0.7610111016138468,-10.12779846539923,-1.3511251733753724,-13.944219816779821,-0.29490178994863353,-0.6885740453506988,-0.8366400066367592,-0.9667013627989647,-0.696704301183764,0.8018908820137589,False,False,3,False,False
2013-05-31,2013-06-05,2013-06-04,-1.3722889677031413,3.5209915409982218,0.6696453595121294,-5.5529765772941975,-1.4461568011834682,-6.758377040590635,-0.18093002945490938,-8.468463503915343,-0.16087401427376885,-0.5299666863242807,-0.6754173995131687,-0.7205600929155783,-0.5217045482566991,0.8003667829183613,False,False,2,False,False
2013-06-07,2013-06-12,2013-06-11,2.266325950838396,3.657709018693006,1.2527798333975078,-6.004289450086038,-2.919106214590221,-11.365002207069367,-1.349154466075143,-9.417484058329581,-0.15459932922907227,-0.5470013847666418,-0.8934776343765667,-0.7620450146857423,-0.5892808407645058,0.7988426838229628,False,False,2,False,False
2013-06-14,2013-06-19,2013-06-18,3.0524126843369817,4.944546719432238,1.490123883608884,-4.617560371483609,6.144036347000387,-4.0088298068345045,4.029322038261501,-4.684051818563165,-0.0966632927439766,-0.4922808268744771,-0.5425388942291736,-0.5494613862575162,-0.42023610002628586,0.7973185847275643,False,False,0,False,False
2013-06-21,2013-06-26,2013-06-25,-3.314536032324415,0.7376218902343866,-7.683117943865325,-10.423015362676788,-4.360265528398229,-6.0386266036803855,-3.809299947301264,-5.140317845996487,-0.2857095824940417,-0.7185037359499797,-0.6384717284326056,-0.5692688177635378,-0.5529884661600412,0.7957944856321667,False,False,3,False,False
2013-06-28,2013-07-03,2013-07-02,4.5159032651993485,2.4584740837238,2.424594430066968,-6.263557099148506,1.716310160120177,-11.350969716377394,1.8868484304382735,-8.17555572234506,-0.20802869911069566,-0.5550780507316109,-0.8904578293910503,-0.7044640315110542,-0.5895071526861028,0.7942703865367682,False,False,0,False,False
2013-07-05,2013-07-10,2013-07-09,5.483001830119768,10.272207659706838,7.188278820739437,2.9755460833923926,3.5914971128877684,0.3849523563928626,4.473589384139152,-1.1049836186584936,0.14398115100471995,-0.19327943153862137,-0.3306874559847829,-0.3870478114573339,-0.19175838699400455,0.7927462874413705,False,False,0,False,False
2013-07-12,2013-07-17,2013-07-16,2.3121312783531573,17.648294900337536,5.832961822986598,13.792551833598518,2.108251577155411,10.255248436634515,1.5162247739677455,6.901730016133051,0.4762536586805315,0.23010717176710013,0.13963289444209273,-0.027976155364453664,0.20450439238131768,0.791222188345972,False,False,0,False,False
2013-07-19,2013-07-25,2013-07-24,-0.9254079261176837,16.686436734140575,-2.0279093288925845,9.84400728132525,-1.568927134499705,10.082553332339145,-1.9132800918543122,7.743027849603151,0.43239502485519027,0.07529535086029723,0.1312842865017995,0.009768716570285194,0.16218584469689304,0.7896980892505736,False,False,3,False,False
2013-07-26,2013-07-31,2013-07-30,-3.7955761651653828,9.183551760413861,0.03477656094864641,5.393201174359283,-3.0707950196691076,6.851746143683686,-1.336322781216714,4.949755470436951,0.09341299984463226,-0.09918900554181363,-0.02292665798764831,-0.11558677669706656,-0.03607236009547406,0.788173990155176,False,False,2,False,False
2013-08-02,2013-08-08,2013-08-07,-0.6586821580886425,8.148038463559566,-5.659218531116996,-0.7612869828721829,-2.1588582170441852,2.278489454738841,-2.193371000004932,3.850025202701652,0.046570498316895526,-0.3404913681033168,-0.2412200826415004,-0.16488037982103912,-0.1750053330622402,0.7866498910597775,False,False,3,False,False
2013-08-09,2013-08-14,2013-08-13,1.376730844393158,12.790148328132814,2.7340598775821476,4.4770233911105235,2.4803200535547547,7.193795156283592,2.4383192416216537,10.168711029151723,0.25634633092383796,-0.13457446194075529,-0.006184813592271163,0.11927092732824929,0.0587144956797652,0.7859836800767134,False,False,0,False,False
2013-08-16,2013-08-21,2013-08-20,-1.7763127669788616,9.33578447159696,-0.7735622259593947,6.075699909186263,1.5530359407785024,7.475242664531827,0.8660946877347968,8.945669813748914,0.09986930801677572,-0.07166254767937935,0.007277331360018767,0.0641530996791378,0.024909297844138235,0.7853174690936489,False,False,1,False,False
2013-08-23,2013-08-28,2013-08-27,3.9349032264755848,15.83601811334409,4.148538191340592,10.826196276365478,2.6447822543609356,10.881036020506595,3.262932206026777,13.559727193151055,0.39405261220220844,0.11515826149115298,0.17024957215910125,0.2718324199487076,0.23782321645029258,0.7846512581105843,False,False,0,False,False
2013-08-30,2013-09-05,2013-09-04,-1.6821099018352481,13.586424489325921,-4.857007325406566,4.43386577629512,-1.24755393485931,10.363678831338012,-3.628441833752823,9.05280240382494,0.29176751934961115,-0.13645126311102948,0.14532836348000347,0.06852786076219372,0.09229312012019472,0.7839850471275202,False,False,3,False,False
2013-09-06,2013-09-11,2013-09-10,-1.1010983327469757,11.81785362606059,-9.873151887350748,-5.959530919196083,-2.6970171408011256,10.524802339155103,-4.0808448881612,8.072021447451952,0.21132766928384097,-0.5456081225344022,0.1529291678908894,0.024244890780431325,-0.039276598644810125,0.7833188361444556,False,False,3,False,False
2013-09-13,2013-09-18,2013-09-17,-1.992172631226496,6.773268310497118,-1.843550937130778,-9.293205739935749,-2.0113171628878592,2.3694488292668554,-2.850957299025576,1.1917421101648766,-0.017734133750358955,-0.6763766455312447,-0.23840194581791482,-0.2862831944044746,-0.30469897987599825,0.7826526251613916,False,False,3,False,False
2013-09-20,2013-09-25,2013-09-24,-2.052042471444454,8.03576187137707,-0.43642203765966664,-2.0465098337300853,-0.5871196281751547,6.142594729489942,-0.8397530103869091,4.161289047079233,0.03960877703740884,-0.3899164277742025,-0.057061933481533614,-0.1519122731560357,-0.13982046434359074,0.781986414178327,False,False,3,False,False
2013-09-27,2013-10-02,2013-10-01,-1.1007855539657008,2.419073052212035,-0.8384956293857838,-5.309599893182837,-0.8347874564820024,3.5914971128877684,-2.598473303401966,-0.32403268676100916,-0.21568004367748994,-0.5182643449244538,-0.17958337312549597,-0.3545237666050241,-0.31701288208311595,0.7813202031952625,False,False,3,False,False
2013-10-04,2013-10-09,2013-10-08,1.410323429283128,-2.7341545979884727,0.63949058858477,-13.993514753710565,3.803782192198534,3.3855173788649613,5.26807194954678,1.0662181832590596,-0.4498727206150347,-0.8604768249037703,-0.1893363031520352,-0.2913130766640914,-0.4477497313337329,0.7806539922121984,False,False,0,False,False
2013-10-18,2013-10-23,2013-10-22,-3.541974037617447,-7.667268502951778,-4.531777006555149,-15.803553091379902,-0.3048266543249939,1.3317594814025562,0.20725396019723752,-0.03450060410277819,-0.6739440860532475,-0.9307126111509504,-0.2880060403701258,-0.34088146873945024,-0.5583860515784435,0.7799877812291339,False,False,2,False,False
2013-10-25,2013-10-30,2013-10-29,0.6737469340957909,-6.698998530436738,-2.1373604433120663,-18.9084400870338,-0.7490671729157514,0.7891617555439847,-0.2418380864281638,-2.0202707317519466,-0.6290597747953774,-1.051887021573575,-0.3138823967165421,-0.43052605721719744,-0.606338812575673,0.7796354007469734,False,False,3,False,False
2013-11-01,2013-11-06,2013-11-05,-5.103094734374106,-11.143411106722189,-5.420571583458565,-18.669793139375372,-2.4564459489959116,0.49157402359225166,-4.6371783305150425,-4.464078062262067,-0.8308072686944702,-1.0406656346537904,-0.3279439315732856,-0.5408879979263106,-0.6850762082119641,0.7792830202648124,False,False,3,False,False
2013-11-08,2013-11-14,2013-11-13,-0.8799420679083516,-13.450259586192892,5.817063285486827,-16.462563594152577,0.9065612994417784,-3.10976707531214,0.8658062743114531,-7.638882551499776,-0.9347810133505491,-0.9517745503358367,-0.501334040717872,-0.6843160490047312,-0.7680514133522472,0.7789306397826516,False,False,0,False,False
2013-11-15,2013-11-20,2013-11-19,0.24668860046038082,-10.736172561259878,5.878085016756661,-12.632041654688516,1.846420684621888,-2.4549476994409467,2.0188140569035933,-7.193880158478157,-0.8096810681590301,-0.7990794304124803,-0.4692264154498347,-0.663310356868692,-0.6853243177225092,0.7785782593004911,False,False,0,False,False
2013-11-22,2013-11-27,2013-11-26,0.06425358970257805,-16.50262214672163,-0.7905179507113261,-16.362942378180204,4.554674899291199,-1.959566294505034,5.079352641227479,-6.022546801717843,-1.0714493669588645,-0.9453574748282472,-0.4448428096650543,-0.6093645364116206,-0.7677535469659468,0.7782258788183303,False,False,1,False,False
2013-11-29,2013-12-04,2013-12-03,2.077147798939921,-11.295966029298405,-2.212654472801457,-11.676151705808262,1.2848142477849058,0.9207562583976949,0.883758301246511,-1.6446083043826811,-0.8322850367731494,-0.7588108573322451,-0.30523838459262415,-0.40984874362962515,-0.5765457555819109,0.7778734983361696,False,False,1,False,False
2013-12-06,2013-12-11,2013-12-09,3.660415991362594,-10.156340845001138,-0.4463387405830345,-4.531777006555149,-1.4569794156695037,1.1743131088977836,-1.4653525108657879,-1.363812478448807,-0.7791953947065982,-0.4755880060070904,-0.2927089656621853,-0.39670103571529447,-0.4860483505227921,0.7775211178540088,False,False,3,False,False
2013-12-13,2013-12-18,2013-12-17,-0.11334948918278161,-8.277517702957425,0.0,-2.6882260694243794,-1.8176198813776245,1.3680103904080176,-1.4523076838370614,0.034837136739722475,-0.692507026373262,-0.4022385456167965,-0.28308032508574593,-0.3327205307206947,-0.42763660694912475,0.777168737371848,False,False,2,False,False
2013-12-20,2013-12-27,2013-12-26,1.6161351907618078,-3.4680974941951828,5.425584713144035,4.948825764796768,3.5483354592081677,6.9154278960467925,3.5903873216591573,6.291382541056918,-0.4722657319798055,-0.0997467705731921,-0.014195266716532717,-0.0476693661294468,-0.1584692838497443,0.7768163568896873,False,False,0,False,False
2013-12-27,2014-01-03,2014-01-02,-3.8456364904906213,-7.050528617678871,-5.077626214106129,0.8384956293857677,-2.5642430613337557,4.774176288521523,-2.954226251726131,5.677768664641865,-0.6353446352634432,-0.2623973920307195,-0.11795968514658073,-0.07558092585352462,-0.27282065957356705,0.7764639764075265,False,False,3,False,False
2014-01-03,2014-01-08,2014-01-07,-5.818195538273583,-10.68276630694319,-2.320289707966387,2.9781831805624472,-3.6943515191684324,1.1490494791599684,-2.7028672387919372,0.687287928776205,-0.8005258738836969,-0.17739751662660252,-0.2936950143457531,-0.30301603805917043,-0.39365861072880576,0.776167558535477,False,False,3,False,False
2014-01-10,2014-01-15,2014-01-14,-1.2509599130098283,-10.322040848749992,-1.101506023067743,-1.8809331957496227,-0.4040409537004974,-0.20222453807679205,-0.8253141756720415,-0.6539345278985839,-0.7829956216951154,-0.36992127660483803,-0.3590295196254161,-0.363937130111348,-0.4689708870091793,0.7758711406634279,False,False,3,False,False
2014-01-17,2014-01-23,2014-01-22,4.4569710744543025,-4.584516420636878,2.6543322557232494,1.0455080714097174,4.00119499235106,3.2616958240352467,0.3447090624621317,-1.0270545604177888,-0.5197803943978904,-0.2534684623118417,-0.1904536378129388,-0.3806415324044842,-0.3360860067317888,0.7755747227913784,False,False,0,False,False
2014-01-24,2014-01-29,2014-01-28,3.104415963421537,0.8653602986840243,-2.236703014689603,6.052542038785293,3.306351567815776,10.231285421632801,0.5466361408082003,4.637400536524449,-0.270047432510917,-0.0544325463517393,0.1484972803610799,-0.12153005548161756,-0.0743781884957985,0.7752783049193289,False,False,1,False,False
2014-01-31,2014-02-05,2014-02-04,-0.25676591932575554,0.9817678195729931,0.8298802814695064,5.210142547308808,-3.5677896252228605,3.9377793552588525,-2.7285408802721887,-1.252625981918037,-0.26449007793449897,-0.08786604958545488,-0.15779138817363775,-0.3907125071814728,-0.22521500571876607,0.7749818870472794,False,False,2,False,False
2014-02-07,2014-02-12,2014-02-11,2.758795651882896,5.881927963863141,6.2174453842690625,18.24694967306103,-0.788440352414887,6.894575612497898,3.509131981127019,7.765093423006607,-0.039863268233352435,0.43069617231533996,-0.01370825130226435,0.02219618580750024,0.09983020964680586,0.77468546917523,False,False,1,False,False
2014-02-14,2014-02-20,2014-02-19,3.4414958608617487,9.844673874666649,0.3691403231959677,7.495862579052198,2.668560563168138,6.672459543450908,4.268638123141413,9.223748392836864,0.14178593266454614,0.0024284402509819453,-0.02451994157252899,0.08896357377468264,0.05216450127942043,0.7743890513031808,False,False,0,False,False
2014-02-21,2014-02-26,2014-02-25,-0.33212885859505453,9.068293724793442,0.25366927898673425,7.6700488763627686,-0.651043966243201,4.065871588490174,-2.937989827183869,4.909171716965642,0.10606128709713672,0.009364148679944494,-0.15160683265337796,-0.10880741563151737,-0.03624720312695353,0.7740926334311313,False,False,2,False,False
2014-02-28,2014-03-05,2014-03-04,1.3991677924305075,11.859144801482234,-1.4215657654013445,8.501097624254664,-0.13071897286214884,0.590359208874022,0.2676482025996542,1.2777578012500208,0.23408469725180633,0.04248267604684958,-0.32109372936913544,-0.2752473971295551,-0.07994343830000866,0.7737962155590818,False,False,2,False,False
2014-03-07,2014-03-12,2014-03-11,-3.2857366593792285,3.191275218251816,0.0,9.384282811037513,-3.799190664024072,-3.1100985196981954,-2.7436098536122357,-1.0929070532190317,-0.16428838514865177,0.07768103918916662,-0.5015296107338376,-0.38380572860611006,-0.2429856713248582,0.7734997976870324,False,False,2,False,False
2014-03-14,2014-03-19,2014-03-18,-0.20961229414613566,3.8813122368780624,0.5491501993675162,14.175370190288424,-4.055312215517647,-4.46209243745021,-2.4684027462388567,-1.2939505593125151,-0.13243266598727,0.26889532234517827,-0.5671000149330931,-0.3926910783358003,-0.2058321092277463,0.7728702499109465,False,False,2,False,False
2014-03-21,2014-03-26,2014-03-25,-0.4205473305397168,0.5534048434641479,-2.1776095758175718,2.7233150458358852,0.950544034319143,-7.230436445036502,-0.07042253812168707,-5.516041117727553,-0.2854379783531353,-0.18886979674236237,-0.7018575847122236,-0.5863502763475077,-0.44062890903880725,0.7722407021348615,False,False,2,False,False
2014-03-28,2014-04-02,2014-04-01,0.030097818135418977,0.7956132405946061,0.18639334380627326,2.6034294365875614,-0.5269641563810542,-8.407175467169568,-1.0623329368727445,-6.578374054600306,-0.2740438857521843,-0.19350956119158372,-0.7585896385621278,-0.6345734605896319,-0.4651791365238819,0.7716111543587757,False,False,2,False,False
2014-04-04,2014-04-09,2014-04-08,2.848012128470695,9.461820907338895,4.763671033496796,9.687390178050752,1.2252910165999074,-3.487532931401216,1.764336521806814,-2.111170294001561,0.1254836494995105,0.09009958827053119,-0.5169489080495884,-0.4283931436806654,-0.182439703490053,0.77098160658269,False,False,0,False,False
2014-04-11,2014-04-16,2014-04-15,1.095662291616216,11.808443111964923,0.5312567833966622,11.320152984515158,1.4165032145622476,-1.6669887631384772,2.076917853180305,0.7910617348507839,0.2335883931874864,0.15541143212778818,-0.42731088200991296,-0.2944137960052683,-0.08318121317497668,0.7703520588066042,False,False,0,False,False
2014-04-18,2014-04-23,2014-04-22,-2.2942583036597313,7.322332079608119,0.0,10.069306261033127,0.5146691751769001,-4.745293854983711,1.6393809775676351,1.1241814866248323,0.026384436824254388,0.10515931912556366,-0.5777114509369555,-0.27882007084305727,-0.1812469414575487,0.7697225110305184,False,False,0,False,False
2014-04-25,2014-04-30,2014-04-29,-0.12792129665683574,4.089994819529758,-1.3778702356164396,10.928139040106293,-0.7557576336079528,-8.807403056407432,-2.018888074422809,-1.4413427286061762,-0.12290900662543969,0.13952075894742083,-0.7762026654846687,-0.3968401155222497,-0.28910775717123427,0.7690929632544333,False,False,3,False,False
2014-05-02,2014-05-07,2014-05-06,-1.7381378137982664,2.6086229250572583,-5.1836421502007735,4.914616608436003,-2.939329869663237,-8.178943300847811,-2.5202593974138727,-1.2330612457478562,-0.19127585870019903,-0.10195379155257932,-0.7444213416046505,-0.3868753573392707,-0.3561315872991749,0.7684634154783475,False,False,3,False,False
2014-05-09,2014-05-14,2014-05-13,2.180246899593243,2.030074172767602,1.892800988551886,0.5899722127188322,2.4554022055883205,-4.935100742844608,2.520259397413873,-2.2219338294610176,-0.21788031918530096,-0.2755853182742873,-0.5844282610573533,-0.43217043189305593,-0.3775160826024994,0.7678338677022618,False,False,0,False,False
2014-05-16,2014-05-21,2014-05-20,0.7714505326637189,-0.6399711554304207,2.684238052686403,2.9050699422092694,-0.3471020492878967,-7.950763355300629,-0.31158065712953764,-6.802152609731964,-0.3412881890201701,-0.18229548539376594,-0.7317967117990117,-0.6433048100298459,-0.4746712990606984,0.767204319926176,False,False,2,False,False
2014-05-23,2014-05-29,2014-05-28,0.5529431559328641,0.4265639041925364,0.3929278139889557,4.595994841218799,-0.6978395381462258,-8.068891125014275,-0.5563296685328716,-4.366314291759919,-0.29159326909693856,-0.11412849695975523,-0.7367234877055178,-0.5300510393261236,-0.4181240732720838,0.767049401188365,False,False,2,False,False
2014-05-30,2014-06-04,2014-06-03,-1.3838391121035136,-0.2898832834870678,-1.6807118316381173,1.7828378346375024,-2.7592836507702714,-9.243661460859308,-3.0674007184814798,-6.915994190752207,-0.3245559926449241,-0.2272907886447364,-0.7935300465119285,-0.6473991911533176,-0.49819400473872666,0.766894482450554,False,False,3,False,False
2014-06-06,2014-06-11,2014-06-10,1.6126285350674623,4.608481910959621,0.8975109609648504,2.6803487956023377,0.8927036609442406,-4.551767135890992,0.2503130218118475,-3.9220713153281386,-0.09707894002410082,-0.19094747024999267,-0.5620683261971615,-0.5082143538174593,-0.33957727257217857,0.766739563712743,False,False,0,False,False
2014-06-13,2014-06-18,2014-06-17,1.8210627318701507,6.639156936975906,4.336343708521832,6.46754230475667,4.109213222103548,3.612758301730204,4.6747262539631915,3.2210576848739083,-0.0027427010178650395,-0.03810407058462555,-0.16025063675014725,-0.17714821676529688,-0.09456140627948367,0.766584644974932,False,False,0,False,False
2014-06-20,2014-06-25,2014-06-24,-0.2902759657961463,6.7694283017194685,0.1709694381240926,8.816121318698348,1.1533370720933427,3.815551339504406,0.9498036124817134,4.241283835477306,0.0033110738906437635,0.0566876061948083,-0.1501501520952194,-0.12975760849567097,-0.05497727012635958,0.7664297262371209,False,False,0,False,False
2014-06-27,2014-07-02,2014-07-01,-0.5453704161469309,6.193960067437134,-3.264178686136926,5.365549288755143,-3.675495294201301,0.6670202016841548,-3.5742636337931373,1.729353138556898,-0.023445081406870277,-0.08268968950785634,-0.30500049689802483,-0.24607960356105038,-0.16430371784345046,0.7662748074993098,False,False,3,False,False
2014-07-04,2014-07-09,2014-07-08,-1.9131597655221364,3.5506688456909816,-2.958690239047713,-0.32508607282176627,-3.5278912435678134,-2.8251476628221273,-3.505404045843541,-1.8211537063937973,-0.14640880747762652,-0.31258866826015624,-0.476746618007912,-0.41055799621958106,-0.33657552249131895,0.766119888761499,False,False,3,False,False
2014-07-11,2014-07-16,2014-07-15,-3.421309158016551,-3.411698855765135,-1.9730271013813865,-5.037035938894967,-0.10887317351966716,-5.4067221270275825,0.32379952737753476,-4.2200354490376535,-0.47046926976779907,-0.502871222365611,-0.6035254698534112,-0.5215255808515743,-0.5245978857095989,0.7659649700236878,False,False,2,False,False
2014-07-18,2014-07-23,2014-07-22,3.9293380484184883,2.811897496313079,-1.038585003212272,-6.075620942107238,-0.36376904428242496,-6.2851603464868875,0.8939805649933519,-4.9654358616119385,-0.18007824635791728,-0.5444117800145662,-0.6462078240762733,-0.5556318014416078,-0.4815824129725912,0.7658100512858768,False,False,2,False,False
2014-07-25,2014-07-30,2014-07-29,0.3054894977217228,3.245308290691646,-0.5233656806109427,-5.221116387101752,1.7699577099400856,-3.759445002938856,1.764336521806814,-1.182211265382325,-0.1597288959824849,-0.5092780827872909,-0.520915362326543,-0.37929868027960595,-0.3923052553439812,0.7656551325480657,False,False,1,False,False
2014-08-01,2014-08-06,2014-08-05,-7.489283533808584,-2.5058374293186843,-4.054092457883491,-4.0915666947844604,-1.769957709940086,-2.590072843215701,-1.8355615960429332,-0.4975134640113843,-0.4279429302931217,-0.4630335378174224,-0.4626930125646331,-0.34713387055978795,-0.4252008378087413,0.7653354427673451,False,False,3,False,False
2014-08-08,2014-08-13,2014-08-12,0.020544427396336648,-4.665539901515587,3.0369429840452806,-2.947424699291091,0.03643650978551749,-5.009038539018521,0.6392067218658998,-2.378566139559369,-0.5283879978167828,-0.41623109559985644,-0.5817287388482769,-0.4343512352660051,-0.49017476688273026,0.7650157529866249,False,False,0,False,False
2014-08-15,2014-08-20,2014-08-19,-3.1404176864712605,-8.577408120650555,0.03785727851382685,-5.593805473463657,-0.9516909311160386,-5.613627420846663,-0.5679816476297694,-2.6349671300595903,-0.7106094259317652,-0.5231882560056436,-0.611009365551289,-0.44589424611525447,-0.572675323400988,0.7646960632059043,False,False,2,False,False
2014-08-22,2014-08-27,2014-08-26,1.5042623099904138,-7.62608896659301,-0.2273589459872744,-6.2140922334398905,0.9516909311160406,-3.964096951584397,1.9390700976292485,-0.13956736389746913,-0.6653400698909544,-0.5478523728557122,-0.5288265543749012,-0.329248910186716,-0.517816976827071,0.7643763734251837,False,False,1,False,False
2014-08-29,2014-09-04,2014-09-03,-0.29276474277787173,-7.822067019662805,0.037929073088879474,-3.9045673768972984,-0.29186449029518813,-1.3427891834097794,0.6265248478931219,3.639334681696385,-0.6737733351427084,-0.4535424295854592,-0.3986570184473693,-0.15282624545294846,-0.4196997571571214,0.7640566836444631,False,False,1,False,False
2014-09-05,2014-09-10,2014-09-09,-0.2046863090073757,-12.44587633975785,-0.7382975055279921,-8.733633718486576,-0.2988422097040309,-5.105009235093791,-1.6470118096548743,-1.077209698191107,-0.8892872204584585,-0.6493115045852931,-0.5845136592173753,-0.37272292168024324,-0.6239588264853425,0.7637369938637426,False,False,3,False,False
2014-09-12,2014-09-17,2014-09-16,2.323702933026606,-11.943236138601382,0.8156968901968887,-12.254280536811532,-1.39388205165211,-10.608104508849452,-1.858315454891351,-7.610251407045644,-0.8645692212356609,-0.7917039098906383,-0.8564257964440342,-0.6773513156509041,-0.7975125608053093,0.7634173040830223,False,False,2,False,False
2014-09-19,2014-09-24,2014-09-23,-3.604380302188115,-15.25734047499335,4.05589038220891,-8.369359592726738,-2.069832421581012,-13.8312740025238,-2.0435412972190803,-10.603596316746437,-1.0184831593422432,-0.632789014348323,-1.0149429254027036,-0.8163853137346159,-0.8706501032069714,0.7630976143023018,False,False,2,False,False
2014-09-26,2014-10-01,2014-09-30,-0.41593755237083263,-15.127907611217259,-4.017213143281572,-9.122394049871387,-1.0512068768782934,-11.206985585200792,-1.3986241974740066,-8.427956880427292,-1.0108616008089946,-0.6627486824489088,-0.883413149100345,-0.7137363953732124,-0.8176899569328652,0.7627779245215812,False,False,3,False,False
2014-10-03,2014-10-08,2014-10-07,-2.5326245343227893,-14.66494952848845,-9.654837838381578,-14.8537486321416,-1.4190226285194638,-8.555471249316565,-3.407220798086124,-9.032084803782519,-0.9876620881795787,-0.8952426325643945,-0.7508827331062442,-0.7411532119830518,-0.8437351664583174,0.7624582347408606,False,False,3,False,False
2014-10-10,2014-10-16,2014-10-15,-8.287793775233114,-21.92739376100038,-14.208576472118128,-28.103262054089534,-6.012851623499418,-14.713989322462403,-5.546857906474958,-15.081456330524787,-1.3259719814740594,-1.433242167561614,-1.055167279009554,-1.0230507624094527,-1.20935804761367,0.7621705716189139,False,False,3,False,False
2014-10-17,2014-10-22,2014-10-21,-2.9354693830111387,-22.819981590562367,-4.832773641552676,-26.385680205799705,-1.7213539781028537,-12.60624782357486,-2.1961028984598943,-14.41145840181861,-1.3649619532988246,-1.360110707652362,-0.9490574906552038,-0.9901614909513746,-1.1660729106394412,0.7618829084969676,False,False,3,False,False
2014-10-24,2014-10-29,2014-10-28,-1.7061101137037804,-26.15319084737654,0.1455957549115555,-25.502560640078396,-1.9878007021581847,-17.187273919377176,-0.9577420699475229,-17.18062127944315,-1.5177886163425183,-1.3213154267779201,-1.1747022390396136,-1.118125150441819,-1.2829828581504679,0.7615952453750209,False,False,2,False,False
2014-10-31,2014-11-05,2014-11-04,-5.313217293113461,-24.186544793133237,-2.4547133357275333,-24.204919514444136,-1.4196839862920752,-18.174368910957003,-0.5033567674829179,-17.33099497657361,-1.4222264082774454,-1.2658937264797179,-1.2215069269206635,-1.1232680929342376,-1.258223788653016,0.7613075822530742,False,False,3,False,False
2014-11-07,2014-11-13,2014-11-12,-1.988902411683046,-23.253426064174345,-0.6769851774339806,-24.79663314066732,1.272225977218158,-17.948405625431498,-3.0221495568819625,-19.953073582691946,-1.3754852874087278,-1.2874527668951232,-1.2080411014602623,-1.2438812496696174,-1.2787151013584326,0.7610199191311275,False,False,2,False,False
2014-11-14,2014-11-19,2014-11-18,-4.331385706925985,-25.745101210222288,-9.800197147003619,-34.06989480050082,-3.93924017106606,-19.04727690246609,-4.868410275977649,-22.091389598694057,-1.4886695710417241,-1.6611885863082143,-1.2602198050498172,-1.34138486531857,-1.4378657069295815,0.7607322560091808,False,False,3,False,False
2014-11-21,2014-11-26,2014-11-25,-0.6864553505450579,-25.33682634518198,-1.1930727201830529,-38.544423550339246,-1.438873745209967,-21.55057618660921,0.4887812441594806,-22.809580763267633,-1.4660869544695039,-1.8378668181833155,-1.3816539952478395,-1.3721089440257002,-1.5144291779815897,0.7604445928872344,False,False,2,False,False
2014-11-28,2014-12-03,2014-12-02,-12.27630679534726,-37.89945313408013,-13.25296587707685,-49.29213782452223,-9.590180154775137,-32.79230268939785,-12.112120604768835,-34.77551623016667,-2.0472485392648743,-2.26666715319261,-1.9345386461631144,-1.9273308633764297,-2.043946300499257,0.7601569297652877,False,False,3,False,False
2014-12-05,2014-12-10,2014-12-09,-7.9004298519504506,-38.122213816403885,-7.979878738547683,-52.09203467130007,-6.667465167117609,-33.99469009680175,-7.510363924067859,-37.327198509403324,-2.0497092746126517,-2.3692786159672856,-1.987066671779144,-2.0393764022483736,-2.111357741151864,0.7598692666433411,False,False,3,False,False
2014-12-12,2014-12-17,2014-12-16,-12.999647608592216,-49.892735438909405,-13.779811418074365,-61.28618427748218,-6.9215069021473035,-37.576925943915015,-9.247329846912518,-43.65171521063079,-2.586962442429067,-2.727223412535743,-2.1561711358979823,-2.3253185486309023,-2.448918884873424,0.7595816035213944,False,False,3,False,False
2014-12-19,2014-12-24,2014-12-23,1.4368318141556893,-48.72674502318611,-15.986810918457731,-80.5697839725689,10.13524942602875,-26.98278469921848,-9.565018094093723,-51.852656854384946,-2.5185117175291594,-3.4816366553750604,-1.6269274048772815,-2.6939587670444065,-2.580258636206477,0.75936400314654,False,False,2,False,False
2014-12-26,2014-12-31,2014-12-30,-4.989778842887734,-54.745709929739114,-14.589299458827675,-77.82378545307867,-5.996657895063697,-42.200405889017794,-10.542478094495362,-53.47028058579877,-2.7813938796439164,-3.33924124969449,-2.368917485255901,-2.7521274850259867,-2.8104200249050737,0.7591464027716859,False,False,3,False,False
2015-01-02,2015-01-07,2015-01-06,-10.814945329922452,-64.19416381852629,1.8616482607765212,-72.93716136517662,-0.7768189646510579,-42.70266198870109,-0.129366124122028,-53.0818600353694,-3.1954530086943276,-3.1171086390305565,-2.3819387062457675,-2.716981492530832,-2.852870461625371,0.7589288023968315,False,False,2,False,False
2015-01-09,2015-01-14,2015-01-13,-8.612175374991857,-67.65688791504412,-4.305300649928965,-72.92881855620692,-6.949779449692138,-47.53554443176829,-7.145896398214497,-60.96262085100841,-3.3264711230994717,-3.0923359223242706,-2.605678148814586,-3.05997063309708,-3.0211139568338523,0.7587112020219771,False,False,3,False,False
2015-01-16,2015-01-22,2015-01-21,4.117036588765232,-58.313170479170125,7.1808981486593595,-53.20168187465166,0.0,-44.06144780166845,4.8654488163525595,-52.26951993213746,-2.876056022276854,-2.3013629420543555,-2.4222848871149694,-2.642438051908677,-2.560535475838714,0.7584936016471227,False,False,0,False,False
2015-01-23,2015-01-28,2015-01-23,-6.89339509118697,-59.20980722958611,3.9647633539114864,-43.99254467227714,-1.5669389857899587,-40.44117002366039,1.8805120979054215,-46.88386128869544,-2.896765447857594,-1.933765367178864,-2.2351174427539218,-2.383758036861207,-2.362351573662896,0.7582760012722684,False,False,1,False,False
2015-01-30,2015-02-04,2015-02-03,8.968875476034603,-44.5381715513607,19.129022677671507,-28.975263144588503,9.700270489101612,-30.72193949775512,12.578748448909547,-35.28055599704666,-2.2227116186638334,-1.3460974949881093,-1.756916658137749,-1.8498325269265004,-1.793889574679048,0.7580584008974142,False,False,0,False,False
2015-02-06,2015-02-11,2015-02-10,4.640587341356129,-50.33265410419805,10.289442316263269,-28.195139774279593,7.826526204911574,-28.035190148534646,10.652942286280814,-34.03033398329369,-2.470686950588627,-1.3131603079732768,-1.6223752771086726,-1.7876691055823042,-1.7984729103132202,0.7578408005225598,False,False,0,False,False
2015-02-13,2015-02-19,2015-02-18,4.051831277638631,-43.4889187027439,-1.6000341346441076,-31.221731624805933,6.7868644274670515,-21.798591659798426,4.287595845774063,-30.488083202977702,-2.1547368047930133,-1.427493559738057,-1.3183271809679926,-1.6232829487637488,-1.630960123565703,0.7576232001477055,False,False,1,False,False
2015-02-20,2015-02-25,2015-02-24,-9.965117906191288,-47.38894278278358,6.7790948265334965,-23.71164304683254,1.1982430420282622,-17.4436242334667,-2.4916351264534553,-31.13392420179377,-2.3181656279666574,-1.1343395991018503,-1.1064972310385661,-1.647908205590398,-1.551727665924368,0.757405599772851,False,False,1,False,False
2015-02-27,2015-03-04,2015-03-03,3.9434894327574903,-38.52340725799944,6.404982688128023,-7.913118993349209,-3.799929470707041,-18.06166795359235,2.8266438149816513,-22.425775755761325,-1.9169949158888329,-0.5225506426556349,-1.1343824342951656,-1.2537604333021386,-1.206922106535443,0.7569126335373073,False,False,1,False,False
2015-03-06,2015-03-11,2015-03-10,-4.067328457872141,-44.59400783580257,-5.925077747881408,-10.392321753040674,-11.201701230605059,-28.58753872268321,-6.863459835957466,-30.61668871258839,-2.177287433628153,-0.6178248019338254,-1.637912364258819,-1.6177914530218265,-1.512704013210656,0.7564196673017641,False,False,3,False,False
2015-03-13,2015-03-18,2015-03-17,-10.968395169965317,-41.85162378333256,-4.2793815598679075,-2.4067807821529326,-9.194640921307652,-28.006740231956368,-8.663153055154933,-27.68817711010111,-2.048006211833104,-0.30862160608062755,-1.6056700351524538,-1.482694721102964,-1.3612481435422872,0.7559267010662205,False,False,3,False,False
2015-03-20,2015-03-25,2015-03-24,8.055669614669737,-29.441039642257767,5.764410335513366,7.910957399582761,0.0,-22.261570754370645,0.19512201312617494,-23.258551501239094,-1.4975587484225845,0.09059081315754558,-1.3262827641732022,-1.281514921412728,-1.0036914052127424,0.7554337348306768,False,False,0,False,False
2015-03-27,2015-04-01,2015-03-31,1.4564901272758621,-15.928655256756507,-6.453852113757105,12.512121511181624,3.690933685596081,-14.42021653378934,1.80301085171416,-11.728656414010404,-0.9036534630908015,0.26857104171331025,-0.9482053626097521,-0.7646146214107805,-0.586975601349506,0.754940768595133,False,False,1,False,False
2015-04-03,2015-04-08,2015-04-07,10.320035434876733,-5.341338091088879,4.1093395072123995,18.267685969341095,3.2568162586921945,-8.680982503893246,2.972355040604294,-5.345690693946085,-0.43982111198657103,0.4912298216615969,-0.6721013271348244,-0.4788538931729945,-0.27488662765819827,0.7544478023595893,False,False,0,False,False
2015-04-10,2015-04-15,2015-04-14,-1.2121360532344962,-1.5636953014356352,-0.7130154984591192,32.14396992970966,2.389599962836317,-0.2947246459932392,2.411207833371114,7.607995233920384,-0.27426985495397754,1.0284033592403985,-0.26969537132613147,0.1000399396037523,0.14611951814101046,0.7539548361240461,False,False,1,False,False
2015-04-17,2015-04-22,2015-04-21,4.188709314255872,13.234975411974823,3.11149256686158,37.24888398665296,2.9088729256925294,4.996631427848037,2.3544348305308502,11.9092793538447,0.3734249216784573,1.2246472670587845,-0.01586126218788014,0.29218558967283303,0.4685991290555487,0.7534618698885025,False,False,0,False,False
2015-04-24,2015-04-29,2015-04-28,2.6104651993727033,20.727537790471516,6.16441631112068,40.27514022365683,3.935302620615709,14.509587794204947,3.1494157486675465,20.098390998533695,0.7011418510822186,1.339638119866465,0.4404548697258155,0.6581596798939663,0.7848486301421165,0.7529689036529588,True,True,0,False,False
2015-05-01,2015-05-06,2015-05-05,5.672984797060811,23.38415116886259,1.777585184105708,27.61805743469879,3.945391469346824,13.664016413153524,7.2294442730894275,21.439847176153982,0.8167370308676626,0.8470378048973453,0.39949286446728305,0.7174918092163087,0.6951898773621499,0.757405599772851,False,True,0,False,False
2015-05-08,2015-05-13,2015-05-12,0.5615208808681633,19.305084708374633,-0.1068376169998939,17.22177750143563,-1.548762599476631,4.288727608765295,-1.2665076943266662,9.520397195546499,0.6370665669514273,0.4435118606350968,-0.05107720360323746,0.183286218893499,0.3031968607191964,0.7569126335373073,False,True,3,False,False
2015-05-15,2015-05-20,2015-05-19,-5.797250936668061,9.456002494067922,-0.5359069631838914,18.285904672895846,-2.7832628781555377,-5.281399696857288,-4.563529470661934,0.6692718791105156,0.20478258279019979,0.48435051588908123,-0.5109644924768979,-0.21323444328665345,-0.008766459271067596,0.7564196673017641,False,True,3,True,True
2015-05-22,2015-05-28,2015-05-27,0.3658222004968882,13.49482987864776,-1.1892032037929716,8.805002980204907,-3.95085243511235,-10.484224666462412,-3.7954144828152616,-5.175508151189622,0.3817548662287199,0.11646526247988213,-0.7606739766908256,-0.47500419746998546,-0.18436451136305226,0.7559267010662205,False,False,3,False,False
2015-05-29,2015-06-03,2015-06-02,6.7653754521679215,19.519360685353178,2.87151026719942,9.156014330323229,2.5528578350756725,-1.845872170485215,1.4388737452099671,1.4388737452099671,0.6458134379462892,0.12999464315176243,-0.3443215233944391,-0.1780028759351337,0.06337092044211971,0.7554337348306768,False,False,0,False,False
2015-06-05,2015-06-10,2015-06-09,-1.8938400521477863,21.692849091077537,1.4307857775280113,16.51187785573265,-2.1041750857163843,7.251653974403458,-3.5228691883743943,4.77946439279304,0.7405765895662604,0.4153985717550606,0.09380826460070599,-0.027977671098600915,0.3054514387058565,0.754940768595133,False,False,2,False,False
2015-06-12,2015-06-17,2015-06-16,-0.23302274192663774,32.42822151911621,2.108511848707117,22.89977126430768,-1.5792770421869904,14.867017853524105,-1.6064602503806564,11.83615719756731,1.2112029847982155,0.6631268866607013,0.46052043457686587,0.28890616814896214,0.6559391185461863,0.7544478023595893,False,False,2,False,False
2015-06-19,2015-06-24,2015-06-23,1.7181985555292303,26.09075045997569,-3.077165866675366,14.058195062118939,1.8028657323153587,16.66988358583947,-0.7547205635382966,10.88631462090283,0.9308518072914581,0.3189413500786356,0.5470027114199013,0.2460044018767535,0.5107000676666871,0.7539548361240461,False,False,2,False,False
2015-06-26,2015-07-01,2015-06-30,-2.605307896475934,22.0289524362239,1.6260520871780326,22.138099263054084,-1.9166313873614647,11.062318512881932,0.6389798098770988,9.722283579065792,0.7512808056341407,0.6328049186466459,0.27613042062635007,0.19348103903966538,0.4634242959867005,0.7534618698885025,False,False,1,False,False
2015-07-03,2015-07-08,2015-07-07,-10.871814405545898,-3.048787132002727,3.206065700721209,15.13556074955616,-7.4914243194040235,-3.6950016233476184,-5.7649314652780275,-3.413300636945847,-0.35093277445831306,0.3598271917646386,-0.4360667045701649,-0.3976731762216564,-0.20621136587137393,0.7529689036529588,False,False,2,False,False
2015-07-10,2015-07-15,2015-07-14,1.3665044675875695,-0.4701466111806735,-6.030660623099114,9.81791562491617,0.06271558687844635,-6.021885999305472,-0.5698021114637779,-6.394310581780747,-0.23733182549654283,0.1525929430234226,-0.5480262087581147,-0.5315514481377616,-0.2910791348422491,0.752475937417415,False,False,2,False,False
2015-07-17,2015-07-22,2015-07-21,-4.748093675614734,-9.406949601051279,0.4853069649073464,7.191730022961938,-3.120278607157763,-12.05103753215577,-2.052669889657257,-10.801415301968856,-0.6301543177844929,0.05020848543482679,-0.8387175534657165,-0.7295775826339238,-0.5370602421123266,0.7521658356672094,False,False,2,False,False
2015-07-24,2015-07-29,2015-07-28,-5.317811278987227,-17.33522607941121,-10.362870667941571,-9.3355569561003,-5.381570769619951,-21.367910922391424,-3.8313801126360714,-17.78221116327248,-0.9783297994994353,-0.593919156968991,-1.2877881615419935,-1.0433270876536183,-0.9758410514160095,0.7518557339170041,False,False,3,False,False
2015-07-31,2015-08-05,2015-08-04,-4.738402379244216,-27.74661325571625,-0.4185357380193166,-11.531677878225342,-3.401924719750271,-28.715227111488527,-3.7041271680349097,-28.715782604396818,-1.4350313826031451,-0.6789758769806155,-1.6401382229695936,-1.5344012797726059,-1.32213669058149,0.7515456321667985,False,False,3,False,False
2015-08-07,2015-08-12,2015-08-11,-5.943680296248707,-34.25181443283313,2.309845068668005,-9.11499519255744,0.14114328384078084,-27.025321228171112,0.139664827172104,-27.30961008289805,-1.7179179720344984,-0.5840138849338357,-1.5543645214787813,-1.4674718738388948,-1.3309420630715025,0.7512355304165929,False,False,0,False,False
2015-08-14,2015-08-19,2015-08-18,-1.2370329293709825,-29.691596425536037,-5.351442067088005,-13.93053029646156,-0.4240289038885416,-24.666087253904116,-3.0466401703434536,-25.792720782579575,-1.5129294405105826,-0.7713751708188712,-1.436952219325999,-1.3959851301222292,-1.2793104901944206,0.7509254286663871,False,False,3,False,False
2015-08-21,2015-08-26,2015-08-25,-8.398423702852135,-38.45584232888508,-14.89142594221691,-27.63275303488551,-12.346486912381433,-33.06172173117321,-11.177593461402612,-33.174899761166934,-1.8938485673918692,-1.3053557438550456,-1.8380514700219155,-1.724883269741664,-1.6905347627526235,0.7506153269161815,False,False,3,False,False
2015-08-28,2015-09-02,2015-09-01,14.767105691488375,-27.37579021822948,0.9275842462521595,-31.690294249034324,13.962257926434853,-20.641910837301513,12.037197608382407,-22.96841689722013,-1.4026295415924814,-1.461175100784986,-1.2354547581476667,-1.2619630123044894,-1.340305603207406,0.7503052251659762,False,False,0,False,False
2015-09-04,2015-09-10,2015-09-09,-2.7931656070239774,-32.96183337775448,-6.909433767343177,-44.71999278857791,-1.6866176340907542,-25.233760730842462,-1.3644735929777072,-25.01085918873571,-1.6441140504616616,-1.96589858575779,-1.4538821999767346,-1.351298209242694,-1.6037982613597201,0.7499951234157706,False,False,3,False,False
2015-09-11,2015-09-16,2015-09-15,-2.9615424053588306,-29.722588704369862,-3.371966971657113,-45.04250610241551,-5.929753842211407,-24.629173463688645,-6.369736028606737,-25.636724499511676,-1.4982878827150083,-1.971749343560728,-1.421682077073346,-1.376682638373896,-1.5671004854307446,0.7496850216655649,False,False,3,False,False
2015-09-18,2015-09-23,2015-09-22,3.504490856117485,-27.936296403781608,6.8525108166658315,-35.11282941907431,3.361060026251443,-23.070979169752558,2.873125804048106,-22.008878131925265,-1.416888586467573,-1.5794747347326614,-1.343920728919302,-1.2113245151913319,-1.387902141327717,0.7493749199153593,False,False,0,False,False
2015-09-25,2015-09-30,2015-09-29,-2.0348585270977786,-27.36584703440346,-0.21857932199803193,-36.95746082825037,-0.6349227678658668,-21.789270550256973,1.155247505115079,-21.492610436687286,-1.3890182359878303,-1.64716176119304,-1.279828436267738,-1.1861067394173703,-1.3755287932164946,0.7474164751179634,False,False,2,False,False
2015-10-02,2015-10-07,2015-10-06,7.020051216920507,-6.1533288743510965,7.920074416501138,-32.016752759626925,6.837933110382832,-4.712068840643745,7.1335184754616785,-4.572971801632587,-0.46122525273612447,-1.4514909078035272,-0.45902921984751865,-0.4263931829582947,-0.6995346408363663,0.7454580303205696,False,False,0,False,False
2015-10-09,2015-10-15,2015-10-14,-2.60359716599977,-8.761881273624747,-13.080149860827264,-41.77746025794534,-7.499134148550414,-10.426821625921718,-7.745805903900389,-12.199983466179098,-0.5746410226527316,-1.826181749885742,-0.7326776044101656,-0.7678007595579598,-0.9753252841266499,0.7434995855231736,False,False,3,False,False
2015-10-16,2015-10-21,2015-10-20,-1.8587092268367533,-7.215830414938757,-2.673306219706875,-38.77948526525369,-2.3461486678997936,-12.990836854904508,-0.5237572766248522,-13.783569420777248,-0.5066255617112569,-1.7048115837169726,-0.854883456616884,-0.8379296062657874,-0.9760625520777252,0.7415411407257777,False,False,3,False,False
2015-10-23,2015-10-28,2015-10-27,-5.908512246264236,-12.104341977811945,-0.24660924951934426,-34.99030954489895,-0.969072063790258,-9.018984091634964,0.8961971857230742,-9.969393324176497,-0.7196694225768847,-1.553936742260196,-0.6632961498943507,-0.6659426346724537,-0.9007112373509714,0.7395826959283818,False,False,2,False,False
2015-10-30,2015-11-04,2015-11-03,10.262593074593061,5.915066685086259,16.29303674793041,-13.945785236217226,9.087406947537383,4.190557271518839,8.20424226664426,2.989447501170174,0.06828264242369111,-0.7388182017628458,-0.028630710747665895,-0.08408769926709833,-0.19581349233847975,0.7376242511309857,False,False,0,False,False
2015-11-06,2015-11-12,2015-11-11,-7.553718483447539,1.5959033851565736,-13.555691488884294,-34.959397185425786,-3.8452325164936636,-5.188483536901157,-6.141329994520928,-6.839656854739777,-0.12058193387257066,-1.5485244825925926,-0.47907791966394986,-0.5251560014236973,-0.6683350843882025,0.735665806333592,False,False,3,False,False
2015-11-13,2015-11-18,2015-11-17,-8.243837021991412,-0.049091802655056735,-13.07815696301677,-29.730173561426053,-8.089031927601782,-8.161627212096683,-8.687982400647615,-6.345269111133618,-0.19245922642509092,-1.3433842094916737,-0.6215437229780246,-0.5024925793869975,-0.6649699345704467,0.7337073615361961,False,False,3,False,False
2015-11-20,2015-11-25,2015-11-24,0.3920612716229763,6.0227293082812485,6.464835693316731,-7.6106444575753756,-1.267845825977095,0.15961695328221345,1.7214822618048322,3.3126057259150805,0.07347461838617954,-0.4889223764808896,-0.22090082493428545,-0.06817137917427935,-0.17612999055081874,0.7317489167388,False,False,1,False,False
2015-11-27,2015-12-02,2015-12-01,3.2814465807750355,-11.179614495402706,8.397120092380689,-11.58318155251217,-0.8103772063107599,-15.49640186276866,-1.5949301407677954,-11.956779429541058,-0.680133313026381,-0.6415726986084331,-0.9739054014508582,-0.7545834611376954,-0.7625487185558419,0.7297904719414041,False,False,2,False,False
2015-12-04,2015-12-09,2015-12-08,-8.000163738172613,-16.386612626551337,-11.838130070563663,-16.51187785573265,-12.094098663307442,-25.903882891985358,-5.3665372761753805,-15.958843112738721,-0.907626737177851,-0.8309365324886686,-1.4732870975680654,-0.9337389382777854,-1.0363973263780926,0.7284911829539497,False,False,3,False,False
2015-12-11,2015-12-16,2015-12-15,-0.3744321036799411,-23.316816336418807,5.840439571013301,-12.705406708431621,-10.240600278579395,-36.92104902160195,-14.87932723989438,-31.48682127559377,-1.2102169874505666,-0.6832070194435343,-1.99966577187193,-1.6308899093573874,-1.3809949220308546,0.7271918939664967,False,False,2,False,False
2015-12-18,2015-12-23,2015-12-22,-3.2682647430358536,-20.93163907848265,-6.020134138683461,-20.645836191342177,-3.309505760177632,-38.74274837916168,-0.29571238897439267,-29.897053588205207,-1.1036624308241427,-0.9887793710846549,-2.0801909838635204,-1.5553697873275767,-1.4320006432749737,0.7258926049790423,False,False,3,False,False
2015-12-25,2015-12-30,2015-12-29,9.201571810419876,-17.755838293004214,0.08594757727187018,-16.36780512709313,10.703275685018852,-28.36797127829378,4.173337294404632,-28.07665804821505,-0.9628589084391483,-0.8224291929295213,-1.5760390700745786,-1.470020475886434,-1.2078369118324206,0.7245933159915879,False,False,0,False,False
2016-01-01,2016-01-06,2016-01-05,-1.0784011601745565,-25.20246446179433,-0.43611059090125326,-23.634277038093934,4.840451048165946,-33.66099871552141,2.1485201450786153,-32.81561803795556,-1.28781375808096,-1.101817557187298,-1.8253502010028757,-1.6793440706735552,-1.4735813967361724,0.7232940270041335,False,False,1,False,False
2016-01-08,2016-01-13,2016-01-12,-16.758497087638567,-43.69603774243165,-12.954335144656714,-26.3511711523968,-11.754198467293334,-42.266983355779516,-12.651671562513794,-40.83848182114991,-2.095285974395242,-1.2049460462197232,-2.230762310428704,-2.0342759925236096,-1.8913175808918194,0.721994738016679,False,False,3,False,False
2016-01-15,2016-01-21,2016-01-20,-13.118606578372397,-54.276873721370755,-4.6851745609737785,-22.25177037919564,-12.090612869659104,-49.85101971759366,-12.604072089536494,-51.08256237659907,-2.5498299615325886,-1.0448445135013391,-2.58272257164292,-2.4849623065749182,-2.1655898383129415,0.7206954490292261,False,False,3,False,False
2016-01-22,2016-01-27,2016-01-26,3.6894375813287543,-39.63968074703923,3.3218957792522374,-20.998808951209334,9.766589349678405,-37.76303091147205,6.828590786613158,-42.3994248576865,-1.8997403493780263,-0.9950374023337191,-1.9959865948935704,-2.0861307906097224,-1.7442237843037596,0.7193961600417716,False,False,0,False,False
2016-01-29,2016-02-03,2016-02-02,1.2113203293406969,-44.37420607349595,-21.820526967362714,-52.379533940063624,0.6396610296692573,-40.65272430991478,2.927038230011324,-42.45133030788589,-2.0994763727551584,-2.2037137606332884,-2.1259735290963313,-2.0808356009978333,-2.127499815870653,0.7180968710543173,False,False,1,False,False
2016-02-05,2016-02-10,2016-02-09,-6.708356303103112,-46.06611250734189,0.36877730791846147,-49.87282042907645,-4.900272661044905,-51.12719527178321,1.0627092574286192,-40.75770413113079,-2.1650955561713006,-2.0985383993364017,-2.612541854850295,-1.9982127619198014,-2.2185971430694496,0.7167975820668628,False,False,1,False,False
2016-02-12,2016-02-18,2016-02-17,9.283605913344596,-28.23713855145431,15.432594930452753,-17.245884916099588,12.76547841355375,-23.214028713943836,6.348087957943573,-23.811035294752873,-1.3858464657374265,-0.8389509312887438,-1.285987455997569,-1.2416810940680845,-1.188116486772956,0.7149970838560367,False,False,0,False,False
2016-02-19,2016-02-24,2016-02-23,9.170487767826202,-24.18124195852396,-3.360749889108796,-25.37615113569318,-0.9331327428884305,-27.826285053528938,-5.604915138566282,-34.45170784947828,-1.207836786755861,-1.1499987048093305,-1.5004780885071571,-1.7101282746171915,-1.3921104636723851,0.7131965856452124,False,False,3,False,False
2016-02-26,2016-03-02,2016-03-01,7.704246346799269,-16.526305277418107,10.55809985161773,-21.116736026749418,6.94094513721676,-16.037864266071068,9.91327375219746,-23.35311796757876,-0.8751458412654218,-0.9847555372422366,-0.943496302985127,-1.2153739729310509,-1.004692913605959,0.7113960874343862,False,False,0,False,False
2016-03-04,2016-03-09,2016-03-08,6.419315763905987,-8.692047203070159,4.272494466634131,-11.312497091387673,9.097177820572679,-3.829884955794104,7.353408404614912,-13.014413247995732,-0.5356225706987107,-0.6072519250889188,-0.368866157870197,-0.7568394757778163,-0.5671450323589107,0.7095955892235599,False,False,0,False,False
2016-03-11,2016-03-16,2016-03-15,-0.9590428350142156,1.8619406872787747,18.279672905283586,1.1146612224913204,-10.861929501930494,0.5952398527295352,-1.6933612529439626,1.81910234018384,-0.07895488024438167,-0.12965474605817726,-0.1606079714355066,-0.10088610258316515,-0.11752592508030767,0.7077950910127337,False,False,2,False,False
2016-03-18,2016-03-23,2016-03-22,13.211932784821142,17.71719917891546,7.399485637960675,13.353139262452277,15.880283454876029,21.578671308850144,7.843581228723346,10.828877543691458,0.6069116276349225,0.3405392777470927,0.8263461126593605,0.29738192340503095,0.5177947353616016,0.7059945928019076,False,False,0,False,False
2016-03-25,2016-03-30,2016-03-29,-7.814440201873538,-1.9053306830977106,-2.941388520629334,7.586188109769601,-7.527612077120868,10.940910418382666,-8.429028687526909,-2.2472855852058515,-0.24277699573397346,0.11862971776622876,0.32500957041512224,-0.28111202674047436,-0.02006243357327421,0.7041940945910833,False,False,3,False,False
2016-04-01,2016-04-07,2016-04-06,2.2238022898497016,4.803528223287166,-4.395433850657126,6.759329113252825,-3.3336420267591835,2.382199357235693,1.6401718383800903,0.9615458699441973,0.04789428613425975,0.08674707302924728,-0.0780757882899258,-0.13891295322606442,-0.020586845588120798,0.7023935963802571,False,False,2,False,False
2016-04-08,2016-04-13,2016-04-12,19.89838210505474,29.30780544382995,12.95882516847631,29.303358120978633,19.985135907874874,25.542121023355946,21.57556549143202,24.347597994728513,1.109628209477843,0.9543279623514052,1.0128046610601158,0.8967283145158795,0.9933722868513108,0.7005930981694308,True,True,0,False,False
2016-04-15,2016-04-20,2016-04-19,-2.988174137032564,36.179004460550296,-4.922694076515064,29.176787997436136,-1.3201511858535955,35.052399007686326,-2.2280270391665558,30.69302607566975,1.4056451949247604,0.9482301200985673,1.4593496914527595,1.1766562838048877,1.2474703225702437,0.7167975820668628,True,True,3,True,True
2016-04-22,2016-04-27,2016-04-26,3.9333607578298158,36.42292763705136,11.267316250411282,37.12220846859517,5.729683172376009,31.015492830383945,4.490377402948669,28.35481269200527,1.4133980696370974,1.252851376769707,1.2662939991179016,1.0712479466319227,1.2509478480391572,0.7284911829539497,True,True,0,False,False
2016-04-29,2016-05-04,2016-05-03,2.622872881186392,37.83448018889705,-6.563201495894247,52.379533940063624,0.2350177344953673,30.61084953521006,-1.1666798999615393,24.2610945620324,1.4716300187638023,1.8377454005871547,1.2450473464576644,0.8884735810697706,1.3607240867195978,0.7454580303205696,True,True,2,False,False
2016-05-06,2016-05-11,2016-05-10,2.3322691915388667,46.87510568353905,-2.8108359383605785,49.199920693784605,-0.23501773449536267,35.27610446175961,1.662548684613413,24.8609339892172,1.8593573239552958,1.7102193725436137,1.4623144297407065,0.9139677156086363,1.4864647104620632,0.7515456321667985,True,True,2,False,False
2016-05-13,2016-05-18,2016-05-17,7.76985256844505,45.36135233863951,10.93286262814466,44.700188391476495,9.495361000200889,32.00598704840672,11.217975089081902,29.73082112035551,1.7884878876585482,1.5330972264655471,1.3055796473201229,1.1284931926663087,1.4389144885276317,0.7554337348306768,True,True,0,False,False
2016-05-20,2016-05-25,2016-05-24,-0.5190502673667698,45.923747970627545,1.1367558049629887,44.79090955394926,1.416454276865085,36.11050760331982,1.3177350265802645,38.673257187182905,1.8077172993913935,1.5331463417160065,1.496007913230044,1.522695039931104,1.589891648567137,0.7584936016471227,True,True,0,False,False
2016-05-27,2016-06-02,2016-06-01,2.1213852890029243,35.02615961682788,1.3210231736806481,42.63509990879989,0.979713924498326,32.456568588233544,-0.14556043327006501,31.90001294565071,1.3336233526072736,1.4471606802012977,1.3212975311928754,1.2197128247535598,1.3304485971887516,0.7607322560091808,True,True,1,False,False
2016-06-03,2016-06-08,2016-06-07,2.553672495708427,31.743677767432438,2.5906463763807572,37.13012957438567,2.987370465862673,25.95618977109232,4.176272836197497,27.972136546132546,1.1899739570037806,1.2335074587027404,1.013966686162092,1.0439988478903919,1.1203617374397512,0.7634173040830223,True,True,0,False,False
2016-06-10,2016-06-15,2016-06-14,-3.8038168640298125,28.89890373841685,-5.804598215414412,13.045858453687678,-2.9168734590656804,33.90124581395714,-3.1521234309777997,26.51337436809871,1.0657396446231384,0.3100675258956934,1.3852722859162894,0.9780437181162303,0.9347807936378378,0.7659649700236878,True,True,3,True,False
2016-06-17,2016-06-22,2016-06-21,0.9441777859258553,16.631148739521546,4.948484985211041,10.594857800938046,1.1212451033678805,19.142207462448997,1.5168221473171226,20.186615286692497,0.5367759493171946,0.21601945265249106,0.690715800873559,0.6970074882058588,0.5351296727622759,0.7678338677022618,False,True,0,False,False
2016-06-24,2016-06-29,2016-06-28,-2.1057755804979523,26.125909612963284,-3.568200821669261,13.1672746943943,-3.4742948443873085,23.29315576803725,-2.6881386136824457,27.8397862103531,0.9447372448181386,0.3144019382813436,0.8846938032663704,1.0348538264341092,0.7946717031999905,0.767204319926176,True,True,3,True,False
2016-07-01,2016-07-07,2016-07-06,-1.1752496235879524,22.72685769952562,-3.771396675493957,13.791311869557488,0.5755411570620752,27.2023389518585,0.44085302847659563,26.640467400449623,0.7973305277425485,0.338090139800557,1.0669928647063889,0.9803849242223106,0.7956996141179512,0.7728702499109465,True,True,1,False,False
2016-07-08,2016-07-13,2016-07-12,0.19241053504300695,10.578777479699012,0.7283353391107874,0.29069787913090894,-1.9146387526374882,9.754315430863729,-0.9619016082702034,13.08795745762291,0.27374958292066764,-0.17989341167271425,0.2472289175349188,0.37963673495174577,0.1801804559336545,0.7758711406634279,False,True,2,False,False
2016-07-15,2016-07-20,2016-07-19,-4.768014398970917,8.798937217760654,-3.095309747701267,2.1180822079447044,-6.528229209041577,4.546237407675742,-6.925844047005533,8.390140449783932,0.19692371777412554,-0.10964749124012162,0.002662111954109162,0.1714306327962125,0.06534224282108139,0.7755747227913784,False,True,3,True,False
2016-07-22,2016-07-27,2016-07-26,-5.715841383994875,-0.8502649240640459,0.5225842426646483,-8.62664979980193,-3.883983331626401,-5.067429096326667,-5.15030039405891,-1.2505373472236543,-0.218924190271503,-0.5221573764436642,-0.44876771941751237,-0.2556434296345113,-0.3613731789417977,0.7752783049193289,False,True,2,True,True
2016-07-29,2016-08-03,2016-08-02,-6.51712323260306,-9.990261037853502,-2.487878032804024,-4.551326336711712,-5.164075790737709,-10.466522621559745,-5.253037150917461,-5.336894598179575,-0.6127958640730709,-0.3651571886364508,-0.7020709781248278,-0.4365486667772428,-0.529143174402898,0.7749818870472794,False,False,3,False,False
2016-08-05,2016-08-10,2016-08-09,7.977003174718342,-4.345527054674034,4.0394422208210266,2.298951822469878,4.750681237564888,-5.4808236494994915,6.088463897903235,-0.9109793848897398,-0.36879754075824117,-0.10156628190606362,-0.4670657932141747,-0.23996964676586796,-0.29434981566108687,0.77468546917523,False,False,0,False,False
2016-08-12,2016-08-17,2016-08-16,8.488585334002636,-3.626794289116469,3.174869831458027,-5.459040974216746,14.690470169622385,-0.28571448007798916,10.344520508355568,-1.7844339656160484,-0.33750730709871346,-0.39990368598791765,-0.22240897218157032,-0.278554258749825,-0.30959355600450655,0.7743890513031808,False,False,0,False,False
2016-08-19,2016-08-24,2016-08-23,2.061490493776207,-1.046253527973498,7.65400771223344,1.0582109330537008,1.9129169908995391,0.21074823395647993,2.7378698643461936,-0.36429912785009805,-0.2258397721575019,-0.14877969544661038,-0.19889662821751183,-0.21531365639130046,-0.19720743805323115,0.7740926334311313,False,False,0,False,False
2016-08-26,2016-08-31,2016-08-30,-2.5997628667308015,-5.767401683707226,-1.859283307661597,-2.1220955482885424,-1.8414118037269736,-2.610377494268826,1.0167117355444022,0.7979730409643645,-0.4296577264817082,-0.2711542898003649,-0.3315820488607904,-0.16353725175783745,-0.2989828292251752,0.7737962155590818,False,False,2,False,False
2016-09-02,2016-09-08,2016-09-07,-1.8521065427820602,-11.927253011419163,-10.001290933123098,-14.393999762530129,-4.234209138380272,-10.937927525274405,-4.658883165528955,-9.592935357113934,-0.6955986093953401,-0.7438449599311137,-0.7236383330376311,-0.6252917055135019,-0.6970934019693966,0.7734997976870324,False,False,3,False,False
2016-09-09,2016-09-14,2016-09-13,0.1336898594841377,-7.669710401761436,2.9719869384927664,-5.206166675663236,0.601505572976119,-6.17704506844736,1.7591275805094508,-4.085232006498017,-0.5108187917928646,-0.3889446543745802,-0.4985696556293661,-0.37981367708917835,-0.44453669472149737,0.7728702499109465,False,False,0,False,False
2016-09-16,2016-09-21,2016-09-20,-2.388576828145452,-11.002465015832735,-3.122930363378188,-13.277582024252474,-0.2251408080457482,-7.52343097986099,-2.533724791974986,-8.135778945790134,-0.6545829123238139,-0.6999375278186062,-0.5616401918905892,-0.5597451123919202,-0.6189764361062324,0.7722407021348615,False,False,3,False,False
2016-09-23,2016-09-28,2016-09-27,1.8079588504315953,-7.088730584903185,7.07033916001472,-2.6390420425685086,0.07510327052229727,-3.9740328649513996,0.8517279518879033,-4.595912380219773,-0.4845898738431147,-0.2888301722564652,-0.39374231250013264,-0.4017005267892283,-0.39221572134723526,0.7716111543587757,False,False,0,False,False
2016-09-30,2016-10-05,2016-10-04,8.620851652285491,2.707370690970261,7.456026756058294,8.588381388983759,9.517367035083328,4.967793013069857,10.805541623008867,5.768776214312508,-0.06002122575203862,0.14477880145813443,0.028549651434259273,0.0602048606038711,0.04337802193605655,0.77098160658269,False,False,0,False,False
2016-10-07,2016-10-13,2016-10-12,0.780862912554563,9.40345677362725,-2.809549345303506,7.755823434587445,0.20154524793497075,14.72394941419401,-0.47830634405996286,12.534580803808307,0.23015223277039148,0.11252341731704381,0.48925806665707683,0.36168316758640584,0.29840422108272946,0.7703520588066042,False,False,2,False,False
2016-10-14,2016-10-19,2016-10-18,-0.8315233023277021,11.223187152025783,-1.2671059828344011,9.571294546728446,-1.1329678004142658,15.169614328309075,-1.1560822401076083,13.529178427718454,0.30889044547753225,0.18262078106728236,0.5099207023263735,0.4057667352279437,0.35179966602478296,0.7697225110305184,False,False,3,False,False
2016-10-21,2016-10-26,2016-10-25,-1.7043019036972338,16.56762311406291,-1.2833678338067187,8.954842856549803,-1.145951198978591,20.967533426334334,-0.8241804895103755,22.056068289595558,0.5405189734565894,0.15865634420914201,0.7835737560889903,0.7858823429575278,0.5671578541780623,0.7690929632544333,False,False,3,False,False
2016-10-28,2016-11-02,2016-11-01,-5.807479147543729,13.420518518316785,-0.6137080291713765,5.482750413210906,-2.6100382694895314,19.19713065213543,-2.655641736143271,20.004136882086463,0.40347832445200493,0.02417852423087749,0.6990453974103146,0.6934898912303373,0.4550480343308836,0.7684634154783475,False,False,3,False,False
2016-11-04,2016-11-09,2016-11-08,-3.7114061007848176,7.407375428857121,-9.31237892093893,1.436697679753829,-6.245301464654975,10.536051565782635,-6.359467963286475,11.166968485109093,0.14205542670125365,-0.1325238244511163,0.28872019227881746,0.2983288751610841,0.14914516742250972,0.7678338677022618,False,False,3,False,False
2016-11-11,2016-11-16,2016-11-15,1.9820071844322698,-2.0503577882220916,-7.237696947119194,-14.82530044498825,0.88496152769826,-4.240664138764294,0.3766482795476865,-2.3040781435666577,-0.26899886423384395,-0.7625969377420364,-0.41080622457062377,-0.30359149169596705,-0.43649837956061777,0.767204319926176,False,False,1,False,False
2016-11-18,2016-11-23,2016-11-22,4.7065004476110905,3.773232686269026,7.312743854956613,-12.864324602360838,6.398770867528358,2.3694488292668554,5.770129068288083,0.426743179621934,-0.015612058719332054,-0.6858088943725119,-0.0974970740847116,-0.18132835205378836,-0.245061594807586,0.767049401188365,False,False,0,False,False
2016-11-25,2016-11-30,2016-11-29,-4.722231217334471,-2.248757569661731,0.6759319764383582,-11.043742666711507,-4.354620582578726,-0.4298000885675512,-4.487004472432861,-2.4132798217415985,-0.27759798893295473,-0.6145669743961422,-0.23006735894348662,-0.30821670580899785,-0.35761225702039534,0.766894482450554,False,False,2,False,False
2016-12-02,2016-12-07,2016-12-06,11.775850210061147,11.379199183181477,14.857485581670133,13.815033848081718,8.329546021758848,12.133955071571565,8.849066720021888,11.094670063809252,0.31585321519631965,0.350246849576403,0.36574723112262575,0.2964446009360033,0.33207297420783793,0.766739563712743,False,False,0,False,False
2016-12-09,2016-12-14,2016-12-13,3.925845683593696,19.458745573118787,-2.9462032730316334,10.499144386917468,3.5045766912959095,18.97470165939094,0.6079046076382193,14.699341375618468,0.6675567671021831,0.22129832724683438,0.6899875969349275,0.45763138195136055,0.5091185183088264,0.766584644974932,False,False,1,False,False
2016-12-16,2016-12-21,2016-12-20,-1.463765323368799,14.149649831822492,4.9264660026495894,12.5163142954006,-0.4474280394921189,13.41722128963719,1.5369497331101343,13.315253298748479,0.4356020213111073,0.29948726080480814,0.4256121782595499,0.3952737620167026,0.388993805598042,0.7664297262371209,False,False,1,False,False
2016-12-23,2016-12-29,2016-12-28,3.370365133381694,13.75333591917488,7.3746471923847325,13.571608385561495,3.648203316220302,14.105988130702505,1.709443335930004,11.379815663875261,0.41799191022491267,0.34028494132682596,0.45799129217858453,0.30823292262997065,0.38112526659007345,0.7662748074993098,False,False,0,False,False
2016-12-30,2017-01-05,2017-01-04,0.8295673516799985,9.012275654042307,-0.9609683560261102,7.908762176887928,-0.6246116496952933,8.564525655858635,-0.5849870435959283,5.9769381380669016,0.21087637292930328,0.11986796239015504,0.19440309831323943,0.06571504847893495,0.14771562052790818,0.766119888761499,False,False,3,False,False
2017-01-06,2017-01-11,2017-01-10,-2.985296314968116,2.1078529461094004,-4.483939167001965,4.161848998251482,-5.15910660650474,0.0662032463769582,-4.278727520520898,-0.0682826929910889,-0.0906142032441475,-0.02598346303766458,-0.20966668984843345,-0.20560909810427846,-0.132968363558631,0.7659649700236878,False,False,3,False,False
2017-01-13,2017-01-19,2017-01-18,0.588583217726135,2.2752984713165647,-1.0243367414760989,3.0711332301097403,0.725357614889158,3.0012255890251267,1.3568729206068795,2.524869709584189,-0.08324289109526538,-0.06842832530722548,-0.0699344356152833,-0.0890319292004398,-0.07765939530455349,0.7658100512858768,False,False,1,False,False
2017-01-20,2017-01-25,2017-01-24,-0.1335495762740318,3.437565385357931,-3.1468927724637745,4.2448423002658675,-1.2928428295402512,2.7037585004173255,0.5270104424237023,3.7487655975034477,-0.03239673732316719,-0.02266296693185994,-0.08404642731211845,-0.03398321357896063,-0.04327233628652655,0.7656551325480657,False,False,2,False,False
2017-01-27,2017-02-02,2017-02-01,3.3198069409595834,14.060645471950101,3.1050359920722634,11.103831657450757,3.2407242954778024,10.55022490575391,2.171852395464312,9.628721945215148,0.43216371768613504,0.24471213356388177,0.28966750805590674,0.23040233891804554,0.2992364245559923,0.7653354427673451,False,False,0,False,False
2017-02-03,2017-02-08,2017-02-07,-1.0672866700854078,16.911162680142624,-3.947881097378746,12.570019989494899,1.247144487441998,12.63815409116153,-0.46775895511109783,12.013006104223694,0.5565531081847325,0.3017328083605982,0.3889560310796474,0.3375105680775262,0.39618812892562605,0.7650157529866249,False,False,2,False,False
2017-02-10,2017-02-15,2017-02-14,1.9355442952956072,20.401734879801868,2.91025829876968,26.151716572983926,1.2317821871350099,16.722982644036787,4.068802707414411,19.461546769967168,0.7088764372819504,0.8315573686998853,0.5834158861574876,0.6725510527843566,0.6991001862309201,0.7646960632059043,False,False,0,False,False
2017-02-17,2017-02-23,2017-02-22,0.7489269231168428,15.985616226426636,1.1021181249337246,20.54100408260478,0.12878301844286857,11.730052659997758,0.4491505786296854,15.404398470845873,0.5148398058241324,0.6116597480779784,0.3447810701105158,0.4892436502032453,0.490131068553968,0.7643763734251837,False,False,0,False,False
2017-02-24,2017-03-01,2017-02-28,-0.037030180019518376,14.481170804430278,2.9584151105283034,14.207767611737069,1.508513835391095,10.931926653052807,-1.4048762349703836,10.500330900998458,0.4485236828705291,0.36382134948387057,0.3064484559848172,0.2679296483819889,0.3466807841803014,0.7640566836444631,False,False,1,False,False
2017-03-03,2017-03-08,2017-03-07,-2.474816968919414,1.8778095360696805,-3.4819765159228044,1.8543577712169104,-2.2713910253532097,0.640207052202241,-1.490147431279784,2.311096588090824,-0.10419546292416905,-0.11909145021466248,-0.18518614981246,-0.10139682666490304,-0.12746747240404865,0.7637369938637426,False,False,3,False,False
2017-03-10,2017-03-15,2017-03-14,-10.899488554591866,-8.653497224833224,-2.997227353579173,0.8828580264203124,-7.004183060532129,-3.2326047017149264,-9.296306697821894,-3.864196956187015,-0.5659827853901993,-0.15699563889919907,-0.3701023383393361,-0.3798694102766461,-0.36823754322634517,0.7634173040830223,False,False,3,False,False
2017-03-17,2017-03-22,2017-03-21,-0.4667948217238078,-9.932361474430405,2.7344151129522256,-1.6313575491523684,-0.27416055554946156,-7.150629677904867,1.1396134730869583,-6.710251175578269,-0.6216198867585477,-0.255247466985198,-0.5571364359976861,-0.508036064977731,-0.4855099636797907,0.7630976143023018,False,False,1,False,False
2017-03-24,2017-03-29,2017-03-28,2.809998263466849,-7.276298203838912,3.6179656577502475,-3.858599399519016,1.2278462578715341,-6.369070421523164,1.4763009774984641,-5.828207476760086,-0.5044981818959611,-0.34225482579308786,-0.5192973417938008,-0.467807881837605,-0.4584645578301137,0.7627779245215812,False,False,0,False,False
2017-03-31,2017-04-05,2017-04-04,5.295650932047243,-2.651340597463479,5.673531250086754,1.5710292906318486,0.6756782462879908,-6.894797710098681,5.2339501980798095,-1.1850039917495843,-0.30100854428846396,-0.12936847380612365,-0.5440366892644191,-0.2577009483202585,-0.3080286639198163,0.7624582347408606,False,False,0,False,False
2017-04-07,2017-04-12,2017-04-11,4.580660890931376,4.914616608436003,1.6057436895858688,7.660712147219698,7.333807508941989,5.598116405348046,3.6414946741778498,6.735218202949156,0.031624544142624576,0.10935804640057926,0.05442872924224735,0.1004633841973714,0.07396867599570564,0.7621705716189139,False,False,0,False,False
2017-04-14,2017-04-19,2017-04-18,-1.1372374270865981,0.01906395964213807,-3.4104412007039295,1.7808269207374012,-2.28146777661714,0.1924928409584418,-1.5474196582597366,1.6377699841485107,-0.18362737958174108,-0.12127716651852946,-0.204529296964833,-0.13014711364757034,-0.15989523917816847,0.7618829084969676,False,False,3,False,False
2017-04-21,2017-04-26,2017-04-25,-6.37509294758178,-6.222479411665608,-4.544821969491432,0.38289772370972514,-4.725288485054562,-3.239952814555859,-4.587045406609718,-3.4762858648849226,-0.4580834338795127,-0.17605039867273853,-0.36890530339020816,-0.361505059520572,-0.3411360488657578,0.7615952453750209,False,False,3,False,False
2017-04-28,2017-05-03,2017-05-02,-3.2417414862698655,-10.168114225596476,-7.744523477207083,-6.462454634300932,-6.024666905603017,-7.756888766038708,-6.608166127949304,-8.628436859701258,-0.6313968383320012,-0.44469093405359816,-0.5852471956350586,-0.5945413110221931,-0.5639690697607127,0.7613075822530742,False,False,3,False,False
2017-05-05,2017-05-10,2017-05-09,-3.872555769372691,-12.97338332488376,-1.595594031633003,-4.110167568555192,-0.7882520212269696,-9.792285274707673,-2.6511125548331735,-10.811790459423333,-0.7543599467849404,-0.35195814241983014,-0.6824006851898017,-0.692941134249661,-0.6204149771610583,0.7610199191311275,False,False,3,False,False
2017-05-12,2017-05-17,2017-05-16,5.928916525142731,-8.980011095036634,7.540583086932197,0.5201572196073408,4.844752239804838,-6.179315222037842,4.594318715750379,-10.28627445108735,-0.5777437653678347,-0.16972881447173965,-0.5083895370492593,-0.6684865500601181,-0.48108716673723795,0.7607322560091808,False,False,0,False,False
2017-05-19,2017-05-24,2017-05-23,4.972957241136769,-4.7559807770167,3.442022388647937,2.8600614833215343,6.2437274625901305,-0.06437077789057535,6.551808397470374,-4.183616632246651,-0.3911502592595542,-0.07760042707322387,-0.21439879795271463,-0.3912521152253757,-0.2686003998777171,0.7604445928872344,False,False,0,False,False
2017-05-26,2017-06-01,2017-05-31,-5.695131018382884,-10.84206454133093,-3.9621796082552603,1.709443335930004,-7.902369495496544,-9.689270901575048,-6.908824128340925,-9.087847286392817,-0.6591659381563689,-0.12282922176603406,-0.6766461181524729,-0.6133947094069135,-0.5180089968704473,0.7601569297652877,False,False,3,False,False
2017-06-02,2017-06-07,2017-06-06,-3.0689806284331405,-9.033019356006225,-3.1997506111841516,-1.1217537620096254,-6.928268455954961,-12.70794642047705,-7.796154146971181,-13.989249920020214,-0.5787992066900466,-0.23422934160291592,-0.8210999978549897,-0.8352511310628712,-0.6173449193027059,0.7598692666433411,False,False,3,False,False
2017-06-09,2017-06-14,2017-06-13,-3.6390730061933705,-1.772603807607723,-3.9937625680833713,-2.118288976513825,-1.6070470032608808,-7.310810363205808,-1.436697679753841,-6.129640901952152,-0.2580064563281247,-0.27333712951539474,-0.5608214594330952,-0.4777015752844424,-0.39246665514026424,0.7595816035213944,False,False,3,False,False
2017-06-16,2017-06-21,2017-06-20,-6.8438957144871315,-8.149704700371046,-4.1599230191317815,-9.012627108597826,-4.0576565632043256,-11.094306370860659,-3.4873739305624887,-10.756628305601605,-0.5393413620058067,-0.5449344409597897,-0.742301538406631,-0.6874095298139208,-0.6284967177965372,0.75936400314654,False,False,3,False,False
2017-06-23,2017-06-28,2017-06-27,2.077937534572535,-8.881765429265334,1.5714609098470185,-11.059131856501049,0.0,-12.322152628732201,1.2539349252735172,-10.978994357826542,-0.5712389993989482,-0.6252057703654572,-0.8006472137461951,-0.6968802646517822,-0.6734930620405957,0.7591464027716859,False,False,0,False,False
2017-06-30,2017-07-06,2017-07-05,4.233795864929703,-10.79065955188806,4.291900346129853,-11.870088794661243,7.293724031268635,-5.227178577698109,7.610278630015498,-8.509738264123873,-0.6551065846954457,-0.6566612716362055,-0.45848244569692753,-0.5840575089474928,-0.5885769527440178,0.7589288023968315,False,False,0,False,False
2017-07-07,2017-07-12,2017-07-11,-2.1081149603121423,-14.804495584082195,0.9465925988882832,-12.330090813091111,-0.434468460401098,-13.235145148467398,-0.6620105089606241,-12.99271190493595,-0.8319259486423433,-0.6742341610465853,-0.8436035058437642,-0.7873219936274058,-0.7842714022900246,0.7587112020219771,False,False,2,False,False
2017-07-14,2017-07-19,2017-07-18,2.9304524228111193,-12.579681637993708,2.6561986566697846,-7.751911071519654,2.0826605540785232,-10.961584122796465,4.120568473938599,-9.967868219039547,-0.73270663761654,-0.49288004889802395,-0.733252665614294,-0.6490227387355139,-0.651965522716093,0.7584936016471227,False,False,0,False,False
2017-07-21,2017-07-26,2017-07-25,2.9098368169660946,-2.3379569078955766,1.1078640518758505,-1.2238478036470541,4.039546433677862,-0.6124551298114148,4.500586447819258,1.500710292578686,-0.2791419737134883,-0.23465138803596344,-0.23416732644520505,-0.1269002719120198,-0.21871524002666914,0.7582760012722684,False,False,0,False,False
2017-07-28,2017-08-03,2017-08-02,2.077891015685544,4.010820363067064,2.9024119339280503,10.136078616862873,3.488343160817694,9.84846828103603,3.006762452219167,12.100780465539815,0.0019342974084142629,0.21446640984799603,0.2700522135781034,0.3555285043602106,0.21049535629868107,0.7580584008974142,False,False,0,False,False
2017-08-04,2017-08-09,2017-08-08,-0.24425007054363113,5.465612275954901,-1.856488962429916,9.219199829433252,-0.9807205116964707,8.426756375614994,-1.1071425366089085,11.802864538376326,0.06633763005370162,0.17807013450909306,0.20132826325753522,0.341718009375218,0.19686350929888696,0.7578408005225598,False,False,3,False,False
2017-08-11,2017-08-16,2017-08-15,-3.1045539657621943,-2.6756755385404243,-2.7867541162716436,1.3579258126380853,-1.9237740882440666,2.646913944572581,-2.2517507679441886,6.5744874745434885,-0.29434456487405547,-0.13310373911069967,-0.07763105465605022,0.10331115577476133,-0.100442050716511,0.7576232001477055,False,False,3,False,False
2017-08-18,2017-08-23,2017-08-22,0.16803196560209077,-6.421055550542946,0.1924928409584418,-2.406702608263726,-0.6720455401258328,-3.5765401400663706,2.3172172187275386,2.585493704245669,-0.4601535422323899,-0.28207235794919017,-0.3779980868289316,-0.0785773247836368,-0.2997003279485371,0.757405599772851,False,False,1,False,False
2017-08-25,2017-08-30,2017-08-29,-2.5290902757947973,-6.600376225708642,11.435837477501936,11.692577028026514,2.1348375805537283,2.404925523266966,6.216332038128999,12.14798975377096,-0.467763121642242,0.27665957588067835,-0.08884667892331043,0.35761077471662256,0.019415137507937122,0.7569126335373073,False,False,0,False,False
2017-09-01,2017-09-08,2017-09-07,6.608758181991996,6.957494368033573,-2.5331750999188216,21.025981003484983,11.660656493245366,24.185789519636298,17.51283744689312,42.8868516492325,0.13408887724567015,0.6464311082961003,0.9637980578200768,1.760095926332401,0.876103492423562,0.7564196673017641,True,True,1,False,False
2017-09-08,2017-09-13,2017-09-12,-0.8674155998163566,4.475351841492802,-6.26216433178939,22.663152136592828,-1.9139340210697395,21.697301476649624,-8.08685612835982,31.732378749548623,0.023817271439436724,0.7107866269221358,0.8423946972439992,1.2473160150775808,0.7060786526707881,0.7589288023968315,False,True,3,True,True
2017-09-15,2017-09-20,2017-09-19,2.721395564368255,11.315106684713406,-6.086838411457907,18.125640490911994,1.4388737452099671,24.343737065402358,-3.8023013497096936,28.787782463014906,0.3276213342443286,0.5301570116123209,0.969434894740529,1.111211294476657,0.7346061337684588,0.7587112020219771,False,True,2,False,False
2017-09-22,2017-09-27,2017-09-26,4.054743119534506,17.6561862485551,0.4725348426426295,19.88390733107835,4.822311000056566,31.85955449172548,0.11737090549289718,30.882283805757332,0.6092214972209103,0.5995125035041421,1.3315927829722534,1.2051060133399027,0.9363581992593021,0.7584936016471227,True,True,0,False,False
2017-09-29,2017-10-04,2017-10-03,-2.254334415983979,11.16805596764143,-7.207025097858423,8.384981887090072,-4.5844987595598194,19.981331700897016,-4.375885419356499,18.89611975638535,0.32024360870214147,0.1425437176817996,0.7554302654759838,0.6574434555858781,0.4689152618614507,0.7607322560091808,False,True,3,True,False
2017-10-06,2017-10-12,2017-10-11,2.5667746748577813,10.774585778418457,1.488861249375056,8.276603489683648,-2.6160826038672162,18.1839745172974,0.662852683090774,19.574457712609533,0.3025248413273446,0.13815025290444644,0.6678429296174255,0.687772426486109,0.44907261258383135,0.7604445928872344,False,True,1,False,False
2017-10-13,2017-10-18,2017-10-17,1.8288447466795543,9.646758734093662,2.1545924274860857,5.122918976879062,3.2126498764878506,16.375953893389518,0.5452906574148131,12.536457310878113,0.2521243539859524,0.01272319378219502,0.5798459847579045,0.3664249779740809,0.3027796276250332,0.7601569297652877,False,True,0,False,False
2017-10-20,2017-10-25,2017-10-24,0.8638118785634533,7.416678357491689,3.4713240031933905,8.466119964467604,2.1431460288012443,15.596703709733712,0.6024114603380876,9.970420378804882,0.15264391652376494,0.14567006153045198,0.5416867128160625,0.24917301128013708,0.2722934255376041,0.7598692666433411,False,False,0,False,False
2017-10-27,2017-11-01,2017-10-31,3.8249882133999638,9.163775555206115,2.955880224154443,8.519588254694,2.490224887219149,14.598585436135178,2.8421095909575635,9.805767517543284,0.23040299789529106,0.14770739290822474,0.492966776813838,0.24150067327442104,0.2781444602229437,0.7595816035213944,False,False,0,False,False
2017-11-03,2017-11-08,2017-11-07,5.075046864428188,14.25898574261823,5.283408277694575,13.98973794986814,2.101847286928761,16.50657159611381,3.2168195835665205,12.95821632321925,0.45743865888047097,0.3654154875147873,0.5849567465391174,0.38524714539075516,0.4482645095812827,0.75936400314654,False,False,0,False,False
2017-11-10,2017-11-15,2017-11-14,-2.6937655731808374,17.355819927181553,-5.91360228542228,12.08048380852999,-1.878508277287385,20.1352591158536,-1.652930195121047,16.65839757459443,0.5952501077743502,0.2891057277156332,0.7602084487043452,0.5539706241234775,0.5496337270794516,0.7591464027716859,False,False,3,False,False
2017-11-17,2017-11-22,2017-11-21,2.079890103348349,15.970796489212466,-1.3306531311099112,7.68445656831984,2.5875376997898494,19.435013265956183,1.9915309700941515,12.463745955349538,0.5329537833624148,0.11369445987810346,0.7255630772996098,0.3618776521450982,0.43352224317130655,0.7589288023968315,False,False,1,False,False
2017-11-24,2017-11-29,2017-11-28,3.0658440438497925,22.116139011021854,2.7495151153805497,-0.9190185302996038,0.974561043051352,20.300819540267646,2.308011258849702,9.999559667580316,0.8069038692818452,-0.22950716116408415,0.7668452196735887,0.24898163413934718,0.39830589048267423,0.7587112020219771,False,False,0,False,False
2017-12-01,2017-12-06,2017-12-05,-0.5189425242225608,16.009384602969917,-1.3945606600015257,-8.627968748599748,-1.5201161332050552,8.74093077549285,-0.7821268920418638,-8.439063419423345,0.5334013589664941,-0.5369934048118058,0.20585289077202254,-0.5945667018647139,-0.09807646423450078,0.7584936016471227,False,False,3,False,False
2017-12-08,2017-12-13,2017-12-12,-0.9409374178927143,14.723023698268461,-1.7114610718286354,-3.1637084943182585,1.3043663192029398,13.879049213955117,2.273455277113633,1.4356955602711194,0.47552080218558285,-0.31842676936056485,0.45488989060327834,-0.14223028243919705,0.11743841024727482,0.7582760012722684,False,False,1,False,False
2017-12-15,2017-12-20,2017-12-19,0.6456701603870575,13.380476945132628,-0.8968669982760376,-0.06004203122437008,0.05398110792350076,8.031257678865437,0.054809538231519545,5.230317689421141,0.4151641327457951,-0.19424078691040375,0.17084262127747002,0.03159488683600932,0.10584021348721767,0.7580584008974142,False,False,1,False,False
2017-12-22,2017-12-28,2017-12-27,3.721836189879092,13.48969730286348,5.9458069905152025,5.885764959290834,5.153611433775156,11.101460422356373,3.922071315328133,10.958438677401132,0.41975557040086603,0.04352137695373902,0.3197808545104004,0.293997465878226,0.26926381693580786,0.7578408005225598,False,False,0,False,False
2017-12-29,2018-01-04,2018-01-03,3.400789922517025,20.00396839297606,0.8467451099098376,11.925967341019305,3.6112248945377177,18.68638772335609,1.975116181663883,17.442691385338787,0.7109069039601914,0.2850540717621254,0.687980897863599,0.5910312527415563,0.568743281581868,0.7576232001477055,False,False,0,False,False
2018-01-05,2018-01-10,2018-01-09,4.137178538174236,23.827655158303262,4.7909979273790775,13.912923118669909,1.5511944758711558,21.584650576391628,2.2344395449800785,18.76801846207415,0.8813871789293977,0.36437516935141734,0.8281905815256123,0.6513270638464216,0.6813199984132122,0.757405599772851,False,False,0,False,False
2018-01-12,2018-01-18,2018-01-17,1.5768223267942048,20.908452134750103,3.1421870008340043,13.452235966068157,-0.398010475662681,16.375128785919248,-1.0330670387879521,14.68221131651431,0.7497874841095189,0.34568437951981495,0.5741913124110498,0.463347586184617,0.5332526905562502,0.7569126335373073,False,False,2,False,False
2018-01-19,2018-01-24,2018-01-23,0.9823108535099067,22.17868304936387,3.713954694945657,13.531870319861833,1.0383282408716692,16.312673548166803,3.621921014952476,18.011957412061523,0.8059560073907283,0.3486426515208377,0.5706980973667709,0.615824491374689,0.5852803119132565,0.7564196673017641,False,False,0,False,False
2018-01-26,2018-01-31,2018-01-30,0.2943684827643494,18.133194760878823,-1.0997754209541286,7.317674144488878,-1.2871464832008446,11.83437309331979,-1.4127379259210566,13.702179756429118,0.6240025878998648,0.09936233743698651,0.35244219148577227,0.41745239590975375,0.3733148781830944,0.7559267010662205,False,False,3,False,False
2018-02-02,2018-02-07,2018-02-06,-1.8108518554631687,13.200227157100633,-4.414064241611478,0.7180367773602104,-5.058549678810645,6.328144994752001,-4.04409695585107,9.658082800578054,0.40250378862859043,-0.1653482907018891,0.08426797413692645,0.23140114537160125,0.13820615435880726,0.7554337348306768,False,False,3,False,False
2018-02-09,2018-02-14,2018-02-13,-6.760981538765643,4.445942390903975,-7.8988411318630325,-7.733597359754104,-7.507602644035699,-3.606493492079579,-8.269171584511328,-2.2728251077556174,0.00986442159069788,-0.5043614176982041,-0.39949749674606666,-0.3170800157554937,-0.3027686271522666,0.754940768595133,False,False,3,False,False
2018-02-16,2018-02-22,2018-02-21,3.965495613525264,9.367535939182076,1.712471727097423,1.2964235786714473,2.785695450296628,-0.9841522844791321,5.315936828009585,4.400598629360866,0.23057240904967935,-0.1415016066606626,-0.2714764408137298,-0.010001774724094822,-0.04810185328720197,0.7544478023595893,False,False,0,False,False
2018-02-23,2018-02-28,2018-02-27,1.6500174105120107,6.56619143267122,5.619455834364207,4.18471099355005,3.3974688514739686,1.549590184069689,3.050811933198292,5.082174673169689,0.10472789331878063,-0.025406387400645547,-0.1478057162820201,0.021364431177507547,-0.011779944796594369,0.7539548361240461,False,False,0,False,False
2018-03-02,2018-03-07,2018-03-06,-0.6375539606565612,6.934699329713028,-4.013916759034439,1.6633592561831758,-4.722722924286971,-2.7954684121837454,-3.377431711860404,2.708095860267083,0.12121018961587779,-0.1267228230879716,-0.359622293339468,-0.08794796643608359,-0.11327072331191135,0.7534618698885025,False,False,3,False,False
2018-03-09,2018-03-14,2018-03-13,-3.002741218193142,6.0099549606944205,-4.538300584781769,-0.7708309735830815,1.325254072812989,-0.6015878137747155,-2.4283753981609504,-1.442066032643798,0.07959390207783056,-0.22453228023586394,-0.25233142316852725,-0.27907660785093275,-0.16908660229437333,0.7529689036529588,False,False,2,False,False
2018-03-16,2018-03-21,2018-03-20,4.321162348766181,10.086447491493903,10.767925387678504,14.404689804765972,3.609333337502503,3.77403279828469,3.405051637132414,4.528658963824995,0.26278738423997794,0.386203630469851,-0.03854618101603682,-0.003700356954634807,0.15168611918478936,0.752475937417415,False,False,0,False,False
2018-03-23,2018-03-28,2018-03-27,2.862226806968519,11.286873895930079,2.0630194766585803,8.691618875482368,3.8915416249673624,4.209506916705339,4.539037724458685,5.84340404366162,0.3166108435832036,0.1559559641210864,-0.017250048890746713,0.05693600593045383,0.1280631911859993,0.7521658356672094,False,False,0,False,False
2018-03-30,2018-04-04,2018-04-03,-3.227588151802193,4.763958836062825,-1.956181859658706,5.712700828430339,-0.9188426054406255,-2.1811668655002285,-0.36147728490429054,1.511626385702044,0.022877101902330655,0.03587305103298016,-0.32961478334572897,-0.14299125803959903,-0.1034639721125043,0.7518557339170041,False,False,3,False,False
2018-04-06,2018-04-11,2018-04-10,3.2123174790994,5.897471609712969,3.7720553608458087,8.921056838671165,3.8727494894207672,1.340968690991774,4.104959407017655,4.415840486414104,0.07390126261755908,0.16515832578342404,-0.15714676002604758,-0.008809962531236271,0.01827571646092482,0.7515456321667985,False,False,0,False,False
2018-04-13,2018-04-18,2018-04-17,1.5457195158874324,4.113532681171106,0.9211938223914443,5.92882762040906,-0.19753092842545872,0.5452305948115738,-0.7976114070008644,3.722071248661422,-0.006513657187489776,0.04439294403554302,-0.1959902982775602,-0.04085684670132077,-0.049741964532706934,0.7512355304165929,False,False,2,False,False
2018-04-20,2018-04-25,2018-04-24,1.7293215690753834,4.860543396736597,3.109578526417839,5.324451451881228,3.6879482652887554,3.1948506192286388,3.2983546186634376,3.398504852372391,0.027164842234805645,0.019980158907861038,-0.0661406716170744,-0.055790295692294094,-0.018696491541675454,0.7509254286663871,False,False,0,False,False
2018-04-27,2018-05-02,2018-05-01,-0.5632147687869767,4.00296014518526,-0.4950505159856091,5.929176356849747,-1.1018075534853768,3.380189548944114,-0.6802747322752412,4.130968046018193,-0.01153313722258661,0.04438344506034454,-0.05702175470591371,-0.021877747296409334,-0.011512298541141278,0.7506153269161815,False,False,3,False,False
2018-05-04,2018-05-09,2018-05-08,2.277668074558017,8.091480075206455,1.134973940188672,11.478214538649892,3.409421134297614,11.848160362052363,3.214476808897108,11.389541810766373,0.17299831751599987,0.26852490949918656,0.35810490430536984,0.3140736321800424,0.27842544087514964,0.7503052251659762,False,False,0,False,False
2018-05-11,2018-05-16,2018-05-15,3.581748352047277,18.43420996601936,3.5192834065650755,22.89633907707798,2.981188442229425,22.336951448317485,3.0227830388592025,22.681496434136907,0.6399524411886842,0.7298722599442538,0.8722836014925781,0.8367582956533711,0.7697166495697217,0.7499951234157706,True,True,0,False,False
2018-05-18,2018-05-23,2018-05-22,1.045815848574181,15.514530201068272,2.340930865856534,23.52479821583709,1.4356460125304913,20.98690201055137,0.8211724976517905,18.186732103779107,0.5075301846248844,0.7546251770521104,0.8051610525365989,0.6277517361240377,0.6737670375844079,0.7529689036529588,False,True,0,False,False
2018-05-25,2018-05-31,2018-05-30,-5.488443523306364,10.513258800758749,-3.245053132207245,25.692972756637655,-2.0248160829947426,19.23718926474561,-1.6491441089871481,15.615422523046554,0.28113104781932235,0.841614422706193,0.7185401597473946,0.5081080966983771,0.5873484317428217,0.752475937417415,False,True,3,True,True
2018-06-01,2018-06-06,2018-06-05,-1.9500277798814987,4.6396450714089825,-1.721212888112141,13.693855094613689,-2.3021923506762523,15.660933990706743,-1.143959090939443,12.874898274430741,0.015360654730404598,0.35543378082019267,0.5423966362504514,0.3807079552467842,0.32347475676195825,0.7521658356672094,False,True,3,True,False
2018-06-08,2018-06-13,2018-06-12,1.3193003548043425,8.961686644406479,-1.197619104671565,17.034536574723894,0.898988784565568,15.234668702459325,1.1439590909394377,16.447232763531133,0.2109001468596222,0.4903926264051725,0.5210586063269362,0.5461175388807733,0.44211722961812605,0.7518557339170041,False,False,1,False,False
2018-06-15,2018-06-20,2018-06-19,-1.9624878707532463,2.678036424887048,-1.82375875497809,4.442852432067306,-1.5187762274622494,10.106559137494557,-2.4953310076117297,10.546850118787015,-0.07368782888405946,-0.019757203139103018,0.2687966091697296,0.2719654611809959,0.11182925958189074,0.7515456321667985,False,False,3,False,False
2018-06-22,2018-06-27,2018-06-26,14.477915998783416,14.293725616701938,1.924109992702103,4.303942948110806,0.429492428288065,6.644509940815276,0.7262196041784695,6.734031998506797,0.45250070901803763,-0.025372943848963308,0.09849230951304414,0.0948102202750777,0.15510757373929904,0.7512355304165929,False,False,0,False,False
2018-06-29,2018-07-05,2018-07-03,-1.3920717370695734,15.795446343428644,2.6721035637614765,8.985632912186095,1.6060808150184211,9.634163941098706,1.6268301368409648,9.137866821540939,0.5202369045745545,0.1644090861950065,0.24544061868266892,0.20640128965370366,0.28412197477648343,0.7509254286663871,False,False,0,False,False
2018-07-06,2018-07-11,2018-07-10,0.2972975162711241,12.38057234603332,2.8987536873252404,7.667536765896771,3.4814376933041014,7.825750161590614,3.7387532071620413,7.9202082504627365,0.3650342323743118,0.1108529596240613,0.15631784213027777,0.14969006536597987,0.1954737748736577,0.7506153269161815,False,False,0,False,False
2018-07-13,2018-07-18,2018-07-17,-8.560169160629801,2.2746836695160946,-6.593632300440257,0.15271064306508045,-7.579383936953367,0.4438971530627081,-7.424912537577859,1.2929071198857374,-0.09360221076269362,-0.19416582837977106,-0.20715842925185224,-0.1585529493586806,-0.1633698544382494,0.7503052251659762,False,False,3,False,False
2018-07-20,2018-07-25,2018-07-24,3.948639773072383,4.494001873513103,3.0555845744888224,0.09871669113605522,3.053302365786565,-0.1907487464394884,3.3522692038643642,1.346821705086661,0.007177375846027097,-0.19624123311760908,-0.23829190313801427,-0.15595031377049606,-0.14582651854502307,0.7499951234157706,False,False,0,False,False
2018-07-27,2018-08-01,2018-07-31,-1.2655696821837563,3.791646960116319,3.965703402677446,4.559470609799111,0.7608215492082528,1.6718803562541449,0.9983443984183206,3.0254408357802127,-0.024722018778167713,-0.014901976539763672,-0.14635376094338784,-0.07771727690272025,-0.06592375829100987,0.7496850216655649,False,False,0,False,False
2018-08-03,2018-08-08,2018-08-07,-1.021224265336241,0.4927546202220526,-1.818231908319036,1.6062647612914167,0.9898737437414509,-0.747667034302014,0.7540092273287861,0.5649732542119128,-0.1746034165111667,-0.1349389673146281,-0.26557263448708335,-0.19227395314774992,-0.19184724286515703,0.7493749199153593,False,False,1,False,False
2018-08-10,2018-08-15,2018-08-14,-3.1277786438665656,-6.216772375691778,-2.4934071000333744,-4.4064257453070255,-1.4647084440734763,-5.193563920604923,-1.8479559274837083,-4.305765712131014,-0.47953958143384245,-0.3794100643048785,-0.4847490295528417,-0.41915122691706763,-0.44071247555215753,0.747898041300669,False,False,3,False,False
2018-08-17,2018-08-22,2018-08-21,0.416791314877755,-6.8457969093882145,-0.14862524410386732,-6.895981855267426,-0.23826554040675416,-6.867475473542188,-0.2394063867915977,-5.366344596574406,-0.5078094310971526,-0.4804657840876304,-0.5670231597008711,-0.46831665719989213,-0.5059037580213865,0.7464211626859802,False,False,3,False,False
2018-08-24,2018-08-29,2018-08-28,1.796014712385761,0.4386613263039363,6.292591767454354,2.641663044394177,4.1127291423863,-0.7299302481611608,4.407652022241717,0.6904515346544485,-0.1759721206377798,-0.09184058484261136,-0.2635384347566471,-0.18545807833387218,-0.17920230464272763,0.7449442840712899,False,False,0,False,False
2018-08-31,2018-09-06,2018-09-05,0.21861117793273457,5.906992764614307,-8.093540893020435,-0.7042282625412923,0.9569451016150673,4.5462374076757195,0.5489492284771514,4.812888651134042,0.07310027348551956,-0.22807876608937536,-0.002715656847697549,0.0070575434385305525,-0.0376591515032557,0.7434674054565995,False,False,1,False,False
2018-09-07,2018-09-12,2018-09-11,-0.7619906037599897,4.290478934746157,-0.6377259778529538,1.9881370553828996,0.675222011728665,4.872287168261262,0.5442190302685036,4.6756954387334,-0.000582592742952131,-0.11820983252796827,0.013403154529630526,0.0006466143289446379,-0.02618566410308631,0.7419905268419091,False,False,1,False,False
2018-09-14,2018-09-19,2018-09-18,0.8335776925069458,7.086544498006346,-0.7409270744160837,3.070968735944913,-0.9013129965751722,5.489750399148357,-2.4726534468289803,4.698372999516153,0.12686643222433697,-0.07398363290713247,0.043935402346490494,0.0017058860072295232,0.024631021917731127,0.7405136482272187,False,False,3,False,False
2018-09-21,2018-09-26,2018-09-25,4.928756305611059,-2.462615195166026,3.8896492947708117,5.036508038013627,3.03188626436224,8.092144235222525,3.1487885446333777,7.120941939971059,-0.3087186474695974,0.006258622080885436,0.17269944438830698,0.1149682996579597,-0.003698070335611311,0.73903676961253,False,False,0,False,False
2018-09-28,2018-10-03,2018-10-02,2.3695238924794584,1.298980434383003,3.2374396659016043,5.601844140153752,4.087469405387634,10.573532825591746,4.006699259688616,9.500811062818716,-0.13687931304663306,0.029335605505893005,0.2954668791173226,0.2262316724585208,0.10353871100877585,0.7375598909978396,False,False,0,False,False
2018-10-05,2018-10-11,2018-10-10,-4.306053658141407,4.043489627216434,-6.340818054033946,1.3277795266039096,-1.8003416970716792,12.541666051145455,-1.503787736454056,10.487963082047562,-0.011494120707007916,-0.14527556749974257,0.39278879923324705,0.2722995297953113,0.12707966020545197,0.7360830123831492,False,False,3,False,False
2018-10-12,2018-10-17,2018-10-16,-4.112780066934175,4.478041887514481,-5.161807922045574,0.6517947367213913,-3.4347238939997573,11.897010750570214,-3.7855292220883996,9.38478349178452,0.008364075440521356,-0.17281998107880572,0.36057604869875204,0.22046986952307007,0.10414750314588445,0.7346061337684588,False,False,3,False,False
2018-10-19,2018-10-24,2018-10-23,-7.864186346490146,-6.745762833106022,-8.769308674402836,-11.772241673720012,-3.9600422852522326,5.110432991230949,-4.1653825983720045,2.1496154818193576,-0.5046708177340286,-0.6808041912177426,0.023788982516399798,-0.11867240500157587,-0.32008960785923685,0.7341245675857533,False,False,3,False,False
2018-10-26,2018-10-31,2018-10-30,-0.46732579208972647,-3.882544244583169,-0.5470473161042019,-10.459225572869316,0.7601199129179906,8.067393878077048,0.46125543033709426,4.807711886084532,-0.3733781769789166,-0.6265223248355729,0.17049837035754037,0.006014044441326987,-0.20584702175390554,0.7336430014030483,False,False,1,False,False
2018-11-02,2018-11-07,2018-11-06,-6.266659643407427,-7.378617005923137,-7.2800754864112385,-15.994925903942159,-3.259681991992511,4.326015386279523,-3.036907059517663,1.3852621803240006,-0.5330847884532424,-0.8525575978924256,-0.015350183682459571,-0.15453354702215524,-0.3888815292625707,0.7331614352203426,False,False,3,False,False
2018-11-09,2018-11-15,2018-11-14,-9.391708350399165,-15.292893257693594,-8.222075082910814,-26.23135558140485,-6.648974126883286,0.6753523015779924,-8.198528569612355,-4.739287660681515,-0.8949298792267819,-1.2706812981934863,-0.19668968822213356,-0.44190096539864104,-0.7010504577602606,0.732679869037637,False,False,3,False,False
2018-11-16,2018-11-21,2018-11-20,-4.109916157510698,-23.967592376878315,-1.4686512307693675,-32.40016801149007,-3.834176392925542,-8.463970045865853,-3.81546149712836,-12.832339527518984,-1.291097417894131,-1.5211834848316024,-0.6508222255525681,-0.8216245821220701,-1.071181927600093,0.7321983028549315,False,False,3,False,False
2018-11-23,2018-11-28,2018-11-27,-9.617796638329734,-31.018091380393187,-8.275906725109945,-42.09040112598157,-9.603718819694222,-15.300716912517931,-9.698756347969754,-20.47322332584603,-1.6117553124928024,-1.91449279112559,-0.9902118105397134,-1.1797005127559304,-1.4240401067285091,0.7317167366722259,False,False,3,False,False
2018-11-30,2018-12-06,2018-12-05,5.025400101343355,-26.61273412087285,3.4718329293337846,-32.17402970903815,2.759168811970457,-16.265232508257885,2.7740244648263626,-20.204024600719453,-1.4070687387151,-1.5046226526056594,-1.037053483609798,-1.1654582806336324,-1.2785507888910472,0.7312351704895209,False,False,0,False,False
2018-12-07,2018-12-12,2018-12-11,-2.9756153042630373,-29.381040007364252,-1.400583118891921,-35.97731016062997,-2.154095137138316,-19.341924817074325,-2.7181741422352546,-23.84110234449981,-1.5311779987825835,-1.6569853603869458,-1.1887980948423218,-1.3346443987765855,-1.427901463197109,0.7307536043068152,False,False,3,False,False
2018-12-14,2018-12-19,2018-12-18,-11.324350016478936,-41.538967716350115,-7.693283278927662,-42.92966636514156,-4.966152899964492,-23.406764720463638,-4.641067821952038,-26.009516719622876,-2.0833627448802634,-1.93679841447545,-1.3892194138084326,-1.4342945842362638,-1.7109187893501026,0.7302720381241097,False,False,3,False,False
2018-12-21,2018-12-28,2018-12-27,-3.6207045458531364,-50.088428567814304,-2.780101827025691,-49.599417486938066,-3.730036141320873,-30.16868712614676,-4.112270118317352,-33.2705753825736,-2.466679057013361,-2.202986317959538,-1.722847614400701,-1.7723350044620454,-2.041211998458911,0.7297904719414041,False,False,3,False,False
2018-12-28,2019-01-04,2019-01-03,3.3372544433579017,-44.420479973739006,3.487373930562496,-49.31532468189123,0.17497817237875507,-30.58722665118388,2.380338201760518,-31.28453148122887,-2.199285558562171,-2.1841811444902084,-1.73975706497999,-1.6751644683760725,-1.9495970591021106,0.7284911829539497,False,False,0,False,False
2019-01-04,2019-01-09,2019-01-08,9.359724674405005,-43.23951695654304,3.1058397019972803,-51.12842341844851,8.56917807975327,-29.741112764989996,11.69301571398658,-28.81086026352575,-2.138508695464566,-2.2505386816410407,-1.6938658010605923,-1.5558186050907248,-1.909682945814231,0.7271918939664967,False,False,0,False,False
2019-01-11,2019-01-16,2019-01-15,4.380262265839284,-34.553201032562356,4.192230638626344,-40.59537472578821,3.026365763982693,-24.914405303935638,2.638379252185898,-24.668693274885804,-1.7387433225205604,-1.81709325105892,-1.45117524714662,-1.3591520114587308,-1.5915409580462077,0.7258926049790423,False,False,0,False,False
2019-01-18,2019-01-24,2019-01-23,1.2279509630061782,-28.352585005895627,0.6576567364563635,-34.72350436094691,0.5405418566907982,-21.458954972164605,0.8825208960626663,-20.261578472655653,-1.454546145431915,-1.575649414145784,-1.2776446688003542,-1.1510159594046823,-1.3647140469456838,0.7245933159915879,False,False,0,False,False
2019-01-25,2019-01-30,2019-01-29,0.9085809238550766,-22.543976357455985,-4.1964199099032085,-32.07750266239055,-0.7490671729157514,-17.94531432101623,1.250356055940222,-15.577011337956117,-1.1896194503613087,-1.4658343345460552,-1.1019420871569474,-0.9306273935895072,-1.1720058164134546,0.7232940270041335,False,False,2,False,False
2019-02-01,2019-02-06,2019-02-05,1.1614967594674575,-20.91515380589881,6.3363018474881,-25.194153498798254,0.05369127645760014,-18.65174295747663,0.26976007726483353,-15.768506691028367,-1.1144470649464366,-1.185772896942851,-1.1355115779492044,-0.9385993446575979,-1.0935827211240223,0.721994738016679,False,False,0,False,False
2019-02-08,2019-02-13,2019-02-12,-1.029682410281064,-15.678176572772445,2.0259163028029508,-15.888161709584075,0.6420567802922762,-14.750004185191845,-0.5944356871518338,-13.32603531866255,-0.8765744763238336,-0.8091310643394445,-0.9410978551903917,-0.8234690201932585,-0.862568104011732,0.7206954490292261,False,False,1,False,False
2019-02-15,2019-02-21,2019-02-20,6.836540080061777,2.257271704508338,-0.5547864437717979,-4.819392048685684,5.549777648542205,-3.2268870771356317,5.739927612810057,0.2049181044935645,-0.0657443328350958,-0.3622116326019336,-0.3702083554761319,-0.19026497051966576,-0.24710732285820675,0.7193961600417716,False,False,1,False,False
2019-02-22,2019-02-27,2019-02-26,-1.291266148102203,-3.127475930842854,-10.970804371722863,-7.836553574902673,0.3051884362664491,-5.050578275645868,-3.1570850115633,-2.704936539678698,-0.3090173015803009,-0.48365953680878604,-0.4602098420550083,-0.3262331015406505,-0.39477994549618645,0.7180968710543173,False,False,2,False,False
2019-03-01,2019-03-06,2019-03-05,2.0545608808891407,12.190291655850126,15.70578043246919,18.26819820997127,0.5065866963440232,8.21081709239028,-1.0400509768078083,9.36388120278048,0.3836570239907999,0.5698908330827185,0.19657381723970874,0.2386467542337629,0.3471921071367475,0.7167975820668628,False,False,1,False,False
2019-03-08,2019-03-13,2019-03-12,0.5994376200426669,7.764329174549431,6.622628525129091,21.41899380576656,-0.7608456688154626,4.690802611604368,-1.527551430394453,5.0623053075596625,0.18322670079533085,0.6966382250471854,0.022116492066310542,0.037136561853319185,0.2347794949405365,0.7157256891272551,False,False,2,False,False
2019-03-15,2019-03-20,2019-03-19,3.8449697877390365,14.69596376034118,4.18332873757005,27.85593904557791,-0.20387366898483172,6.372252762024182,1.1084832424493134,8.830068309187638,0.49680536651351725,0.955937197177103,0.10543148428361199,0.21359429717338957,0.4429420862869054,0.7146537961876486,False,False,1,False,False
2019-03-22,2019-03-27,2019-03-26,1.260626829731436,22.180821477794705,6.268370229368675,39.16371065008724,0.5089069507471228,9.917550859207942,0.5235614053944943,11.967777994281423,0.8353225342872637,1.411464111815687,0.2811629323389767,0.36051557439254506,0.7221162882086182,0.7135819032480409,True,True,0,False,False
2019-03-29,2019-04-03,2019-04-02,4.347089664194594,32.56561617162122,-2.824321231339505,41.4884330024656,0.9095565484485115,19.060526917925117,0.8838113157716919,21.130909366720676,1.3047636605106117,1.5029203420410937,0.7345745881446389,0.7899188575580313,1.083044362063594,0.7199888057519161,True,True,1,False,False
2019-04-05,2019-04-10,2019-04-09,2.4017586763536656,25.607650173569883,3.68139731227164,42.06399061273995,1.7946643190836824,12.28601315725554,1.8970063866662223,11.33490003940032,0.9878631489386182,1.52340542302147,0.3977769548124517,0.32980463450181696,0.8097125403185892,0.7259533800750111,True,True,0,False,False
2019-04-12,2019-04-17,2019-04-16,-0.06247071888310515,21.164917188847486,0.7003530377337164,38.57211301184733,1.6172859245600968,10.876933317832961,1.010620021484675,9.707140808699096,0.785683577910607,1.3798915248971184,0.3275660336721179,0.25322697910023156,0.6865920288950188,0.7317167366722259,False,True,0,False,False
2019-04-19,2019-04-24,2019-04-23,4.334757443119851,23.075852247575128,5.631843059022361,41.47942033966829,2.4190826460202697,10.897869561864356,3.149473005924703,10.579805668427708,0.8714924541468723,1.4947573364152398,0.32840458133271794,0.29404413168161847,0.7471746258941121,0.7312351704895209,True,True,0,False,False
2019-04-26,2019-05-01,2019-04-30,-3.706121080903827,18.461150242816224,-2.4097551579060643,43.266085091665424,-1.9793067112432845,9.66763002353682,-2.0885890979834394,7.24086051450406,0.6616908434508141,1.5639851977343984,0.2670659716915686,0.13704252460104574,0.6574461343694568,0.7371198321935901,False,True,3,True,True
2019-05-03,2019-05-08,2019-05-07,-3.865061092665817,13.43459239068297,-10.753089089937598,26.176694154239744,-2.01927570192594,7.59466304515329,-1.774444529907184,5.196655907332018,0.4334929307841485,0.8737577888809422,0.16383809296064744,0.04090013226353826,0.3779972362223191,0.7358629829810245,False,True,3,True,False
2019-05-10,2019-05-15,2019-05-14,0.6654248362662463,15.12969963723028,1.08050754091729,25.231285392354085,1.0885807645251224,8.041187029386142,2.1255860996349125,7.91667769411877,0.5100200485146903,0.8348807710654984,0.18595849078970195,0.1687725820485226,0.4249079731046033,0.7346061337684588,False,True,0,False,False
2019-05-17,2019-05-22,2019-05-21,1.9225199625158353,10.215679519684345,2.0213454170035146,27.80741725312939,1.125531823196256,3.616941204040183,2.0322880366854794,4.209038117994197,0.2868996212335415,0.9377268061071201,-0.03436101254274759,-0.005749999353501875,0.29612885386110305,0.7341245675857533,False,False,0,False,False
2019-05-24,2019-05-30,2019-05-29,-6.8630240595891765,3.3175122511585142,-1.2718772407774672,24.88032980947874,-5.552814190995074,-2.1878257531432577,-5.860262425243221,-1.600034134644119,-0.026142329986429368,0.818998682727992,-0.32342924557732977,-0.2791870757403836,0.047560007855962316,0.7336430014030483,False,False,3,False,False
2019-05-31,2019-06-05,2019-06-04,-9.632920163163508,-5.544354866016858,-10.583546223526543,1.1346792387727864,-9.165089537953536,-9.925935206768996,-8.275396102891238,-6.925427522651349,-0.42828530878860066,-0.13720370477481061,-0.7087939805006985,-0.529821804676647,-0.4510261996851892,0.7331614352203426,False,False,3,False,False
2019-06-07,2019-06-12,2019-06-11,-0.3745322730162053,-6.518324759075719,0.8867926869659962,-4.601156599390299,0.05578800702569709,-9.109301530927828,0.8368249670516579,-4.561051125205219,-0.4722254157435713,-0.3680431254771719,-0.6675061730170405,-0.4180528312299022,-0.4814568863669214,0.732679869037637,False,False,0,False,False
2019-06-14,2019-06-19,2019-06-18,1.0451756211653935,-9.318118925649346,-2.987079911233317,-11.771565248193657,0.3340760345400206,-8.571351827402985,-0.16680571006970588,-5.836340077724236,-0.5990759118473052,-0.656621098989114,-0.6401554528358742,-0.4778938344976802,-0.5934365745424934,0.7321983028549315,False,False,2,False,False
2019-06-21,2019-06-26,2019-06-25,6.765517806512227,-3.813227948868567,9.481388819525204,-8.558546658037121,5.251544886443404,-3.8287138917067103,4.62164333617658,-1.738258146942146,-0.3485045531872614,-0.5266507123679514,-0.4031366716941805,-0.2843242029087877,-0.3906540350395452,0.7317167366722259,False,False,0,False,False
2019-06-28,2019-07-03,2019-07-02,-2.869157471342575,-11.029475084405735,-0.2761669802729179,-6.010392406970532,-1.8095224977954678,-6.547792937950687,-0.8002176603602257,-3.422287123074063,-0.6763306507644441,-0.4235743321174764,-0.5385465006158086,-0.363606813746153,-0.5005145743109705,0.7312351704895209,False,False,3,False,False
2019-07-05,2019-07-10,2019-07-09,-1.0883756049673978,-9.171917085944921,1.3280407667894467,-3.3725634708036205,-0.5818582932855932,-6.8674518430726454,0.10587613482421182,-3.993271033537111,-0.5913226824307212,-0.3169309077594036,-0.5541208681522236,-0.39033250516191065,-0.46317674087606475,0.7307536043068152,False,False,1,False,False
2019-07-12,2019-07-17,2019-07-16,-0.22606739477495658,-10.59522625466672,-1.8642350809279717,-7.954630657126055,-0.318810046864588,-8.367959540415677,0.7905179507113247,-3.7098535609815646,-0.6556294970086567,-0.5016011893244446,-0.6286488886666852,-0.376702011264224,-0.5406453965660026,0.7302720381241097,False,False,2,False,False
2019-07-19,2019-07-24,2019-07-23,-1.5085358866547611,-14.88343462000255,-1.5714222032736251,-13.65987751461224,0.7423151795857482,-9.46856751843115,0.8363875207755309,-5.07465546350643,-0.8502413648762751,-0.731527625502083,-0.6831437256062842,-0.4409480919306608,-0.6764652019788258,0.7297904719414041,False,False,1,False,False
2019-07-26,2019-07-31,2019-07-30,2.5476862142565926,-8.81736922800879,1.6788913162501746,-8.58918819888023,1.3120104234060603,-5.773755325498899,1.6520768108122283,-0.8159147762446568,-0.5733761242010718,-0.5262028076555617,-0.4979875515053356,-0.2393626331165503,-0.4592322791196298,0.7290230535681254,False,False,0,False,False
2019-08-02,2019-08-07,2019-08-06,-7.958335993923075,-15.041235771665109,-11.724612289180753,-14.217448878054274,-6.795066190850767,-13.69435333954592,-8.324804409311993,-10.30205513609845,-0.8563098910331884,-0.7531465603185568,-0.8935574500739876,-0.6878364247036739,-0.7977125815323516,0.7282556351948475,False,False,3,False,False
2019-08-09,2019-08-14,2019-08-13,6.237900823132817,-6.645386361164017,0.9615458699441973,-10.116512442772372,2.152995113963487,-8.978379099130759,2.1470684396876867,-7.0444250551598415,-0.473211943731807,-0.5868372643816105,-0.6569277112996037,-0.5331816081541432,-0.5625396318917911,0.7274882168215687,False,False,0,False,False
2019-08-16,2019-08-21,2019-08-20,-1.5367254631987044,-11.647685486152112,-1.1428695823622743,-12.708293876548463,-0.9327913999428786,-12.425475981342151,-0.7105796501772748,-10.409806248908255,-0.7007625857327571,-0.6911448984258456,-0.8287901627275756,-0.6920698757518758,-0.7281918806595136,0.72672079844829,False,False,3,False,False
2019-08-23,2019-08-28,2019-08-27,-2.1409471156374287,-6.885950501387252,5.816617367531255,-6.624938554120072,-1.2760228614370195,-9.220908685369947,-1.8826691169943917,-8.051557173393274,-0.4832254804819797,-0.4446817726961966,-0.6677545576725228,-0.5798804553352672,-0.5438855665464916,0.7259533800750111,False,False,2,False,False
2019-08-30,2019-09-05,2019-09-04,2.2121214958662456,4.95909115764249,-9.451141214617635,-5.492533545211164,4.262940539485109,4.207121392068705,2.101847286928761,2.3256862164267185,0.05704305503187839,-0.39859700557709865,0.004568245079645218,-0.08805472491318332,-0.1062601075946896,0.7251859617017323,False,False,1,False,False
2019-09-06,2019-09-11,2019-09-10,6.220552915020225,7.302249400126878,6.088836967501239,-1.9105058708135776,7.804609257385859,7.410797215372184,4.2255943502296,4.2816638779110345,0.16388048371953381,-0.2534203290502683,0.1649313689039703,0.004666946950403416,0.020014617630909812,0.7244185433284545,False,False,0,False,False
2019-09-13,2019-09-18,2019-09-17,3.2413023531639578,13.184533591081681,4.017078795623409,5.474299481532491,3.584613177313588,11.784591489682292,3.0168998801132805,8.313228607598635,0.432214801828018,0.0456610007055471,0.38389324549568776,0.19578232605667434,0.2643878435214818,0.7236511249551757,False,False,0,False,False
2019-09-20,2019-09-25,2019-09-24,-3.503105452345491,-0.8873481450877976,-1.2820688429061433,-4.13614384370341,-2.2381402196134994,3.720628257629589,-0.57516498429644,1.8523948562881647,-0.21048752328149664,-0.3436029995843527,-0.02040196233531486,-0.11076622909508917,-0.17131467857406335,0.7228837065818969,False,False,3,False,False
2019-09-27,2019-10-02,2019-10-01,-6.53544195452078,-9.446178745683959,-4.253411429766907,-12.685369962158743,-3.0819885138273233,-1.5789801732635196,-3.034568752804855,-3.4531983542375806,-0.6013079369326321,-0.6898188965145173,-0.2860794941032845,-0.36248559113284495,-0.48492297967081965,0.7221162882086182,False,False,3,False,False
2019-10-04,2019-10-09,2019-10-08,-1.8072781059694505,-13.552408674123301,-0.8604847193518302,-19.204776605003133,0.05303633112915648,-3.2858236314158136,-0.05406866852457616,-7.04700564576932,-0.7884892375550667,-0.9535167734069492,-0.37152498527637845,-0.5328903767449192,-0.6616053432458284,0.7215844175944425,False,False,2,False,False
2019-10-11,2019-10-17,2019-10-16,1.489890831612715,-3.0601466178639187,1.5825041144396892,-7.220830834092587,2.027623402612961,5.067046917820011,0.9127580148289026,-0.3201710312419152,-0.3082818797694715,-0.46676864368959947,0.04786713253692374,-0.21302062881284645,-0.23505100493374842,0.7210525469802674,False,False,0,False,False
2019-10-18,2019-10-23,2019-10-22,2.6164826553405027,-3.069898688880662,-0.7900375337093604,-10.14480519312523,3.1268832006051217,3.817456994139094,1.9866425184491117,-1.267845825977095,-0.30854563528203416,-0.5850342077115316,-0.014899515147616183,-0.25793481993299033,-0.2916035445185431,0.7205206763660919,False,False,1,False,False
2019-10-25,2019-10-30,2019-10-29,2.063058108653297,-5.60434689443496,3.7130013652032066,-9.739234600864942,0.15380674654768217,1.6008604204481132,-0.5330503026940812,-4.033015792839081,-0.42430601471665474,-0.5681584285630693,-0.12624489201743205,-0.38925615052900964,-0.3769913714565415,0.7199888057519161,False,False,1,False,False
2019-11-01,2019-11-06,2019-11-05,3.0256801747260553,10.918580624299995,-1.3613705368710407,3.826765137039445,-0.051242634992652296,10.986978440763039,-0.2675944866800397,6.818933588726815,0.3321667799234178,-0.01723164080262125,0.34559762099545116,0.1271758791564011,0.19692715981816222,0.7194569351377404,False,False,3,False,False
2019-11-08,2019-11-14,2019-11-13,-0.2808990611055004,3.070573256988442,-3.4559365291475297,0.6188138558701827,-2.1762516897363646,5.990460869418213,-2.2765210773012434,1.3245226750020722,-0.0273828819449908,-0.14747447504858519,0.0941308497388282,-0.13438289036655385,-0.053777349405325414,0.7189250645235649,False,False,3,False,False
2019-11-15,2019-11-20,2019-11-19,-3.118532282699884,-2.2501174321568578,-0.818902214068837,-4.453426061155217,-2.3606246378150497,1.5317586140170192,-4.3115015710495905,-5.525644521320283,-0.2711276433926653,-0.3534496642563237,-0.13025356823261153,-0.46049407123893504,-0.3038312367801339,0.7183931939093898,False,False,3,False,False
2019-11-22,2019-11-27,2019-11-26,5.868444509128095,5.759274192608659,6.489424533649636,-3.780618895036847,5.749012380785908,8.556793856239956,7.427358990832371,3.7843835865064843,0.09614978085925409,-0.32589108807916667,0.2234593503559091,-0.016690553191115547,-0.005743127513779758,0.7178613232952141,False,False,0,False,False
2019-11-29,2019-12-04,2019-12-03,-2.6883811792241494,1.9421577910062031,-7.48070936195914,-10.58173303621517,-3.1128865314595404,3.545503623133324,-2.4163723719290147,-0.6648223932880301,-0.07895806537250005,-0.602251138755137,-0.02906471058203467,-0.22874333708016903,-0.2347543129474602,0.7173294526810385,False,False,3,False,False
2019-12-06,2019-12-11,2019-12-10,5.323264148899296,2.2887420910162133,4.966010767797205,-2.817087696669622,3.9921267443981048,1.4523076838370652,3.1731327402172793,0.0,-0.0630124240135197,-0.2859701520532096,-0.13453144818466092,-0.19691099582595073,-0.17010625501933524,0.7167975820668628,False,False,0,False,False
2019-12-13,2019-12-18,2019-12-17,2.7645390879985237,-3.581605599373705,-1.2500162764231495,-11.51240179256774,3.491374092138185,-2.843328797289084,3.4404028177531987,-2.5681945632342904,-0.33248468486057914,-0.6396769427301656,-0.3510419689716622,-0.3193344140841681,-0.41063450266164375,0.7157256891272551,False,False,1,False,False
2019-12-20,2019-12-27,2019-12-26,1.2882363234557053,7.5704539872995875,6.496176899398271,1.6288899997988857,1.4388737452099671,4.328808701544847,3.2907853730363956,3.6049217570197847,0.17994471465483747,-0.10421601969325499,0.01095411085220733,-0.024475000021939954,0.015551951447962465,0.7146537961876486,False,False,0,False,False
2019-12-27,2020-01-03,2020-01-02,0.0,12.30075473711378,-1.1252709793751774,1.0176681662147316,-0.7464578079045993,6.128043121801336,-1.3864150183106672,4.332426080711482,0.39722841092195504,-0.12905566841329957,0.10175592176854374,0.010283788532781168,0.0950531132024951,0.7135819032480409,False,False,3,False,False
2020-01-03,2020-01-08,2020-01-07,1.6726025180870792,17.926403482480023,-1.0544913176614998,6.007265403733837,-0.39741731392773744,7.3304221273211745,-0.817582479580076,6.464114312955409,0.6556284977724309,0.07435407867362623,0.16241747806543316,0.11214248179977929,0.2511356340778174,0.7125100103084332,False,False,3,False,False
2020-01-10,2020-01-15,2020-01-14,-7.207348319929959,8.529875454670645,-4.579113219593426,-2.4361740740035205,-6.264881944638412,-1.3684424071702634,-6.738162168765722,-1.8488835526242313,0.22298180020937367,-0.2699618324595465,-0.27716513030583534,-0.28536975478573123,-0.15237872933543486,0.7114381173688255,False,False,3,False,False
2020-01-17,2020-01-23,2020-01-22,-2.7456112147733562,5.188692034643653,-5.187753926768346,-6.656568582934022,-6.570507304885384,-10.161837827506623,-6.28568039277101,-9.63191812441148,0.06911800313707508,-0.4419768399490424,-0.7214949382277239,-0.6575016375184715,-0.43796385313954067,0.7103662244292177,False,False,3,False,False
2020-01-24,2020-01-29,2020-01-28,-8.824506783329914,-4.706535554854268,-8.735191845384374,-12.472227001846683,-6.201757370624254,-15.347340245629637,-5.627780413020458,-14.654807406444087,-0.38647358077086263,-0.6790449436951859,-0.9830955076833596,-0.8973401287352472,-0.7364885402211638,0.7092943314896112,False,False,3,False,False
2020-01-31,2020-02-05,2020-02-04,-7.2709824111468215,-10.081298622019673,-4.671466283745387,-16.96313350135819,-7.949980609812593,-20.253495466797116,-12.305283820590295,-23.151639550667785,-0.6337921203036592,-0.8618537394556343,-1.2301331611176038,-1.3030852613740718,-1.0072160705627422,0.7082224385500036,False,False,3,False,False
2020-02-07,2020-02-12,2020-02-11,0.823380492710344,-11.600367575630608,4.807613343577492,-10.147542744625584,2.4708257268443488,-18.40930364423366,3.3212134206113615,-20.048886074940363,-0.7033093776411207,-0.5827806354078079,-1.1352729344098986,-1.1527971083288255,-0.8935400139469132,0.7071505456103958,False,False,0,False,False
2020-02-14,2020-02-20,2020-02-19,6.4100925406523634,-5.935487852039468,3.015303817068746,-5.646143466608347,4.2272756424574,-13.398120146335332,5.448818528406978,-12.838877280158478,-0.44168232472149543,-0.398513145889283,-0.8806287621276727,-0.8065359009647495,-0.6318400334258001,0.7060786526707881,False,False,0,False,False
2020-02-21,2020-02-26,2020-02-25,-4.555165181987526,-13.033726508649067,-1.319005585816907,-13.26574958634972,-7.251836968706292,-20.77211142162626,-6.150698661117967,-19.069928042292798,-0.7686699599482714,-0.709620459190295,-1.2525300824542671,-1.1039037190803145,-0.9586810551682869,0.7053808060268011,False,False,3,False,False
2020-02-28,2020-03-04,2020-03-03,-5.17374521343009,-20.663399389693698,2.4845998586530804,-11.997709744065478,-0.9198487985592809,-24.0548950470897,-2.486315919264383,-25.805158931954452,-1.1198686626656014,-0.6572280144781533,-1.4167121813772356,-1.4247624282264921,-1.1546428216868705,0.7046829593828149,False,False,2,False,False
2020-03-06,2020-03-11,2020-03-10,-31.578646427637107,-54.08321613611861,-28.156584543434487,-37.271543302887565,-20.515451347813638,-44.829481030713026,-25.15142484434251,-50.469174200472445,-2.6594973398164674,-1.6900510988569144,-2.463671209894372,-2.6015499216917957,-2.3536923925648874,0.703985112738828,False,False,3,False,False
2020-03-13,2020-03-18,2020-03-17,-24.573509448466762,-80.18219310069642,-36.431796320299284,-73.70333962318686,-19.53723129894456,-65.65240759201886,-28.28973743284448,-79.99982315958329,-3.8477771014621136,-3.1746716946746485,-3.503356599646846,-3.998363796028192,-3.63104229795295,0.703287266094841,False,False,3,False,False
2020-03-20,2020-03-25,2020-03-24,-24.840429632949782,-105.55356806588587,-74.79371018689034,-151.6816422553704,4.0546094394350005,-63.57104710011716,-19.868380825973357,-103.3458990206165,-4.9737585330882546,-6.326130713180009,-3.374818047111262,-5.066934246259519,-4.935410384909762,0.7025894194508541,False,False,2,False,False
2020-03-27,2020-04-01,2020-03-31,-2.503741763031911,-110.07228503737147,21.431347186593772,-133.62839405452291,-8.383418140979849,-73.00107334937726,1.4451118538174506,-103.64621135428378,-5.111183565684897,-5.47418099454088,-3.8225861645942913,-5.011073442905387,-4.854756041931363,0.7018915728068671,False,False,1,False,False
2020-04-03,2020-04-08,2020-04-07,13.778852974784133,-97.96603458067446,12.49022507010261,-120.0836776667588,2.5394965501399223,-70.0641594853096,4.488832124813425,-98.33979674989027,-4.501036296868069,-4.855332407447839,-3.6462726437038757,-4.698817343209203,-4.425364672807246,0.7011937261628809,False,False,0,False,False
2020-04-10,2020-04-15,2020-04-14,-26.293672894262304,-106.01654695299783,7.085593676734468,-97.38833619606135,-9.44384668332452,-69.47433500927676,-14.46102778895276,-101.18755237905997,-4.806024058313442,-3.9133483628480916,-3.590141123496962,-4.772568825016152,-4.270520592418662,0.700495879518894,False,False,2,False,False
2020-04-17,2020-04-22,2020-04-21,-92.00994068041804,-188.27068485610084,-41.47990748986398,-141.59028231916085,-29.85813629098167,-92.06647136972683,-44.513854041353866,-136.4536180591174,-8.327586424369521,-5.581963183672269,-4.667307114766441,-6.304032157426532,-6.220222220058691,0.699798032874907,False,False,3,False,False
2020-04-24,2020-04-29,2020-04-28,33.052223112827335,-145.4292113984589,30.416944656080176,-100.09093112987266,-22.485734779194445,-103.48739047395985,-8.520686522177083,-134.5822866064957,-6.233843667368609,-3.9168794778679206,-5.164062377559015,-6.0904850808909865,-5.351317650921633,0.6991001862309201,False,False,2,False,False
2020-05-01,2020-05-06,2020-05-05,68.34226306679506,-71.21031827246865,37.61075434786086,-62.41080459747459,37.58719999608549,-59.54785090963275,32.19441360583031,-92.66894390950536,-3.045935993719469,-2.4660360868347335,-2.996163928543721,-4.153733340624668,-3.1654673374306483,0.6990694276036885,False,False,0,False,False
2020-05-08,2020-05-13,2020-05-12,4.770379795721117,-65.49662992648896,2.683867161007191,-61.99118511144338,-13.876126536314558,-76.05149162612703,9.15018603808741,-86.3071058064298,-2.7949838810262446,-2.4411817923380164,-3.7640181434179127,-3.840826366028657,-3.2102525457027076,0.6990386689764571,False,False,1,False,False
2020-05-15,2020-05-20,2020-05-19,22.62443289924578,-47.809771853071055,13.871967562511031,-46.477593815466165,19.48721473539978,-60.47175073139255,20.614779188698147,-70.15208204703546,-2.0583377923027295,-1.8517041580102458,-2.9999370809517307,-3.1194449097215577,-2.507355985246566,0.6990079103492255,False,False,0,False,False
2020-05-22,2020-05-28,2020-05-27,1.5361285161487148,-41.71847815493479,-5.181339032807906,-50.33992726245715,0.33351893061382526,-52.88639483207243,1.6677743841784585,-62.333609001739006,-1.8038556318978614,-1.9917993154978604,-2.628226409207983,-2.769614405167905,-2.2983739404429024,0.6989771517219939,False,False,1,False,False
2020-05-29,2020-06-03,2020-06-02,6.092971173557956,-23.77863624676398,9.471452804443196,-38.16823760553581,10.233871322890991,-39.17528462441823,11.600477104715798,-45.427265768602346,-1.0677732015422146,-1.5323786433888213,-1.9756691016232106,-2.0407463564686514,-1.6541418257557245,0.6989463930947624,False,False,0,False,False
2020-06-05,2020-06-10,2020-06-09,5.537929539102156,22.74498856999269,10.098152776866714,4.87452818732464,2.117499713645856,-9.01018346971866,6.056019090245997,-6.871791960179887,0.8318039919137596,0.07559602265915788,-0.560863801970765,-0.40418780601062426,-0.01441289835211794,0.6989156344675308,False,False,0,False,False
2020-06-12,2020-06-17,2020-06-16,-1.8643730067307862,27.84893964945912,0.6264002584930415,53.42924045875493,6.810358730206743,10.299084630250801,7.82965368988686,22.696399531159546,1.039370512106988,1.887369639534046,0.34226118412551493,0.847475404205886,1.0291191849931087,0.6988848758402993,True,True,0,False,False
2020-06-19,2020-06-24,2020-06-23,5.442482095499752,54.90896989337659,7.6399215518626855,117.41198411762548,2.7206592502257525,13.118411870721072,0.09528347552720676,40.97600323910452,2.1425571159680854,4.267231544368922,0.4739313890896459,1.6204820823194601,2.1260505329365285,0.700495879518894,True,True,0,False,False
2020-06-26,2020-07-01,2020-06-30,-2.836891637718604,102.42860712057957,-5.696397479597612,91.45424796806257,-2.631730831737342,12.179105705392232,-2.8987536873252298,34.13862514236421,4.072000888879287,3.2663890733574528,0.429677795269513,1.3282544360834392,2.274080548397423,0.7071505456103958,True,True,3,True,True
2020-07-03,2020-07-08,2020-07-07,2.2926496324567625,35.85420291868797,6.839532142435467,70.57789274658461,5.571501712816163,8.847499855815409,5.511302768226342,27.42883198208525,1.3451099771922541,2.4794850097002645,0.27345469518069726,1.0426803567968106,1.2851825097175067,0.7167975820668628,True,True,0,False,False
2020-07-10,2020-07-15,2020-07-14,-0.7170261898169267,58.90778206657388,-3.4912017297566273,66.74828121840392,-1.5358663678697897,16.713225546641098,0.9363364288750552,41.71830767341258,2.2743145944288012,2.329954238122526,0.6416893696340261,1.6456400431487892,1.7228995613335356,0.7215844175944425,True,True,2,True,False
2020-07-17,2020-07-22,2020-07-21,3.558747462174595,154.47647020916654,3.7419331607349906,111.97012186900288,5.275396397749215,51.84675823537199,4.1976965681226694,90.42985828288911,6.11888580830047,3.9760176954442357,2.28718284062018,3.6999452193595617,4.020507890931112,0.7282556351948475,True,True,0,False,False
2020-07-24,2020-07-29,2020-07-28,-2.1053409197832265,119.31890617655596,-1.5139061215684266,80.0392710913543,-2.644782254360937,71.6877107602055,-1.621657158924528,97.32888764614167,4.609418757910893,2.7829163606407343,3.2073244266403864,3.961580902708477,3.6403101119751224,0.7331614352203426,True,True,3,True,False
2020-07-31,2020-08-05,2020-08-04,1.8895911057811194,52.86623421554205,-5.307900914778512,37.12061582871491,0.834033191621895,34.93454395574191,0.9041652916949946,66.03863933200637,1.9550980318677353,1.2181218183445544,1.4788413126436792,2.6245876106291988,1.8191621933712918,0.7421472290438511,True,True,1,False,False
2020-08-07,2020-08-12,2020-08-11,-0.3365387791699876,47.759315640650925,2.3842188962759656,36.82096756398368,-2.0134908409055923,46.797179651150856,0.985229644301164,57.873682938220114,1.7505568283104698,1.2057251705708452,2.0279651518481083,2.274916495976696,1.8147909116765297,0.7482747729047357,True,True,1,False,False
2020-08-14,2020-08-19,2020-08-18,3.2222640886126848,28.357146830017832,10.666856031784159,33.61585603325681,0.8438868645864603,28.153851780337547,0.0890868655801411,37.34799061510212,0.9890695245728818,1.0883337094284724,1.15719045874868,1.4172581275430964,1.1629629550732827,0.7506153269161815,True,True,0,False,False
2020-08-21,2020-08-26,2020-08-25,0.6507111038597155,27.471729417728824,11.612588992806453,50.40978405887115,0.9201235974408658,28.74045644716457,2.288832311031247,37.96904854195492,0.953477882537596,1.6941577835130888,1.1830219667926891,1.4407809328341787,1.3178596414193882,0.7539548361240461,True,True,0,False,False
2020-08-28,2020-09-02,2020-09-01,-0.95427234105418,13.580579323035202,-15.61312245417635,20.594535301698905,-2.957545516954595,19.64865889395772,-3.9952051011715035,22.904863320192405,0.4099399124758465,0.6140927010720396,0.7596733470672545,0.8150225989475104,0.6496821398906627,0.7578408005225598,False,True,3,True,False
2020-09-04,2020-09-10,2020-09-09,-11.670200184914968,-3.841173343477612,-9.588177170328263,0.7213737323691614,-11.628330318460364,-2.1916074888149097,-9.395240634386463,2.4170360927812973,-0.2711077093993884,-0.10423581415755583,-0.25462037236911134,-0.03377479189290637,-0.1659346719547405,0.7576232001477055,False,True,3,True,False
2020-09-11,2020-09-16,2020-09-15,3.779055324315004,0.07838014770964609,3.7537919319065036,1.680711831638119,2.0280753052359675,-7.192038582876823,1.3204864295170724,-5.687807406630908,-0.1177181921666636,-0.06950914412138819,-0.48667912850400635,-0.36943246345816255,-0.26083473206255514,0.757405599772851,False,True,0,False,False
2020-09-18,2020-09-23,2020-09-22,3.237692872445977,-2.1264090753441525,2.2550825521896614,-3.7041271680349097,0.0,-9.912697833102566,-3.5956621278586716,-9.378753010016782,-0.20389980176113562,-0.2641927115038243,-0.6127553063411387,-0.522151363517311,-0.4007497957808524,0.7569126335373073,False,False,1,False,False
2020-09-25,2020-09-30,2020-09-29,-1.323511302113913,-0.6130287397394663,3.621448370435512,5.613718681998199,1.046134124536933,-6.234832876828296,1.2474174225175818,-5.2325819001739795,-0.14456423241233746,0.07305271402566281,-0.4414175915057996,-0.3499500062440927,-0.21571977903414175,0.7564196673017641,False,False,0,False,False
2020-10-02,2020-10-07,2020-10-06,3.746509818795915,-0.9578852560824379,1.314727236403459,1.3974744484067148,7.295850788029846,-5.142521180743711,9.737416402517637,0.0,-0.15799155888370517,-0.07959783133400133,-0.3903682380215763,-0.1327582059659455,-0.19017895855130706,0.7559267010662205,False,False,0,False,False
2020-10-09,2020-10-15,2020-10-14,2.578229075342572,0.2941178590816229,-3.5792418227462077,4.418215331004838,2.732651304537046,-2.150620522096373,3.1630543886605746,2.222313678471026,-0.1088619834958107,0.02983884138533215,-0.25099043326005377,-0.04048525520974161,-0.09262470764506849,0.7554337348306768,False,False,1,False,False
2020-10-16,2020-10-21,2020-10-20,3.2926807468837764,-1.2252405529016115,-1.201731200401744,-3.061463581960686,-0.6275233501397477,-9.432866492101285,1.6775789504837206,-2.9145961080802474,-0.16835614248981653,-0.24119055389280986,-0.5897003516072977,-0.25370406387379885,-0.3132377779659308,0.754940768595133,False,False,2,False,False
2020-10-23,2020-10-28,2020-10-27,-5.031416751240696,-4.449596928141969,-3.873723764571109,-3.787330670644714,-0.9033485097667944,-9.266686090193282,-2.621873030511919,-5.805406996789306,-0.2947075186650009,-0.26737359779977565,-0.5815596186078418,-0.37362485431220777,-0.37931639734620654,0.7544478023595893,False,False,3,False,False
2020-10-30,2020-11-04,2020-11-03,-4.950216135152181,-12.086470219379166,-5.916697733566034,-9.444400391647571,-3.2275738411106545,-12.328696979577817,-1.6260520871780406,-8.322730581024908,-0.594155909259499,-0.47239845571524053,-0.723735299345309,-0.478000996220082,-0.5670726651350326,0.7539548361240461,False,False,3,False,False
2020-11-06,2020-11-12,2020-11-11,5.63740273681908,-2.4674865469102056,6.967992063798981,-2.928719227178886,5.334598070529271,-2.1414094503816474,6.774598853238813,4.282545571310975,-0.21624733265819707,-0.23569927892041614,-0.24872025183976515,0.04624592277630612,-0.16360523516051806,0.7534618698885025,False,False,0,False,False
2020-11-13,2020-11-18,2020-11-17,0.14559575491157767,-3.969623985467404,-2.891134349441992,-12.907704227514236,-1.5611765472113315,-3.436764350420777,-4.248426498576463,1.090919910035353,-0.27511252492788646,-0.5978090782523288,-0.3089433900041987,-0.08650750238137041,-0.31709312389144606,0.7529689036529588,False,False,3,False,False
2020-11-20,2020-11-25,2020-11-24,8.078853109713002,3.412524030204737,9.0043811545933,-11.859505356539492,11.544931231016339,8.192662027151975,11.918851726511836,7.151841524698812,0.01502924533489637,-0.5593345411064866,0.2333556344963797,0.16571926572862586,-0.03630759888664618,0.752475937417415,False,False,0,False,False
2020-11-27,2020-12-02,2020-12-01,5.895616713311967,4.42986943174008,3.1694301708914985,-8.48308112889717,6.505705887280931,11.96315549354891,3.808407261522201,10.88868993474128,0.05500611363515514,-0.4363146219428187,0.409083745785675,0.3211923516722653,0.08724189728756918,0.7521658356672094,False,False,0,False,False
2020-12-04,2020-12-09,2020-12-08,2.439686316465341,21.33863127478219,3.398586515324084,11.10818226414355,3.364231641823481,26.04863296432911,5.068384794918449,28.07563040988208,0.7198763694361338,0.27588506648565747,1.0660560231187854,1.0368061463436953,0.774655901346068,0.7518557339170041,True,True,0,False,False
2020-12-11,2020-12-16,2020-12-15,4.162797988093674,21.722373938560843,5.393852942272651,12.748243274509704,3.2547251566495174,27.275282815742653,3.8626536071035216,30.61779758746852,0.7344158957372784,0.33536154537958446,1.1221320286991197,1.1415867811175984,0.8333740627333952,0.7559267010662205,True,True,0,False,False
2020-12-18,2020-12-23,2020-12-22,-1.1839461762888015,17.30073488982607,0.9223739490583761,11.41553467137842,0.29069787913090894,27.565980694873556,-1.647977370771965,32.56548234455523,0.5598893719998592,0.2866981861873378,1.1344095105990286,1.2213563996380552,0.8005883671060702,0.7587112020219771,True,True,1,False,False
2020-12-25,2020-12-30,2020-12-29,0.1254705308896434,16.751015901118908,2.8296750212504085,6.522402280472245,0.5747142255568072,25.572446568310948,0.221975673831281,29.733680767761193,0.5378830783424445,0.10848101784901604,1.0401130653439667,1.1019315463829633,0.6971021769795976,0.7610199191311275,False,True,0,False,False
2021-01-01,2021-01-06,2021-01-05,4.688358589885046,29.940174589296443,5.935171480817395,24.212079902065174,2.9028586933806997,31.766897282739947,2.4274821970051295,36.0002734031407,1.0567819211747775,0.7524721201766439,1.3279346703144015,1.3615441532826427,1.1246832162371165,0.7607322560091808,True,True,0,False,False
2021-01-08,2021-01-13,2021-01-12,6.418691252456071,27.198081531173607,7.445928078196173,23.90886577742826,4.436073624899288,26.872624808882478,6.130838252683539,28.973475876952314,0.9477044919994739,0.7408353154477847,1.0978966071983165,1.0672204994117513,0.9634142285143316,0.7634173040830223,True,True,0,False,False
2021-01-15,2021-01-22,2021-01-21,0.35913468332799403,26.430955153852327,-0.6578971098042511,29.40831537938074,0.06677796575362469,31.337652182656367,-1.2388320856952315,29.323764229638304,0.9165962139674689,0.9405705403979637,1.304827667274156,1.0806427700701662,1.0606592979274387,0.7659649700236878,True,True,2,False,False
2021-01-22,2021-01-27,2021-01-26,-0.49298545046429315,26.259238400311645,2.7488641790373256,31.185835612917124,-0.7370217617009691,30.23599920565338,-2.384404687519073,29.02877827973725,0.9089855871553131,1.004426305380853,1.251712581588459,1.0671911237679637,1.0580788994731471,0.7674555528905306,True,True,2,True,True
2021-01-29,2021-02-03,2021-02-02,4.023638305291408,42.12917174402171,2.7381525987459696,44.91177382659012,4.4071584467437726,41.61396393550844,5.186091182864545,40.884006912469026,1.5330414132850667,1.503396566498342,1.7801789255317884,1.5591910864348133,1.5939519979375025,0.7697166495697217,True,True,0,False,False
2021-02-05,2021-02-10,2021-02-09,6.3145365643945395,41.40724946972305,2.5427726566136775,41.80981524087019,4.836107169342106,40.11824463161634,5.569732900570687,37.90484776642225,1.5020537887831589,1.3880122007314104,1.7068441975501978,1.4326664861963323,1.5073941683152747,0.7731214828753012,True,True,0,False,False
2021-02-12,2021-02-18,2021-02-17,4.60602222221002,40.121812361291965,5.712439271282537,43.77923427420342,5.8349883062276735,42.00298864021939,5.5776537457412045,38.75434814908088,1.4490497140747622,1.4576327478131927,1.7911203079465738,1.4657640651914126,1.5408917087564853,0.774424680614261,True,True,0,False,False
2021-02-19,2021-02-24,2021-02-23,2.612487359593425,39.2574178711236,2.538923400481938,46.45588688643751,4.985277437539967,41.27582680647682,5.0772325373423355,41.659260213434735,1.4128240647190675,1.5526873175523561,1.753572074249814,1.5840668955038237,1.5757875880062655,0.775921553889089,True,True,0,False,False
2021-02-26,2021-03-03,2021-03-02,-3.230340205944784,26.98629965810183,4.892279895973202,40.36100658377641,-6.107888931791307,24.826331988800984,-4.832434373478328,25.797294245588965,0.928656396780826,1.3285453628956785,0.9868440304603115,0.9231623551872493,1.0418020363310163,0.7785782593004911,True,True,2,True,False
2021-03-05,2021-03-10,2021-03-09,6.986351414316052,32.556659654158295,3.133415617043566,45.500105158721354,3.903787272675379,28.274191420024508,3.9549791970627175,28.3382671652704,1.1466261572817782,1.5133907383498497,1.145829117120738,1.0277400544496074,1.2083965168004933,0.7824182056856253,True,True,0,False,False
2021-03-12,2021-03-17,2021-03-16,1.2418663171684217,33.02282718846958,4.768783078571534,46.2191089508942,0.6266041578646343,26.28186550239857,1.5160640230681446,27.388875031944504,1.1636094219685713,1.537003025231213,1.0520856407038932,0.9872903446292456,1.184997108133231,0.7855691345091809,True,True,0,False,False
2021-03-19,2021-03-24,2021-03-23,-11.54908483114983,16.3487057773947,-11.411330676742098,28.62179433468915,-10.403638796979703,10.557057762687942,-11.518225395632607,10.391855434092516,0.5074035010974196,0.8960234930664633,0.3215913323982932,0.281059716685753,0.5015195108119822,0.789056434701842,False,True,3,True,False
2021-03-26,2021-03-31,2021-03-30,4.734612059719821,24.273975895850576,6.282001237987051,36.82409091690331,3.1019856844725835,16.212373647677005,3.06929463994062,16.75694452838436,0.8184471186797463,1.1928107583058183,0.5838506113159316,0.5451363036398605,0.7850611979853392,0.7882542534878204,False,True,0,False,False
2021-04-02,2021-04-07,2021-04-06,-3.5590945102702514,22.318568229944912,-0.36185100221969924,36.76097053265713,-0.06062443350272845,18.974748415619153,-0.8733679968754666,19.59478085057198,0.7409301379940764,1.1890799603404247,0.711691119630591,0.6626294527504897,0.8260826676788955,0.787452072273799,True,True,3,True,False
2021-04-09,2021-04-14,2021-04-13,1.4388737452099671,14.354817086799398,0.4649969628859248,25.32308436975349,0.9656079854945265,12.320310312572275,2.230575751429819,14.47991174708649,0.4273620595379158,0.7728360066214822,0.40217799854860387,0.44969142139651097,0.5130168715261282,0.7946717031999905,False,True,0,False,False
2021-04-16,2021-04-21,2021-04-20,3.925265744244359,16.90889395098603,0.5654088565737375,25.822114199661577,3.3661282573131786,13.935552091051134,3.0177305008841153,15.32592817590224,0.527533328537816,0.7903233131664988,0.4769757280849917,0.48457839516915746,0.569852691239616,0.7938695219859689,False,True,0,False,False
2021-04-23,2021-04-28,2021-04-27,0.6685793767799761,18.070458778230293,1.2226336712110997,24.295883691835368,1.4985871227804757,16.171160975532565,1.2407840129794898,18.951116876400818,0.5728855877112505,0.7343120159097145,0.5805717939075423,0.6349823790933038,0.6306879441554528,0.7930673407719484,False,True,0,False,False
2021-04-30,2021-05-05,2021-05-04,4.179248964404857,18.226069437343735,4.794592604415139,26.35232369750453,4.310770980111111,16.0747735088999,3.4058125833436454,17.170838276879916,0.5786302410501176,0.8083768314495712,0.5757056320508401,0.560510373100456,0.6308057694127462,0.792265159557927,False,False,0,False,False
2021-05-07,2021-05-12,2021-05-11,-0.6258129254501554,11.285719947499038,-0.5808341595746902,23.22871688131616,1.8996500690655085,13.138316408623307,0.4530019071750119,12.054107283484221,0.3050819727005475,0.6943410660330829,0.438779649235248,0.3473030661345192,0.4463764385258494,0.7914629783439054,False,False,1,False,False
2021-05-14,2021-05-19,2021-05-18,0.275229531539627,6.954927256828644,0.6290850652152666,18.14536267524891,0.2148228538289605,7.518150956224598,0.1129305597151487,6.58938409745817,0.13438433536318103,0.5092812283418845,0.17707706593459047,0.11969354666776433,0.2351090440768551,0.790660797129884,False,False,0,False,False
2021-05-21,2021-05-26,2021-05-25,1.1839846870173347,4.727478961592802,-2.98675812161497,10.084235270150753,-1.9502243231441234,0.10946908591815747,-1.2493064247466557,-0.22831060145686324,0.04656427045791342,0.21619920856337085,-0.16782184919838086,-0.16422641818755565,-0.01732119709116306,0.7898586159158625,False,False,3,False,False
2021-05-28,2021-06-03,2021-06-02,3.732107943778742,11.47892659000305,3.946919122636984,9.937960492947298,3.1235711179307453,9.796481369669722,4.086770776110319,9.668248686749967,0.31265212132616343,0.21077232894678388,0.2833253598083432,0.24810653367862948,0.26371408593997997,0.789056434701842,False,False,0,False,False
2021-06-04,2021-06-09,2021-06-08,3.3503242272526372,9.08699026771593,2.433906830526784,8.66256985121357,1.681595063914973,9.218842909014013,3.1226859342241515,8.554143699248108,0.2181612457136389,0.1643000075021154,0.2562649264085752,0.2015458054967014,0.21006799628025774,0.7882542534878204,False,False,0,False,False
2021-06-11,2021-06-16,2021-06-15,2.74336681010709,10.588490760654608,-1.4723609605825858,2.421425812059453,-1.2585378491173222,7.3337009020320645,0.0539228915734952,7.092002567753466,0.27728499675033164,-0.06277320052324373,0.16827054385116288,0.14047828241834762,0.1308151556241496,0.787452072273799,False,False,2,False,False
2021-06-18,2021-06-23,2021-06-22,1.5013022146186241,23.638877806423054,2.737311066989878,16.57006755579143,2.243767493418485,19.98110719243024,4.118850416679541,22.729078380065605,0.7922313013354716,0.4520962574001121,0.7579175462257166,0.7927114864149077,0.698739147844052,0.7866498910597775,False,False,0,False,False
2021-06-25,2021-06-30,2021-06-29,-0.013671474489818728,18.89059427221339,1.2031612052399407,11.491227523044321,0.2061856400558777,17.085307148013527,-2.567602407202265,17.09218133292272,0.6041483772735547,0.26694731100818997,0.6222735438117595,0.5568877147042398,0.512564236699436,0.7864910217523335,False,False,1,False,False
2021-07-02,2021-07-08,2021-07-07,-1.2658396871923465,18.921315301314877,-1.063593841342472,11.987727725949814,-2.344467891625597,13.526495250845135,-2.5263369921182655,13.563329678866573,0.6049554871569145,0.28488848133372574,0.45582055041671404,0.4092445257656022,0.4387272611682391,0.78633215244489,False,False,3,False,False
2021-07-09,2021-07-14,2021-07-13,2.1766276481954505,22.301065211805422,3.2878439952739917,15.134852476016194,4.011708291600319,18.78119624003902,4.394012275409574,18.00722970786757,0.7380545140781073,0.39940347259993825,0.7007911778370658,0.594561070525838,0.6082025587602373,0.786173283137446,False,False,0,False,False
2021-07-16,2021-07-21,2021-07-20,-11.122563511022438,7.2532359565386,-8.697109907199268,5.872333712243166,-8.841514021061323,6.573553961664498,-5.685741753993051,9.30375745299041,0.14294766199169756,0.06155345335400629,0.13039364643382595,0.23064326447214836,0.14138450656291954,0.7860144138300023,False,False,3,False,False
2021-07-23,2021-07-28,2021-07-27,6.275439934406999,12.860096514165628,8.297553326803882,12.947253367835959,6.525196967214009,11.600163806098031,2.8306295749488326,10.89360301495975,0.3645124490175834,0.31953314155066925,0.3650970758153405,0.2969588586241044,0.33652538125192444,0.7858555445225583,False,False,0,False,False
2021-07-30,2021-08-04,2021-08-03,-1.461521237097049,7.219326312663729,-1.3886001397270338,6.764060623693774,-1.384992643993881,5.904400181993048,-2.182679143850204,5.3051112877659,0.1412380964189992,0.09377065025087135,0.0987594059861512,0.06316962373260601,0.09923444409715693,0.7856966752151144,False,False,3,False,False
2021-08-06,2021-08-11,2021-08-10,-3.3247647503017728,4.520374487812119,0.3152445754161519,7.660139358684629,-2.7757739179369865,1.2289761949905338,-2.286436021254524,2.565673359336374,0.034382482334747944,0.12643308150381705,-0.119855028936689,-0.0514415584408329,-0.00262025588473923,0.7855378059076709,False,False,2,False,False
2021-08-13,2021-08-18,2021-08-17,-2.714696113087846,1.530448843184642,-5.499190925399127,1.5318633680702305,-2.473244344202681,-1.4590910030410886,-1.8899951130483963,0.5627476865728389,-0.08398986402631348,-0.09743278719903,-0.24551740573763292,-0.13523195675789848,-0.14054300343021872,0.785378936600227,False,False,3,False,False
2021-08-20,2021-08-25,2021-08-24,1.4925650216675792,1.8390291778348709,6.705909479025042,11.22453096871023,1.4590910030410906,1.95022432314411,3.3115608784497605,5.123614989769256,-0.07172748945735621,0.25676076622513794,-0.08586179119584869,0.05578399946235792,0.03873887125857274,0.7852200672927832,False,False,0,False,False
2021-08-27,2021-09-01,2021-08-31,1.3683727085922324,-0.5247060573516439,4.431654782063036,11.709266628136277,5.632353991704418,4.4590071969178,4.199394595330451,5.236238808989375,-0.16535130791896022,0.27434619756437223,0.03162822186333567,0.06047416292152257,0.050274318607567564,0.7850611979853392,False,False,0,False,False
2021-09-03,2021-09-09,2021-09-08,1.3499007507879976,-0.7755316767478273,-6.723374938095532,3.845736821154211,0.1013684830846201,3.6105004642116354,-0.26062042377508643,5.19527800126836,-0.1752116919926416,-0.013372577651126863,-0.008129173041001898,0.058727979643661034,-0.034496365760277335,0.7850399412010169,False,False,2,False,False
2021-09-10,2021-09-15,2021-09-14,2.9350402010274004,-2.146095409985934,1.864961943968809,5.9892577973737335,2.018231974985748,5.492784235863915,2.996091870294265,5.760754926182623,-0.22948151185942314,0.06506231276076486,0.08007936155665231,0.0824085656236967,-0.00048281797957731507,0.7850186844166948,False,False,0,False,False
2021-09-17,2021-09-22,2021-09-21,-0.028360748913857904,-3.6757583735184047,-4.42264612293376,-1.1706993925499127,2.0761991448429225,5.325215887288355,1.2139754550610697,2.855879964564134,-0.29005980229872547,-0.19706945560502517,0.07218398613693837,-0.03948646258916354,-0.11360793358899395,0.7849974276323725,False,False,1,False,False
2021-09-24,2021-09-29,2021-09-28,6.758309459425267,3.096222560396689,4.647719366721679,2.2738587689318446,5.7973476237340735,10.916377870966567,5.66834672625096,11.091829098017355,-0.021079413855875247,-0.07081802111414799,0.3344070287489275,0.30618523296498273,0.13717370668597176,0.7849761708480502,False,False,0,False,False
2021-10-01,2021-10-06,2021-10-05,4.825980085814047,9.188042333403065,6.2738340633423135,9.61128667361663,8.704984962597203,21.965830725189367,7.898239789064558,21.51640587920019,0.22087562885862816,0.19806925092139274,0.8527348375259921,0.7437220451828979,0.5038504406222277,0.7849549140637279,False,False,0,False,False
2021-10-08,2021-10-14,2021-10-13,3.802643464536188,11.829450894305516,3.639843187426875,9.909956159000442,4.30128044309936,21.80502499339655,4.147043288729677,21.625291250808544,0.32571879899421996,0.2089180472455709,0.8444725016791839,0.7477338187979788,0.5317107916792384,0.7849336572794056,False,False,0,False,False
2021-10-15,2021-10-20,2021-10-19,2.97691861930304,16.89245014581153,3.2194278559158596,13.783447538228156,1.4987790965491707,23.87607349365846,0.995463749465526,23.32069376535157,0.5268083736017678,0.35087432857765377,0.9409834288741513,0.818384255375215,0.659262596607197,0.7849124004950834,False,False,0,False,False
2021-10-22,2021-10-27,2021-10-26,2.9025315425685663,16.836061484344558,3.590333772028161,12.505865520509971,0.6589809679055583,21.33395512175889,0.7294604326342256,20.734342409574985,0.5242398026078234,0.3038074725184809,0.820792288762793,0.7090635879565476,0.5894757879614112,0.7848911437107611,False,False,0,False,False
2021-10-29,2021-11-03,2021-11-02,-2.0407667839504007,20.74468693494165,-3.427996074039087,11.960952018241771,-1.28074462899261,24.57463532388311,-1.681436466693798,25.12523184085218,0.6794011115037011,0.28364452334819856,0.9722738598856308,0.893062924455108,0.7070956047981596,0.7848698869264388,False,False,3,False,False
2021-11-05,2021-11-10,2021-11-09,0.2499554952521172,19.379944463864156,-4.3935785704634,4.506828540170625,-1.508197838107587,21.641235215055367,0.8226935338290745,22.974137958570832,0.6246171157185495,0.009753979599230873,0.8336347492341638,0.8018833857334784,0.5674723075713557,0.7848486301421165,False,False,2,False,False
2021-11-12,2021-11-17,2021-11-16,-4.076255738986231,21.15713428928893,-1.7956874119958621,11.315613764028246,-3.1299446719328605,24.504987065589788,-3.5106720656776877,25.09954591863066,0.694933322494621,0.2599135231293847,0.9674257508948156,0.8905854062905166,0.7032145007023345,0.7843625452508182,False,False,3,False,False
2021-11-19,2021-11-24,2021-11-23,-3.0678795222381923,13.338548177579193,-0.6926434617869061,-3.7933378176496757,-1.9349768179876103,14.913073720220707,-1.9847291089483152,15.491026968527688,0.3831616323904146,-0.29559485729904866,0.5160972378166546,0.4858917773770112,0.272388947571258,0.7838764603595203,False,False,3,False,False
2021-11-26,2021-12-01,2021-11-30,-14.040595472565348,-4.638255670053295,-7.33614248999373,-18.356456503355172,-11.262195835315174,-2.1628031507904417,-10.482902481353173,-1.8947935298058562,-0.33303923678966857,-0.8309867279911102,-0.28636415684155453,-0.2455322481803766,-0.42398059245067743,0.7833903754682219,False,False,3,False,False
2021-12-03,2021-12-08,2021-12-07,8.40587307138312,4.914468905766416,5.563708030539589,-2.4635222134388584,8.575255967744303,6.463408232069138,10.387162885720457,9.067534340211022,0.04777300393602721,-0.24577238795978826,0.11918453244213759,0.215806497450567,0.03424791146723588,0.7829042905769236,False,False,0,False,False
2021-12-10,2021-12-15,2021-12-14,-1.9227313254739093,0.05669737926509629,-2.6706403612974166,-6.999124518705082,-1.2984072766415995,3.146768980441799,-0.576370471675013,5.495071998241754,-0.1459040055446576,-0.4125406357045473,-0.03681732419636923,0.06532595881589694,-0.13248400165741928,0.7824182056856253,False,False,3,False,False
2021-12-17,2021-12-22,2021-12-21,0.7482211796456348,0.8332793078245933,3.23375775736046,0.6572793615891347,3.705887251110883,4.776457086709749,0.8633147144702875,5.144411257650979,-0.11485947893025561,-0.13046787566773385,0.039862913941157395,0.05052734015519013,-0.038734275125410486,0.7819321207943268,False,False,0,False,False
2021-12-24,2021-12-29,2021-12-28,10.126128235215887,0.6202593293638271,7.520944548551728,-1.376881623253912,8.471405417282975,3.2937784649109627,8.7629997485696,4.167269640056787,-0.12330360618062887,-0.20531925885895688,-0.02993680734165957,0.009333723932841757,-0.08730648711210089,0.781446035903029,False,False,0,False,False
2021-12-31,2022-01-05,2022-01-04,1.2940511275734732,-0.8792402129385726,1.7730960971231657,-2.0009367011615393,1.1474088813439807,-1.9553088726117545,1.8868484304382735,-1.633229859057161,-0.18310570667864084,-0.2282101686341653,-0.2770833479610475,-0.23517704264059994,-0.23089406647861338,0.7809599510117307,False,False,0,False,False
2022-01-07,2022-01-12,2022-01-11,5.27402989194004,0.6550916450025902,3.242125329384803,-1.7289066530452861,6.989929104580166,2.0670434173567322,7.788365681684334,5.066511964767704,-0.12173376725011895,-0.21806738940014836,-0.08745791066339902,0.04748191757397727,-0.09494428743492228,0.7804738661204322,False,False,0,False,False
2022-01-14,2022-01-20,2022-01-19,6.752162423700675,4.98155630414726,4.002201490260209,-0.8140053086684991,4.128015468797122,5.736629243959556,4.468443101040993,9.708340458183335,0.051206098853627084,-0.18421718198273399,0.08553114919981573,0.24330701597454765,0.04895677051131413,0.7799877812291339,False,False,0,False,False
2022-01-21,2022-01-26,2022-01-25,1.3835016929633044,2.4308781402117106,-0.2861232281032235,-1.5434912434060446,-1.0188175900191407,5.048518004720164,-3.947093992259534,6.164181242392459,-0.05078948355277903,-0.21104130244378597,0.0530439269901839,0.09358111648519833,-0.028801435630295694,0.7796354007469731,False,False,3,False,False
2022-01-28,2022-02-02,2022-02-01,1.841841233384016,5.498706281998386,5.417493462360441,3.712906735061587,4.203433535222048,12.279937289923625,4.725914128294003,12.06478801708276,0.0719391254091821,-0.016905831538219795,0.3941590978292852,0.34272490576444653,0.1979793243661735,0.7792830202648127,False,False,0,False,False
2022-02-04,2022-02-09,2022-02-08,1.2391732295163458,9.46946057621102,2.1101876421881443,13.21222546752363,2.9397465788689656,16.379241632525403,4.029431459243985,17.504555765932796,0.23079893528718523,0.3339196185727058,0.5874035266338327,0.5723662273970829,0.4311220769727016,0.7789306397826519,False,False,0,False,False
2022-02-11,2022-02-16,2022-02-15,3.032373032779736,12.970623019202362,1.3949330806734412,15.477486061027246,1.996798963779985,20.515393089543657,0.03725088513925046,19.28798936743829,0.3708494583104486,0.41743590741333764,0.78228851627934,0.6473758936852888,0.5544874439221038,0.7785782593004911,False,False,0,False,False
2022-02-18,2022-02-24,2022-02-23,0.07600022080165975,19.112949722847073,0.7088259485923952,21.804504664282607,-4.071715937342748,21.698509198825242,-0.52277938330043,24.52888681511042,0.6166533316546194,0.6510555577314898,0.8375508186296431,0.8684927621645793,0.7434381175450829,0.7782258788183303,False,False,2,False,False
2022-02-25,2022-03-02,2022-03-01,11.81327977614163,39.433682749570465,10.137488841989148,34.8978737304262,16.92022508399198,44.74839908622656,14.601500471472756,43.63652700969058,1.4303500730142233,1.134692007808332,1.925383373733015,1.6756228994766436,1.5415120885080533,0.7778734983361694,True,True,0,False,False
2022-03-04,2022-03-09,2022-03-08,17.625780450235517,57.43222348806226,17.09482007080743,53.52823260955309,35.475923454059355,78.44386007693524,29.91294582921317,70.04911548157035,2.1489878653676775,1.822150207044479,3.510268704841708,2.788332631337778,2.567434852147911,0.781446035903029,True,True,0,False,False
2022-03-11,2022-03-16,2022-03-15,-24.86604682864394,30.33612898616945,-20.303286408544842,31.88006521974694,-39.6113002537884,36.17218527134923,-37.21246894479263,29.54973875417729,1.0601190646569443,1.0190422905181626,1.5051673494450375,1.0714218427044577,1.1639376368311507,0.7848911437107611,True,True,3,True,True
2022-03-18,2022-03-23,2022-03-22,14.108678608869814,48.019680684038406,12.013122266550313,44.948353151443285,24.15893971049613,61.53161959152771,23.873265993421395,57.44974327834363,1.7658903537943758,1.5005996477793802,2.6917666630328183,2.245043474670264,2.0508250348192094,0.7852200672927832,True,True,0,False,False
2022-03-25,2022-03-30,2022-03-29,-6.300857438726351,31.592695010096172,-3.187769920288065,34.23963868260348,-4.9234126936083396,48.136801480636386,11.14456425913661,59.83130778891065,1.1064875760326223,1.1031022414994802,2.0551327608646943,2.3387046385941455,1.6508568042477356,0.7866498910597775,True,True,2,True,False
2022-04-01,2022-04-06,2022-04-05,-2.201514505190117,28.097129377332585,-2.2155345133404514,30.25100807213988,-2.555694652401177,44.43369794689123,-10.008345855698252,47.93611350277411,0.9657521694863311,0.9547658135284665,1.8772142382185277,1.832721827292581,1.4076135121314766,0.7938695219859689,True,True,3,True,False
2022-04-08,2022-04-13,2022-04-12,-1.4420002951618343,21.381099190230703,0.2594035177046749,27.26828626045973,1.063542070749366,38.50731091306044,-3.5622894367273283,36.58545838436246,0.6967063631284217,0.843836728042589,1.5969209388303218,1.353481629055496,1.1227364147642072,0.7954940319343591,True,True,1,False,False
2022-04-15,2022-04-20,2022-04-19,8.462049308365959,18.267270094223417,6.994479921233361,25.226635600628804,15.31006345788356,43.57995514748714,12.78692667675269,39.551217104883754,0.571855404761141,0.7678043487875428,1.8305422397788003,1.4758501328648814,1.1615130315480913,0.7991217412096348,True,True,0,False,False
2022-04-22,2022-04-27,2022-04-26,0.07798791582641965,16.96175631708653,4.405178739154684,29.91793756788671,12.853912341698257,57.45268507920455,17.37741196386512,60.87572306100842,0.5193399210686547,0.940396957695562,2.4723067608930527,2.3660340366824384,1.574519419084927,0.8013698760506834,True,True,0,False,False
2022-04-29,2022-05-04,2022-05-03,-0.08774068318189565,15.032174400520622,5.117189096382495,29.617633201908767,7.946263156493627,61.19551470047614,-7.271343782116,48.87846515059842,0.4419129109074932,0.9284741650345167,2.63776729414421,1.8576977510917019,1.4664630302944806,0.805801711166174,True,True,1,False,False
2022-05-06,2022-05-11,2022-05-10,-2.7588638564023436,11.034137314601947,4.012971342649413,31.52041690237002,-3.7559182116612235,54.499849909945965,-1.9217502298216707,42.92728346153276,0.2818217175540818,0.997904037880122,2.3179535915017477,1.6055780460237905,1.3008143482399355,0.8108790669322685,True,True,2,True,False
2022-05-13,2022-05-18,2022-05-17,11.86961048569684,19.871374767519043,5.601895295876635,35.72737911757321,6.920547912036637,59.42359885820261,-12.322468826414154,30.56756374997935,0.6351456586827656,1.152275430821215,2.5384576273956703,1.0877337891554955,1.3534031265137867,0.8149894571178836,True,True,1,False,False
2022-05-20,2022-05-25,2022-05-24,0.21346623777965001,20.008840784497036,-0.6305853790733396,34.38796778990748,-25.361298630990014,38.13401616455534,-0.24721891453890368,30.843124218740865,0.6402256318250892,1.1015720936669446,1.5486293807263638,1.098099317111579,1.0971316058324942,0.8216145530582637,True,True,3,False,False
2022-05-27,2022-06-02,2022-06-01,2.3792878655779135,4.000533461369921,6.504906553720178,23.594432263826175,6.003786887523923,17.536292043612924,7.851831713443995,15.063960365110104,-0.0008499916418776186,0.7020559254517261,0.5977009360855937,0.43942350729666346,0.4345825942980264,0.8268118071843457,False,True,0,False,False
2022-06-03,2022-06-08,2022-06-07,4.420845541716368,-3.36394233595819,6.379400792767381,17.488552186667032,8.387266256583539,-5.023415924882428,6.862583165901012,-0.34204773148316964,-0.2957140259274898,0.4761528926903865,-0.4417910355779503,-0.2030532241863475,-0.11610134825035026,0.8260826676788955,False,True,0,False,False
2022-06-10,2022-06-15,2022-06-14,-0.528369577443677,20.973734915242073,-4.001018562695461,33.7908200325164,1.586964460191092,36.17484878909707,2.775609579181444,39.646030792490926,0.6793058405457943,1.0779270775821506,1.4567870047330476,1.464781408088354,1.1697003327373365,0.8255241533513163,True,True,1,False,False
2022-06-17,2022-06-23,2022-06-22,-11.29385831356439,-4.428802007192127,-4.529553529728493,17.248144236237593,-0.6271069210112116,11.388802157589737,-0.21446451685038617,15.55830028221913,-0.3389406753959164,0.46595284386189556,0.31316502232366106,0.4585612699770805,0.2246846151916802,0.8319157837224957,False,True,3,True,True
2022-06-24,2022-06-29,2022-06-28,2.828651674389188,5.525568015523647,4.010119955520656,26.51121650442118,-5.233060723035869,10.116366390101385,-4.121795572123137,14.892508314375696,0.06023512068255147,0.8078754981717531,0.2543786509440038,0.43053831069694737,0.38825689512381395,0.8311866442170456,False,True,2,False,False
2022-07-01,2022-07-07,2022-07-06,-12.494614497358162,-2.927517512314829,-20.26504041018024,4.425911880983188,-21.19125939872738,-12.47013968351249,-21.882122288065915,-16.046815279932375,-0.2787746742410176,-0.008739567413936793,-0.786837430042455,-0.8603293917297734,-0.4836702658567957,0.8304575047115955,False,True,3,True,False
2022-07-08,2022-07-13,2022-07-12,-3.8752088361542545,-0.6733345170216919,-6.626130783171124,5.184815185237891,2.2210480199014033,2.856520984508461,3.088714287885771,3.235406407486989,-0.1881988703386061,0.019317004418122306,-0.07965676827167426,-0.05517594013468976,-0.07592864358171195,0.8297283652061453,False,False,1,False,False
2022-07-15,2022-07-20,2022-07-19,8.277132960468782,-1.9780454592993646,-1.972203537950544,-3.875853287042172,-0.16910939768601108,-11.850366608250603,-2.096874184974455,-11.062962833783814,-0.24047494814299644,-0.3157719779916469,-0.7579468437894664,-0.6519555907901422,-0.491537340178563,0.8289992257006952,False,False,3,False,False
2022-07-22,2022-07-27,2022-07-26,-8.225963742753018,-1.8851272748543753,3.0206251055104496,2.296098389075951,-1.391870219080182,-18.75045169711337,-0.2615900343612937,-20.718451746264407,-0.23662505429576447,-0.08726365637863527,-1.0757063203627735,-1.0546445626461494,-0.6135598984208306,0.8282700861952459,False,False,2,False,False
2022-07-29,2022-08-03,2022-08-02,-0.6157654924409983,-7.951993124359942,-13.792314320550163,-18.408057219913434,-4.415276421309721,-41.409739865174906,-7.742680732992338,-33.96119566258807,-0.48022909140082026,-0.85357797698923,-2.119872736214774,-1.6064694781953777,-1.2650373207000505,0.8275409466897957,False,False,3,False,False
2022-08-05,2022-08-10,2022-08-09,-4.1620130528948005,-10.097227939551347,-1.4184634991956413,-23.62007904708579,-3.9639335890609217,-37.07588137725666,-3.260116137539809,-25.22164832230922,-0.5661638195842295,-1.0458353107541953,-1.9148618143960174,-1.2391953348226652,-1.1915140698892768,0.8268118071843457,False,False,3,False,False
2022-08-12,2022-08-17,2022-08-16,-4.331580047659067,-24.559498912774632,-3.5257149886847623,-39.26818127161262,2.791164170924978,-44.36459894032201,4.230237969068937,-17.54987913361883,-1.1471930694779175,-1.6240716746849588,-2.245963486351213,-0.9177628669572627,-1.483747774367838,0.8260826676788955,False,False,1,False,False
2022-08-19,2022-08-24,2022-08-23,7.791110872876558,-13.425681884422058,1.905517531056733,-29.2209015447558,10.199733473926663,-6.170057281190884,10.149131462508274,1.046537624061406,-0.6984474967997503,-1.2496808060607785,-0.486128294486527,-0.14131132890215717,-0.6438919815623032,0.8255241533513163,False,False,0,False,False
2022-08-26,2022-08-31,2022-08-30,-4.647065022719852,-21.686847407354296,1.4056818229892316,-34.548153584594004,-0.7402364164119694,-7.2947616836838245,-0.19715539409747096,-7.283848894493547,-1.030090462327264,-1.4451937780854738,-0.5375030546081676,-0.48886707097548565,-0.8754135914990979,0.8249656390237379,False,False,2,False,False
2022-09-02,2022-09-08,2022-09-07,-10.985947107299184,-37.09364005636984,-13.09781562887945,-54.02537000624081,-5.8356969238446075,-21.517724864111976,-6.673998402323204,-20.82043046271776,-1.6484909138298225,-2.1630222544857727,-1.190613759133995,-1.053660430889432,-1.5139468395847553,0.8244071246961587,False,False,3,False,False
2022-09-09,2022-09-14,2022-09-13,0.5593941181154971,-31.961219215003673,0.43435408861386726,-47.47206191238746,-0.5842844550985059,-21.390085166008298,0.663252356012972,-20.348033737645927,-1.4394790972285993,-1.9155281343244333,-1.183415358401507,-1.0329098492209359,-1.3928331097938687,0.8238486103685796,False,False,1,False,False
2022-09-16,2022-09-21,2022-09-20,-3.6519446827712967,-26.592748819157592,0.7067167223092573,-41.893681443996,-6.788428189664931,-30.23899365074708,-4.172384337139968,-27.68149681067277,-1.221884465444362,-1.7058090065398719,-1.5884818553334052,-1.3380252466883067,-1.4635501435014864,0.8232900960410005,False,False,2,False,False
2022-09-23,2022-09-28,2022-09-27,-7.0689568400564,-36.49035733360318,5.702799323330799,-40.20100207618588,-3.5102519085557207,-28.516184836266927,1.6159456665604237,-21.943755571989215,-1.6177744560593288,-1.6403980049061777,-1.506827617972142,-1.0968857001681416,-1.4654714447764476,0.8227315817134213,False,False,1,False,False
2022-09-30,2022-10-05,2022-10-04,9.61047857388856,-14.38526426235646,5.044296991906435,-14.891664674099198,12.529686727197253,5.204761289657707,5.866433513214047,5.804800229290753,-0.7284094006678924,-0.7064345052273523,0.0420753581355252,0.061949613764045036,-0.33270473349891866,0.8221730673858428,False,False,0,False,False
2022-10-07,2022-10-13,2022-10-12,1.0990379657196894,-11.404409759382911,-3.8686772801403535,-15.404632292656348,15.570493593792763,12.773305998679335,5.183094052763322,1.1381108274420333,-0.6083026427255592,-0.7248220348766812,0.3893505193713127,-0.13287123068669632,-0.269161347229406,0.8216145530582637,False,False,1,False,False
2022-10-14,2022-10-19,2022-10-18,-7.469953342113909,-24.224203532228973,-2.3083675750308683,-17.50762896296097,10.354869918393394,24.606639210124648,-3.4500687226620292,1.6981268608523195,-1.1223953325925373,-0.8017183325253683,0.9323478863064594,-0.10942255206265232,-0.27529708271852465,0.8210560387306846,False,False,2,False,False
2022-10-21,2022-10-26,2022-10-25,4.277470314372376,-11.720769475103562,7.087433958665709,-13.440820109805705,-11.437025092711238,14.561484336493596,7.157704864898823,9.117421760112416,-0.6195032856231127,-0.6513948823472865,0.47039675062526326,0.20059940534389067,-0.14997550300031132,0.8204975244031054,False,False,1,False,False
2022-10-28,2022-11-02,2022-11-01,1.6316181460943453,-9.473385836568232,-8.109589365819506,-7.758095155075048,-1.0440064996683285,17.932754258134974,-12.883619278365801,3.976483214738958,-0.52890225174874,-0.4417074022233964,0.6249538001788353,-0.014375394545502193,-0.0900078120847008,0.8197106576480735,False,False,3,False,False
2022-11-04,2022-11-09,2022-11-08,0.49672714462078704,-4.814645639052648,0.3039516017896818,-6.035680054089738,11.014664504541265,32.91135235173716,1.767306744060521,9.003906096339275,-0.34153515089220027,-0.3780147711039208,1.312622851701621,0.19586213474719613,0.19723376611317403,0.8189237908930425,False,False,0,False,False
2022-11-11,2022-11-16,2022-11-15,-5.519954935461551,-5.9981127688974345,-10.244404375139867,-12.151319510139048,-3.1561252835432776,27.522632741768184,-6.189391064121948,0.9919486171559908,-0.38889698614149826,-0.6031899863899822,1.0635199678606335,-0.13941471051317958,-0.016995428796006636,0.8181369241380104,False,False,3,False,False
2022-11-18,2022-11-23,2022-11-22,-7.206456452607624,-14.475727132820895,-1.4044014386118795,-12.643472330825464,-21.968931644612226,-3.3067870927103935,-6.597899880202272,-13.940373769317546,-0.7293517981210456,-0.6209539221355839,-0.3531726188713612,-0.7643309542261099,-0.6169523233385251,0.8173500573829785,False,False,3,False,False
2022-11-25,2022-11-30,2022-11-29,-2.257546731384894,-18.315497031143774,-4.353493879143964,-31.96027407561926,-8.299406210562545,-21.060155372321006,-9.211528890780563,-27.523652587232466,-0.8831673810903765,-1.3328331058907068,-1.1685323508637848,-1.3324019620620189,-1.179233699976722,0.8165631906279466,False,False,3,False,False
2022-12-02,2022-12-07,2022-12-06,-4.929696265731782,-16.23369967652163,-5.09235858369101,-23.090047567161072,-12.613229179419733,-24.330523214912898,-10.731173578908804,-27.014640490954594,-0.7987653797380697,-1.0041770991401686,-1.3174707585479501,-1.3094045686753695,-1.1074544515253895,0.8157763238729147,False,False,3,False,False
2022-12-09,2022-12-14,2022-12-13,1.643872634315994,-15.604254160458964,1.8555219855953642,-22.052765097059666,5.660881228722984,-18.180221115776842,11.5697529165362,-16.217092183809413,-0.7728598569470729,-0.9650181108308652,-1.0334326661655515,-0.8560735533323404,-0.9068460468189574,0.8149894571178836,False,False,0,False,False
2022-12-16,2022-12-21,2022-12-20,0.6342515976470501,-12.64098086722662,4.862888685273684,-17.151064068973902,-0.8691172385699003,-9.136640521244168,-4.192443450542121,-10.332651815286205,-0.6531398567863368,-0.7834815991378683,-0.6172380518313774,-0.6091956512002201,-0.6657637897389507,0.8142025903628516,False,False,2,False,False
2022-12-23,2022-12-29,2022-12-28,3.8374322805325862,2.204369663748655,9.363303056423694,-7.476718771110967,10.24582635026593,6.780048015136975,18.256342401003284,8.054666373923428,-0.05561856474610319,-0.4262313339182141,0.11413851542721376,0.16071315003796202,-0.05174955829978537,0.8134157236078197,False,False,0,False,False
2022-12-30,2023-01-05,2023-01-04,-8.713725023543773,-9.291035863908409,-1.2749853971882519,-11.38784547231288,-10.651168526849634,-12.300497963753507,-6.660752936059315,-13.47489746573269,-0.5181609590845568,-0.5702496487968296,-0.7625997132732071,-0.7407968484906455,-0.6479517924113098,0.8126288568527877,False,False,3,False,False
2023-01-06,2023-01-11,2023-01-10,-2.3161977663120266,-16.85584368219386,-4.051186891690122,-23.700058597563594,0.9752893852498316,-27.403515861059912,6.479999322691543,-13.733260530829677,-0.8223657653614429,-1.0241388155667779,-1.4561134017072037,-0.7510924903933364,-1.0134276182571902,0.8123372251993678,False,False,1,False,False
2023-01-13,2023-01-19,2023-01-18,5.718060327112352,-7.937510246464122,10.536051565782635,-9.354682191485347,4.9936953285938595,-36.77247801253174,7.074096560581753,-2.4706322582899767,-0.4626950115597559,-0.49394885216809103,-1.8843747938389361,-0.27880274400402966,-0.7799553503927033,0.8120455935459482,False,False,0,False,False
2023-01-20,2023-01-25,2023-01-24,-0.487166037505004,-7.4304725720514995,4.556426673293223,2.5139956153117273,4.895649188076805,-22.754871186393178,4.602291220802601,12.929482591688135,-0.44201880052868553,-0.055655936930596756,-1.2373616575669424,0.3666649804116631,-0.3420928536536404,0.8117539618925284,False,False,0,False,False
2023-01-27,2023-02-01,2023-01-31,-1.1460360933424136,-12.049555919190528,-5.13125101906276,-20.311338083765524,-9.7429145331546,-38.73011374804932,-8.314882071708377,-17.614404365450373,-0.6278720499605753,-0.8983812307475524,-1.9686790923573012,-0.9139498790935537,-1.1022205630397457,0.8114623302391084,False,False,3,False,False
2023-02-03,2023-02-08,2023-02-07,-2.2803960232139397,-13.291567894432928,-2.0579254696335125,-6.603308829764419,-8.846698132233039,-48.455492761789785,-17.71559862376579,-22.487875910687354,-0.6775256887990957,-0.3914734830152675,-2.409812052167997,-1.1175017969359538,-1.1490782552295784,0.8111706985856885,False,False,3,False,False
2023-02-10,2023-02-15,2023-02-14,2.4449217832904395,-8.991560278244181,-0.7877157706150251,0.277173014510027,-0.584369814891092,-45.105228785451686,-1.2583178961176056,-8.525112305861802,-0.5037465099517274,-0.13710846828770412,-2.249238993026919,-0.5310501557688195,-0.8552860317587925,0.8108790669322685,False,False,3,False,False
2023-02-17,2023-02-23,2023-02-22,-6.707080914560734,-7.951206292773352,-8.625678200960953,4.225980928988238,-9.001287999338627,-36.66451162585824,-2.2408904966317085,-12.336296244985817,-0.46150954165678554,0.00888608243287141,-1.8579643221758666,-0.690555134682601,-0.7502857290205954,0.8105874352788489,False,False,3,False,False
2023-02-24,2023-03-01,2023-02-28,0.7834983929818656,0.5608832286965645,-9.40059735549004,-6.420244316431871,2.029554633473048,-22.056251291179716,13.406009898852414,6.030933348264407,-0.11790093742352567,-0.3847359741779543,-1.1884728004540444,0.08028381838828988,-0.4027064734168086,0.8102958036254291,False,False,1,False,False
2023-03-03,2023-03-08,2023-03-07,0.7386802200840646,-3.0642534772197574,13.554549199622375,17.95086154173399,0.03790032260642017,-12.654417404622578,-4.858836818448734,1.1363758650315003,-0.26414040549237694,0.5168749718952936,-0.7587835826277317,-0.12513774462875735,-0.1577966902133931,0.8100041719720091,False,False,1,False,False
2023-03-10,2023-03-15,2023-03-14,-8.442068678083094,0.18280255389370942,-2.3754086008107143,23.058301459938498,-2.5716251145814013,-1.9634894509363732,-6.869025384203333,2.1407545350785706,-0.13292095711817475,0.7055492382944122,-0.2710219879809605,-0.08291569643433556,0.054672649190235345,0.8097125403185892,False,False,3,False,False
2023-03-17,2023-03-22,2023-03-21,-2.532501256928782,-6.674250268867556,-1.2497643012527813,20.4554721661856,-1.3701525758228172,-14.504350937816909,-5.520250994472054,-14.17410066115459,-0.40981875247185995,0.608746359544035,-0.8426577323128291,-0.7680947308913814,-0.35295621403300886,0.808930374488106,False,False,3,False,False
2023-03-24,2023-03-29,2023-03-28,5.2215059633135805,-8.45352102435488,7.538215279640016,14.292721745740891,2.3759637631262915,-16.726132321027762,7.430779231624118,-12.341546364515734,-0.4814948212045157,0.3802353161366671,-0.943315542231492,-0.6905615571610599,-0.43378415111510016,0.8081482086576237,False,False,0,False,False
2023-03-31,2023-04-05,2023-04-04,9.863664813000844,4.862289191486253,0.22547923870893044,9.688800048554173,-1.8256479088733326,-14.836593425839823,-4.322128362448365,-18.548070967443365,0.05699389994575585,0.2095439460756166,-0.8563457616595687,-0.9508822899398146,-0.3851725513945027,0.8073660428271404,False,False,2,False,False
2023-04-07,2023-04-12,2023-04-11,1.4079521206186556,8.774748302213213,4.4775450021060825,19.64471994762535,-0.6707462511683373,-14.494659235189106,-2.6384676825730655,-30.508757514823913,0.21517972335217542,0.5782972780390226,-0.8400813032624,-1.4526429192446209,-0.37481180527895575,0.8065838769966572,False,False,2,False,False
2023-04-14,2023-04-19,2023-04-18,-0.8498111367991685,0.7448824012990475,-6.280749382698383,0.7992430747114072,-3.874576657584218,-25.91936847664305,-8.144033194017428,-43.44773818430523,-0.10977269793272644,-0.1204578599451969,-1.3605414487046628,-1.9940191669111287,-0.8961977933734286,0.805801711166174,False,False,3,False,False
2023-04-21,2023-04-26,2023-04-25,-4.814102425699103,-3.5820539868950516,-7.76132628842999,-11.518509887011808,-6.767099422903579,-37.58211708762342,-4.833572198937759,-52.883601604045595,-0.28484838258260226,-0.5770977429328084,-1.8905541411475293,-2.3853124404138004,-1.2844531767691851,0.8050195453356909,False,False,3,False,False
2023-04-28,2023-05-03,2023-05-02,-7.182435387164126,-9.618453280716768,-4.182960290204911,-10.570219158153972,-6.7861222931630065,-34.62532484763184,-4.602253008956533,-49.17097254129376,-0.5291245090440456,-0.5415818118200418,-1.7520070539604706,-2.22275899990016,-1.2613680936811795,0.8042373795052086,False,False,3,False,False
2023-05-05,2023-05-10,2023-05-09,2.7101184052568015,-4.627938852246024,3.3189351659821105,-5.193358522538335,4.87452818732464,-20.90409852807416,6.04567004032615,-25.4097038772018,-0.326687539699594,-0.34178986919082177,-1.124491577391984,-1.2240946795763272,-0.7542659164646817,0.8034552136747253,False,False,0,False,False
2023-05-12,2023-05-17,2023-05-16,-3.916642581036215,-10.98950321657268,-0.5801922616107831,-4.985835013534092,-1.7202778236628211,-22.040006536845887,-2.264589529021415,-26.415975510105593,-0.5842930852718766,-0.33391632624402706,-1.1750245240262092,-1.264752617883828,-0.8394966383564852,0.8026730478442421,False,False,3,False,False
2023-05-19,2023-05-24,2023-05-23,2.811206554550149,-1.4712157474617928,6.866031411774073,10.50587459920095,0.7279377002901319,-12.310780837217136,-0.643384572306946,-24.818469585780832,-0.1981496611602974,0.24143775603170584,-0.7312200142839682,-1.1965662417236986,-0.4711245402840646,0.8018908820137589,False,False,1,False,False
2023-05-26,2023-06-01,2023-05-31,-6.755298642896395,-13.005670924955313,-4.687116843617247,-0.6889591588294094,-5.115015437251498,-24.61590927950265,-3.662381139824079,-36.6289029699213,-0.6657692062126932,-0.17450273453147971,-1.2905510734093981,-1.6883579646350562,-0.9547952446971568,0.80176063052299,False,False,3,False,False
2023-06-02,2023-06-07,2023-06-06,3.2023138694130626,-7.700235896839423,-3.2215949685371568,-3.260726254499212,3.505894110997701,-17.921913668987628,5.889466240175832,-23.540056594173983,-0.45015400740322636,-0.2699906089624414,-0.9845499937520309,-1.1394271032003902,-0.7110304283295221,0.8016303790322212,False,False,1,False,False
2023-06-09,2023-06-14,2023-06-13,-3.2887442983025936,-2.54691151705892,-1.7533578636309892,-2.6386755173194887,2.2412412804501596,-13.109047273956065,0.6680051560374007,-16.003026053933247,-0.24082178553872108,-0.24673549818406484,-0.7647774964229929,-0.8238787416885305,-0.5190533804585773,0.8015001275414524,False,False,1,False,False
2023-06-16,2023-06-22,2023-06-21,4.453321441873934,4.4389111817438005,4.031178622900079,2.64226740683336,7.6353422898740835,-4.103552408259171,5.986717463827791,-4.4960575956334,0.04285306051816403,-0.050210986345670464,-0.3545608300014328,-0.3432255760194841,-0.17628608296210585,0.8013698760506834,False,False,0,False,False
2023-06-23,2023-06-28,2023-06-27,-4.704373404750785,-7.3886316384222965,-3.9929658256218428,-12.594479682201687,-2.3327191657974264,-12.821791294896306,-2.4593235902956216,-21.029540883636066,-0.437471445640588,-0.6171226962434626,-0.7511443413978481,-1.033051238019633,-0.7096974303253829,0.8012396245599145,False,False,3,False,False
2023-06-30,2023-07-06,2023-07-05,5.8815170421493255,-11.340829046545954,4.445176257083401,-9.687506704196593,3.4789851659097177,-7.087656126333414,4.643770433350468,-10.609490452812222,-0.5977917609714651,-0.5085484521338264,-0.48961150594278663,-0.5972470547828396,-0.5482996934577294,0.8011093730691456,False,False,0,False,False
2023-07-07,2023-07-12,2023-07-11,7.14094967442866,-6.364490707759579,7.2781552087066315,-8.347572215732203,6.318789592364105,-5.435026376119756,8.133147986118223,-5.525369560364736,-0.39521405142593946,-0.4583757395021643,-0.4140902031087758,-0.3846534763177232,-0.4130833675886507,0.8009791215783769,False,False,0,False,False
2023-07-14,2023-07-19,2023-07-18,1.1817172635228892,-6.601413462978778,3.0510186577409404,-1.846670152123657,-0.12419790460060087,-2.938987041317966,0.7490671729157439,2.0524280660168213,-0.4046414356057256,-0.21600794708569523,-0.30017780237137687,-0.0680079507143096,-0.2472087839442768,0.800848870087608,False,False,1,False,False
2023-07-21,2023-07-26,2023-07-25,5.1451676775760085,1.4141649814671822,9.0492062717432,14.762810193914659,7.230139394251223,10.17276449030859,7.620834714748952,13.512423068408411,-0.07847083933286055,0.4029617848678211,0.2974589444859619,0.4108042532951356,0.25818853582901446,0.8007186185968391,False,False,0,False,False
2023-07-28,2023-08-02,2023-08-01,1.9984529054982962,7.288921447420085,1.4488007815014305,17.060958851792847,9.58355278594859,25.59771426020288,10.839087912683857,29.07892732945296,0.16057253698166507,0.48841432752715086,1.0005020123042243,1.0611773864978506,0.6776665658277228,0.8005883671060702,False,False,0,False,False
2023-08-04,2023-08-09,2023-08-08,1.911080010966925,12.587877553537549,-1.6923215141263424,17.794244438459504,1.4943805462180437,27.227872152466954,0.6185586732710744,27.689203080306502,0.3761753049276048,0.5154870553085247,1.0739268916617137,1.002095303005642,0.7419211387258713,0.8000994918072581,False,False,1,False,False
2023-08-11,2023-08-16,2023-08-15,-2.2927833618072713,13.152431436135883,0.9015317648286321,19.238235284379392,-1.529400683154493,25.472278203906086,-0.6530354879549349,26.81048480642531,0.39897158848064124,0.5690562495388491,0.992871638344722,0.9644800108287594,0.7313448717982429,0.7996106165084467,False,False,2,False,False
2023-08-18,2023-08-23,2023-08-22,-1.0042859190037297,11.11230198878991,4.752368538636785,16.41854996565854,3.7130425483454648,29.411514017657925,5.206885563113046,32.786779007923414,0.3156670017532521,0.4635195331036545,1.1715660343850938,1.213420617084848,0.791043296581712,0.7991217412096348,False,False,0,False,False
2023-08-25,2023-08-30,2023-08-29,1.1029295768175988,15.556898857794845,-7.979586519892141,9.335131531899178,2.3679612334912203,35.375990120500674,1.1391498286095338,38.148314342167886,0.4966245341905802,0.19889555293846817,1.442178510399726,1.436117891805515,0.8934541223335724,0.7986328659108227,True,True,1,False,False
2023-09-01,2023-09-07,2023-09-06,7.603400095355966,19.957985083737746,-0.24986627313702672,12.306860227299318,0.4931787079777276,32.36327471748069,-3.156080491221733,29.102767610770314,0.6757486716948317,0.3097650205106291,1.3029653833907793,1.056386817616923,0.8362164733032909,0.8012396245599145,True,True,2,False,False
2023-09-08,2023-09-13,2023-09-12,2.4259489343163847,28.128869079537576,4.321768629202552,19.994499216654724,3.4811115147952036,38.35783205917021,0.7744472395477762,35.97563270193454,1.0084573279894362,0.5967777988085549,1.5744109307159002,1.3424248820334215,1.1305177348868283,0.8050195453356909,True,True,0,False,False
2023-09-15,2023-09-20,2023-09-19,2.5441576627099547,25.078175503200768,-2.6129338822893344,15.468029410391516,2.2040314806239776,32.98012611185709,0.8322711293041034,32.61337688676046,0.883175299522259,0.4272904441743554,1.3272411542366038,1.200395440415307,0.9595255845871313,0.8105874352788489,True,True,1,False,False
2023-09-22,2023-09-27,2023-09-26,0.29574477988517667,30.078293687836734,-0.7795928923984802,18.6814023436149,-4.457737405467999,30.855107872186515,-2.7469815786330556,32.32571889842305,1.0863645606581518,0.5471767911727856,1.2289411166662019,1.1870941210979857,1.0123941473987812,0.8142025903628516,True,True,3,False,False
2023-09-29,2023-10-04,2023-10-03,-2.4020192975211385,21.794757348166268,-11.724956005023971,2.511270081507529,0.7993647680745585,28.175487474351346,-2.454517916039333,25.22743054903324,0.7475776127804626,-0.05773251663057705,1.105693474862081,0.8896059489810579,0.6712861299982562,0.8210560387306846,False,True,2,True,True
2023-10-06,2023-10-12,2023-10-11,-6.431448170569425,9.953654155214775,-9.036244008039132,-13.035208829654973,-5.734576747047327,19.2422995184708,-4.393293998125817,16.231255244617053,0.2641767680924682,-0.639240262659625,0.6983122431925317,0.5134399917175664,0.20917218508573532,0.8204975244031054,False,True,3,True,False
2023-10-13,2023-10-18,2023-10-17,0.892500853362985,13.442196743394039,-0.4726109763593213,-12.417466247204437,4.968342014664703,26.166297981282167,5.671185091084109,22.777625318016128,0.4063753768357926,-0.6157300218143975,1.012841443015294,0.7864611939280522,0.39748699799118536,0.8197106576480735,False,True,1,False,False
2023-10-20,2023-10-25,2023-10-24,-2.4294584267420793,5.867570639075962,-4.0875828871967945,-25.55425540614442,-4.767471508556632,14.168687078474315,-6.972416744669592,8.184373858597588,0.09702871757814903,-1.1070153283396087,0.46614773418816774,0.17653827857947152,-0.09182514949845512,0.8189237908930425,False,False,3,False,False
2023-10-27,2023-11-01,2023-10-31,-3.5378494102698443,0.3312683233078062,-4.543107468239814,-31.54616365588566,-3.1597668615381895,1.4253674309875344,1.5455172400823591,-1.1091968140039095,-0.12906245761688456,-1.330163314417472,-0.11401560945618724,-0.21177405843978586,-0.44625385998258243,0.8181369241380104,False,False,2,False,False
2023-11-03,2023-11-08,2023-11-07,-4.612346330228405,-6.192158017887524,-2.1353124470568945,-31.98915458881622,-4.446745290637194,-4.515758405867715,-2.149105083566314,-3.876860570841313,-0.3954726743229661,-1.3451167457277178,-0.3844468104874255,-0.32734262426501337,-0.6130947137007807,0.8173500573829785,False,False,3,False,False
2023-11-10,2023-11-15,2023-11-14,-3.2912469539278804,-4.461706548880668,-3.347001082843871,-35.365023990188995,0.3912507213966408,-2.972766556776052,-0.9389740349838919,-2.51867721458006,-0.32456039902228884,-1.469703364974376,-0.31397881622057106,-0.2704001708254236,-0.5946606877606649,0.8165631906279466,False,False,2,False,False
2023-11-17,2023-11-22,2023-11-21,-0.6995259049798876,-2.967651453425116,1.7110683613210727,-28.968289698792404,2.5584013230105227,-1.6812885312439518,-5.7528441596252105,-13.223521616307595,-0.2633274066516659,-1.228572465060904,-0.2549849309932823,-0.718006366793957,-0.6162227923749523,0.8157763238729147,False,False,1,False,False
2023-11-24,2023-11-29,2023-11-28,-2.607320665720877,-5.5967593969610006,4.132623206560533,-30.79499242271587,0.9445583607683417,-8.730149274785134,-1.2320484388040511,-18.031604095504875,-0.37072342616754894,-1.2954834474437622,-0.5761592535572649,-0.9186716850466013,-0.7902594530537944,0.8149894571178836,False,False,1,False,False
2023-12-01,2023-12-06,2023-12-05,-5.594541685505456,-17.277883338341294,-8.900159593539865,-34.82468516542726,-9.489243977179308,-11.556857261022035,-12.168809601892574,-23.520459238855253,-0.848428402229493,-1.4445055785230485,-0.7047047632364204,-1.1475674393055253,-1.0363015458236218,0.8142025903628516,False,False,3,False,False
2023-12-08,2023-12-13,2023-12-12,-5.250100190318801,-24.58800314153676,-8.76589555311558,-48.495241449000076,-7.758910969283875,-28.59221465355435,-9.099198165445609,-37.941624785286585,-1.146892916388335,-1.9530182243909953,-1.48112921873906,-1.7496602171620277,-1.5826751441701044,0.8134157236078197,False,False,3,False,False
2023-12-15,2023-12-20,2023-12-19,7.013474164278947,-22.240587659529467,17.293094341372676,-29.37356415784319,7.605654234306076,-18.40455300204774,16.694684414044463,-18.343510618357605,-1.0496975355067912,-1.2357798225017715,-1.0147025764466207,-0.9274790503343806,-1.056914746197391,0.8126288568527877,False,False,0,False,False
2023-12-22,2023-12-28,2023-12-27,1.464035909639938,-18.80022465945266,2.1257732087085004,-23.233755354051823,-3.07596763765785,-20.87261603206738,-3.6848381894007063,-22.615817860237208,-0.9079922972272263,-1.0054874825894575,-1.1262971183508217,-1.1052916188900834,-1.0362671292643972,0.8123372251993678,False,False,2,False,False
2023-12-29,2024-01-04,2024-01-03,-3.85774601692377,-21.82804367610071,-4.016233280854226,-21.75698748000679,-1.8942950012958495,-25.03400715006895,-2.754325591508402,-26.12579822527271,-1.0311434053712243,-0.9495425285040698,-1.314835887516449,-1.2509096358312854,-1.136607864305757,0.8120455935459482,False,False,3,False,False
2024-01-05,2024-01-10,2024-01-09,2.530718770699447,-12.775052947578935,-0.586225420908873,-12.984995516195708,3.5468950115694025,-9.943067440951177,8.382728757785184,-4.583895099704266,-0.6598494643719969,-0.6216708322423413,-0.6257255633573546,-0.34944862556067297,-0.5641736213830915,0.8117539618925284,False,False,1,False,False
2024-01-12,2024-01-18,2024-01-17,0.49580049229318923,-18.600118247032757,4.923335938084784,-5.974627305552884,0.03914660453202912,-21.662528894539076,1.8743227343247668,-17.032206142778225,-0.8978042630651747,-0.3598272689855473,-1.159428855981392,-0.8695914828374625,-0.8216629677173941,0.8114623302391084,False,False,0,False,False
2024-01-19,2024-01-24,2024-01-23,2.8369734302510334,-17.881344768484986,2.1386217219619605,-10.63719634935833,1.6342776185994667,-19.21788983401891,1.7298144182634794,-10.17335192220318,-0.8676828998943936,-0.5336177496455778,-1.046854538170851,-0.5822101039826791,-0.7575913229233755,0.8111706985856885,False,False,0,False,False
2024-01-26,2024-01-31,2024-01-30,4.679980907617032,-6.788540449127992,4.979723564715034,3.1113620849069252,4.711630811647676,1.2224638252962734,4.799135507862758,-3.9178799955507686,-0.4130051176626629,-0.020180426926838274,-0.11456426626822883,-0.320301986427301,-0.21701294932125775,0.8108790669322685,False,False,0,False,False
2024-02-02,2024-02-07,2024-02-06,-5.878244992568325,-11.755726634650447,-2.795833312872982,2.9225824381495293,-1.2970350442627516,-7.679525177113631,-3.3237919328675183,-15.356040855364702,-0.6161698871882305,-0.027220567648875493,-0.5202947243409718,-0.7986156719359764,-0.49057521277851357,0.8105874352788489,False,False,3,False,False
2024-02-09,2024-02-14,2024-02-13,5.852698945680125,2.5095095210791842,9.112830334789734,16.24705958019296,5.196446037717334,4.305240733255082,4.622980181355691,4.547905102754406,-0.0315718745413601,0.4705351080994344,0.02646934800925999,0.03468115566614397,0.12502843430836955,0.8102958036254291,False,False,0,False,False
2024-02-16,2024-02-22,2024-02-21,0.7762334579122666,3.115597005086459,-4.238100152604245,14.257343485368459,-6.965071630990629,-4.708932962692815,-4.585435596720915,2.009546296115083,-0.006725239105119727,0.39593358803126333,-0.3847456999709283,-0.07157828381608895,-0.01677890871521841,0.8100041719720091,False,False,3,False,False
2024-02-23,2024-02-28,2024-02-27,1.3626251711765056,6.430463036349584,2.35103797217159,13.214422072451141,0.5625366418868639,-5.4224670591600885,-0.3045301173418939,0.8422714418222307,0.12915505353167972,0.35674866156687846,-0.4171159027675193,-0.1204251346746494,-0.012909330585902632,0.8097125403185892,False,False,1,False,False
2024-03-01,2024-03-06,2024-03-05,-0.8684215422458033,7.083648983801395,2.1730901096043405,18.223888141876806,-4.630634042040466,-3.08547422548256,-4.363762070928866,4.479576293633199,0.1558839137251568,0.5439089492456349,-0.31021852411050815,0.032000038680654444,0.10539359438523449,0.808930374488106,False,False,2,False,False
2024-03-08,2024-03-13,2024-03-12,-0.7613283823140746,10.237879238799952,5.665302686358084,28.7682072451781,0.15655580497028057,2.294404445623425,2.400272619992487,11.22095605943286,0.28521758927553525,0.9380406638708811,-0.06438002423740614,0.3145152218503543,0.36834836268984117,0.8081482086576237,False,False,0,False,False
2024-03-15,2024-03-20,2024-03-19,7.222290595971083,17.206505662676555,2.9255358148789763,28.465176710260177,4.921840179199634,6.737201792559781,3.7769127752450835,11.367318492472037,0.5710869474362378,0.9259420322702474,0.13863164682987308,0.3205022091241762,0.4890407089151336,0.8073660428271404,False,False,0,False,False
2024-03-22,2024-03-27,2024-03-26,-2.3742122394583056,11.728261483753318,-4.302155391293776,14.508300484466444,-6.260442844212507,-1.1820468600425955,-5.423363138839497,1.2728891036042673,0.34585901489226595,0.40304746785033324,-0.22339973980490696,-0.1030342018638776,0.10561813526845368,0.8065838769966572,False,False,3,False,False
2024-03-29,2024-04-03,2024-04-02,4.205894305356618,17.86285588330782,0.9632129950703148,23.587766126291683,0.8807255857300359,7.068265957538783,4.170429971575836,12.98777918855655,0.5976340156285915,0.742647319157058,0.15395894141138114,0.3885705896094177,0.4707027164516121,0.805801711166174,False,False,0,False,False
2024-04-05,2024-04-10,2024-04-09,0.10465725706711171,19.12877138066484,0.2680453452479716,26.711741662385762,-1.073218426688466,4.090228033780853,-0.9326685776084573,7.589713951409828,0.6492886752180058,0.859088933649099,0.01765846433459358,0.16179042317322803,0.42195662409373164,0.8050195453356909,False,False,2,False,False
2024-04-12,2024-04-17,2024-04-16,0.12776585744092153,17.071190335586188,1.9315124239630665,22.539665027711884,-1.5925759007504536,0.19596322163690644,0.5979091056058009,3.990649221022772,0.5643434507138672,0.7022562586339658,-0.16057202002840762,0.010582295720820704,0.27915249626006156,0.8042373795052086,False,False,1,False,False
2024-04-19,2024-04-24,2024-04-23,-2.3251399750453983,11.909076930289753,-4.999118518153739,15.401924787596178,-3.1824483640051247,-4.62076276096767,-6.344622173896224,-4.083787371136949,0.35184569913162866,0.43453201296513183,-0.38103350465602065,-0.32864073685238976,0.019175867647087536,0.8034552136747253,False,False,3,False,False
2024-04-26,2024-05-01,2024-04-30,-0.8111699017575689,6.417926120915175,-0.07889546760322873,10.343305755277916,-2.53799951053573,-11.870393083151074,-1.9643846730587258,-10.847307552058437,0.12588861325439027,0.24482352205623362,-0.7128903031498859,-0.6127383953703162,-0.23872914080239455,0.8026730478442421,False,False,3,False,False
2024-05-03,2024-05-08,2024-05-07,-4.307529986211047,7.988641127272446,-5.599840164574433,7.5392989035764595,-2.519024882855852,-13.092382921744184,-1.632689328742878,-9.1562049479338,0.1904462385755021,0.13963670556331656,-0.7684091493277759,-0.5412841766662843,-0.24490259546381038,0.8018908820137589,False,False,3,False,False
2024-05-10,2024-05-15,2024-05-14,-0.4386246771627331,1.6973175044295767,-2.8361689350998858,-4.409700366313146,-1.801850550267825,-20.090679509729338,-3.6885992176931484,-17.467784346982633,-0.06854422157511875,-0.30838140957530813,-1.08854181317635,-0.8904993419960046,-0.5889916965806954,0.80176063052299,False,False,3,False,False
2024-05-17,2024-05-22,2024-05-21,1.2977471873050825,2.21883123382237,2.376013343810044,2.2044131301011483,3.4464163942485464,-9.67919148449016,3.441380303154244,-9.440968447107476,-0.047043739511517066,-0.06018306739222119,-0.6105115648393006,-0.5522433464917267,-0.31749542955869137,0.8016303790322212,False,False,0,False,False
2024-05-24,2024-05-30,2024-05-29,-0.5220645791542051,1.0020123916763002,-3.6290001405200485,-3.7965745408568465,-1.6020578730962114,-8.82147891619028,-2.9727958461842423,-7.371326127431265,-0.0971419571053897,-0.2853125064765863,-0.5708450190518176,-0.46486881606088926,-0.3545420746736707,0.8015001275414524,False,False,3,False,False
2024-05-31,2024-06-05,2024-06-04,-8.550672238324108,-6.3132187352099995,-6.805940358616956,-8.81018281307913,-8.663234503269853,-14.926642668672269,-7.657794085078004,-12.137370378711196,-0.398528304759233,-0.4733636697861718,-0.8503897645413854,-0.6651919319846608,-0.5968684177678627,0.8013698760506834,False,False,3,False,False
2024-06-07,2024-06-12,2024-06-11,6.02206086131749,0.4701705084215633,0.8093569360922007,-13.666128563345023,5.614734252384862,-9.468464221257682,6.400443069493246,-8.137199929210455,-0.11871641770965212,-0.6554418783776736,-0.5995227542656089,-0.49640546241333977,-0.4675216281915686,0.8012396245599145,False,False,0,False,False
2024-06-14,2024-06-20,2024-06-18,4.692906897020427,-2.059213190529092,3.173470359059106,-13.418194019164897,4.332959592356269,-10.057344808101048,4.252446688702773,-7.661666015752757,-0.22297129861998416,-0.6457297899351855,-0.6261800033266501,-0.47611822520820773,-0.4927498292725069,0.8011093730691456,False,False,0,False,False
2024-06-21,2024-06-26,2024-06-25,0.783837448625551,-0.5353462110352867,2.1777864168878747,-10.695338682140342,1.2479363284217877,-7.2157213399546185,1.751215594188703,-4.190336360648109,-0.16000477994681706,-0.54305340180947,-0.4954586475492577,-0.32965737782765697,-0.38204355178330046,0.8009791215783769,False,False,0,False,False
2024-06-28,2024-07-03,2024-07-02,2.5534327179867287,-2.18780779840517,4.9589991941483245,-6.699552483062334,3.1335218879291116,-4.962925037755552,3.334965671016578,-5.025800661207375,-0.22813483548974928,-0.39260414465088134,-0.3918232242685992,-0.3647043275061254,-0.34431663297883885,0.800848870087608,False,False,0,False,False
2024-07-05,2024-07-10,2024-07-09,-2.292911533742236,-5.247645501284186,-1.156559773361823,-7.866756554538791,-3.617328216355004,-10.179619696659033,-2.994833522004258,-9.652549289699106,-0.3543686935989804,-0.4362866588334239,-0.6310909029788782,-0.5595519088936738,-0.4953245410762391,0.8007186185968391,False,False,3,False,False
2024-07-12,2024-07-17,2024-07-16,-1.0443325029388728,-5.10430189306359,-2.8657671198892958,-12.029756669308082,-2.329133447930812,-9.71002725110087,-2.670111388942784,-11.32394699559558,-0.3482781069800461,-0.5926085358848665,-0.6091538075810831,-0.6297112124158012,-0.5449379157154493,0.8005883671060702,False,False,3,False,False
2024-07-19,2024-07-24,2024-07-23,-4.596213556463588,-6.889061677036358,-1.1610536791911048,-8.733571884878982,-2.780370237105295,-8.241197600134205,-1.5946624113940118,-6.588596318347144,-0.42185711425197725,-0.4682854493253996,-0.5413395748166077,-0.4296253804427999,-0.4652768797091961,0.8000994918072581,False,False,3,False,False
2024-07-26,2024-07-31,2024-07-30,-2.6813341341865065,-10.09395721661738,-0.8688151957637927,-12.184690191690747,-3.314230784602698,-10.330923288726884,-6.691019766854259,-12.204550982807689,-0.5541165804210838,-0.5978956420308341,-0.6370452212266001,-0.6663417909283245,-0.6138498086517106,0.7996106165084467,False,False,3,False,False
2024-08-02,2024-08-07,2024-08-06,-2.082717717498164,-7.113534686459843,-0.26212334798740816,-6.149912996136745,-1.2371291802546942,-8.014909631133023,-2.2873824350560215,-11.608484921971542,-0.43057994872425015,-0.3704218213741166,-0.5302384790912162,-0.6407793222205133,-0.493004892852524,0.7991217412096348,False,False,3,False,False
2024-08-09,2024-08-14,2024-08-13,6.750830267820236,-1.1213673448363382,1.5625317903080815,-2.298951822469872,3.799642960537014,-3.188739264636531,3.0533244540288753,-6.0941394956721515,-0.1825246382683053,-0.22525242727411718,-0.30810862548111206,-0.40763598006440244,-0.28088041777198425,0.7986328659108227,False,False,0,False,False
2024-08-16,2024-08-21,2024-08-20,-5.8567160841476955,-7.817076629250947,-5.034175486085082,-10.15489128944999,-7.366421798624478,-13.936717408862457,-4.498234234370402,-13.833205754364696,-0.45949581737733397,-0.5210512725086114,-0.8022008403110297,-0.7342146859366429,-0.6292406540334045,0.7981439906120107,False,False,3,False,False
2024-08-23,2024-08-28,2024-08-27,1.6209091786049699,-5.5923083231955975,4.775443129589982,-2.347024737251974,1.0456369034378699,-12.558024410708118,-0.6121987568605595,-12.588532508638794,-0.36717389833274666,-0.22659088040348996,-0.7382344530139078,-0.6811692970363847,-0.5032921321966323,0.7976551153131987,False,False,1,False,False
2024-08-30,2024-09-05,2024-09-04,-8.722530361361384,-5.7641664462328785,-16.48583497784746,-12.026919356482477,-8.173839197281765,-12.068629104720028,-5.48548089301097,-10.416219316571764,-0.3741134735306136,-0.5913493912166357,-0.7152392212830928,-0.5889826164943559,-0.5674211756311744,0.7971662400143872,False,False,3,False,False
2024-09-06,2024-09-11,2024-09-10,-6.596115624703868,-16.56236507902272,-5.744908616708308,-16.15241910581154,-24.389350371829817,-37.93904989412799,-6.038051098890748,-20.133060592682533,-0.8212114925651792,-0.7465548947354547,-1.9050646219326821,-0.9992258352958509,-1.1180142111322917,0.7966773647155753,False,False,3,False,False
2024-09-13,2024-09-18,2024-09-17,7.823124883885284,-11.962907642431569,3.142159092230764,-14.117200694297777,3.0904808127219656,-37.43510292885413,2.307203085212456,-20.998076752485723,-0.6300869379699516,-0.6693152518334022,-1.8781794837340995,-1.0349322215897465,-1.0531284737818,0.7961884894167632,False,False,0,False,False
2024-09-20,2024-09-25,2024-09-24,0.24913507695838444,-12.49761001409873,3.5371059655041344,-12.757881145681496,2.107876898988334,-36.57516235828758,2.2551694890938787,-20.49412285758053,-0.651871986183887,-0.6176339177507653,-1.8351116796067801,-1.0127330479741619,-1.0293376578788984,0.7956996141179512,False,False,0,False,False
2024-09-27,2024-10-02,2024-10-01,-2.7041927992910164,-17.755235531376478,-2.7290207601102736,-20.4459010999401,-0.47789816163506915,-40.18658240785176,0.34627786270853766,-23.48281066588858,-0.8693977481127286,-0.9073323684172081,-1.99736433065997,-1.138147266003344,-1.2280604282983127,0.7955968230261551,False,False,2,False,False
2024-10-04,2024-10-09,2024-10-08,5.323715021789237,-11.595594934995985,6.050625760963282,-10.8905361624366,6.827405032265875,-28.977719159234994,5.149080574509564,-14.675270405944424,-0.613422938374962,-0.54609657563063,-1.479735994984175,-0.7649493079050249,-0.851051204223698,0.7954940319343591,False,False,0,False,False
2024-10-11,2024-10-17,2024-10-16,-4.531519621204261,-17.046249645250814,-2.590072843215735,-14.620583352125067,-7.729666792229619,-35.103976072890624,-6.041943648939706,-18.877799839286684,-0.8390685687764129,-0.6865797258440401,-1.7582254786133658,-0.9420156199882844,-1.0564723483055258,0.7953912408425631,False,False,3,False,False
2024-10-18,2024-10-23,2024-10-22,2.249157700977565,-7.151577086715462,-3.8038668466133982,-15.19903851871502,24.0564149474711,-6.459726001391326,2.3472960341922144,-13.328970078044582,-0.4281507591468377,-0.707991661421025,-0.4449368842812444,-0.7067907341404055,-0.5719675097473782,0.795288449750767,False,False,1,False,False
2024-10-25,2024-10-30,2024-10-29,-7.643399718163965,-12.113642670692913,-5.5915184836909795,-19.92174180664219,-4.076325564391289,-7.221820781179922,-4.5484854574926095,-11.186435768682921,-0.633777150682479,-0.8858691494140885,-0.4795846376354402,-0.6157889007403626,-0.6537549596180926,0.7951856586589708,False,False,3,False,False
2024-11-01,2024-11-06,2024-11-05,6.843946804172658,-3.1869781490220883,6.643368902812997,-13.016249555841783,7.540075198472095,1.555383597546869,7.594889530073358,-1.3041638035535454,-0.2630088941458382,-0.62443621029365,-0.0775785640895284,-0.19764051218130496,-0.2906660451775804,0.7950828675671747,False,False,0,False,False
2024-11-08,2024-11-14,2024-11-13,-4.964854520484563,-14.902662937326891,-5.900659918451468,-20.479441264601327,-4.408043714109005,-6.6523030770991545,-4.60513022445448,-8.962618482036893,-0.749201103951675,-0.905972479714035,-0.45339257447767206,-0.5214605822441672,-0.6575066850968874,0.7949800764753787,False,False,3,False,False
2024-11-15,2024-11-20,2024-11-19,1.9106095737068494,-8.344468938671364,5.1319623688114255,-10.440958843219368,1.6045648643189105,2.081437489527197,2.3012031366746277,-3.050760902388698,-0.47643369619107423,-0.5260765065402362,-0.05309375434919573,-0.27106989790743746,-0.33166846374698594,0.7948772853835827,False,False,0,False,False
2024-11-22,2024-11-27,2024-11-26,-1.0086540846173937,-12.699304750106114,-3.7201742142329275,-20.236848873924547,0.8391657636248381,-0.6939653110540591,-0.09685230781304259,-5.054204327683836,-0.657047024301814,-0.8959471255986692,-0.1802585218975691,-0.3557403768139365,-0.5222482621529972,0.7947744942917867,False,False,2,False,False
2024-11-29,2024-12-04,2024-12-03,1.0604857196977653,-6.043173918491768,0.46887296109054355,-11.24558661387113,-0.28037401544292856,2.9441822654348853,0.8226516270804033,-2.4751382535438364,-0.38015464860356674,-0.5554940660559847,-0.01338917121961082,-0.24637772533942273,-0.29885390280464624,0.7946717031999905,False,False,1,False,False
2024-12-06,2024-12-11,2024-12-10,-1.8705581373806255,-1.1552475051150968,-0.05198856368720542,-0.931683758023055,-1.6989554474147246,22.899117224960676,-1.4563364187896668,2.275073397650198,-0.1768533199064428,-0.16531827586137682,0.9018368607765762,-0.04507047246360984,0.12864869813628668,0.7943088625381629,False,False,3,False,False
2024-12-13,2024-12-18,2024-12-17,2.09838110364063,-1.1173300598125075,0.05198856368720565,-2.8690492462929194,1.558473101669833,29.049765385194448,2.7967107225797854,8.636316279697077,-0.17520074366991223,-0.23851064665841668,1.183270607195731,0.22449509276584184,0.24851357740831098,0.7939460218763347,False,False,0,False,False
2024-12-20,2024-12-27,2024-12-26,-0.5949868806235055,-2.7468094630512923,4.896623600719654,-2.7290207601102736,-1.639765014680989,23.239738410771363,-1.52021930081167,3.4578560643011644,-0.24289376968449455,-0.2331079165408814,0.9156343071965565,0.004881019581916371,0.11112841013827422,0.7935831812145071,False,False,2,False,False
2024-12-27,2025-01-02,2024-12-31,4.143188044446624,5.271835533921276,2.7233150458358635,1.1005613836601889,4.056149547704624,31.011432658638128,5.583918724298565,11.952377787655786,0.09083258724930911,-0.0880713854400321,1.2713679457620586,0.3651134012952184,0.4098106372166385,0.7932203405526795,False,False,0,False,False
2025-01-03,2025-01-08,2025-01-07,4.4445701174954735,0.884013257609581,1.874746569995196,-2.557437330906142,3.4157234990730063,25.212467482714988,4.641618533504144,3.9587112585099296,-0.09183840960543549,-0.22653198160781995,1.0040883960254798,0.025823757534770647,0.17788544058674877,0.7928574998908513,False,False,0,False,False
2025-01-10,2025-01-15,2025-01-14,5.102411538188762,5.723363857387679,4.576585105818996,1.9765349333043278,7.126302002149069,33.476429427605666,3.5287654396237995,11.788874948913707,0.10971020234380835,-0.05470135161979983,1.3821629578303947,0.35813234009236933,0.4488260371616931,0.7924946592290237,False,False,0,False,False
2025-01-17,2025-01-23,2025-01-22,-2.6958605123316577,6.597588225025872,-3.7991273511059984,0.777457754713,-1.5586861911151728,36.93337169653804,0.16899032327520944,15.591105770678551,0.14608157942630848,-0.10011434524634533,1.5389340480139682,0.5193929427393814,0.5260735562333282,0.7921318185671954,False,False,2,False,False
2025-01-24,2025-01-29,2025-01-28,-3.4984354758511147,3.8212455600965067,-2.5925599895056384,5.755904340604544,-4.156121702628058,11.427030496226417,-4.279407466533181,11.843259722517908,0.030318056153151404,0.08865057865714804,0.3683818792566247,0.359950148469107,0.21182516563400777,0.7917689779053678,False,False,3,False,False
2025-01-31,2025-02-05,2025-02-04,-1.508283229722803,5.820593091759657,2.781953985512712,9.677767042248293,-1.4388737452099556,10.982247777652436,-0.3903713480473292,12.826805962800986,0.11366103022190842,0.23734477372061832,0.34782596411034994,0.40156676039756767,0.27509963211261107,0.7914061372435404,False,False,2,False,False
2025-02-07,2025-02-12,2025-02-11,0.8588424408009101,2.3207358043837627,1.082108888896481,6.675592081874754,4.25596144187959,12.054419709771153,2.4045812900765284,11.592858311549815,-0.03236067667058897,0.12334248386560975,0.3968137749815936,0.3489308572384045,0.20918160985375472,0.791043296581712,False,False,0,False,False
2025-02-14,2025-02-20,2025-02-19,-1.4906258909798031,5.072783522690692,-1.0821088888964714,8.950868722185199,-3.153788351460063,11.941801400113418,-1.1521356376384955,13.537244868305093,0.08248430603690916,0.20964654962287524,0.3914587500859643,0.43143407317133897,0.27875591972927194,0.7906039560295189,False,False,3,False,False
2025-02-21,2025-02-26,2025-02-25,-4.3300482352322875,-0.1445086956680574,-4.988809491914925,-0.6996530289836169,-3.338701603273717,6.277640614417181,-4.475323072300707,4.879016416943183,-0.1353359452527938,-0.156866416663449,0.13143649536871482,0.0629923758237726,-0.024443372680938852,0.7901646154773249,False,False,3,False,False
2025-02-28,2025-03-05,2025-03-04,-0.9882364977795827,-0.8145499582412674,-2.848615807107214,1.2461220437812033,-2.998658332118086,3.8439555365110047,-4.105318166727938,1.0167117355444242,-0.16325982471040906,-0.08289045528616873,0.019693826922388098,-0.10136334704940082,-0.08195495003089763,0.7897252749251319,False,False,3,False,False
2025-03-07,2025-03-12,2025-03-11,-2.8893038808244635,-3.049829271004734,0.8222040152016457,3.3830965101218364,-4.175003367814104,1.1913412287603034,-1.7983473711324076,1.3827380801803208,-0.2565735863214194,-0.0016504747316948174,-0.10209923285369535,-0.08574123067539399,-0.1115161311455509,0.7892859343729388,False,False,2,False,False
2025-03-14,2025-03-19,2025-03-18,1.4476784430588265,-4.0080869458540125,6.680692895383776,7.296711270529549,-0.427249641142438,-1.4171233848838787,-0.4423698538622337,-4.902471324990228,-0.29650904645410386,0.14712994386179776,-0.22186361684296302,-0.3533422512192473,-0.1811462426636291,0.7888465938207447,False,False,2,False,False
2025-03-21,2025-03-26,2025-03-25,2.905950261758921,-0.888385266764011,-0.09578544793648777,9.177069172589022,4.238119698099185,2.633554833780277,4.385188252884962,0.0943396296383167,-0.16594436801005533,0.21858035069302467,-0.03564605529495718,-0.14032666364981894,-0.030834184065451693,0.7884072532685517,False,False,1,False,False
2025-03-28,2025-04-02,2025-04-01,3.019578764594427,0.46189458562944585,7.253235956538622,12.516314295400619,0.09115770913833354,2.0714204387563235,0.0942507138573755,0.047114252932772674,-0.10939749455576146,0.3455317840862159,-0.06147105076238725,-0.14228006682143804,0.008095792986657281,0.7879679127163576,False,False,0,False,False
2025-04-04,2025-04-09,2025-04-08,-17.62237222535872,-21.32345254041167,-17.06255170307635,-8.020532252063022,-13.073673315120077,-17.22327601416177,-13.602423541789637,-20.868442024443574,-1.020912342067258,-0.4362639508987369,-0.9487337793846119,-1.0338915985732415,-0.859950417730962,0.7875285721641646,False,False,3,False,False
2025-04-11,2025-04-16,2025-04-15,2.7921012308752013,-23.633762847725222,2.4537905630828223,-10.143326794799194,3.268932536046715,-21.080645480264092,3.3955516760284743,-21.001655788038892,-1.116720832280214,-0.5168707963053961,-1.1253832100033447,-1.0386885350985815,-0.9494158434218841,0.7870892316119715,False,False,0,False,False
2025-04-18,2025-04-23,2025-04-22,4.124132907472807,-17.286001255389618,4.562372574306319,-4.458102555655792,2.7683428748416867,-19.03342256194203,5.762078814017561,-16.905450051075764,-0.850110167738892,-0.30008239474654014,-1.0301948875882219,-0.8631800422826246,-0.7608918730890697,0.7866498910597775,False,False,0,False,False
2025-04-25,2025-04-30,2025-04-29,-4.366400650938951,-18.153966430477467,-2.6105900206442274,-4.476132586794393,-1.9695368299728584,-16.84683768928682,-2.235007360621708,-14.861049945164288,-0.8858252037449723,-0.3006346666382391,-0.9287774391702092,-0.7753991414292977,-0.7226591127456796,0.7864910217523338,False,False,3,False,False
2025-05-02,2025-05-07,2025-05-06,-2.3230228320640567,-18.968706032818716,2.163606410782248,-5.0944801615248565,-5.205256604690446,-20.613220548767316,-6.591230881865982,-21.06190947898294,-0.9192687698555055,-0.3240669267814841,-1.1012608914719964,-1.0392986575304244,-0.8459738114098525,0.7863321524448897,False,False,2,False,False
2025-05-09,2025-05-14,2025-05-13,7.368228928102923,-12.459319545516696,3.665203805832319,-2.51138524458901,8.386342056003162,-16.482839934643735,8.383215120646351,-15.083275648413105,-0.6461599065659799,-0.22543395327316737,-0.9103425766079032,-0.7834840495500982,-0.6413551214992872,0.786173283137446,False,False,0,False,False
2025-05-16,2025-05-21,2025-05-20,-1.6588241777508976,-12.627517832287799,0.43093195727420375,-0.998344398418315,-1.7983473711324076,-15.127398954316082,-2.6494926458573254,-16.580632656631934,-0.6528243681683362,-0.16762636018999902,-0.8473306728733228,-0.8468214896097799,-0.6286507227103595,0.7860144138300024,False,False,2,False,False
2025-05-23,2025-05-29,2025-05-28,-2.260787143235105,-9.641431752691174,-4.345326024124431,2.475498978528919,-2.885772387590431,-11.79512866873179,-3.5055135779279456,-10.59374740541518,-0.5274179569653844,-0.03500356825524941,-0.693485381999917,-0.5908765688099317,-0.4616958690076206,0.7858555445225583,False,False,3,False,False
2025-05-30,2025-06-04,2025-06-03,3.962016890014493,-6.595132920634727,0.7446050784078532,4.243060712970503,0.8527766753874844,-9.476512165129586,2.2893819865852496,-6.569525926539489,-0.3995583405499188,0.03248364987716956,-0.5864105824198823,-0.4188656894956838,-0.3430877406470788,0.7856966752151147,False,False,0,False,False
2025-06-06,2025-06-11,2025-06-10,2.404554814682225,-1.3012742251280363,-0.09896091851661669,3.3218957792522374,2.027263494245641,-3.274245303069861,1.0744539282977381,-3.696724627109365,-0.17757790844333024,-0.0027075676365370797,-0.3007136953137536,-0.2960611470824653,-0.19426507961902156,0.7855378059076706,False,False,1,False,False
2025-06-13,2025-06-18,2025-06-17,14.123088638934034,11.374135970747188,9.034739046219572,5.675941930088044,16.146600140363095,13.299604478435672,15.915449751242008,12.66109497799489,0.3537548590837386,0.08722787606103447,0.4622884854116691,0.4024362933189359,0.3264268784688445,0.785378936600227,False,False,0,False,False
2025-06-20,2025-06-25,2025-06-24,-10.271377701941201,-5.946455496001888,-6.892679728559936,-3.170224034741795,-3.4762858648849106,1.9231361927887811,-4.040484591449814,0.9045527041478556,-0.37261699982052043,-0.2509057548936831,-0.06175047117648958,-0.09985027173977679,-0.19628087440761746,0.7852200672927833,False,False,3,False,False
2025-06-27,2025-07-02,2025-07-01,1.8018505502678213,-7.5553933621764084,0.34627786270853766,-8.787520131680672,1.2170535620255334,1.0810916104215675,1.9709694811562948,0.7930995618950292,-0.43992612436538175,-0.46557044209938564,-0.10051142033905401,-0.10457090874696474,-0.27764472388769657,0.7850611979853392,False,False,0,False,False
2025-07-04,2025-07-09,2025-07-08,4.785602117763514,10.816018152681844,4.213164999444839,6.889241440715418,3.867525239588502,15.956456967133844,4.0068380353404125,16.205177317358512,0.3310814197394288,0.13424371036672741,0.5849968905378446,0.5542204535109272,0.401135618538732,0.7850399412010169,False,False,0,False,False
2025-07-11,2025-07-16,2025-07-15,-2.607386802565284,9.02903328126584,-2.4200469296436453,8.570230493464098,-1.7631073782671864,15.653964827802877,-1.8259246987610986,15.842948378805467,0.25592930927163465,0.19850588667441219,0.5707337425345812,0.5384379846237126,0.3909017307760852,0.7850186844166946,False,False,3,False,False
2025-07-18,2025-07-23,2025-07-22,-0.29559584041996356,6.229119628139116,0.191938638580367,5.164658886216676,2.146005101976907,15.344321605526762,3.662443302764943,17.00916222557903,0.13825703631339833,0.06806684666481931,0.5561489507192511,0.5880301352488326,0.3376257422365753,0.7849974276323725,False,False,0,False,False
2025-07-25,2025-07-30,2025-07-29,3.9328873264506856,10.445963605397575,2.882316231806327,6.543940810612887,0.8456710018223459,13.407289259262937,0.12989826463906465,11.64317206214235,0.31532488179885637,0.12085516713356105,0.46651881895303254,0.35816004635455956,0.3152147285600024,0.7849761708480502,False,False,0,False,False
2025-08-01,2025-08-06,2025-08-05,-5.966450226114369,12.36537087051517,-4.6719649639881204,5.157588549294943,-9.859979518706654,13.193945808827229,-14.453315073229838,6.9350078134793245,0.3958366051546253,0.06769703002724083,0.4564453579910165,0.15651690861229595,0.2691239754462946,0.7849549140637279,False,False,3,False,False
2025-08-08,2025-08-13,2025-08-12,-3.0365774281594704,1.4113453648556396,0.09756098334810227,-0.5833754998871242,-0.4190925808098127,6.158752109279356,-0.5012541823544286,1.1116840106339394,-0.06479195137877446,-0.15234407204162506,0.13155846662952528,-0.09284756034133472,-0.04460627928305223,0.7849336572794056,False,False,2,False,False
2025-08-15,2025-08-20,2025-08-19,-1.316633439859313,-0.9422180258597211,8.232790918498694,7.117627846789495,0.7901505204633886,6.108769197983828,0.8506431077800176,1.962327118413959,-0.1637354919602917,0.14296549658994706,0.12919654245996187,-0.056378380868104,0.013012041555378311,0.7849124004950833,False,False,0,False,False
2025-08-22,2025-08-27,2025-08-26,0.34651160833018546,3.178927531959707,-5.160057577698908,5.241374268404035,1.0591855871733025,9.5081163428653,0.9915797655661971,6.470298129746833,0.009700137130469076,0.07094454457873492,0.28614302147201254,0.13678913331506007,0.12589420912406915,0.7848911437107611,False,False,1,False,False
2025-08-29,2025-09-04,2025-09-03,1.1878851778105888,0.40479581975581036,2.981124346424136,7.477893536420326,3.4664735716387742,12.121813239116562,3.8708267352189103,8.051742878380482,-0.10705274278592623,0.15672965446515644,0.4067768187273228,0.2045168247078243,0.16524263877859433,0.7848698869264388,False,False,0,False,False
2025-09-05,2025-09-10,2025-09-09,-4.62384566626723,-4.684479289467894,-5.03368141615938,3.7501350804030236,-2.1802865876845314,8.053015589181577,-2.3384506270473886,4.695698308777108,-0.32127627202921455,0.013575849987033876,0.21853226883045887,0.06052702169482905,-0.0071602828792231895,0.7848486301421165,False,False,3,False,False
2025-09-12,2025-09-17,2025-09-16,3.00351061324258,-11.130674074224398,0.47687262520828727,-2.814444676225722,3.3616610798985063,0.6983878233386077,3.5574061795059544,-2.3487149193966497,-0.5926276030468676,-0.23851100737638678,-0.12160925197372163,-0.24167627574907086,-0.2986060345365117,0.7843625452508186,False,False,0,False,False
2025-09-19,2025-09-24,2025-09-23,-1.7567494151117535,-2.6160457873949436,-0.8120417203994543,3.2661933319347645,-2.5998379914095944,1.574835696813933,-2.739897418811439,-1.0481277467582726,-0.23359794736387016,-0.004821838596933317,-0.08101966122977243,-0.1857612021017919,-0.12630016232309196,0.7838764603595197,False,False,3,False,False
2025-09-26,2025-10-01,2025-09-30,-0.9296529571350493,-5.347549294797817,-3.3157596278690096,-0.39584415864277556,-0.4025950416553176,-0.04481290686692288,-0.576370471675013,-3.595467699589584,-0.34861562848959793,-0.14555372160903646,-0.15593287621238253,-0.29503923253501035,-0.2362853647115068,0.7833903754682219,False,False,3,False,False
2025-10-03,2025-10-08,2025-10-07,-1.034299935733312,-10.742172962729914,-0.4970189157873484,-6.229385128374733,-2.358385948791266,-5.967932728681944,3.129700672191478,-4.160600083246391,-0.5758911087068835,-0.36976823805031717,-0.4300577988430326,-0.3191794127821774,-0.4237241395956027,0.7829042905769241,False,False,2,False,False
2025-10-10,2025-10-16,2025-10-15,-5.65940478900969,-12.773858028748105,-5.163426458219081,-7.915442885710457,-4.026761249862012,-9.300548024309855,-2.2186418651455777,-5.660137726007327,-0.6612590395086548,-0.43444286465047477,-0.5841743312308375,-0.3834588483663577,-0.5158337709390812,0.7824182056856253,False,False,3,False,False
2025-10-17,2025-10-22,2025-10-21,-1.455432697553152,-14.125802839029442,-2.9806128032701933,-10.18511804244094,0.5689915777678676,-10.748591497013964,-0.3807715214561835,-9.587359672607011,-0.7179010454363248,-0.5215528872881141,-0.6509301609210709,-0.5520563677340405,-0.6106101153448876,0.7819321207943274,False,False,2,False,False
2025-10-24,2025-10-29,2025-10-28,3.862387637041985,-14.196302528438153,-1.9834474937068345,-15.050881767954092,7.116545062518001,-4.477717436318319,7.042246429654579,-2.6750115075914884,-0.7204368181065819,-0.7085348869862255,-0.3600285140735835,-0.2546199494131475,-0.5109050421448846,0.7814460359030285,False,False,1,False,False
2025-10-31,2025-11-05,2025-11-04,0.6702109271865456,-7.5596413751372395,6.447084153279422,-3.9318326506865593,3.035792538535241,8.418054620923582,1.5873349156290164,13.36563848126736,-0.4399507269282228,-0.2801254002365761,0.23780313748596435,0.4353003917030984,-0.011743149493934013,0.7809599510117307,False,False,0,False,False
2025-11-07,2025-11-13,2025-11-12,-3.4474743187910466,-7.970538265768812,0.5568224966516788,-3.4725711373829746,1.7362282424334696,10.573375444166855,0.13114755978108772,13.99804022340287,-0.45708356730603855,-0.26231994322126484,0.33763060886041435,0.46229669454629824,0.020130948219852313,0.7804738661204328,False,False,0,False,False
2025-11-14,2025-11-19,2025-11-18,0.9309989662714031,-4.7620487323873535,0.8008050803342751,-3.3336420267591835,7.686855986352008,18.811867447828064,8.024248791593504,22.584395801595893,-0.3213864762061146,-0.2568557415014785,0.7195823673240969,0.8315558825195165,0.24322400803400507,0.7799877812291339,False,False,0,False,False
2025-11-21,2025-11-26,2025-11-25,-5.445567077446693,-11.240858096360567,-12.290580565235597,-18.19456875920103,-13.910705089038172,0.22168042773628968,-19.090805580345442,-1.3448809812613083,-0.5949033151255371,-0.8293967628549763,-0.14324063442234314,-0.19885283771460138,-0.4415983875293644,0.7796354007469735,False,False,3,False,False
2025-11-28,2025-12-03,2025-12-02,-0.5088206364413439,-9.01804136523178,-1.8143507305751692,-13.57502538475313,-4.991099887745114,1.5058463874201535,-3.4502703630875535,1.522996767713018,-0.5006657205518219,-0.6508028657833308,-0.08358704465375888,-0.07529741974324325,-0.32758826268303876,0.7792830202648123,False,False,3,False,False
2025-12-05,2025-12-10,2025-12-09,-0.6996018637683291,-6.944938827187157,-3.0620216176749726,-13.533431940094914,-1.828204483744907,-2.505255140465965,-2.7182301200971426,-3.6403429388005364,-0.41279937141044193,-0.6488279036969687,-0.2697727169628389,-0.29765621105647394,-0.40726405078168093,0.7789306397826519,False,False,3,False,False
2025-12-12,2025-12-17,2025-12-16,-5.201453495253365,-13.825506697229898,-8.81730226163571,-24.081546639664353,-6.478455386116436,-9.522069834929656,-6.6812313329686654,-10.947629771924948,-0.7034949050693236,-1.0551593137605462,-0.5955407134038783,-0.6123722081193768,-0.7416417850882813,0.7785782593004914,False,False,3,False,False
2025-12-19,2025-12-29,2025-12-26,0.6736419730751398,-14.45132732540158,3.7300361413208853,-18.10812761407574,-2.084442714862969,-13.271611554195603,1.6520492969572766,-11.566663275000602,-0.7295368507352197,-0.8239610965063575,-0.7694037783176227,-0.6387137090669334,-0.7404038586565334,0.7782258788183303,False,False,1,False,False
2025-12-26,2025-12-31,2025-12-30,-0.6725902737368953,-14.038619733212181,5.173567439918869,-14.909590916563431,-1.12333293573762,-13.359278563187832,-0.8243220299229893,-11.196051899082267,-0.7116347154825476,-0.7000720206457924,-0.7729868776759519,-0.6223776799758898,-0.7017678234450455,0.7778734983361698,False,False,2,False,False
2026-01-02,2026-01-07,2026-01-06,-1.6019844598609125,-7.29287119400317,9.74269105050937,-0.25753297777325546,-2.6708566682196464,-9.400930617727427,-3.953506323707698,-8.510219871982818,-0.4258488662594094,-0.134556491270477,-0.588547017847154,-0.5062242407616657,-0.41379415403467656,0.7775211178540086,False,False,2,False,False
2026-01-09,2026-01-14,2026-01-13,6.588700594123201,-2.451222475603952,5.956226115134309,3.9142970791429117,7.04898777545448,-3.553436038954707,9.654795691495032,-7.573243837951383,-0.2207704001325949,0.026459989412819136,-0.3164237935559055,-0.46555744331806026,-0.24407291189843539,0.7771687373718481,False,False,0,False,False
2026-01-16,2026-01-22,2026-01-21,-0.7753895154843365,3.505583092224618,0.5330761351548073,8.57379669332572,4.011731983176742,4.96821942831334,4.970866495820863,1.9011979488572002,0.03148397876351413,0.20629878611389146,0.07996624701360977,-0.056560996893862354,0.06529700374928825,0.7768163568896878,False,False,0,False,False
2026-01-23,2026-01-28,2026-01-27,2.8447234575198426,-0.6426757338893244,2.235527104388023,8.18081409573523,4.0428105423076985,-3.1030858559067966,3.4175134077992766,-5.53680424435575,-0.14420172004942178,0.1910386943399253,-0.2955249830897249,-0.3775752905673142,-0.1565658248416339,0.7764639764075265,False,False,0,False,False
2026-01-30,2026-02-04,2026-02-03,0.9305377589921534,2.0326558839258904,0.28182263838420124,10.369419575549738,-0.6323417637691142,-5.337540259459208,0.32611256481314627,-4.812549149624103,-0.030802102438624957,0.27550135265078823,-0.3993766440300829,-0.3461325691363205,-0.12520249073856005,0.7762831689013808,False,False,1,False,False
2026-02-06,2026-02-11,2026-02-10,2.4918494797655972,6.36666272042773,1.8587895768090983,7.7016291281174025,0.13583882550620724,-8.372544122467042,-0.32611256481314876,-7.547361480080382,0.15289442491605024,0.17229378190519207,-0.5404726658627582,-0.46409929098009717,-0.16984593750540328,0.7761023613952347,False,False,1,False,False
2026-02-13,2026-02-19,2026-02-18,1.744813815674344,7.071090634682594,-24.56085593818941,-18.045597620476332,9.118816242625988,-0.6997353103158479,7.547361480080387,-1.5031418939040098,0.1826989203149024,-0.8230935433165811,-0.18292219410228072,-0.20273334143819272,-0.25651253963553805,0.775921553889089,False,False,1,False,False
2026-02-20,2026-02-25,2026-02-24,4.823408595374899,8.836997867088563,-8.658466480052217,-12.244916430669464,13.712284231390578,7.991597299242137,14.355882395552518,10.668414258833451,0.2575246636686756,-0.5982773530376395,0.22200734887708773,0.3234255185802171,0.051170044522085234,0.7757407463829433,False,False,1,False,False
2026-02-27,2026-03-04,2026-03-03,12.665010543585598,24.013729156922437,28.554668833905676,25.694928118888388,15.664620545372449,32.2974663368167,16.295534219240846,36.937445056542366,0.9013745152730293,0.8692587135563091,1.3545444994003228,1.4590795457372274,1.1460643184917223,0.7755599388767973,True,True,0,False,False
2026-03-06,2026-03-11,2026-03-10,11.682781170315332,32.91878776163353,5.853507257484878,29.091309303322742,7.301597729607763,37.68661974461639,7.562401725164045,42.18537509932755,1.2786018369500274,1.0000108335310538,1.6040666789229425,1.6840714187375019,1.3916876920353813,0.7778734983361698,True,True,0,False,False
2026-03-13,2026-03-18,2026-03-17,13.70939080375676,51.07561889652408,24.168035565655956,60.703339860404796,16.842469572878883,62.123042979280044,17.37405079065769,67.4406392613443,2.0475361860956536,2.2218403747402298,2.73942142391374,2.772191371274412,2.4452473390060088,0.7814460359030285,True,True,0,False,False
2026-03-20,2026-03-25,2026-03-24,-2.9919246320881645,49.499678066154516,-5.299468426603758,54.76674214271694,2.795095720105327,68.59715961403803,2.8747285809736476,74.85201073804714,1.9765562652131654,1.9873762635274803,3.0308428694366145,3.081905053246509,2.5191701128559423,0.7848911437107611,True,True,1,False,False
2026-03-27,2026-04-01,2026-03-31,9.883573395811933,57.48241822558568,10.151339207041318,63.37121578824048,1.1849064823509003,70.62386359023111,1.2179800403117076,73.09263103432008,2.3105567782981646,2.3153653504949503,3.1124738867810096,2.9936210316231944,2.6830042617993297,0.7852200672927833,True,True,0,False,False
2026-04-03,2026-04-08,2026-04-07,9.026966664916824,67.91076051225662,-5.0968365366209305,49.71001189338743,-3.202330431236507,74.28165910106087,-3.2868497934160175,77.97151968684042,2.745353577825809,1.783535106661203,3.2680915665668406,3.1906517426840777,2.746907998434483,0.7866498910597775,True,True,3,False,False
2026-04-10,2026-04-15,2026-04-14,-20.79213707828127,44.92260361698502,-10.32313208563933,36.232675895877804,-17.16424400422739,55.63076730058065,-11.379708767319235,62.78232341425279,1.767404977645729,1.2621018313328167,2.396044064186608,2.5289648576130177,1.9886289326945428,0.7906039560295189,True,True,3,True,True
2026-04-17,2026-04-22,2026-04-21,0.6105744425091012,44.01255388895704,9.82685315142642,43.62513424408439,4.170147230247883,54.99922404652814,5.399529796925294,62.31536015928756,1.726210836728708,1.545138195359168,2.3607109044772794,2.5017260248028395,2.0334464903419986,0.7939460218763347,True,True,0,False,False
2026-04-24,2026-04-29,2026-04-28,9.963076156884213,51.1309065883214,10.190305297892067,51.57991243758846,4.495733267066512,55.45214677128696,4.6790681887405645,63.57691494022886,2.0229798542787334,1.848862533382027,2.375334236470828,2.548140884167071,2.1988293770746647,0.7953912408425631,True,True,0,False,False
2026-05-01,2026-05-06,2026-05-05,2.113798754461764,52.31416758379102,0.16835020811137943,51.46644000731564,2.42699356511991,58.511482100175996,3.2813735112713385,66.53217588668706,2.06864228644923,1.8412854971028496,2.5089327707030007,2.6658385827335604,2.2711747842471603,0.7986328659108233,True,True,0,False,False
2026-05-08,2026-05-13,2026-05-12,0.11350739016640886,49.93582549419184,3.849801779184059,53.4574522096906,2.0732602234095783,60.44890349807935,1.9652579937200543,68.82354644522025,1.9645344575875796,1.9144938945997803,2.5900912243116285,2.7541944693614986,2.305828511465122,0.8012396245599145,True,True,0,False,False
2026-05-15,2026-05-20,2026-05-19,5.794065439517014,53.98507711803451,-1.5221821495095371,76.49612599837047,0.5669927675858417,51.8970800230392,1.4663360600538156,62.74252102519369,2.1305187529120597,2.7940070528419896,2.193126463499678,2.488551085200771,2.4015508386136246,0.8050195453356918,True,True,1,False,False
2026-05-22,2026-05-28,2026-05-27,-19.371641338775504,34.65936703628636,-13.969347032884482,58.038108317214075,-14.72505810000182,30.811149825276914,-28.552789405296608,27.535949685132856,1.3168981005219274,2.078785114910774,1.2301095718272006,1.0003291405795176,1.406530481959855,0.8105874352788486,True,True,3,True,False
2026-05-29,2026-06-03,2026-06-02,-0.1640184888461429,26.9014005380307,-2.9469217128676823,29.545427021338845,-0.9444514647144103,15.257038667941917,-0.6803753505240688,12.740172070867544,0.9908238700474261,0.9867075114129789,0.5223561483525508,0.3770608055048445,0.7192370838294501,0.8142025903628516,False,True,3,True,False
2026-06-05,2026-06-10,2026-06-09,-5.884360898747719,9.334258468967644,-4.556596881423719,19.135322882430245,-3.8986300217078917,4.056810916626281,-4.77221683399006,0.405553511713429,0.2548897306811603,0.588522896064848,0.013184378820974292,-0.1422201947333525,0.17859420270840753,0.8134157236078206,False,True,3,True,False
2026-06-12,2026-06-17,2026-06-16,-14.117752490587836,-18.492884825376933,-4.355911475187947,-9.388624158413661,-10.420042272029589,-23.20570092828218,-15.893587568453643,-32.86208484739788,-0.9101757442837531,-0.5010074724794757,-1.2260487355018805,-1.5427966117286678,-1.0450071409984443,0.8126288568527877,False,True,3,True,False
2026-06-19,2026-06-24,2026-06-23,-12.611654078613252,-17.992880992073587,-0.16934805063330316,0.4757059599459462,-3.363007074554917,-27.431957498217002,-2.9225173321602362,-35.134430560202446,-0.8885892121038271,-0.1239700678017277,-1.4169131312989443,-1.6363702161552032,-1.0164606568399255,0.8123372251993681,False,False,3,False,False
2026-06-26,2026-07-01,2026-06-30,-5.5945156094475905,-39.45401906327276,2.245778982519556,-11.980654584813433,3.7088649888750926,-31.07197405187983,3.622555192693458,-39.05892847431895,-1.7865527303310418,-0.5999049931821074,-1.5806035888635923,-1.7990438412928738,-1.4415262884174038,0.8120455935459479,False,False,0,False,False
2026-07-03,2026-07-08,2026-07-07,-0.47419893600588525,-46.61692217253359,-2.787522671878355,-9.237332013101517,1.7568644202323396,-26.027036776202088,-1.4794696139002246,-36.02042372460652,-2.0832785812832166,-0.4947308674898057,-1.3493893947235704,-1.6683990488238802,-1.3989494730801182,0.8117539618925284,False,False,2,False,False
2026-07-10,2026-07-15,2026-07-14,11.739462278415875,-22.48328248316404,7.524751930709224,6.006570956074364,18.293243036212633,5.949612394969424,20.798592516986087,-5.371153924625216,-1.0706290480217113,0.08833127883428035,0.10343329742509612,-0.3791061152848693,-0.31449264676180105,0.8114623302391087,False,False,0,False,False
2026-07-17,2026-07-22,2026-07-21,6.730073949507817,-5.6706325507106685,8.1702223001882,12.23057548558953,2.735771070010573,15.530674932017686,1.0362787035546657,-0.5279990034906994,-0.36733905646009657,0.32635173892800046,0.5384193763888945,-0.17552621021181272,0.0804764621612464,0.8111706985856885,False,False,0,False,False
2026-07-24,2026-07-29,2026-07-28,-6.147487857978116,-21.073215472431016,-2.2421174930059453,-1.6147986407982102,0.37069114485326055,5.241042425965033,3.369720275848399,-8.145086694536294,-1.010876299664445,-0.20353144204955614,0.07081860449021887,-0.4954911842867899,-0.40977008037764306,0.8108790669322689,False,False,1,False,False
2026-07-31,2026-08-05,2026-08-04,-4.525544719880416,-35.02141853566311,-15.97866873609019,-23.34585179070706,-10.854488202495642,-8.07826888906382,-11.100380373285104,-22.566895702173532,-1.592992567473693,-1.035218905768027,-0.5343744339915929,-1.101368427302375,-1.065988583633922,0.8105874352788486,False,False,3,False,False
2026-08-07,2026-08-12,2026-08-11,9.185972799937002,-18.07080502161636,9.183148329091582,-11.480550342159155,13.795519229796671,7.0448164300402265,13.811149598712413,-7.498780073751401,-0.8828304534035523,-0.580242573102731,0.15320553755021069,-0.46718884000562927,-0.44426408224042546,0.8102958036254291,False,False,0,False,False
2026-08-14,2026-08-19,2026-08-18,1.9971466710638663,-26.081535329141083,3.1845924452931897,-9.042126897079408,4.56486508046801,10.586916266777559,3.7565518088161887,-5.66953436765453,-1.2168255413679914,-0.486586349117021,0.31418668835711205,-0.39007051244435836,-0.4448239286430647,0.8100041719720095,False,False,0,False,False
2026-08-21,2026-08-26,2026-08-25,-3.0287559857792314,-15.15592097644195,3.2906481712530535,5.762169853667592,-6.646256772499344,12.265548841254446,-9.004628068478372,6.477802665194892,-0.7593731071541612,0.08059214873780354,0.39039843388155526,0.12091404687032421,-0.04186711941611955,0.8097125403185892,False,False,2,False,False
2026-08-28,2026-09-02,2026-09-01,8.649475568141995,-6.342426919453812,0.40745108756034476,9.116542654095621,12.404042066662797,25.614042372631662,14.650298935244097,21.80847695096305,-0.39077615030045654,0.20906911729127872,0.9975293530653457,0.765786499687264,0.395402204935858,0.8089303744881069,False,False,0,False,False
2026-09-04,2026-09-10,2026-09-09,6.126743582105934,5.668677561399839,2.6087189541117977,16.281858489631134,2.052669889657268,31.565342283996806,3.54040023834101,30.12109402329412,0.11125658447261857,0.48359516490338406,1.2675175486896997,1.115059771237457,0.7443572673257899,0.8081482086576228,False,False,0,False,False
2026-09-11,2026-09-16,2026-09-15,12.74893998225823,23.44906243040142,8.232752767720337,26.04099937653912,12.881108242318367,48.62101735528572,13.13173583882827,50.23599647414425,0.8544126957603347,0.8574941593509123,2.0420215019494505,1.9603240725464381,1.428563107401784,0.8073660428271404,True,True,0,False,False
2026-09-18,2026-09-23,2026-09-22,-10.440580220686956,25.62013628832771,1.4757549378963652,27.686102365068805,-7.3527083377585285,44.631316092082116,-7.75308102249873,45.40543278380576,0.9445966024923552,0.9199901989901259,1.856676340527603,1.7536432591150062,1.3687266002812726,0.8114623302391087,True,True,2,True,True
