week_end,release_date,release_method,source_url,archive_href,release_lag_days,week_end_gap_days,holiday_shift_gt5d
2002-01-11,2002-01-16,EIA_TWIP_ARCHIVE_URL_DATE,https://www.eia.gov/petroleum/weekly/,/petroleum/weekly/archive/2002/020116/twipprint.html,5,,False
2002-01-18,2002-01-24,EIA_TWIP_ARCHIVE_URL_DATE,https://www.eia.gov/petroleum/weekly/,/petroleum/weekly/archive/2002/020124/twipprint.html,6,7.0,True
2002-01-25,2002-01-30,EIA_TWIP_ARCHIVE_URL_DATE,https://www.eia.gov/petroleum/weekly/,/petroleum/weekly/archive/2002/020130/twipprint.html,5,7.0,False
2002-02-01,2002-02-06,EIA_TWIP_ARCHIVE_URL_DATE,https://www.eia.gov/petroleum/weekly/,/petroleum/weekly/archive/2002/020206/twipprint.html,5,7.0,False
2002-02-08,2002-02-13,EIA_TWIP_ARCHIVE_URL_DATE,https://www.eia.gov/petroleum/weekly/,/petroleum/weekly/archive/2002/020213/twipprint.html,5,7.0,False
2002-02-15,2002-02-21,EIA_TWIP_ARCHIVE_URL_DATE,https://www.eia.gov/petroleum/weekly/,/petroleum/weekly/archive/2002/020221/twipprint.html,6,7.0,True
2002-02-22,2002-02-27,EIA_TWIP_ARCHIVE_URL_DATE,https://www.eia.gov/petroleum/weekly/,/petroleum/weekly/archive/2002/020227/twipprint.html,5,7.0,False
2002-03-01,2002-03-06,EIA_TWIP_ARCHIVE_URL_DATE,https://www.eia.gov/petroleum/weekly/,/petroleum/weekly/archive/2002/020306/twipprint.html,5,7.0,False
2002-03-08,2002-03-13,EIA_TWIP_ARCHIVE_URL_DATE,https://www.eia.gov/petroleum/weekly/,/petroleum/weekly/archive/2002/020313/twipprint.html,5,7.0,False
2002-03-15,2002-03-20,EIA_TWIP_ARCHIVE_URL_DATE,https://www.eia.gov/petroleum/weekly/,/petroleum/weekly/archive/2002/020320/twipprint.html,5,7.0,False
2002-03-22,2002-03-27,EIA_TWIP_ARCHIVE_URL_DATE,https://www.eia.gov/petroleum/weekly/,/petroleum/weekly/archive/2002/020327/twipprint.html,5,7.0,False
2002-03-29,2002-04-03,EIA_TWIP_ARCHIVE_URL_DATE,https://www.eia.gov/petroleum/weekly/,/petroleum/weekly/archive/2002/020403/twipprint.html,5,7.0,False
2002-04-05,2002-04-10,EIA_TWIP_ARCHIVE_URL_DATE,https://www.eia.gov/petroleum/weekly/,/petroleum/weekly/archive/2002/020410/twipprint.html,5,7.0,False
2002-04-12,2002-04-17,EIA_TWIP_ARCHIVE_URL_DATE,https://www.eia.gov/petroleum/weekly/,/petroleum/weekly/archive/2002/020417/twipprint.html,5,7.0,False
2002-04-19,2002-04-24,EIA_TWIP_ARCHIVE_URL_DATE,https://www.eia.gov/petroleum/weekly/,/petroleum/weekly/archive/2002/020424/twipprint.html,5,7.0,False
2002-04-26,2002-05-01,EIA_TWIP_ARCHIVE_URL_DATE,https://www.eia.gov/petroleum/weekly/,/petroleum/weekly/archive/2002/020501/twipprint.html,5,7.0,False
2002-05-03,2002-05-08,EIA_TWIP_ARCHIVE_URL_DATE,https://www.eia.gov/petroleum/weekly/,/petroleum/weekly/archive/2002/020508/twipprint.html,5,7.0,False
2002-05-10,2002-05-15,EIA_TWIP_ARCHIVE_URL_DATE,https://www.eia.gov/petroleum/weekly/,/petroleum/weekly/archive/2002/020515/twipprint.html,5,7.0,False
2002-05-17,2002-05-22,EIA_TWIP_ARCHIVE_URL_DATE,https://www.eia.gov/petroleum/weekly/,/petroleum/weekly/archive/2002/020522/twipprint.html,5,7.0,False
2002-05-24,2002-05-30,EIA_TWIP_ARCHIVE_URL_DATE,https://www.eia.gov/petroleum/weekly/,/petroleum/weekly/archive/2002/020530/twipprint.html,6,7.0,True
2002-05-31,2002-06-05,EIA_TWIP_ARCHIVE_URL_DATE,https://www.eia.gov/petroleum/weekly/,/petroleum/weekly/archive/2002/020605/twipprint.html,5,7.0,False
2002-06-07,2002-06-12,EIA_TWIP_ARCHIVE_URL_DATE,https://www.eia.gov/petroleum/weekly/,/petroleum/weekly/archive/2002/020612/twipprint.html,5,7.0,False
2002-06-14,2002-06-19,EIA_TWIP_ARCHIVE_URL_DATE,https://www.eia.gov/petroleum/weekly/,/petroleum/weekly/archive/2002/020619/twipprint.html,5,7.0,False
2002-06-21,2002-06-26,EIA_TWIP_ARCHIVE_URL_DATE,https://www.eia.gov/petroleum/weekly/,/petroleum/weekly/archive/2002/020626/twipprint.html,5,7.0,False
2002-06-28,2002-07-03,EIA_TWIP_ARCHIVE_URL_DATE,https://www.eia.gov/petroleum/weekly/,/petroleum/weekly/archive/2002/020703/twipprint.html,5,7.0,False
2002-07-05,2002-07-10,EIA_TWIP_ARCHIVE_URL_DATE,https://www.eia.gov/petroleum/weekly/,/petroleum/weekly/archive/2002/020710/twipprint.html,5,7.0,False
2002-07-12,2002-07-17,EIA_TWIP_ARCHIVE_URL_DATE,https://www.eia.gov/petroleum/weekly/,/petroleum/weekly/archive/2002/020717/twipprint.html,5,7.0,False
2002-07-19,2002-07-24,EIA_TWIP_ARCHIVE_URL_DATE,https://www.eia.gov/petroleum/weekly/,/petroleum/weekly/archive/2002/020724/twipprint.html,5,7.0,False
2002-07-26,2002-07-31,EIA_TWIP_ARCHIVE_URL_DATE,https://www.eia.gov/petroleum/weekly/,/petroleum/weekly/archive/2002/020731/twipprint.html,5,7.0,False
2002-08-02,2002-08-07,EIA_TWIP_ARCHIVE_URL_DATE,https://www.eia.gov/petroleum/weekly/,/petroleum/weekly/archive/2002/020807/twipprint.html,5,7.0,False
2002-08-09,2002-08-14,EIA_TWIP_ARCHIVE_URL_DATE,https://www.eia.gov/petroleum/weekly/,/petroleum/weekly/archive/2002/020814/twipprint.html,5,7.0,False
2002-08-16,2002-08-21,EIA_TWIP_ARCHIVE_URL_DATE,https://www.eia.gov/petroleum/weekly/,/petroleum/weekly/archive/2002/020821/twipprint.html,5,7.0,False
2002-08-23,2002-08-28,EIA_TWIP_ARCHIVE_URL_DATE,https://www.eia.gov/petroleum/weekly/,/petroleum/weekly/archive/2002/020828/twipprint.html,5,7.0,False
2002-08-30,2002-09-05,EIA_TWIP_ARCHIVE_URL_DATE,https://www.eia.gov/petroleum/weekly/,/petroleum/weekly/archive/2002/020905/twipprint.html,6,7.0,True
2002-09-06,2002-09-11,EIA_TWIP_ARCHIVE_URL_DATE,https://www.eia.gov/petroleum/weekly/,/petroleum/weekly/archive/2002/020911/twipprint.html,5,7.0,False
2002-09-13,2002-09-18,EIA_TWIP_ARCHIVE_URL_DATE,https://www.eia.gov/petroleum/weekly/,/petroleum/weekly/archive/2002/020918/twipprint.html,5,7.0,False
2002-09-20,2002-09-25,EIA_TWIP_ARCHIVE_URL_DATE,https://www.eia.gov/petroleum/weekly/,/petroleum/weekly/archive/2002/020925/twipprint.html,5,7.0,False
2002-09-27,2002-10-02,EIA_TWIP_ARCHIVE_URL_DATE,https://www.eia.gov/petroleum/weekly/,/petroleum/weekly/archive/2002/021002/twipprint.html,5,7.0,False
2002-10-04,2002-10-09,EIA_TWIP_ARCHIVE_URL_DATE,https://www.eia.gov/petroleum/weekly/,/petroleum/weekly/archive/2002/021009/twipprint.html,5,7.0,False
2002-10-11,2002-10-17,EIA_TWIP_ARCHIVE_URL_DATE,https://www.eia.gov/petroleum/weekly/,/petroleum/weekly/archive/2002/021017/twipprint.html,6,7.0,True
2002-10-18,2002-10-23,EIA_TWIP_ARCHIVE_URL_DATE,https://www.eia.gov/petroleum/weekly/,/petroleum/weekly/archive/2002/021023/twipprint.html,5,7.0,False
2002-10-25,2002-10-30,EIA_TWIP_ARCHIVE_URL_DATE,https://www.eia.gov/petroleum/weekly/,/petroleum/weekly/archive/2002/021030/twipprint.html,5,7.0,False
2002-11-01,2002-11-06,EIA_TWIP_ARCHIVE_URL_DATE,https://www.eia.gov/petroleum/weekly/,/petroleum/weekly/archive/2002/021106/twipprint.html,5,7.0,False
2002-11-08,2002-11-14,EIA_TWIP_ARCHIVE_URL_DATE,https://www.eia.gov/petroleum/weekly/,/petroleum/weekly/archive/2002/021114/twipprint.html,6,7.0,True
2002-11-15,2002-11-20,EIA_TWIP_ARCHIVE_URL_DATE,https://www.eia.gov/petroleum/weekly/,/petroleum/weekly/archive/2002/021120/twipprint.html,5,7.0,False
2002-11-22,2002-11-27,EIA_TWIP_ARCHIVE_URL_DATE,https://www.eia.gov/petroleum/weekly/,/petroleum/weekly/archive/2002/021127/twipprint.html,5,7.0,False
2002-11-29,2002-12-04,EIA_TWIP_ARCHIVE_URL_DATE,https://www.eia.gov/petroleum/weekly/,/petroleum/weekly/archive/2002/021204/twipprint.html,5,7.0,False
2002-12-06,2002-12-11,EIA_TWIP_ARCHIVE_URL_DATE,https://www.eia.gov/petroleum/weekly/,/petroleum/weekly/archive/2002/021211/twipprint.html,5,7.0,False
2002-12-13,2002-12-18,EIA_TWIP_ARCHIVE_URL_DATE,https://www.eia.gov/petroleum/weekly/,/petroleum/weekly/archive/2002/021218/twipprint.html,5,7.0,False
2002-12-20,2002-12-26,EIA_TWIP_ARCHIVE_URL_DATE,https://www.eia.gov/petroleum/weekly/,/petroleum/weekly/archive/2002/021226/twipprint.html,6,7.0,True
2002-12-27,2003-01-02,EIA_TWIP_ARCHIVE_URL_DATE,https://www.eia.gov/petroleum/weekly/,/petroleum/weekly/archive/2003/030102/twipprint.html,6,7.0,True
2003-01-03,2003-01-08,EIA_TWIP_ARCHIVE_URL_DATE,https://www.eia.gov/petroleum/weekly/,/petroleum/weekly/archive/2003/030108/twipprint.html,5,7.0,False
2003-01-10,2003-01-15,EIA_TWIP_ARCHIVE_URL_DATE,https://www.eia.gov/petroleum/weekly/,/petroleum/weekly/archive/2003/030115/twipprint.html,5,7.0,False
2003-01-17,2003-01-23,EIA_TWIP_ARCHIVE_URL_DATE,https://www.eia.gov/petroleum/weekly/,/petroleum/weekly/archive/2003/030123/twipprint.html,6,7.0,True
2003-01-24,2003-01-29,EIA_TWIP_ARCHIVE_URL_DATE,https://www.eia.gov/petroleum/weekly/,/petroleum/weekly/archive/2003/030129/twipprint.html,5,7.0,False
2003-01-31,2003-02-05,EIA_TWIP_ARCHIVE_URL_DATE,https://www.eia.gov/petroleum/weekly/,/petroleum/weekly/archive/2003/030205/twipprint.html,5,7.0,False
2003-02-07,2003-02-12,EIA_TWIP_ARCHIVE_URL_DATE,https://www.eia.gov/petroleum/weekly/,/petroleum/weekly/archive/2003/030212/twipprint.html,5,7.0,False
2003-02-14,2003-02-20,EIA_TWIP_ARCHIVE_URL_DATE,https://www.eia.gov/petroleum/weekly/,/petroleum/weekly/archive/2003/030220/twipprint.html,6,7.0,True
2003-02-21,2003-02-26,EIA_TWIP_ARCHIVE_URL_DATE,https://www.eia.gov/petroleum/weekly/,/petroleum/weekly/archive/2003/030226/twipprint.html,5,7.0,False
2003-02-28,2003-03-05,EIA_TWIP_ARCHIVE_URL_DATE,https://www.eia.gov/petroleum/weekly/,/petroleum/weekly/archive/2003/030305/twipprint.html,5,7.0,False
2003-03-07,2003-03-12,EIA_TWIP_ARCHIVE_URL_DATE,https://www.eia.gov/petroleum/weekly/,/petroleum/weekly/archive/2003/030312/twipprint.html,5,7.0,False
2003-03-14,2003-03-19,EIA_TWIP_ARCHIVE_URL_DATE,https://www.eia.gov/petroleum/weekly/,/petroleum/weekly/archive/2003/030319/twipprint.html,5,7.0,False
2003-03-21,2003-03-26,EIA_TWIP_ARCHIVE_URL_DATE,https://www.eia.gov/petroleum/weekly/,/petroleum/weekly/archive/2003/030326/twipprint.html,5,7.0,False
2003-03-28,2003-04-02,EIA_TWIP_ARCHIVE_URL_DATE,https://www.eia.gov/petroleum/weekly/,/petroleum/weekly/archive/2003/030402/twipprint.html,5,7.0,False
2003-04-04,2003-04-09,EIA_TWIP_ARCHIVE_URL_DATE,https://www.eia.gov/petroleum/weekly/,/petroleum/weekly/archive/2003/030409/twipprint.html,5,7.0,False
2003-04-11,2003-04-16,EIA_TWIP_ARCHIVE_URL_DATE,https://www.eia.gov/petroleum/weekly/,/petroleum/weekly/archive/2003/030416/twipprint.html,5,7.0,False
2003-04-18,2003-04-23,EIA_TWIP_ARCHIVE_URL_DATE,https://www.eia.gov/petroleum/weekly/,/petroleum/weekly/archive/2003/030423/twipprint.html,5,7.0,False
2003-04-25,2003-04-30,EIA_TWIP_ARCHIVE_URL_DATE,https://www.eia.gov/petroleum/weekly/,/petroleum/weekly/archive/2003/030430/twipprint.html,5,7.0,False
2003-05-02,2003-05-07,EIA_TWIP_ARCHIVE_URL_DATE,https://www.eia.gov/petroleum/weekly/,/petroleum/weekly/archive/2003/030507/twipprint.html,5,7.0,False
2003-05-09,2003-05-14,EIA_TWIP_ARCHIVE_URL_DATE,https://www.eia.gov/petroleum/weekly/,/petroleum/weekly/archive/2003/030514/twipprint.html,5,7.0,False
2003-05-16,2003-05-21,EIA_TWIP_ARCHIVE_URL_DATE,https://www.eia.gov/petroleum/weekly/,/petroleum/weekly/archive/2003/030521/twipprint.html,5,7.0,False
2003-05-23,2003-05-29,EIA_TWIP_ARCHIVE_URL_DATE,https://www.eia.gov/petroleum/weekly/,/petroleum/weekly/archive/2003/030529/twipprint.html,6,7.0,True
2003-05-30,2003-06-04,EIA_TWIP_ARCHIVE_URL_DATE,https://www.eia.gov/petroleum/weekly/,/petroleum/weekly/archive/2003/030604/twipprint.html,5,7.0,False
2003-06-06,2003-06-11,EIA_TWIP_ARCHIVE_URL_DATE,https://www.eia.gov/petroleum/weekly/,/petroleum/weekly/archive/2003/030611/twipprint.html,5,7.0,False
2003-06-13,2003-06-18,EIA_TWIP_ARCHIVE_URL_DATE,https://www.eia.gov/petroleum/weekly/,/petroleum/weekly/archive/2003/030618/twipprint.html,5,7.0,False
2003-06-20,2003-06-25,EIA_TWIP_ARCHIVE_URL_DATE,https://www.eia.gov/petroleum/weekly/,/petroleum/weekly/archive/2003/030625/twipprint.html,5,7.0,False
2003-06-27,2003-07-02,EIA_TWIP_ARCHIVE_URL_DATE,https://www.eia.gov/petroleum/weekly/,/petroleum/weekly/archive/2003/030702/twipprint.html,5,7.0,False
2003-07-04,2003-07-09,EIA_TWIP_ARCHIVE_URL_DATE,https://www.eia.gov/petroleum/weekly/,/petroleum/weekly/archive/2003/030709/twipprint.html,5,7.0,False
2003-07-11,2003-07-16,EIA_TWIP_ARCHIVE_URL_DATE,https://www.eia.gov/petroleum/weekly/,/petroleum/weekly/archive/2003/030716/twipprint.html,5,7.0,False
2003-07-18,2003-07-23,EIA_TWIP_ARCHIVE_URL_DATE,https://www.eia.gov/petroleum/weekly/,/petroleum/weekly/archive/2003/030723/twipprint.html,5,7.0,False
2003-07-25,2003-07-30,EIA_TWIP_ARCHIVE_URL_DATE,https://www.eia.gov/petroleum/weekly/,/petroleum/weekly/archive/2003/030730/twipprint.html,5,7.0,False
2003-08-01,2003-08-06,EIA_TWIP_ARCHIVE_URL_DATE,https://www.eia.gov/petroleum/weekly/,/petroleum/weekly/archive/2003/030806/twipprint.html,5,7.0,False
2003-08-08,2003-08-13,EIA_TWIP_ARCHIVE_URL_DATE,https://www.eia.gov/petroleum/weekly/,/petroleum/weekly/archive/2003/030813/twipprint.html,5,7.0,False
2003-08-15,2003-08-20,EIA_TWIP_ARCHIVE_URL_DATE,https://www.eia.gov/petroleum/weekly/,/petroleum/weekly/archive/2003/030820/twipprint.html,5,7.0,False
2003-08-22,2003-08-27,EIA_TWIP_ARCHIVE_URL_DATE,https://www.eia.gov/petroleum/weekly/,/petroleum/weekly/archive/2003/030827/twipprint.html,5,7.0,False
2003-08-29,2003-09-04,EIA_TWIP_ARCHIVE_URL_DATE,https://www.eia.gov/petroleum/weekly/,/petroleum/weekly/archive/2003/030904/twipprint.html,6,7.0,True
2003-09-05,2003-09-10,EIA_TWIP_ARCHIVE_URL_DATE,https://www.eia.gov/petroleum/weekly/,/petroleum/weekly/archive/2003/030910/twipprint.html,5,7.0,False
2003-09-12,2003-09-17,EIA_TWIP_ARCHIVE_URL_DATE,https://www.eia.gov/petroleum/weekly/,/petroleum/weekly/archive/2003/030917/twipprint.html,5,7.0,False
2003-09-19,2003-09-24,EIA_TWIP_ARCHIVE_URL_DATE,https://www.eia.gov/petroleum/weekly/,/petroleum/weekly/archive/2003/030924/twipprint.html,5,7.0,False
2003-09-26,2003-10-01,EIA_TWIP_ARCHIVE_URL_DATE,https://www.eia.gov/petroleum/weekly/,/petroleum/weekly/archive/2003/031001/twipprint.html,5,7.0,False
2003-10-03,2003-10-08,EIA_TWIP_ARCHIVE_URL_DATE,https://www.eia.gov/petroleum/weekly/,/petroleum/weekly/archive/2003/031008/twipprint.html,5,7.0,False
2003-10-10,2003-10-16,EIA_TWIP_ARCHIVE_URL_DATE,https://www.eia.gov/petroleum/weekly/,/petroleum/weekly/archive/2003/031016/twipprint.html,6,7.0,True
2003-10-17,2003-10-22,EIA_TWIP_ARCHIVE_URL_DATE,https://www.eia.gov/petroleum/weekly/,/petroleum/weekly/archive/2003/031022/twipprint.html,5,7.0,False
2003-10-24,2003-10-29,EIA_TWIP_ARCHIVE_URL_DATE,https://www.eia.gov/petroleum/weekly/,/petroleum/weekly/archive/2003/031029/twipprint.html,5,7.0,False
2003-10-31,2003-11-05,EIA_TWIP_ARCHIVE_URL_DATE,https://www.eia.gov/petroleum/weekly/,/petroleum/weekly/archive/2003/031105/twipprint.html,5,7.0,False
2003-11-07,2003-11-13,EIA_TWIP_ARCHIVE_URL_DATE,https://www.eia.gov/petroleum/weekly/,/petroleum/weekly/archive/2003/031113/twipprint.html,6,7.0,True
2003-11-14,2003-11-19,EIA_TWIP_ARCHIVE_URL_DATE,https://www.eia.gov/petroleum/weekly/,/petroleum/weekly/archive/2003/031119/twipprint.html,5,7.0,False
2003-11-21,2003-11-26,EIA_TWIP_ARCHIVE_URL_DATE,https://www.eia.gov/petroleum/weekly/,/petroleum/weekly/archive/2003/031126/twipprint.html,5,7.0,False
2003-11-28,2003-12-03,EIA_TWIP_ARCHIVE_URL_DATE,https://www.eia.gov/petroleum/weekly/,/petroleum/weekly/archive/2003/031203/twipprint.html,5,7.0,False
2003-12-05,2003-12-10,EIA_TWIP_ARCHIVE_URL_DATE,https://www.eia.gov/petroleum/weekly/,/petroleum/weekly/archive/2003/031210/twipprint.html,5,7.0,False
2003-12-12,2003-12-17,EIA_TWIP_ARCHIVE_URL_DATE,https://www.eia.gov/petroleum/weekly/,/petroleum/weekly/archive/2003/031217/twipprint.html,5,7.0,False
2003-12-19,2003-12-24,EIA_TWIP_ARCHIVE_URL_DATE,https://www.eia.gov/petroleum/weekly/,/petroleum/weekly/archive/2003/031224/twipprint.html,5,7.0,False
2003-12-26,2003-12-31,EIA_TWIP_ARCHIVE_URL_DATE,https://www.eia.gov/petroleum/weekly/,/petroleum/weekly/archive/2003/031231/twipprint.html,5,7.0,False
2004-01-02,2004-01-07,EIA_TWIP_ARCHIVE_URL_DATE,https://www.eia.gov/petroleum/weekly/,/petroleum/weekly/archive/2004/040107/twipprint.html,5,7.0,False
2004-01-09,2004-01-14,EIA_TWIP_ARCHIVE_URL_DATE,https://www.eia.gov/petroleum/weekly/,/petroleum/weekly/archive/2004/040114/twipprint.html,5,7.0,False
2004-01-16,2004-01-22,EIA_TWIP_ARCHIVE_URL_DATE,https://www.eia.gov/petroleum/weekly/,/petroleum/weekly/archive/2004/040122/twipprint.html,6,7.0,True
2004-01-23,2004-01-28,EIA_TWIP_ARCHIVE_URL_DATE,https://www.eia.gov/petroleum/weekly/,/petroleum/weekly/archive/2004/040128/twipprint.html,5,7.0,False
2004-01-30,2004-02-04,EIA_TWIP_ARCHIVE_URL_DATE,https://www.eia.gov/petroleum/weekly/,/petroleum/weekly/archive/2004/040204/twipprint.html,5,7.0,False
2004-02-06,2004-02-11,EIA_TWIP_ARCHIVE_URL_DATE,https://www.eia.gov/petroleum/weekly/,/petroleum/weekly/archive/2004/040211/twipprint.html,5,7.0,False
2004-02-13,2004-02-19,EIA_TWIP_ARCHIVE_URL_DATE,https://www.eia.gov/petroleum/weekly/,/petroleum/weekly/archive/2004/040219/twipprint.html,6,7.0,True
2004-02-20,2004-02-25,EIA_TWIP_ARCHIVE_URL_DATE,https://www.eia.gov/petroleum/weekly/,/petroleum/weekly/archive/2004/040225/twipprint.html,5,7.0,False
2004-02-27,2004-03-03,EIA_TWIP_ARCHIVE_URL_DATE,https://www.eia.gov/petroleum/weekly/,/petroleum/weekly/archive/2004/040303/twipprint.html,5,7.0,False
2004-03-05,2004-03-10,EIA_TWIP_ARCHIVE_URL_DATE,https://www.eia.gov/petroleum/weekly/,/petroleum/weekly/archive/2004/040310/twipprint.html,5,7.0,False
2004-03-12,2004-03-17,EIA_TWIP_ARCHIVE_URL_DATE,https://www.eia.gov/petroleum/weekly/,/petroleum/weekly/archive/2004/040317/twipprint.html,5,7.0,False
2004-03-19,2004-03-24,EIA_TWIP_ARCHIVE_URL_DATE,https://www.eia.gov/petroleum/weekly/,/petroleum/weekly/archive/2004/040324/twipprint.html,5,7.0,False
2004-03-26,2004-03-31,EIA_TWIP_ARCHIVE_URL_DATE,https://www.eia.gov/petroleum/weekly/,/petroleum/weekly/archive/2004/040331/twipprint.html,5,7.0,False
2004-04-02,2004-04-07,EIA_TWIP_ARCHIVE_URL_DATE,https://www.eia.gov/petroleum/weekly/,/petroleum/weekly/archive/2004/040407/twipprint.html,5,7.0,False
2004-04-09,2004-04-15,EIA_TWIP_ARCHIVE_URL_DATE,https://www.eia.gov/petroleum/weekly/,/petroleum/weekly/archive/2004/040415/twipprint.html,6,7.0,True
2004-04-16,2004-04-21,EIA_TWIP_ARCHIVE_URL_DATE,https://www.eia.gov/petroleum/weekly/,/petroleum/weekly/archive/2004/040421/twipprint.html,5,7.0,False
2004-04-23,2004-04-28,EIA_TWIP_ARCHIVE_URL_DATE,https://www.eia.gov/petroleum/weekly/,/petroleum/weekly/archive/2004/040428/twipprint.html,5,7.0,False
2004-04-30,2004-05-05,EIA_TWIP_ARCHIVE_URL_DATE,https://www.eia.gov/petroleum/weekly/,/petroleum/weekly/archive/2004/040505/twipprint.html,5,7.0,False
2004-05-07,2004-05-12,EIA_TWIP_ARCHIVE_URL_DATE,https://www.eia.gov/petroleum/weekly/,/petroleum/weekly/archive/2004/040512/twipprint.html,5,7.0,False
2004-05-14,2004-05-19,EIA_TWIP_ARCHIVE_URL_DATE,https://www.eia.gov/petroleum/weekly/,/petroleum/weekly/archive/2004/040519/twipprint.html,5,7.0,False
2004-05-21,2004-05-26,EIA_TWIP_ARCHIVE_URL_DATE,https://www.eia.gov/petroleum/weekly/,/petroleum/weekly/archive/2004/040526/twipprint.html,5,7.0,False
2004-05-28,2004-06-03,EIA_TWIP_ARCHIVE_URL_DATE,https://www.eia.gov/petroleum/weekly/,/petroleum/weekly/archive/2004/040603/twipprint.html,6,7.0,True
2004-06-04,2004-06-09,EIA_TWIP_ARCHIVE_URL_DATE,https://www.eia.gov/petroleum/weekly/,/petroleum/weekly/archive/2004/040609/twipprint.html,5,7.0,False
2004-06-11,2004-06-16,EIA_TWIP_ARCHIVE_URL_DATE,https://www.eia.gov/petroleum/weekly/,/petroleum/weekly/archive/2004/040616/twipprint.html,5,7.0,False
2004-06-18,2004-06-23,EIA_TWIP_ARCHIVE_URL_DATE,https://www.eia.gov/petroleum/weekly/,/petroleum/weekly/archive/2004/040623/twipprint.html,5,7.0,False
2004-06-25,2004-06-30,EIA_TWIP_ARCHIVE_URL_DATE,https://www.eia.gov/petroleum/weekly/,/petroleum/weekly/archive/2004/040630/twipprint.html,5,7.0,False
2004-07-02,2004-07-08,EIA_TWIP_ARCHIVE_URL_DATE,https://www.eia.gov/petroleum/weekly/,/petroleum/weekly/archive/2004/040708/twipprint.html,6,7.0,True
2004-07-09,2004-07-14,EIA_TWIP_ARCHIVE_URL_DATE,https://www.eia.gov/petroleum/weekly/,/petroleum/weekly/archive/2004/040714/twipprint.html,5,7.0,False
2004-07-16,2004-07-21,EIA_TWIP_ARCHIVE_URL_DATE,https://www.eia.gov/petroleum/weekly/,/petroleum/weekly/archive/2004/040721/twipprint.html,5,7.0,False
2004-07-23,2004-07-28,EIA_TWIP_ARCHIVE_URL_DATE,https://www.eia.gov/petroleum/weekly/,/petroleum/weekly/archive/2004/040728/twipprint.html,5,7.0,False
2004-07-30,2004-08-04,EIA_TWIP_ARCHIVE_URL_DATE,https://www.eia.gov/petroleum/weekly/,/petroleum/weekly/archive/2004/040804/twipprint.html,5,7.0,False
2004-08-06,2004-08-11,EIA_TWIP_ARCHIVE_URL_DATE,https://www.eia.gov/petroleum/weekly/,/petroleum/weekly/archive/2004/040811/twipprint.html,5,7.0,False
2004-08-13,2004-08-18,EIA_TWIP_ARCHIVE_URL_DATE,https://www.eia.gov/petroleum/weekly/,/petroleum/weekly/archive/2004/040818/twipprint.html,5,7.0,False
2004-08-20,2004-08-25,EIA_TWIP_ARCHIVE_URL_DATE,https://www.eia.gov/petroleum/weekly/,/petroleum/weekly/archive/2004/040825/twipprint.html,5,7.0,False
2004-08-27,2004-09-01,EIA_TWIP_ARCHIVE_URL_DATE,https://www.eia.gov/petroleum/weekly/,/petroleum/weekly/archive/2004/040901/twipprint.html,5,7.0,False
2004-09-03,2004-09-09,EIA_TWIP_ARCHIVE_URL_DATE,https://www.eia.gov/petroleum/weekly/,/petroleum/weekly/archive/2004/040909/twipprint.html,6,7.0,True
2004-09-10,2004-09-15,EIA_TWIP_ARCHIVE_URL_DATE,https://www.eia.gov/petroleum/weekly/,/petroleum/weekly/archive/2004/040915/twipprint.html,5,7.0,False
2004-09-17,2004-09-22,EIA_TWIP_ARCHIVE_URL_DATE,https://www.eia.gov/petroleum/weekly/,/petroleum/weekly/archive/2004/040922/twipprint.html,5,7.0,False
2004-09-24,2004-09-29,EIA_TWIP_ARCHIVE_URL_DATE,https://www.eia.gov/petroleum/weekly/,/petroleum/weekly/archive/2004/040929/twipprint.html,5,7.0,False
2004-10-01,2004-10-06,EIA_TWIP_ARCHIVE_URL_DATE,https://www.eia.gov/petroleum/weekly/,/petroleum/weekly/archive/2004/041006/twipprint.html,5,7.0,False
2004-10-08,2004-10-14,EIA_TWIP_ARCHIVE_URL_DATE,https://www.eia.gov/petroleum/weekly/,/petroleum/weekly/archive/2004/041014/twipprint.html,6,7.0,True
2004-10-15,2004-10-20,EIA_TWIP_ARCHIVE_URL_DATE,https://www.eia.gov/petroleum/weekly/,/petroleum/weekly/archive/2004/041020/twipprint.html,5,7.0,False
2004-10-22,2004-10-27,EIA_TWIP_ARCHIVE_URL_DATE,https://www.eia.gov/petroleum/weekly/,/petroleum/weekly/archive/2004/041027/twipprint.html,5,7.0,False
2004-10-29,2004-11-03,EIA_TWIP_ARCHIVE_URL_DATE,https://www.eia.gov/petroleum/weekly/,/petroleum/weekly/archive/2004/041103/twipprint.html,5,7.0,False
2004-11-05,2004-11-10,EIA_TWIP_ARCHIVE_URL_DATE,https://www.eia.gov/petroleum/weekly/,/petroleum/weekly/archive/2004/041110/twipprint.html,5,7.0,False
2004-11-12,2004-11-17,EIA_TWIP_ARCHIVE_URL_DATE,https://www.eia.gov/petroleum/weekly/,/petroleum/weekly/archive/2004/041117/twipprint.html,5,7.0,False
2004-11-19,2004-11-24,EIA_TWIP_ARCHIVE_URL_DATE,https://www.eia.gov/petroleum/weekly/,/petroleum/weekly/archive/2004/041124/twipprint.html,5,7.0,False
2004-11-26,2004-12-01,EIA_TWIP_ARCHIVE_URL_DATE,https://www.eia.gov/petroleum/weekly/,/petroleum/weekly/archive/2004/041201/twipprint.html,5,7.0,False
2004-12-03,2004-12-08,EIA_TWIP_ARCHIVE_URL_DATE,https://www.eia.gov/petroleum/weekly/,/petroleum/weekly/archive/2004/041208/twipprint.html,5,7.0,False
2004-12-10,2004-12-15,EIA_TWIP_ARCHIVE_URL_DATE,https://www.eia.gov/petroleum/weekly/,/petroleum/weekly/archive/2004/041215/twipprint.html,5,7.0,False
2004-12-17,2004-12-22,EIA_TWIP_ARCHIVE_URL_DATE,https://www.eia.gov/petroleum/weekly/,/petroleum/weekly/archive/2004/041222/twipprint.html,5,7.0,False
2004-12-24,2004-12-29,EIA_TWIP_ARCHIVE_URL_DATE,https://www.eia.gov/petroleum/weekly/,/petroleum/weekly/archive/2004/041229/twipprint.html,5,7.0,False
2004-12-31,2005-01-05,EIA_TWIP_ARCHIVE_URL_DATE,https://www.eia.gov/petroleum/weekly/,/petroleum/weekly/archive/2005/050105/twipprint.html,5,7.0,False
2005-01-07,2005-01-12,EIA_TWIP_ARCHIVE_URL_DATE,https://www.eia.gov/petroleum/weekly/,/petroleum/weekly/archive/2005/050112/twipprint.html,5,7.0,False
2005-01-14,2005-01-19,EIA_TWIP_ARCHIVE_URL_DATE,https://www.eia.gov/petroleum/weekly/,/petroleum/weekly/archive/2005/050119/twipprint.html,5,7.0,False
2005-01-21,2005-01-26,EIA_TWIP_ARCHIVE_URL_DATE,https://www.eia.gov/petroleum/weekly/,/petroleum/weekly/archive/2005/050126/twipprint.html,5,7.0,False
2005-01-28,2005-02-02,EIA_TWIP_ARCHIVE_URL_DATE,https://www.eia.gov/petroleum/weekly/,/petroleum/weekly/archive/2005/050202/twipprint.html,5,7.0,False
2005-02-04,2005-02-09,EIA_TWIP_ARCHIVE_URL_DATE,https://www.eia.gov/petroleum/weekly/,/petroleum/weekly/archive/2005/050209/twipprint.html,5,7.0,False
2005-02-11,2005-02-16,EIA_TWIP_ARCHIVE_URL_DATE,https://www.eia.gov/petroleum/weekly/,/petroleum/weekly/archive/2005/050216/twipprint.html,5,7.0,False
2005-02-18,2005-02-24,EIA_TWIP_ARCHIVE_URL_DATE,https://www.eia.gov/petroleum/weekly/,/petroleum/weekly/archive/2005/050224/twipprint.html,6,7.0,True
2005-02-25,2005-03-02,EIA_TWIP_ARCHIVE_URL_DATE,https://www.eia.gov/petroleum/weekly/,/petroleum/weekly/archive/2005/050302/twipprint.html,5,7.0,False
2005-03-04,2005-03-09,EIA_TWIP_ARCHIVE_URL_DATE,https://www.eia.gov/petroleum/weekly/,/petroleum/weekly/archive/2005/050309/twipprint.html,5,7.0,False
2005-03-11,2005-03-16,EIA_TWIP_ARCHIVE_URL_DATE,https://www.eia.gov/petroleum/weekly/,/petroleum/weekly/archive/2005/050316/twipprint.html,5,7.0,False
2005-03-18,2005-03-23,EIA_TWIP_ARCHIVE_URL_DATE,https://www.eia.gov/petroleum/weekly/,/petroleum/weekly/archive/2005/050323/twipprint.html,5,7.0,False
2005-03-25,2005-03-30,EIA_TWIP_ARCHIVE_URL_DATE,https://www.eia.gov/petroleum/weekly/,/petroleum/weekly/archive/2005/050330/twipprint.html,5,7.0,False
2005-04-01,2005-04-06,EIA_TWIP_ARCHIVE_URL_DATE,https://www.eia.gov/petroleum/weekly/,/petroleum/weekly/archive/2005/050406/twipprint.html,5,7.0,False
2005-04-08,2005-04-13,EIA_TWIP_ARCHIVE_URL_DATE,https://www.eia.gov/petroleum/weekly/,/petroleum/weekly/archive/2005/050413/twipprint.html,5,7.0,False
2005-04-15,2005-04-20,EIA_TWIP_ARCHIVE_URL_DATE,https://www.eia.gov/petroleum/weekly/,/petroleum/weekly/archive/2005/050420/twipprint.html,5,7.0,False
2005-04-22,2005-04-27,EIA_TWIP_ARCHIVE_URL_DATE,https://www.eia.gov/petroleum/weekly/,/petroleum/weekly/archive/2005/050427/twipprint.html,5,7.0,False
2005-04-29,2005-05-04,EIA_TWIP_ARCHIVE_URL_DATE,https://www.eia.gov/petroleum/weekly/,/petroleum/weekly/archive/2005/050504/twipprint.html,5,7.0,False
2005-05-06,2005-05-11,EIA_TWIP_ARCHIVE_URL_DATE,https://www.eia.gov/petroleum/weekly/,/petroleum/weekly/archive/2005/050511/twipprint.html,5,7.0,False
2005-05-13,2005-05-18,EIA_TWIP_ARCHIVE_URL_DATE,https://www.eia.gov/petroleum/weekly/,/petroleum/weekly/archive/2005/050518/twipprint.html,5,7.0,False
2005-05-20,2005-05-25,EIA_TWIP_ARCHIVE_URL_DATE,https://www.eia.gov/petroleum/weekly/,/petroleum/weekly/archive/2005/050525/twipprint.html,5,7.0,False
2005-05-27,2005-06-01,EIA_TWIP_ARCHIVE_URL_DATE,https://www.eia.gov/petroleum/weekly/,/petroleum/weekly/archive/2005/050601/twipprint.html,5,7.0,False
2005-06-03,2005-06-08,EIA_TWIP_ARCHIVE_URL_DATE,https://www.eia.gov/petroleum/weekly/,/petroleum/weekly/archive/2005/050608/twipprint.html,5,7.0,False
2005-06-10,2005-06-15,EIA_TWIP_ARCHIVE_URL_DATE,https://www.eia.gov/petroleum/weekly/,/petroleum/weekly/archive/2005/050615/twipprint.html,5,7.0,False
2005-06-17,2005-06-22,EIA_TWIP_ARCHIVE_URL_DATE,https://www.eia.gov/petroleum/weekly/,/petroleum/weekly/archive/2005/050622/twipprint.html,5,7.0,False
2005-06-24,2005-06-29,EIA_TWIP_ARCHIVE_URL_DATE,https://www.eia.gov/petroleum/weekly/,/petroleum/weekly/archive/2005/050629/twipprint.html,5,7.0,False
2005-07-01,2005-07-07,EIA_TWIP_ARCHIVE_URL_DATE,https://www.eia.gov/petroleum/weekly/,/petroleum/weekly/archive/2005/050707/twipprint.html,6,7.0,True
2005-07-08,2005-07-13,EIA_TWIP_ARCHIVE_URL_DATE,https://www.eia.gov/petroleum/weekly/,/petroleum/weekly/archive/2005/050713/twipprint.html,5,7.0,False
2005-07-15,2005-07-20,EIA_TWIP_ARCHIVE_URL_DATE,https://www.eia.gov/petroleum/weekly/,/petroleum/weekly/archive/2005/050720/twipprint.html,5,7.0,False
2005-07-22,2005-07-27,EIA_TWIP_ARCHIVE_URL_DATE,https://www.eia.gov/petroleum/weekly/,/petroleum/weekly/archive/2005/050727/twipprint.html,5,7.0,False
2005-07-29,2005-08-03,EIA_TWIP_ARCHIVE_URL_DATE,https://www.eia.gov/petroleum/weekly/,/petroleum/weekly/archive/2005/050803/twipprint.html,5,7.0,False
2005-08-05,2005-08-10,EIA_TWIP_ARCHIVE_URL_DATE,https://www.eia.gov/petroleum/weekly/,/petroleum/weekly/archive/2005/050810/twipprint.html,5,7.0,False
2005-08-12,2005-08-17,EIA_TWIP_ARCHIVE_URL_DATE,https://www.eia.gov/petroleum/weekly/,/petroleum/weekly/archive/2005/050817/twipprint.html,5,7.0,False
2005-08-19,2005-08-24,EIA_TWIP_ARCHIVE_URL_DATE,https://www.eia.gov/petroleum/weekly/,/petroleum/weekly/archive/2005/050824/twipprint.html,5,7.0,False
2005-08-26,2005-08-31,EIA_TWIP_ARCHIVE_URL_DATE,https://www.eia.gov/petroleum/weekly/,/petroleum/weekly/archive/2005/050831/twipprint.html,5,7.0,False
2005-09-02,2005-09-08,EIA_TWIP_ARCHIVE_URL_DATE,https://www.eia.gov/petroleum/weekly/,/petroleum/weekly/archive/2005/050908/twipprint.html,6,7.0,True
2005-09-09,2005-09-14,EIA_TWIP_ARCHIVE_URL_DATE,https://www.eia.gov/petroleum/weekly/,/petroleum/weekly/archive/2005/050914/twipprint.html,5,7.0,False
2005-09-16,2005-09-21,EIA_TWIP_ARCHIVE_URL_DATE,https://www.eia.gov/petroleum/weekly/,/petroleum/weekly/archive/2005/050921/twipprint.html,5,7.0,False
2005-09-23,2005-09-28,EIA_TWIP_ARCHIVE_URL_DATE,https://www.eia.gov/petroleum/weekly/,/petroleum/weekly/archive/2005/050928/twipprint.html,5,7.0,False
2005-09-30,2005-10-05,EIA_TWIP_ARCHIVE_URL_DATE,https://www.eia.gov/petroleum/weekly/,/petroleum/weekly/archive/2005/051005/twipprint.html,5,7.0,False
2005-10-07,2005-10-13,EIA_TWIP_ARCHIVE_URL_DATE,https://www.eia.gov/petroleum/weekly/,/petroleum/weekly/archive/2005/051013/twipprint.html,6,7.0,True
2005-10-14,2005-10-19,EIA_TWIP_ARCHIVE_URL_DATE,https://www.eia.gov/petroleum/weekly/,/petroleum/weekly/archive/2005/051019/twipprint.html,5,7.0,False
2005-10-21,2005-10-26,EIA_TWIP_ARCHIVE_URL_DATE,https://www.eia.gov/petroleum/weekly/,/petroleum/weekly/archive/2005/051026/twipprint.html,5,7.0,False
2005-10-28,2005-11-02,EIA_TWIP_ARCHIVE_URL_DATE,https://www.eia.gov/petroleum/weekly/,/petroleum/weekly/archive/2005/051102/twipprint.html,5,7.0,False
2005-11-04,2005-11-09,EIA_TWIP_ARCHIVE_URL_DATE,https://www.eia.gov/petroleum/weekly/,/petroleum/weekly/archive/2005/051109/twipprint.html,5,7.0,False
2005-11-11,2005-11-16,EIA_TWIP_ARCHIVE_URL_DATE,https://www.eia.gov/petroleum/weekly/,/petroleum/weekly/archive/2005/051116/twipprint.html,5,7.0,False
2005-11-18,2005-11-23,EIA_TWIP_ARCHIVE_URL_DATE,https://www.eia.gov/petroleum/weekly/,/petroleum/weekly/archive/2005/051123/twipprint.html,5,7.0,False
2005-11-25,2005-11-30,EIA_TWIP_ARCHIVE_URL_DATE,https://www.eia.gov/petroleum/weekly/,/petroleum/weekly/archive/2005/051130/twipprint.html,5,7.0,False
2005-12-02,2005-12-07,EIA_TWIP_ARCHIVE_URL_DATE,https://www.eia.gov/petroleum/weekly/,/petroleum/weekly/archive/2005/051207/twipprint.html,5,7.0,False
2005-12-09,2005-12-14,EIA_TWIP_ARCHIVE_URL_DATE,https://www.eia.gov/petroleum/weekly/,/petroleum/weekly/archive/2005/051214/twipprint.html,5,7.0,False
2005-12-16,2005-12-21,EIA_TWIP_ARCHIVE_URL_DATE,https://www.eia.gov/petroleum/weekly/,/petroleum/weekly/archive/2005/051221/twipprint.html,5,7.0,False
2005-12-23,2005-12-29,EIA_TWIP_ARCHIVE_URL_DATE,https://www.eia.gov/petroleum/weekly/,/petroleum/weekly/archive/2005/051229/twipprint.html,6,7.0,True
2005-12-30,2006-01-05,EIA_TWIP_ARCHIVE_URL_DATE,https://www.eia.gov/petroleum/weekly/,/petroleum/weekly/archive/2006/060105/twipprint.html,6,7.0,True
2006-01-06,2006-01-11,EIA_TWIP_ARCHIVE_URL_DATE,https://www.eia.gov/petroleum/weekly/,/petroleum/weekly/archive/2006/060111/twipprint.html,5,7.0,False
2006-01-13,2006-01-19,EIA_TWIP_ARCHIVE_URL_DATE,https://www.eia.gov/petroleum/weekly/,/petroleum/weekly/archive/2006/060119/twipprint.html,6,7.0,True
2006-01-20,2006-01-25,EIA_TWIP_ARCHIVE_URL_DATE,https://www.eia.gov/petroleum/weekly/,/petroleum/weekly/archive/2006/060125/twipprint.html,5,7.0,False
2006-01-27,2006-02-01,EIA_TWIP_ARCHIVE_URL_DATE,https://www.eia.gov/petroleum/weekly/,/petroleum/weekly/archive/2006/060201/twipprint.html,5,7.0,False
2006-02-03,2006-02-08,EIA_TWIP_ARCHIVE_URL_DATE,https://www.eia.gov/petroleum/weekly/,/petroleum/weekly/archive/2006/060208/twipprint.html,5,7.0,False
2006-02-10,2006-02-15,EIA_TWIP_ARCHIVE_URL_DATE,https://www.eia.gov/petroleum/weekly/,/petroleum/weekly/archive/2006/060215/twipprint.html,5,7.0,False
2006-02-17,2006-02-23,EIA_TWIP_ARCHIVE_URL_DATE,https://www.eia.gov/petroleum/weekly/,/petroleum/weekly/archive/2006/060223/twipprint.html,6,7.0,True
2006-02-24,2006-03-01,EIA_TWIP_ARCHIVE_URL_DATE,https://www.eia.gov/petroleum/weekly/,/petroleum/weekly/archive/2006/060301/twipprint.html,5,7.0,False
2006-03-03,2006-03-08,EIA_TWIP_ARCHIVE_URL_DATE,https://www.eia.gov/petroleum/weekly/,/petroleum/weekly/archive/2006/060308/twipprint.html,5,7.0,False
2006-03-10,2006-03-15,EIA_TWIP_ARCHIVE_URL_DATE,https://www.eia.gov/petroleum/weekly/,/petroleum/weekly/archive/2006/060315/twipprint.html,5,7.0,False
2006-03-17,2006-03-22,EIA_TWIP_ARCHIVE_URL_DATE,https://www.eia.gov/petroleum/weekly/,/petroleum/weekly/archive/2006/060322/twipprint.html,5,7.0,False
2006-03-24,2006-03-29,EIA_TWIP_ARCHIVE_URL_DATE,https://www.eia.gov/petroleum/weekly/,/petroleum/weekly/archive/2006/060329/twipprint.html,5,7.0,False
2006-03-31,2006-04-05,EIA_TWIP_ARCHIVE_URL_DATE,https://www.eia.gov/petroleum/weekly/,/petroleum/weekly/archive/2006/060405/twipprint.html,5,7.0,False
2006-04-07,2006-04-12,EIA_TWIP_ARCHIVE_URL_DATE,https://www.eia.gov/petroleum/weekly/,/petroleum/weekly/archive/2006/060412/twipprint.html,5,7.0,False
2006-04-14,2006-04-19,EIA_TWIP_ARCHIVE_URL_DATE,https://www.eia.gov/petroleum/weekly/,/petroleum/weekly/archive/2006/060419/twipprint.html,5,7.0,False
2006-04-21,2006-04-26,EIA_TWIP_ARCHIVE_URL_DATE,https://www.eia.gov/petroleum/weekly/,/petroleum/weekly/archive/2006/060426/twipprint.html,5,7.0,False
2006-04-28,2006-05-03,EIA_TWIP_ARCHIVE_URL_DATE,https://www.eia.gov/petroleum/weekly/,/petroleum/weekly/archive/2006/060503/twipprint.html,5,7.0,False
2006-05-05,2006-05-10,EIA_TWIP_ARCHIVE_URL_DATE,https://www.eia.gov/petroleum/weekly/,/petroleum/weekly/archive/2006/060510/twipprint.html,5,7.0,False
2006-05-12,2006-05-17,EIA_TWIP_ARCHIVE_URL_DATE,https://www.eia.gov/petroleum/weekly/,/petroleum/weekly/archive/2006/060517/twipprint.html,5,7.0,False
2006-05-19,2006-05-24,EIA_TWIP_ARCHIVE_URL_DATE,https://www.eia.gov/petroleum/weekly/,/petroleum/weekly/archive/2006/060524/twipprint.html,5,7.0,False
2006-05-26,2006-06-01,EIA_TWIP_ARCHIVE_URL_DATE,https://www.eia.gov/petroleum/weekly/,/petroleum/weekly/archive/2006/060601/twipprint.html,6,7.0,True
2006-06-02,2006-06-07,EIA_TWIP_ARCHIVE_URL_DATE,https://www.eia.gov/petroleum/weekly/,/petroleum/weekly/archive/2006/060607/twipprint.html,5,7.0,False
2006-06-09,2006-06-14,EIA_TWIP_ARCHIVE_URL_DATE,https://www.eia.gov/petroleum/weekly/,/petroleum/weekly/archive/2006/060614/twipprint.html,5,7.0,False
2006-06-16,2006-06-21,EIA_TWIP_ARCHIVE_URL_DATE,https://www.eia.gov/petroleum/weekly/,/petroleum/weekly/archive/2006/060621/twipprint.html,5,7.0,False
2006-06-23,2006-06-28,EIA_TWIP_ARCHIVE_URL_DATE,https://www.eia.gov/petroleum/weekly/,/petroleum/weekly/archive/2006/060628/twipprint.html,5,7.0,False
2006-06-30,2006-07-06,EIA_TWIP_ARCHIVE_URL_DATE,https://www.eia.gov/petroleum/weekly/,/petroleum/weekly/archive/2006/060706/twipprint.html,6,7.0,True
2006-07-07,2006-07-12,EIA_TWIP_ARCHIVE_URL_DATE,https://www.eia.gov/petroleum/weekly/,/petroleum/weekly/archive/2006/060712/twipprint.html,5,7.0,False
2006-07-14,2006-07-19,EIA_TWIP_ARCHIVE_URL_DATE,https://www.eia.gov/petroleum/weekly/,/petroleum/weekly/archive/2006/060719/twipprint.html,5,7.0,False
2006-07-21,2006-07-26,EIA_TWIP_ARCHIVE_URL_DATE,https://www.eia.gov/petroleum/weekly/,/petroleum/weekly/archive/2006/060726/twipprint.html,5,7.0,False
2006-07-28,2006-08-02,EIA_TWIP_ARCHIVE_URL_DATE,https://www.eia.gov/petroleum/weekly/,/petroleum/weekly/archive/2006/060802/twipprint.html,5,7.0,False
2006-08-04,2006-08-09,EIA_TWIP_ARCHIVE_URL_DATE,https://www.eia.gov/petroleum/weekly/,/petroleum/weekly/archive/2006/060809/twipprint.html,5,7.0,False
2006-08-11,2006-08-16,EIA_TWIP_ARCHIVE_URL_DATE,https://www.eia.gov/petroleum/weekly/,/petroleum/weekly/archive/2006/060816/twipprint.html,5,7.0,False
2006-08-18,2006-08-23,EIA_TWIP_ARCHIVE_URL_DATE,https://www.eia.gov/petroleum/weekly/,/petroleum/weekly/archive/2006/060823/twipprint.html,5,7.0,False
2006-08-25,2006-08-30,EIA_TWIP_ARCHIVE_URL_DATE,https://www.eia.gov/petroleum/weekly/,/petroleum/weekly/archive/2006/060830/twipprint.html,5,7.0,False
2006-09-01,2006-09-07,EIA_TWIP_ARCHIVE_URL_DATE,https://www.eia.gov/petroleum/weekly/,/petroleum/weekly/archive/2006/060907/twipprint.html,6,7.0,True
2006-09-08,2006-09-13,EIA_TWIP_ARCHIVE_URL_DATE,https://www.eia.gov/petroleum/weekly/,/petroleum/weekly/archive/2006/060913/twipprint.html,5,7.0,False
2006-09-15,2006-09-20,EIA_TWIP_ARCHIVE_URL_DATE,https://www.eia.gov/petroleum/weekly/,/petroleum/weekly/archive/2006/060920/twipprint.html,5,7.0,False
2006-09-22,2006-09-27,EIA_TWIP_ARCHIVE_URL_DATE,https://www.eia.gov/petroleum/weekly/,/petroleum/weekly/archive/2006/060927/twipprint.html,5,7.0,False
2006-09-29,2006-10-04,EIA_TWIP_ARCHIVE_URL_DATE,https://www.eia.gov/petroleum/weekly/,/petroleum/weekly/archive/2006/061004/twipprint.html,5,7.0,False
2006-10-06,2006-10-12,EIA_TWIP_ARCHIVE_URL_DATE,https://www.eia.gov/petroleum/weekly/,/petroleum/weekly/archive/2006/061012/twipprint.html,6,7.0,True
2006-10-13,2006-10-18,EIA_TWIP_ARCHIVE_URL_DATE,https://www.eia.gov/petroleum/weekly/,/petroleum/weekly/archive/2006/061018/twipprint.html,5,7.0,False
2006-10-20,2006-10-25,EIA_TWIP_ARCHIVE_URL_DATE,https://www.eia.gov/petroleum/weekly/,/petroleum/weekly/archive/2006/061025/twipprint.html,5,7.0,False
2006-10-27,2006-11-01,EIA_TWIP_ARCHIVE_URL_DATE,https://www.eia.gov/petroleum/weekly/,/petroleum/weekly/archive/2006/061101/twipprint.html,5,7.0,False
2006-11-03,2006-11-08,EIA_TWIP_ARCHIVE_URL_DATE,https://www.eia.gov/petroleum/weekly/,/petroleum/weekly/archive/2006/061108/twipprint.html,5,7.0,False
2006-11-10,2006-11-15,EIA_TWIP_ARCHIVE_URL_DATE,https://www.eia.gov/petroleum/weekly/,/petroleum/weekly/archive/2006/061115/twipprint.html,5,7.0,False
2006-11-17,2006-11-22,EIA_TWIP_ARCHIVE_URL_DATE,https://www.eia.gov/petroleum/weekly/,/petroleum/weekly/archive/2006/061122/twipprint.html,5,7.0,False
2006-11-24,2006-11-29,EIA_TWIP_ARCHIVE_URL_DATE,https://www.eia.gov/petroleum/weekly/,/petroleum/weekly/archive/2006/061129/twipprint.html,5,7.0,False
2006-12-01,2006-12-06,EIA_TWIP_ARCHIVE_URL_DATE,https://www.eia.gov/petroleum/weekly/,/petroleum/weekly/archive/2006/061206/twipprint.html,5,7.0,False
2006-12-08,2006-12-13,EIA_TWIP_ARCHIVE_URL_DATE,https://www.eia.gov/petroleum/weekly/,/petroleum/weekly/archive/2006/061213/twipprint.html,5,7.0,False
2006-12-15,2006-12-20,EIA_TWIP_ARCHIVE_URL_DATE,https://www.eia.gov/petroleum/weekly/,/petroleum/weekly/archive/2006/061220/twipprint.html,5,7.0,False
2006-12-22,2006-12-28,EIA_TWIP_ARCHIVE_URL_DATE,https://www.eia.gov/petroleum/weekly/,/petroleum/weekly/archive/2006/061228/twipprint.html,6,7.0,True
2006-12-29,2007-01-04,EIA_TWIP_ARCHIVE_URL_DATE,https://www.eia.gov/petroleum/weekly/,/petroleum/weekly/archive/2007/070104/twipprint.html,6,7.0,True
2007-01-05,2007-01-10,EIA_TWIP_ARCHIVE_URL_DATE,https://www.eia.gov/petroleum/weekly/,/petroleum/weekly/archive/2007/070110/twipprint.html,5,7.0,False
2007-01-12,2007-01-18,EIA_TWIP_ARCHIVE_URL_DATE,https://www.eia.gov/petroleum/weekly/,/petroleum/weekly/archive/2007/070118/twipprint.html,6,7.0,True
2007-01-19,2007-01-24,EIA_TWIP_ARCHIVE_URL_DATE,https://www.eia.gov/petroleum/weekly/,/petroleum/weekly/archive/2007/070124/twipprint.html,5,7.0,False
2007-01-26,2007-01-31,EIA_TWIP_ARCHIVE_URL_DATE,https://www.eia.gov/petroleum/weekly/,/petroleum/weekly/archive/2007/070131/twipprint.html,5,7.0,False
2007-02-02,2007-02-07,EIA_TWIP_ARCHIVE_URL_DATE,https://www.eia.gov/petroleum/weekly/,/petroleum/weekly/archive/2007/070207/twipprint.html,5,7.0,False
2007-02-09,2007-02-14,EIA_TWIP_ARCHIVE_URL_DATE,https://www.eia.gov/petroleum/weekly/,/petroleum/weekly/archive/2007/070214/twipprint.html,5,7.0,False
2007-02-16,2007-02-22,EIA_TWIP_ARCHIVE_URL_DATE,https://www.eia.gov/petroleum/weekly/,/petroleum/weekly/archive/2007/070222/twipprint.html,6,7.0,True
2007-02-23,2007-02-28,EIA_TWIP_ARCHIVE_URL_DATE,https://www.eia.gov/petroleum/weekly/,/petroleum/weekly/archive/2007/070228/twipprint.html,5,7.0,False
2007-03-02,2007-03-07,EIA_TWIP_ARCHIVE_URL_DATE,https://www.eia.gov/petroleum/weekly/,/petroleum/weekly/archive/2007/070307/twipprint.html,5,7.0,False
2007-03-09,2007-03-14,EIA_TWIP_ARCHIVE_URL_DATE,https://www.eia.gov/petroleum/weekly/,/petroleum/weekly/archive/2007/070314/twipprint.html,5,7.0,False
2007-03-16,2007-03-21,EIA_TWIP_ARCHIVE_URL_DATE,https://www.eia.gov/petroleum/weekly/,/petroleum/weekly/archive/2007/070321/twipprint.html,5,7.0,False
2007-03-23,2007-03-28,EIA_TWIP_ARCHIVE_URL_DATE,https://www.eia.gov/petroleum/weekly/,/petroleum/weekly/archive/2007/070328/twipprint.html,5,7.0,False
2007-03-30,2007-04-04,EIA_TWIP_ARCHIVE_URL_DATE,https://www.eia.gov/petroleum/weekly/,/petroleum/weekly/archive/2007/070404/twipprint.html,5,7.0,False
2007-04-06,2007-04-11,EIA_TWIP_ARCHIVE_URL_DATE,https://www.eia.gov/petroleum/weekly/,/petroleum/weekly/archive/2007/070411/twipprint.html,5,7.0,False
2007-04-13,2007-04-18,EIA_TWIP_ARCHIVE_URL_DATE,https://www.eia.gov/petroleum/weekly/,/petroleum/weekly/archive/2007/070418/twipprint.html,5,7.0,False
2007-04-20,2007-04-25,EIA_TWIP_ARCHIVE_URL_DATE,https://www.eia.gov/petroleum/weekly/,/petroleum/weekly/archive/2007/070425/twipprint.html,5,7.0,False
2007-04-27,2007-05-02,EIA_TWIP_ARCHIVE_URL_DATE,https://www.eia.gov/petroleum/weekly/,/petroleum/weekly/archive/2007/070502/twipprint.html,5,7.0,False
2007-05-04,2007-05-09,EIA_TWIP_ARCHIVE_URL_DATE,https://www.eia.gov/petroleum/weekly/,/petroleum/weekly/archive/2007/070509/twipprint.html,5,7.0,False
2007-05-11,2007-05-16,EIA_TWIP_ARCHIVE_URL_DATE,https://www.eia.gov/petroleum/weekly/,/petroleum/weekly/archive/2007/070516/twipprint.html,5,7.0,False
2007-05-18,2007-05-23,EIA_TWIP_ARCHIVE_URL_DATE,https://www.eia.gov/petroleum/weekly/,/petroleum/weekly/archive/2007/070523/twipprint.html,5,7.0,False
2007-05-25,2007-05-31,EIA_TWIP_ARCHIVE_URL_DATE,https://www.eia.gov/petroleum/weekly/,/petroleum/weekly/archive/2007/070531/twipprint.html,6,7.0,True
2007-06-01,2007-06-06,EIA_TWIP_ARCHIVE_URL_DATE,https://www.eia.gov/petroleum/weekly/,/petroleum/weekly/archive/2007/070606/twipprint.html,5,7.0,False
2007-06-08,2007-06-13,EIA_TWIP_ARCHIVE_URL_DATE,https://www.eia.gov/petroleum/weekly/,/petroleum/weekly/archive/2007/070613/twipprint.html,5,7.0,False
2007-06-15,2007-06-20,EIA_TWIP_ARCHIVE_URL_DATE,https://www.eia.gov/petroleum/weekly/,/petroleum/weekly/archive/2007/070620/twipprint.html,5,7.0,False
2007-06-22,2007-06-27,EIA_TWIP_ARCHIVE_URL_DATE,https://www.eia.gov/petroleum/weekly/,/petroleum/weekly/archive/2007/070627/twipprint.html,5,7.0,False
2007-06-29,2007-07-05,EIA_TWIP_ARCHIVE_URL_DATE,https://www.eia.gov/petroleum/weekly/,/petroleum/weekly/archive/2007/070705/twipprint.html,6,7.0,True
2007-07-06,2007-07-11,EIA_TWIP_ARCHIVE_URL_DATE,https://www.eia.gov/petroleum/weekly/,/petroleum/weekly/archive/2007/070711/twipprint.html,5,7.0,False
2007-07-13,2007-07-18,EIA_TWIP_ARCHIVE_URL_DATE,https://www.eia.gov/petroleum/weekly/,/petroleum/weekly/archive/2007/070718/twipprint.html,5,7.0,False
2007-07-20,2007-07-25,EIA_TWIP_ARCHIVE_URL_DATE,https://www.eia.gov/petroleum/weekly/,/petroleum/weekly/archive/2007/070725/twipprint.html,5,7.0,False
2007-07-27,2007-08-01,EIA_TWIP_ARCHIVE_URL_DATE,https://www.eia.gov/petroleum/weekly/,/petroleum/weekly/archive/2007/070801/twipprint.html,5,7.0,False
2007-08-03,2007-08-08,EIA_TWIP_ARCHIVE_URL_DATE,https://www.eia.gov/petroleum/weekly/,/petroleum/weekly/archive/2007/070808/twipprint.html,5,7.0,False
2007-08-10,2007-08-15,EIA_TWIP_ARCHIVE_URL_DATE,https://www.eia.gov/petroleum/weekly/,/petroleum/weekly/archive/2007/070815/twipprint.html,5,7.0,False
2007-08-17,2007-08-22,EIA_TWIP_ARCHIVE_URL_DATE,https://www.eia.gov/petroleum/weekly/,/petroleum/weekly/archive/2007/070822/twipprint.html,5,7.0,False
2007-08-24,2007-08-29,EIA_TWIP_ARCHIVE_URL_DATE,https://www.eia.gov/petroleum/weekly/,/petroleum/weekly/archive/2007/070829/twipprint.html,5,7.0,False
2007-08-31,2007-09-06,EIA_TWIP_ARCHIVE_URL_DATE,https://www.eia.gov/petroleum/weekly/,/petroleum/weekly/archive/2007/070906/twipprint.html,6,7.0,True
2007-09-07,2007-09-12,EIA_TWIP_ARCHIVE_URL_DATE,https://www.eia.gov/petroleum/weekly/,/petroleum/weekly/archive/2007/070912/twipprint.html,5,7.0,False
2007-09-14,2007-09-19,EIA_TWIP_ARCHIVE_URL_DATE,https://www.eia.gov/petroleum/weekly/,/petroleum/weekly/archive/2007/070919/twipprint.html,5,7.0,False
2007-09-21,2007-09-26,EIA_TWIP_ARCHIVE_URL_DATE,https://www.eia.gov/petroleum/weekly/,/petroleum/weekly/archive/2007/070926/twipprint.html,5,7.0,False
2007-09-28,2007-10-03,EIA_TWIP_ARCHIVE_URL_DATE,https://www.eia.gov/petroleum/weekly/,/petroleum/weekly/archive/2007/071003/twipprint.html,5,7.0,False
2007-10-05,2007-10-11,EIA_TWIP_ARCHIVE_URL_DATE,https://www.eia.gov/petroleum/weekly/,/petroleum/weekly/archive/2007/071011/twipprint.html,6,7.0,True
2007-10-12,2007-10-17,EIA_TWIP_ARCHIVE_URL_DATE,https://www.eia.gov/petroleum/weekly/,/petroleum/weekly/archive/2007/071017/twipprint.html,5,7.0,False
2007-10-19,2007-10-24,EIA_TWIP_ARCHIVE_URL_DATE,https://www.eia.gov/petroleum/weekly/,/petroleum/weekly/archive/2007/071024/twipprint.html,5,7.0,False
2007-10-26,2007-10-31,EIA_TWIP_ARCHIVE_URL_DATE,https://www.eia.gov/petroleum/weekly/,/petroleum/weekly/archive/2007/071031/twipprint.html,5,7.0,False
2007-11-02,2007-11-07,EIA_TWIP_ARCHIVE_URL_DATE,https://www.eia.gov/petroleum/weekly/,/petroleum/weekly/archive/2007/071107/twipprint.html,5,7.0,False
2007-11-09,2007-11-15,EIA_TWIP_ARCHIVE_URL_DATE,https://www.eia.gov/petroleum/weekly/,/petroleum/weekly/archive/2007/071115/twipprint.html,6,7.0,True
2007-11-16,2007-11-21,EIA_TWIP_ARCHIVE_URL_DATE,https://www.eia.gov/petroleum/weekly/,/petroleum/weekly/archive/2007/071121/twipprint.html,5,7.0,False
2007-11-23,2007-11-28,EIA_TWIP_ARCHIVE_URL_DATE,https://www.eia.gov/petroleum/weekly/,/petroleum/weekly/archive/2007/071128/twipprint.html,5,7.0,False
2007-11-30,2007-12-05,EIA_TWIP_ARCHIVE_URL_DATE,https://www.eia.gov/petroleum/weekly/,/petroleum/weekly/archive/2007/071205/twipprint.html,5,7.0,False
2007-12-07,2007-12-12,EIA_TWIP_ARCHIVE_URL_DATE,https://www.eia.gov/petroleum/weekly/,/petroleum/weekly/archive/2007/071212/twipprint.html,5,7.0,False
2007-12-14,2007-12-19,EIA_TWIP_ARCHIVE_URL_DATE,https://www.eia.gov/petroleum/weekly/,/petroleum/weekly/archive/2007/071219/twipprint.html,5,7.0,False
2007-12-21,2007-12-27,EIA_TWIP_ARCHIVE_URL_DATE,https://www.eia.gov/petroleum/weekly/,/petroleum/weekly/archive/2007/071227/twipprint.html,6,7.0,True
2007-12-28,2008-01-03,EIA_TWIP_ARCHIVE_URL_DATE,https://www.eia.gov/petroleum/weekly/,/petroleum/weekly/archive/2008/080103/twipprint.html,6,7.0,True
2008-01-04,2008-01-09,EIA_TWIP_ARCHIVE_URL_DATE,https://www.eia.gov/petroleum/weekly/,/petroleum/weekly/archive/2008/080109/twipprint.html,5,7.0,False
2008-01-11,2008-01-16,EIA_TWIP_ARCHIVE_URL_DATE,https://www.eia.gov/petroleum/weekly/,/petroleum/weekly/archive/2008/080116/twipprint.html,5,7.0,False
2008-01-18,2008-01-24,EIA_TWIP_ARCHIVE_URL_DATE,https://www.eia.gov/petroleum/weekly/,/petroleum/weekly/archive/2008/080124/twipprint.html,6,7.0,True
2008-01-25,2008-01-30,EIA_TWIP_ARCHIVE_URL_DATE,https://www.eia.gov/petroleum/weekly/,/petroleum/weekly/archive/2008/080130/twipprint.html,5,7.0,False
2008-02-01,2008-02-06,EIA_TWIP_ARCHIVE_URL_DATE,https://www.eia.gov/petroleum/weekly/,/petroleum/weekly/archive/2008/080206/twipprint.html,5,7.0,False
2008-02-08,2008-02-13,EIA_TWIP_ARCHIVE_URL_DATE,https://www.eia.gov/petroleum/weekly/,/petroleum/weekly/archive/2008/080213/twipprint.html,5,7.0,False
2008-02-15,2008-02-21,EIA_TWIP_ARCHIVE_URL_DATE,https://www.eia.gov/petroleum/weekly/,/petroleum/weekly/archive/2008/080221/twipprint.html,6,7.0,True
2008-02-22,2008-02-27,EIA_TWIP_ARCHIVE_URL_DATE,https://www.eia.gov/petroleum/weekly/,/petroleum/weekly/archive/2008/080227/twipprint.html,5,7.0,False
2008-02-29,2008-03-05,EIA_TWIP_ARCHIVE_URL_DATE,https://www.eia.gov/petroleum/weekly/,/petroleum/weekly/archive/2008/080305/twipprint.html,5,7.0,False
2008-03-07,2008-03-12,EIA_TWIP_ARCHIVE_URL_DATE,https://www.eia.gov/petroleum/weekly/,/petroleum/weekly/archive/2008/080312/twipprint.html,5,7.0,False
2008-03-14,2008-03-19,EIA_TWIP_ARCHIVE_URL_DATE,https://www.eia.gov/petroleum/weekly/,/petroleum/weekly/archive/2008/080319/twipprint.html,5,7.0,False
2008-03-21,2008-03-26,EIA_TWIP_ARCHIVE_URL_DATE,https://www.eia.gov/petroleum/weekly/,/petroleum/weekly/archive/2008/080326/twipprint.html,5,7.0,False
2008-03-28,2008-04-02,EIA_TWIP_ARCHIVE_URL_DATE,https://www.eia.gov/petroleum/weekly/,/petroleum/weekly/archive/2008/080402/twipprint.html,5,7.0,False
2008-04-04,2008-04-09,EIA_TWIP_ARCHIVE_URL_DATE,https://www.eia.gov/petroleum/weekly/,/petroleum/weekly/archive/2008/080409/twipprint.html,5,7.0,False
2008-04-11,2008-04-16,EIA_TWIP_ARCHIVE_URL_DATE,https://www.eia.gov/petroleum/weekly/,/petroleum/weekly/archive/2008/080416/twipprint.html,5,7.0,False
2008-04-18,2008-04-23,EIA_TWIP_ARCHIVE_URL_DATE,https://www.eia.gov/petroleum/weekly/,/petroleum/weekly/archive/2008/080423/twipprint.html,5,7.0,False
2008-04-25,2008-04-30,EIA_TWIP_ARCHIVE_URL_DATE,https://www.eia.gov/petroleum/weekly/,/petroleum/weekly/archive/2008/080430/twipprint.html,5,7.0,False
2008-05-02,2008-05-07,EIA_TWIP_ARCHIVE_URL_DATE,https://www.eia.gov/petroleum/weekly/,/petroleum/weekly/archive/2008/080507/twipprint.html,5,7.0,False
2008-05-09,2008-05-14,EIA_TWIP_ARCHIVE_URL_DATE,https://www.eia.gov/petroleum/weekly/,/petroleum/weekly/archive/2008/080514/twipprint.html,5,7.0,False
2008-05-16,2008-05-21,EIA_TWIP_ARCHIVE_URL_DATE,https://www.eia.gov/petroleum/weekly/,/petroleum/weekly/archive/2008/080521/twipprint.html,5,7.0,False
2008-05-23,2008-05-29,EIA_TWIP_ARCHIVE_URL_DATE,https://www.eia.gov/petroleum/weekly/,/petroleum/weekly/archive/2008/080529/twipprint.html,6,7.0,True
2008-05-30,2008-06-04,EIA_TWIP_ARCHIVE_URL_DATE,https://www.eia.gov/petroleum/weekly/,/petroleum/weekly/archive/2008/080604/twipprint.html,5,7.0,False
2008-06-06,2008-06-11,EIA_TWIP_ARCHIVE_URL_DATE,https://www.eia.gov/petroleum/weekly/,/petroleum/weekly/archive/2008/080611/twipprint.html,5,7.0,False
2008-06-13,2008-06-18,EIA_TWIP_ARCHIVE_URL_DATE,https://www.eia.gov/petroleum/weekly/,/petroleum/weekly/archive/2008/080618/twipprint.html,5,7.0,False
2008-06-20,2008-06-25,EIA_TWIP_ARCHIVE_URL_DATE,https://www.eia.gov/petroleum/weekly/,/petroleum/weekly/archive/2008/080625/twipprint.html,5,7.0,False
2008-06-27,2008-07-02,EIA_TWIP_ARCHIVE_URL_DATE,https://www.eia.gov/petroleum/weekly/,/petroleum/weekly/archive/2008/080702/twipprint.html,5,7.0,False
2008-07-04,2008-07-09,EIA_TWIP_ARCHIVE_URL_DATE,https://www.eia.gov/petroleum/weekly/,/petroleum/weekly/archive/2008/080709/twipprint.html,5,7.0,False
2008-07-11,2008-07-16,EIA_TWIP_ARCHIVE_URL_DATE,https://www.eia.gov/petroleum/weekly/,/petroleum/weekly/archive/2008/080716/twipprint.html,5,7.0,False
2008-07-18,2008-07-23,EIA_TWIP_ARCHIVE_URL_DATE,https://www.eia.gov/petroleum/weekly/,/petroleum/weekly/archive/2008/080723/twipprint.html,5,7.0,False
2008-07-25,2008-07-30,EIA_TWIP_ARCHIVE_URL_DATE,https://www.eia.gov/petroleum/weekly/,/petroleum/weekly/archive/2008/080730/twipprint.html,5,7.0,False
2008-08-01,2008-08-06,EIA_TWIP_ARCHIVE_URL_DATE,https://www.eia.gov/petroleum/weekly/,/petroleum/weekly/archive/2008/080806/twipprint.html,5,7.0,False
2008-08-08,2008-08-13,EIA_TWIP_ARCHIVE_URL_DATE,https://www.eia.gov/petroleum/weekly/,/petroleum/weekly/archive/2008/080813/twipprint.html,5,7.0,False
2008-08-15,2008-08-20,EIA_TWIP_ARCHIVE_URL_DATE,https://www.eia.gov/petroleum/weekly/,/petroleum/weekly/archive/2008/080820/twipprint.html,5,7.0,False
2008-08-22,2008-08-27,EIA_TWIP_ARCHIVE_URL_DATE,https://www.eia.gov/petroleum/weekly/,/petroleum/weekly/archive/2008/080827/twipprint.html,5,7.0,False
2008-08-29,2008-09-04,EIA_TWIP_ARCHIVE_URL_DATE,https://www.eia.gov/petroleum/weekly/,/petroleum/weekly/archive/2008/080904/twipprint.html,6,7.0,True
2008-09-05,2008-09-10,EIA_TWIP_ARCHIVE_URL_DATE,https://www.eia.gov/petroleum/weekly/,/petroleum/weekly/archive/2008/080910/twipprint.html,5,7.0,False
2008-09-12,2008-09-17,EIA_TWIP_ARCHIVE_URL_DATE,https://www.eia.gov/petroleum/weekly/,/petroleum/weekly/archive/2008/080917/twipprint.html,5,7.0,False
2008-09-19,2008-09-24,EIA_TWIP_ARCHIVE_URL_DATE,https://www.eia.gov/petroleum/weekly/,/petroleum/weekly/archive/2008/080924/twipprint.html,5,7.0,False
2008-09-26,2008-10-01,EIA_TWIP_ARCHIVE_URL_DATE,https://www.eia.gov/petroleum/weekly/,/petroleum/weekly/archive/2008/081001/twipprint.html,5,7.0,False
2008-10-03,2008-10-08,EIA_TWIP_ARCHIVE_URL_DATE,https://www.eia.gov/petroleum/weekly/,/petroleum/weekly/archive/2008/081008/twipprint.html,5,7.0,False
2008-10-10,2008-10-16,EIA_TWIP_ARCHIVE_URL_DATE,https://www.eia.gov/petroleum/weekly/,/petroleum/weekly/archive/2008/081016/twipprint.html,6,7.0,True
2008-10-17,2008-10-22,EIA_TWIP_ARCHIVE_URL_DATE,https://www.eia.gov/petroleum/weekly/,/petroleum/weekly/archive/2008/081022/twipprint.html,5,7.0,False
2008-10-24,2008-10-29,EIA_TWIP_ARCHIVE_URL_DATE,https://www.eia.gov/petroleum/weekly/,/petroleum/weekly/archive/2008/081029/twipprint.html,5,7.0,False
2008-10-31,2008-11-05,EIA_TWIP_ARCHIVE_URL_DATE,https://www.eia.gov/petroleum/weekly/,/petroleum/weekly/archive/2008/081105/twipprint.html,5,7.0,False
2008-11-07,2008-11-13,EIA_TWIP_ARCHIVE_URL_DATE,https://www.eia.gov/petroleum/weekly/,/petroleum/weekly/archive/2008/081113/twipprint.html,6,7.0,True
2008-11-14,2008-11-19,EIA_TWIP_ARCHIVE_URL_DATE,https://www.eia.gov/petroleum/weekly/,/petroleum/weekly/archive/2008/081119/twipprint.html,5,7.0,False
2008-11-21,2008-11-26,EIA_TWIP_ARCHIVE_URL_DATE,https://www.eia.gov/petroleum/weekly/,/petroleum/weekly/archive/2008/081126/twipprint.html,5,7.0,False
2008-11-28,2008-12-03,EIA_TWIP_ARCHIVE_URL_DATE,https://www.eia.gov/petroleum/weekly/,/petroleum/weekly/archive/2008/081203/twipprint.html,5,7.0,False
2008-12-05,2008-12-10,EIA_TWIP_ARCHIVE_URL_DATE,https://www.eia.gov/petroleum/weekly/,/petroleum/weekly/archive/2008/081210/twipprint.html,5,7.0,False
2008-12-12,2008-12-17,EIA_TWIP_ARCHIVE_URL_DATE,https://www.eia.gov/petroleum/weekly/,/petroleum/weekly/archive/2008/081217/twipprint.html,5,7.0,False
2008-12-19,2008-12-24,EIA_TWIP_ARCHIVE_URL_DATE,https://www.eia.gov/petroleum/weekly/,/petroleum/weekly/archive/2008/081224/twipprint.html,5,7.0,False
2008-12-26,2008-12-31,EIA_TWIP_ARCHIVE_URL_DATE,https://www.eia.gov/petroleum/weekly/,/petroleum/weekly/archive/2008/081231/twipprint.html,5,7.0,False
2009-01-02,2009-01-07,EIA_TWIP_ARCHIVE_URL_DATE,https://www.eia.gov/petroleum/weekly/,/petroleum/weekly/archive/2009/090107/twipprint.html,5,7.0,False
2009-01-09,2009-01-14,EIA_TWIP_ARCHIVE_URL_DATE,https://www.eia.gov/petroleum/weekly/,/petroleum/weekly/archive/2009/090114/twipprint.html,5,7.0,False
2009-01-16,2009-01-22,EIA_TWIP_ARCHIVE_URL_DATE,https://www.eia.gov/petroleum/weekly/,/petroleum/weekly/archive/2009/090122/twipprint.html,6,7.0,True
2009-01-23,2009-01-28,EIA_TWIP_ARCHIVE_URL_DATE,https://www.eia.gov/petroleum/weekly/,/petroleum/weekly/archive/2009/090128/twipprint.html,5,7.0,False
2009-01-30,2009-02-04,EIA_TWIP_ARCHIVE_URL_DATE,https://www.eia.gov/petroleum/weekly/,/petroleum/weekly/archive/2009/090204/twipprint.html,5,7.0,False
2009-02-06,2009-02-11,EIA_TWIP_ARCHIVE_URL_DATE,https://www.eia.gov/petroleum/weekly/,/petroleum/weekly/archive/2009/090211/twipprint.html,5,7.0,False
2009-02-13,2009-02-19,EIA_TWIP_ARCHIVE_URL_DATE,https://www.eia.gov/petroleum/weekly/,/petroleum/weekly/archive/2009/090219/twipprint.html,6,7.0,True
2009-02-20,2009-02-25,EIA_TWIP_ARCHIVE_URL_DATE,https://www.eia.gov/petroleum/weekly/,/petroleum/weekly/archive/2009/090225/twipprint.html,5,7.0,False
2009-02-27,2009-03-04,EIA_TWIP_ARCHIVE_URL_DATE,https://www.eia.gov/petroleum/weekly/,/petroleum/weekly/archive/2009/090304/twipprint.html,5,7.0,False
2009-03-06,2009-03-11,EIA_TWIP_ARCHIVE_URL_DATE,https://www.eia.gov/petroleum/weekly/,/petroleum/weekly/archive/2009/090311/twipprint.html,5,7.0,False
2009-03-13,2009-03-18,EIA_TWIP_ARCHIVE_URL_DATE,https://www.eia.gov/petroleum/weekly/,/petroleum/weekly/archive/2009/090318/twipprint.html,5,7.0,False
2009-03-20,2009-03-25,EIA_TWIP_ARCHIVE_URL_DATE,https://www.eia.gov/petroleum/weekly/,/petroleum/weekly/archive/2009/090325/twipprint.html,5,7.0,False
2009-03-27,2009-04-01,EIA_TWIP_ARCHIVE_URL_DATE,https://www.eia.gov/petroleum/weekly/,/petroleum/weekly/archive/2009/090401/twipprint.html,5,7.0,False
2009-04-03,2009-04-08,EIA_TWIP_ARCHIVE_URL_DATE,https://www.eia.gov/petroleum/weekly/,/petroleum/weekly/archive/2009/090408/twipprint.html,5,7.0,False
2009-04-10,2009-04-15,EIA_TWIP_ARCHIVE_URL_DATE,https://www.eia.gov/petroleum/weekly/,/petroleum/weekly/archive/2009/090415/twipprint.html,5,7.0,False
2009-04-17,2009-04-22,EIA_TWIP_ARCHIVE_URL_DATE,https://www.eia.gov/petroleum/weekly/,/petroleum/weekly/archive/2009/090422/twipprint.html,5,7.0,False
2009-04-24,2009-04-29,EIA_TWIP_ARCHIVE_URL_DATE,https://www.eia.gov/petroleum/weekly/,/petroleum/weekly/archive/2009/090429/twipprint.html,5,7.0,False
2009-05-01,2009-05-06,EIA_TWIP_ARCHIVE_URL_DATE,https://www.eia.gov/petroleum/weekly/,/petroleum/weekly/archive/2009/090506/twipprint.html,5,7.0,False
2009-05-08,2009-05-13,EIA_TWIP_ARCHIVE_URL_DATE,https://www.eia.gov/petroleum/weekly/,/petroleum/weekly/archive/2009/090513/twipprint.html,5,7.0,False
2009-05-15,2009-05-20,EIA_TWIP_ARCHIVE_URL_DATE,https://www.eia.gov/petroleum/weekly/,/petroleum/weekly/archive/2009/090520/twipprint.html,5,7.0,False
2009-05-22,2009-05-28,EIA_TWIP_ARCHIVE_URL_DATE,https://www.eia.gov/petroleum/weekly/,/petroleum/weekly/archive/2009/090528/twipprint.html,6,7.0,True
2009-05-29,2009-06-03,EIA_TWIP_ARCHIVE_URL_DATE,https://www.eia.gov/petroleum/weekly/,/petroleum/weekly/archive/2009/090603/twipprint.html,5,7.0,False
2009-06-05,2009-06-10,EIA_TWIP_ARCHIVE_URL_DATE,https://www.eia.gov/petroleum/weekly/,/petroleum/weekly/archive/2009/090610/twipprint.html,5,7.0,False
2009-06-12,2009-06-17,EIA_TWIP_ARCHIVE_URL_DATE,https://www.eia.gov/petroleum/weekly/,/petroleum/weekly/archive/2009/090617/twipprint.html,5,7.0,False
2009-06-19,2009-06-24,EIA_TWIP_ARCHIVE_URL_DATE,https://www.eia.gov/petroleum/weekly/,/petroleum/weekly/archive/2009/090624/twipprint.html,5,7.0,False
2009-06-26,2009-07-01,EIA_TWIP_ARCHIVE_URL_DATE,https://www.eia.gov/petroleum/weekly/,/petroleum/weekly/archive/2009/090701/twipprint.html,5,7.0,False
2009-07-03,2009-07-08,EIA_TWIP_ARCHIVE_URL_DATE,https://www.eia.gov/petroleum/weekly/,/petroleum/weekly/archive/2009/090708/twipprint.html,5,7.0,False
2009-07-10,2009-07-15,EIA_TWIP_ARCHIVE_URL_DATE,https://www.eia.gov/petroleum/weekly/,/petroleum/weekly/archive/2009/090715/twipprint.html,5,7.0,False
2009-07-17,2009-07-22,EIA_TWIP_ARCHIVE_URL_DATE,https://www.eia.gov/petroleum/weekly/,/petroleum/weekly/archive/2009/090722/twipprint.html,5,7.0,False
2009-07-24,2009-07-29,EIA_TWIP_ARCHIVE_URL_DATE,https://www.eia.gov/petroleum/weekly/,/petroleum/weekly/archive/2009/090729/twipprint.html,5,7.0,False
2009-07-31,2009-08-05,EIA_TWIP_ARCHIVE_URL_DATE,https://www.eia.gov/petroleum/weekly/,/petroleum/weekly/archive/2009/090805/twipprint.html,5,7.0,False
2009-08-07,2009-08-12,EIA_TWIP_ARCHIVE_URL_DATE,https://www.eia.gov/petroleum/weekly/,/petroleum/weekly/archive/2009/090812/twipprint.html,5,7.0,False
2009-08-14,2009-08-19,EIA_TWIP_ARCHIVE_URL_DATE,https://www.eia.gov/petroleum/weekly/,/petroleum/weekly/archive/2009/090819/twipprint.html,5,7.0,False
2009-08-21,2009-08-26,EIA_TWIP_ARCHIVE_URL_DATE,https://www.eia.gov/petroleum/weekly/,/petroleum/weekly/archive/2009/090826/twipprint.html,5,7.0,False
2009-08-28,2009-09-02,EIA_TWIP_ARCHIVE_URL_DATE,https://www.eia.gov/petroleum/weekly/,/petroleum/weekly/archive/2009/090902/twipprint.html,5,7.0,False
2009-09-04,2009-09-10,EIA_TWIP_ARCHIVE_URL_DATE,https://www.eia.gov/petroleum/weekly/,/petroleum/weekly/archive/2009/090910/twipprint.html,6,7.0,True
2009-09-11,2009-09-16,EIA_TWIP_ARCHIVE_URL_DATE,https://www.eia.gov/petroleum/weekly/,/petroleum/weekly/archive/2009/090916/twipprint.html,5,7.0,False
2009-09-18,2009-09-23,EIA_TWIP_ARCHIVE_URL_DATE,https://www.eia.gov/petroleum/weekly/,/petroleum/weekly/archive/2009/090923/twipprint.html,5,7.0,False
2009-09-25,2009-09-30,EIA_TWIP_ARCHIVE_URL_DATE,https://www.eia.gov/petroleum/weekly/,/petroleum/weekly/archive/2009/090930/twipprint.html,5,7.0,False
2009-10-02,2009-10-07,EIA_TWIP_ARCHIVE_URL_DATE,https://www.eia.gov/petroleum/weekly/,/petroleum/weekly/archive/2009/091007/twipprint.html,5,7.0,False
2009-10-09,2009-10-15,EIA_TWIP_ARCHIVE_URL_DATE,https://www.eia.gov/petroleum/weekly/,/petroleum/weekly/archive/2009/091015/twipprint.html,6,7.0,True
2009-10-16,2009-10-21,EIA_TWIP_ARCHIVE_URL_DATE,https://www.eia.gov/petroleum/weekly/,/petroleum/weekly/archive/2009/091021/twipprint.html,5,7.0,False
2009-10-23,2009-10-28,EIA_TWIP_ARCHIVE_URL_DATE,https://www.eia.gov/petroleum/weekly/,/petroleum/weekly/archive/2009/091028/twipprint.html,5,7.0,False
2009-10-30,2009-11-04,EIA_TWIP_ARCHIVE_URL_DATE,https://www.eia.gov/petroleum/weekly/,/petroleum/weekly/archive/2009/091104/twipprint.html,5,7.0,False
2009-11-06,2009-11-12,EIA_TWIP_ARCHIVE_URL_DATE,https://www.eia.gov/petroleum/weekly/,/petroleum/weekly/archive/2009/091112/twipprint.html,6,7.0,True
2009-11-13,2009-11-18,EIA_TWIP_ARCHIVE_URL_DATE,https://www.eia.gov/petroleum/weekly/,/petroleum/weekly/archive/2009/091118/twipprint.html,5,7.0,False
2009-11-20,2009-11-25,EIA_TWIP_ARCHIVE_URL_DATE,https://www.eia.gov/petroleum/weekly/,/petroleum/weekly/archive/2009/091125/twipprint.html,5,7.0,False
2009-11-27,2009-12-02,EIA_TWIP_ARCHIVE_URL_DATE,https://www.eia.gov/petroleum/weekly/,/petroleum/weekly/archive/2009/091202/twipprint.html,5,7.0,False
2009-12-04,2009-12-09,EIA_TWIP_ARCHIVE_URL_DATE,https://www.eia.gov/petroleum/weekly/,/petroleum/weekly/archive/2009/091209/twipprint.html,5,7.0,False
2009-12-11,2009-12-16,EIA_TWIP_ARCHIVE_URL_DATE,https://www.eia.gov/petroleum/weekly/,/petroleum/weekly/archive/2009/091216/twipprint.html,5,7.0,False
2009-12-18,2009-12-23,EIA_TWIP_ARCHIVE_URL_DATE,https://www.eia.gov/petroleum/weekly/,/petroleum/weekly/archive/2009/091223/twipprint.html,5,7.0,False
2009-12-25,2009-12-30,EIA_TWIP_ARCHIVE_URL_DATE,https://www.eia.gov/petroleum/weekly/,/petroleum/weekly/archive/2009/091230/twipprint.html,5,7.0,False
2010-01-01,2010-01-06,EIA_TWIP_ARCHIVE_URL_DATE,https://www.eia.gov/petroleum/weekly/,/petroleum/weekly/archive/2010/100106/twipprint.html,5,7.0,False
2010-01-08,2010-01-13,EIA_TWIP_ARCHIVE_URL_DATE,https://www.eia.gov/petroleum/weekly/,/petroleum/weekly/archive/2010/100113/twipprint.html,5,7.0,False
2010-01-15,2010-01-21,EIA_TWIP_ARCHIVE_URL_DATE,https://www.eia.gov/petroleum/weekly/,/petroleum/weekly/archive/2010/100121/twipprint.html,6,7.0,True
2010-01-22,2010-01-27,EIA_TWIP_ARCHIVE_URL_DATE,https://www.eia.gov/petroleum/weekly/,/petroleum/weekly/archive/2010/100127/twipprint.html,5,7.0,False
2010-01-29,2010-02-03,EIA_TWIP_ARCHIVE_URL_DATE,https://www.eia.gov/petroleum/weekly/,/petroleum/weekly/archive/2010/100203/twipprint.html,5,7.0,False
2010-02-05,2010-02-12,EIA_TWIP_ARCHIVE_URL_DATE,https://www.eia.gov/petroleum/weekly/,/petroleum/weekly/archive/2010/100212/twipprint.html,7,7.0,True
2010-02-12,2010-02-18,EIA_TWIP_ARCHIVE_URL_DATE,https://www.eia.gov/petroleum/weekly/,/petroleum/weekly/archive/2010/100218/twipprint.html,6,7.0,True
2010-02-19,2010-02-24,EIA_TWIP_ARCHIVE_URL_DATE,https://www.eia.gov/petroleum/weekly/,/petroleum/weekly/archive/2010/100224/twipprint.html,5,7.0,False
2010-02-26,2010-03-03,EIA_TWIP_ARCHIVE_URL_DATE,https://www.eia.gov/petroleum/weekly/,/petroleum/weekly/archive/2010/100303/twipprint.html,5,7.0,False
2010-03-05,2010-03-10,EIA_TWIP_ARCHIVE_URL_DATE,https://www.eia.gov/petroleum/weekly/,/petroleum/weekly/archive/2010/100310/twipprint.html,5,7.0,False
2010-03-12,2010-03-17,EIA_TWIP_ARCHIVE_URL_DATE,https://www.eia.gov/petroleum/weekly/,/petroleum/weekly/archive/2010/100317/twipprint.html,5,7.0,False
2010-03-19,2010-03-24,EIA_TWIP_ARCHIVE_URL_DATE,https://www.eia.gov/petroleum/weekly/,/petroleum/weekly/archive/2010/100324/twipprint.html,5,7.0,False
2010-03-26,2010-03-31,EIA_TWIP_ARCHIVE_URL_DATE,https://www.eia.gov/petroleum/weekly/,/petroleum/weekly/archive/2010/100331/twipprint.html,5,7.0,False
2010-04-02,2010-04-07,EIA_TWIP_ARCHIVE_URL_DATE,https://www.eia.gov/petroleum/weekly/,/petroleum/weekly/archive/2010/100407/twipprint.html,5,7.0,False
2010-04-09,2010-04-14,EIA_TWIP_ARCHIVE_URL_DATE,https://www.eia.gov/petroleum/weekly/,/petroleum/weekly/archive/2010/100414/twipprint.html,5,7.0,False
2010-04-16,2010-04-21,EIA_TWIP_ARCHIVE_URL_DATE,https://www.eia.gov/petroleum/weekly/,/petroleum/weekly/archive/2010/100421/twipprint.html,5,7.0,False
2010-04-23,2010-04-28,EIA_TWIP_ARCHIVE_URL_DATE,https://www.eia.gov/petroleum/weekly/,/petroleum/weekly/archive/2010/100428/twipprint.html,5,7.0,False
2010-04-30,2010-05-05,EIA_TWIP_ARCHIVE_URL_DATE,https://www.eia.gov/petroleum/weekly/,/petroleum/weekly/archive/2010/100505/twipprint.html,5,7.0,False
2010-05-07,2010-05-12,EIA_TWIP_ARCHIVE_URL_DATE,https://www.eia.gov/petroleum/weekly/,/petroleum/weekly/archive/2010/100512/twipprint.html,5,7.0,False
2010-05-14,2010-05-19,EIA_TWIP_ARCHIVE_URL_DATE,https://www.eia.gov/petroleum/weekly/,/petroleum/weekly/archive/2010/100519/twipprint.html,5,7.0,False
2010-05-21,2010-05-26,EIA_TWIP_ARCHIVE_URL_DATE,https://www.eia.gov/petroleum/weekly/,/petroleum/weekly/archive/2010/100526/twipprint.html,5,7.0,False
2010-05-28,2010-06-03,EIA_TWIP_ARCHIVE_URL_DATE,https://www.eia.gov/petroleum/weekly/,/petroleum/weekly/archive/2010/100603/twipprint.html,6,7.0,True
2010-06-04,2010-06-09,EIA_TWIP_ARCHIVE_URL_DATE,https://www.eia.gov/petroleum/weekly/,/petroleum/weekly/archive/2010/100609/twipprint.html,5,7.0,False
2010-06-11,2010-06-16,EIA_TWIP_ARCHIVE_URL_DATE,https://www.eia.gov/petroleum/weekly/,/petroleum/weekly/archive/2010/100616/twipprint.html,5,7.0,False
2010-06-18,2010-06-23,EIA_TWIP_ARCHIVE_URL_DATE,https://www.eia.gov/petroleum/weekly/,/petroleum/weekly/archive/2010/100623/twipprint.html,5,7.0,False
2010-06-25,2010-06-30,EIA_TWIP_ARCHIVE_URL_DATE,https://www.eia.gov/petroleum/weekly/,/petroleum/weekly/archive/2010/100630/twipprint.html,5,7.0,False
2010-07-02,2010-07-08,EIA_TWIP_ARCHIVE_URL_DATE,https://www.eia.gov/petroleum/weekly/,/petroleum/weekly/archive/2010/100708/twipprint.html,6,7.0,True
2010-07-09,2010-07-14,EIA_TWIP_ARCHIVE_URL_DATE,https://www.eia.gov/petroleum/weekly/,/petroleum/weekly/archive/2010/100714/twipprint.html,5,7.0,False
2010-07-16,2010-07-21,EIA_TWIP_ARCHIVE_URL_DATE,https://www.eia.gov/petroleum/weekly/,/petroleum/weekly/archive/2010/100721/twipprint.html,5,7.0,False
2010-07-23,2010-07-28,EIA_TWIP_ARCHIVE_URL_DATE,https://www.eia.gov/petroleum/weekly/,/petroleum/weekly/archive/2010/100728/twipprint.html,5,7.0,False
2010-07-30,2010-08-04,EIA_TWIP_ARCHIVE_URL_DATE,https://www.eia.gov/petroleum/weekly/,/petroleum/weekly/archive/2010/100804/twipprint.html,5,7.0,False
2010-08-06,2010-08-11,EIA_TWIP_ARCHIVE_URL_DATE,https://www.eia.gov/petroleum/weekly/,/petroleum/weekly/archive/2010/100811/twipprint.html,5,7.0,False
2010-08-13,2010-08-18,EIA_TWIP_ARCHIVE_URL_DATE,https://www.eia.gov/petroleum/weekly/,/petroleum/weekly/archive/2010/100818/twipprint.html,5,7.0,False
2010-08-20,2010-08-25,EIA_TWIP_ARCHIVE_URL_DATE,https://www.eia.gov/petroleum/weekly/,/petroleum/weekly/archive/2010/100825/twipprint.html,5,7.0,False
2010-08-27,2010-09-01,EIA_TWIP_ARCHIVE_URL_DATE,https://www.eia.gov/petroleum/weekly/,/petroleum/weekly/archive/2010/100901/twipprint.html,5,7.0,False
2010-09-03,2010-09-09,EIA_TWIP_ARCHIVE_URL_DATE,https://www.eia.gov/petroleum/weekly/,/petroleum/weekly/archive/2010/100909/twipprint.html,6,7.0,True
2010-09-10,2010-09-15,EIA_TWIP_ARCHIVE_URL_DATE,https://www.eia.gov/petroleum/weekly/,/petroleum/weekly/archive/2010/100915/twipprint.html,5,7.0,False
2010-09-17,2010-09-22,EIA_TWIP_ARCHIVE_URL_DATE,https://www.eia.gov/petroleum/weekly/,/petroleum/weekly/archive/2010/100922/twipprint.html,5,7.0,False
2010-09-24,2010-09-29,EIA_TWIP_ARCHIVE_URL_DATE,https://www.eia.gov/petroleum/weekly/,/petroleum/weekly/archive/2010/100929/twipprint.html,5,7.0,False
2010-10-01,2010-10-06,EIA_TWIP_ARCHIVE_URL_DATE,https://www.eia.gov/petroleum/weekly/,/petroleum/weekly/archive/2010/101006/twipprint.html,5,7.0,False
2010-10-08,2010-10-14,EIA_TWIP_ARCHIVE_URL_DATE,https://www.eia.gov/petroleum/weekly/,/petroleum/weekly/archive/2010/101014/twipprint.html,6,7.0,True
2010-10-15,2010-10-20,EIA_TWIP_ARCHIVE_URL_DATE,https://www.eia.gov/petroleum/weekly/,/petroleum/weekly/archive/2010/101020/twipprint.html,5,7.0,False
2010-10-22,2010-10-27,EIA_TWIP_ARCHIVE_URL_DATE,https://www.eia.gov/petroleum/weekly/,/petroleum/weekly/archive/2010/101027/twipprint.html,5,7.0,False
2010-10-29,2010-11-03,EIA_TWIP_ARCHIVE_URL_DATE,https://www.eia.gov/petroleum/weekly/,/petroleum/weekly/archive/2010/101103/twipprint.html,5,7.0,False
2010-11-05,2010-11-10,EIA_TWIP_ARCHIVE_URL_DATE,https://www.eia.gov/petroleum/weekly/,/petroleum/weekly/archive/2010/101110/twipprint.html,5,7.0,False
2010-11-12,2010-11-17,EIA_TWIP_ARCHIVE_URL_DATE,https://www.eia.gov/petroleum/weekly/,/petroleum/weekly/archive/2010/101117/twipprint.html,5,7.0,False
2010-11-19,2010-11-24,EIA_TWIP_ARCHIVE_URL_DATE,https://www.eia.gov/petroleum/weekly/,/petroleum/weekly/archive/2010/101124/twipprint.html,5,7.0,False
2010-11-26,2010-12-01,EIA_TWIP_ARCHIVE_URL_DATE,https://www.eia.gov/petroleum/weekly/,/petroleum/weekly/archive/2010/101201/twipprint.html,5,7.0,False
2010-12-03,2010-12-08,EIA_TWIP_ARCHIVE_URL_DATE,https://www.eia.gov/petroleum/weekly/,/petroleum/weekly/archive/2010/101208/twipprint.html,5,7.0,False
2010-12-10,2010-12-15,EIA_TWIP_ARCHIVE_URL_DATE,https://www.eia.gov/petroleum/weekly/,/petroleum/weekly/archive/2010/101215/twipprint.html,5,7.0,False
2010-12-17,2010-12-22,EIA_TWIP_ARCHIVE_URL_DATE,https://www.eia.gov/petroleum/weekly/,/petroleum/weekly/archive/2010/101222/twipprint.html,5,7.0,False
2010-12-24,2010-12-30,EIA_TWIP_ARCHIVE_URL_DATE,https://www.eia.gov/petroleum/weekly/,/petroleum/weekly/archive/2010/101230/twipprint.html,6,7.0,True
2010-12-31,2011-01-05,EIA_TWIP_ARCHIVE_URL_DATE,https://www.eia.gov/petroleum/weekly/,/petroleum/weekly/archive/2011/110105/twipprint.html,5,7.0,False
2011-01-07,2011-01-12,EIA_TWIP_ARCHIVE_URL_DATE,https://www.eia.gov/petroleum/weekly/,/petroleum/weekly/archive/2011/110112/twipprint.html,5,7.0,False
2011-01-14,2011-01-20,EIA_TWIP_ARCHIVE_URL_DATE,https://www.eia.gov/petroleum/weekly/,/petroleum/weekly/archive/2011/110120/twipprint.html,6,7.0,True
2011-01-21,2011-01-26,EIA_TWIP_ARCHIVE_URL_DATE,https://www.eia.gov/petroleum/weekly/,/petroleum/weekly/archive/2011/110126/twipprint.html,5,7.0,False
2011-01-28,2011-02-02,EIA_TWIP_ARCHIVE_URL_DATE,https://www.eia.gov/petroleum/weekly/,/petroleum/weekly/archive/2011/110202/twipprint.html,5,7.0,False
2011-02-04,2011-02-09,EIA_TWIP_ARCHIVE_URL_DATE,https://www.eia.gov/petroleum/weekly/,/petroleum/weekly/archive/2011/110209/twipprint.html,5,7.0,False
2011-02-11,2011-02-16,EIA_TWIP_ARCHIVE_URL_DATE,https://www.eia.gov/petroleum/weekly/,/petroleum/weekly/archive/2011/110216/twipprint.html,5,7.0,False
2011-02-18,2011-02-24,EIA_TWIP_ARCHIVE_URL_DATE,https://www.eia.gov/petroleum/weekly/,/petroleum/weekly/archive/2011/110224/twipprint.html,6,7.0,True
2011-02-25,2011-03-02,EIA_TWIP_ARCHIVE_URL_DATE,https://www.eia.gov/petroleum/weekly/,/petroleum/weekly/archive/2011/110302/twipprint.html,5,7.0,False
2011-03-04,2011-03-09,EIA_TWIP_ARCHIVE_URL_DATE,https://www.eia.gov/petroleum/weekly/,/petroleum/weekly/archive/2011/110309/twipprint.html,5,7.0,False
2011-03-11,2011-03-16,EIA_TWIP_ARCHIVE_URL_DATE,https://www.eia.gov/petroleum/weekly/,/petroleum/weekly/archive/2011/110316/twipprint.html,5,7.0,False
2011-03-18,2011-03-23,EIA_TWIP_ARCHIVE_URL_DATE,https://www.eia.gov/petroleum/weekly/,/petroleum/weekly/archive/2011/110323/twipprint.html,5,7.0,False
2011-03-25,2011-03-30,EIA_TWIP_ARCHIVE_URL_DATE,https://www.eia.gov/petroleum/weekly/,/petroleum/weekly/archive/2011/110330/twipprint.html,5,7.0,False
2011-04-01,2011-04-06,EIA_TWIP_ARCHIVE_URL_DATE,https://www.eia.gov/petroleum/weekly/,/petroleum/weekly/archive/2011/110406/twipprint.html,5,7.0,False
2011-04-08,2011-04-13,EIA_TWIP_ARCHIVE_URL_DATE,https://www.eia.gov/petroleum/weekly/,/petroleum/weekly/archive/2011/110413/twipprint.html,5,7.0,False
2011-04-15,2011-04-20,EIA_TWIP_ARCHIVE_URL_DATE,https://www.eia.gov/petroleum/weekly/,/petroleum/weekly/archive/2011/110420/twipprint.html,5,7.0,False
2011-04-22,2011-04-27,EIA_TWIP_ARCHIVE_URL_DATE,https://www.eia.gov/petroleum/weekly/,/petroleum/weekly/archive/2011/110427/twipprint.html,5,7.0,False
2011-04-29,2011-05-04,EIA_TWIP_ARCHIVE_URL_DATE,https://www.eia.gov/petroleum/weekly/,/petroleum/weekly/archive/2011/110504/twipprint.html,5,7.0,False
2011-05-06,2011-05-11,EIA_TWIP_ARCHIVE_URL_DATE,https://www.eia.gov/petroleum/weekly/,/petroleum/weekly/archive/2011/110511/twipprint.html,5,7.0,False
2011-05-13,2011-05-18,EIA_TWIP_ARCHIVE_URL_DATE,https://www.eia.gov/petroleum/weekly/,/petroleum/weekly/archive/2011/110518/twipprint.html,5,7.0,False
2011-05-20,2011-05-25,EIA_TWIP_ARCHIVE_URL_DATE,https://www.eia.gov/petroleum/weekly/,/petroleum/weekly/archive/2011/110525/twipprint.html,5,7.0,False
2011-05-27,2011-06-02,EIA_TWIP_ARCHIVE_URL_DATE,https://www.eia.gov/petroleum/weekly/,/petroleum/weekly/archive/2011/110602/twipprint.html,6,7.0,True
2011-06-03,2011-06-08,EIA_TWIP_ARCHIVE_URL_DATE,https://www.eia.gov/petroleum/weekly/,/petroleum/weekly/archive/2011/110608/twipprint.html,5,7.0,False
2011-06-10,2011-06-15,EIA_TWIP_ARCHIVE_URL_DATE,https://www.eia.gov/petroleum/weekly/,/petroleum/weekly/archive/2011/110615/twipprint.html,5,7.0,False
2011-06-17,2011-06-22,EIA_TWIP_ARCHIVE_URL_DATE,https://www.eia.gov/petroleum/weekly/,/petroleum/weekly/archive/2011/110622/twipprint.html,5,7.0,False
2011-06-24,2011-06-29,EIA_TWIP_ARCHIVE_URL_DATE,https://www.eia.gov/petroleum/weekly/,/petroleum/weekly/archive/2011/110629/twipprint.html,5,7.0,False
2011-07-01,2011-07-07,EIA_TWIP_ARCHIVE_URL_DATE,https://www.eia.gov/petroleum/weekly/,/petroleum/weekly/archive/2011/110707/twipprint.html,6,7.0,True
2011-07-08,2011-07-13,EIA_TWIP_ARCHIVE_URL_DATE,https://www.eia.gov/petroleum/weekly/,/petroleum/weekly/archive/2011/110713/twipprint.html,5,7.0,False
2011-07-15,2011-07-20,EIA_TWIP_ARCHIVE_URL_DATE,https://www.eia.gov/petroleum/weekly/,/petroleum/weekly/archive/2011/110720/twipprint.html,5,7.0,False
2011-07-22,2011-07-27,EIA_TWIP_ARCHIVE_URL_DATE,https://www.eia.gov/petroleum/weekly/,/petroleum/weekly/archive/2011/110727/twipprint.html,5,7.0,False
2011-07-29,2011-08-03,EIA_TWIP_ARCHIVE_URL_DATE,https://www.eia.gov/petroleum/weekly/,/petroleum/weekly/archive/2011/110803/twipprint.html,5,7.0,False
2011-08-05,2011-08-10,EIA_TWIP_ARCHIVE_URL_DATE,https://www.eia.gov/petroleum/weekly/,/petroleum/weekly/archive/2011/110810/twipprint.html,5,7.0,False
2011-08-12,2011-08-17,EIA_TWIP_ARCHIVE_URL_DATE,https://www.eia.gov/petroleum/weekly/,/petroleum/weekly/archive/2011/110817/twipprint.html,5,7.0,False
2011-08-19,2011-08-24,EIA_TWIP_ARCHIVE_URL_DATE,https://www.eia.gov/petroleum/weekly/,/petroleum/weekly/archive/2011/110824/twipprint.html,5,7.0,False
2011-08-26,2011-08-31,EIA_TWIP_ARCHIVE_URL_DATE,https://www.eia.gov/petroleum/weekly/,/petroleum/weekly/archive/2011/110831/twipprint.html,5,7.0,False
2011-09-02,2011-09-08,EIA_TWIP_ARCHIVE_URL_DATE,https://www.eia.gov/petroleum/weekly/,/petroleum/weekly/archive/2011/110908/twipprint.html,6,7.0,True
2011-09-09,2011-09-14,EIA_TWIP_ARCHIVE_URL_DATE,https://www.eia.gov/petroleum/weekly/,/petroleum/weekly/archive/2011/110914/twipprint.html,5,7.0,False
2011-09-16,2011-09-21,EIA_TWIP_ARCHIVE_URL_DATE,https://www.eia.gov/petroleum/weekly/,/petroleum/weekly/archive/2011/110921/twipprint.html,5,7.0,False
2011-09-23,2011-09-28,EIA_TWIP_ARCHIVE_URL_DATE,https://www.eia.gov/petroleum/weekly/,/petroleum/weekly/archive/2011/110928/twipprint.html,5,7.0,False
2011-09-30,2011-10-05,EIA_TWIP_ARCHIVE_URL_DATE,https://www.eia.gov/petroleum/weekly/,/petroleum/weekly/archive/2011/111005/twipprint.html,5,7.0,False
2011-10-07,2011-10-13,EIA_TWIP_ARCHIVE_URL_DATE,https://www.eia.gov/petroleum/weekly/,/petroleum/weekly/archive/2011/111013/twipprint.html,6,7.0,True
2011-10-14,2011-10-19,EIA_TWIP_ARCHIVE_URL_DATE,https://www.eia.gov/petroleum/weekly/,/petroleum/weekly/archive/2011/111019/twipprint.html,5,7.0,False
2011-10-21,2011-10-26,EIA_TWIP_ARCHIVE_URL_DATE,https://www.eia.gov/petroleum/weekly/,/petroleum/weekly/archive/2011/111026/twipprint.html,5,7.0,False
2011-10-28,2011-11-02,EIA_TWIP_ARCHIVE_URL_DATE,https://www.eia.gov/petroleum/weekly/,/petroleum/weekly/archive/2011/111102/twipprint.html,5,7.0,False
2011-11-04,2011-11-09,EIA_TWIP_ARCHIVE_URL_DATE,https://www.eia.gov/petroleum/weekly/,/petroleum/weekly/archive/2011/111109/twipprint.html,5,7.0,False
2011-11-11,2011-11-16,EIA_TWIP_ARCHIVE_URL_DATE,https://www.eia.gov/petroleum/weekly/,/petroleum/weekly/archive/2011/111116/twipprint.html,5,7.0,False
2011-11-18,2011-11-23,EIA_TWIP_ARCHIVE_URL_DATE,https://www.eia.gov/petroleum/weekly/,/petroleum/weekly/archive/2011/111123/twipprint.html,5,7.0,False
2011-11-25,2011-11-30,EIA_TWIP_ARCHIVE_URL_DATE,https://www.eia.gov/petroleum/weekly/,/petroleum/weekly/archive/2011/111130/twipprint.html,5,7.0,False
2011-12-02,2011-12-07,EIA_TWIP_ARCHIVE_URL_DATE,https://www.eia.gov/petroleum/weekly/,/petroleum/weekly/archive/2011/111207/twipprint.html,5,7.0,False
2011-12-09,2011-12-14,EIA_TWIP_ARCHIVE_URL_DATE,https://www.eia.gov/petroleum/weekly/,/petroleum/weekly/archive/2011/111214/twipprint.html,5,7.0,False
2011-12-16,2011-12-21,EIA_TWIP_ARCHIVE_URL_DATE,https://www.eia.gov/petroleum/weekly/,/petroleum/weekly/archive/2011/111221/twipprint.html,5,7.0,False
2011-12-23,2011-12-29,EIA_TWIP_ARCHIVE_URL_DATE,https://www.eia.gov/petroleum/weekly/,/petroleum/weekly/archive/2011/111229/twipprint.html,6,7.0,True
2011-12-30,2012-01-05,EIA_TWIP_ARCHIVE_URL_DATE,https://www.eia.gov/petroleum/weekly/,/petroleum/weekly/archive/120105/twipprint.html,6,7.0,True
2012-01-06,2012-01-11,EIA_TWIP_ARCHIVE_URL_DATE,https://www.eia.gov/petroleum/weekly/,/petroleum/weekly/archive/120111/twipprint.html,5,7.0,False
2012-01-13,2012-01-19,EIA_TWIP_ARCHIVE_URL_DATE,https://www.eia.gov/petroleum/weekly/,/petroleum/weekly/archive/120119/twipprint.html,6,7.0,True
2012-01-20,2012-01-25,EIA_TWIP_ARCHIVE_URL_DATE,https://www.eia.gov/petroleum/weekly/,/petroleum/weekly/archive/120125/twipprint.html,5,7.0,False
2012-01-27,2012-02-01,EIA_TWIP_ARCHIVE_URL_DATE,https://www.eia.gov/petroleum/weekly/,/petroleum/weekly/archive/120201/twipprint.html,5,7.0,False
2012-02-03,2012-02-08,EIA_TWIP_ARCHIVE_URL_DATE,https://www.eia.gov/petroleum/weekly/,/petroleum/weekly/archive/120208/twipprint.html,5,7.0,False
2012-02-10,2012-02-15,EIA_TWIP_ARCHIVE_URL_DATE,https://www.eia.gov/petroleum/weekly/,/petroleum/weekly/archive/120215/twipprint.html,5,7.0,False
2012-02-17,2012-02-23,EIA_TWIP_ARCHIVE_URL_DATE,https://www.eia.gov/petroleum/weekly/,/petroleum/weekly/archive/120223/twipprint.html,6,7.0,True
2012-02-24,2012-02-29,EIA_TWIP_ARCHIVE_URL_DATE,https://www.eia.gov/petroleum/weekly/,/petroleum/weekly/archive/120229/twipprint.html,5,7.0,False
2012-03-02,2012-03-07,EIA_TWIP_ARCHIVE_URL_DATE,https://www.eia.gov/petroleum/weekly/,/petroleum/weekly/archive/120307/twipprint.html,5,7.0,False
2012-03-09,2012-03-14,EIA_TWIP_ARCHIVE_URL_DATE,https://www.eia.gov/petroleum/weekly/,/petroleum/weekly/archive/120314/twipprint.html,5,7.0,False
2012-03-16,2012-03-21,EIA_TWIP_ARCHIVE_URL_DATE,https://www.eia.gov/petroleum/weekly/,/petroleum/weekly/archive/120321/twipprint.html,5,7.0,False
2012-03-23,2012-03-28,EIA_TWIP_ARCHIVE_URL_DATE,https://www.eia.gov/petroleum/weekly/,/petroleum/weekly/archive/120328/twipprint.html,5,7.0,False
2012-03-30,2012-04-04,EIA_TWIP_ARCHIVE_URL_DATE,https://www.eia.gov/petroleum/weekly/,/petroleum/weekly/archive/120404/twipprint.html,5,7.0,False
2012-04-06,2012-04-11,EIA_TWIP_ARCHIVE_URL_DATE,https://www.eia.gov/petroleum/weekly/,/petroleum/weekly/archive/120411/twipprint.html,5,7.0,False
2012-04-13,2012-04-18,EIA_TWIP_ARCHIVE_URL_DATE,https://www.eia.gov/petroleum/weekly/,/petroleum/weekly/archive/120418/twipprint.html,5,7.0,False
2012-04-20,2012-04-25,EIA_TWIP_ARCHIVE_URL_DATE,https://www.eia.gov/petroleum/weekly/,/petroleum/weekly/archive/120425/twipprint.html,5,7.0,False
2012-04-27,2012-05-02,EIA_TWIP_ARCHIVE_URL_DATE,https://www.eia.gov/petroleum/weekly/,/petroleum/weekly/archive/120502/twipprint.html,5,7.0,False
2012-05-04,2012-05-09,EIA_TWIP_ARCHIVE_URL_DATE,https://www.eia.gov/petroleum/weekly/,/petroleum/weekly/archive/120509/twipprint.html,5,7.0,False
2012-05-11,2012-05-16,EIA_TWIP_ARCHIVE_URL_DATE,https://www.eia.gov/petroleum/weekly/,/petroleum/weekly/archive/120516/twipprint.html,5,7.0,False
2012-05-18,2012-05-23,EIA_TWIP_ARCHIVE_URL_DATE,https://www.eia.gov/petroleum/weekly/,/petroleum/weekly/archive/120523/twipprint.html,5,7.0,False
2012-05-25,2012-05-31,EIA_TWIP_ARCHIVE_URL_DATE,https://www.eia.gov/petroleum/weekly/,/petroleum/weekly/archive/120531/twipprint.html,6,7.0,True
2012-06-01,2012-06-06,EIA_TWIP_ARCHIVE_URL_DATE,https://www.eia.gov/petroleum/weekly/,/petroleum/weekly/archive/120606/twipprint.html,5,7.0,False
2012-06-08,2012-06-13,EIA_TWIP_ARCHIVE_URL_DATE,https://www.eia.gov/petroleum/weekly/,/petroleum/weekly/archive/120613/twipprint.html,5,7.0,False
2012-06-15,2012-06-20,EIA_TWIP_ARCHIVE_URL_DATE,https://www.eia.gov/petroleum/weekly/,/petroleum/weekly/archive/120620/twipprint.html,5,7.0,False
2012-06-22,2012-06-27,EIA_TWIP_ARCHIVE_URL_DATE,https://www.eia.gov/petroleum/weekly/,/petroleum/weekly/archive/120627/twipprint.html,5,7.0,False
2012-06-29,2012-07-05,EIA_TWIP_ARCHIVE_URL_DATE,https://www.eia.gov/petroleum/weekly/,/petroleum/weekly/archive/120705/twipprint.html,6,7.0,True
2012-07-06,2012-07-11,EIA_TWIP_ARCHIVE_URL_DATE,https://www.eia.gov/petroleum/weekly/,/petroleum/weekly/archive/120711/twipprint.html,5,7.0,False
2012-07-13,2012-07-18,EIA_TWIP_ARCHIVE_URL_DATE,https://www.eia.gov/petroleum/weekly/,/petroleum/weekly/archive/120718/twipprint.html,5,7.0,False
2012-07-20,2012-07-25,EIA_TWIP_ARCHIVE_URL_DATE,https://www.eia.gov/petroleum/weekly/,/petroleum/weekly/archive/120725/twipprint.html,5,7.0,False
2012-07-27,2012-08-01,EIA_TWIP_ARCHIVE_URL_DATE,https://www.eia.gov/petroleum/weekly/,/petroleum/weekly/archive/120801/twipprint.html,5,7.0,False
2012-08-03,2012-08-08,EIA_TWIP_ARCHIVE_URL_DATE,https://www.eia.gov/petroleum/weekly/,/petroleum/weekly/archive/120808/twipprint.html,5,7.0,False
2012-08-10,2012-08-15,EIA_TWIP_ARCHIVE_URL_DATE,https://www.eia.gov/petroleum/weekly/,/petroleum/weekly/archive/120815/twipprint.html,5,7.0,False
2012-08-17,2012-08-22,EIA_TWIP_ARCHIVE_URL_DATE,https://www.eia.gov/petroleum/weekly/,/petroleum/weekly/archive/120822/twipprint.html,5,7.0,False
2012-08-24,2012-08-29,EIA_TWIP_ARCHIVE_URL_DATE,https://www.eia.gov/petroleum/weekly/,/petroleum/weekly/archive/120829/twipprint.html,5,7.0,False
2012-08-31,2012-09-06,EIA_TWIP_ARCHIVE_URL_DATE,https://www.eia.gov/petroleum/weekly/,/petroleum/weekly/archive/120906/twipprint.html,6,7.0,True
2012-09-07,2012-09-12,EIA_TWIP_ARCHIVE_URL_DATE,https://www.eia.gov/petroleum/weekly/,/petroleum/weekly/archive/120912/twipprint.html,5,7.0,False
2012-09-14,2012-09-19,EIA_TWIP_ARCHIVE_URL_DATE,https://www.eia.gov/petroleum/weekly/,/petroleum/weekly/archive/120919/twipprint.html,5,7.0,False
2012-09-21,2012-09-26,EIA_TWIP_ARCHIVE_URL_DATE,https://www.eia.gov/petroleum/weekly/,/petroleum/weekly/archive/120926/twipprint.html,5,7.0,False
2012-09-28,2012-10-03,EIA_TWIP_ARCHIVE_URL_DATE,https://www.eia.gov/petroleum/weekly/,/petroleum/weekly/archive/121003/twipprint.html,5,7.0,False
2012-10-05,2012-10-11,EIA_TWIP_ARCHIVE_URL_DATE,https://www.eia.gov/petroleum/weekly/,/petroleum/weekly/archive/121011/twipprint.html,6,7.0,True
2012-10-12,2012-10-17,EIA_TWIP_ARCHIVE_URL_DATE,https://www.eia.gov/petroleum/weekly/,/petroleum/weekly/archive/121017/twipprint.html,5,7.0,False
2012-10-19,2012-10-24,EIA_TWIP_ARCHIVE_URL_DATE,https://www.eia.gov/petroleum/weekly/,/petroleum/weekly/archive/121024/twipprint.html,5,7.0,False
2012-10-26,2012-11-02,EIA_TWIP_ARCHIVE_URL_DATE,https://www.eia.gov/petroleum/weekly/,/petroleum/weekly/archive/2012/121102/twipprint.html,7,7.0,True
2012-11-02,2012-11-07,EIA_TWIP_ARCHIVE_URL_DATE,https://www.eia.gov/petroleum/weekly/,/petroleum/weekly/archive/2012/121107/twipprint.html,5,7.0,False
2012-11-09,2012-11-15,EIA_TWIP_ARCHIVE_URL_DATE,https://www.eia.gov/petroleum/weekly/,/petroleum/weekly/archive/2012/121115/twipprint.html,6,7.0,True
2012-11-16,2012-11-21,EIA_TWIP_ARCHIVE_URL_DATE,https://www.eia.gov/petroleum/weekly/,/petroleum/weekly/archive/2012/121121/twipprint.html,5,7.0,False
2012-11-23,2012-11-28,EIA_TWIP_ARCHIVE_URL_DATE,https://www.eia.gov/petroleum/weekly/,/petroleum/weekly/archive/2012/121128/twipprint.html,5,7.0,False
2012-11-30,2012-12-05,EIA_TWIP_ARCHIVE_URL_DATE,https://www.eia.gov/petroleum/weekly/,/petroleum/weekly/archive/2012/121205/twipprint.html,5,7.0,False
2012-12-07,2012-12-12,EIA_TWIP_ARCHIVE_URL_DATE,https://www.eia.gov/petroleum/weekly/,/petroleum/weekly/archive/2012/121212/twipprint.html,5,7.0,False
2012-12-14,2012-12-19,EIA_TWIP_ARCHIVE_URL_DATE,https://www.eia.gov/petroleum/weekly/,/petroleum/weekly/archive/2012/121219/twipprint.html,5,7.0,False
2012-12-21,2012-12-28,EIA_TWIP_ARCHIVE_URL_DATE,https://www.eia.gov/petroleum/weekly/,/petroleum/weekly/archive/2012/121228/twipprint.html,7,7.0,True
2012-12-28,2013-01-04,EIA_TWIP_ARCHIVE_URL_DATE,https://www.eia.gov/petroleum/weekly/,/petroleum/weekly/archive/2013/130104/twipprint.html,7,7.0,True
2013-01-04,2013-01-09,EIA_TWIP_ARCHIVE_URL_DATE,https://www.eia.gov/petroleum/weekly/,/petroleum/weekly/archive/2013/130109/twipprint.html,5,7.0,False
2013-01-11,2013-01-16,EIA_TWIP_ARCHIVE_URL_DATE,https://www.eia.gov/petroleum/weekly/,/petroleum/weekly/archive/2013/130116/twipprint.html,5,7.0,False
2013-01-18,2013-01-24,EIA_TWIP_ARCHIVE_URL_DATE,https://www.eia.gov/petroleum/weekly/,/petroleum/weekly/archive/2013/130124/twipprint.html,6,7.0,True
2013-01-25,2013-01-30,EIA_TWIP_ARCHIVE_URL_DATE,https://www.eia.gov/petroleum/weekly/,/petroleum/weekly/archive/2013/130130/twipprint.html,5,7.0,False
2013-02-01,2013-02-06,EIA_TWIP_ARCHIVE_URL_DATE,https://www.eia.gov/petroleum/weekly/,/petroleum/weekly/archive/2013/130206/twipprint.html,5,7.0,False
2013-02-08,2013-02-13,EIA_TWIP_ARCHIVE_URL_DATE,https://www.eia.gov/petroleum/weekly/,/petroleum/weekly/archive/2013/130213/twipprint.html,5,7.0,False
2013-02-15,2013-02-21,EIA_TWIP_ARCHIVE_URL_DATE,https://www.eia.gov/petroleum/weekly/,/petroleum/weekly/archive/2013/130221/twipprint.html,6,7.0,True
2013-02-22,2013-02-27,EIA_TWIP_ARCHIVE_URL_DATE,https://www.eia.gov/petroleum/weekly/,/petroleum/weekly/archive/2013/130227/twipprint.html,5,7.0,False
2013-03-01,2013-03-06,EIA_TWIP_ARCHIVE_URL_DATE,https://www.eia.gov/petroleum/weekly/,/petroleum/weekly/archive/2013/130306/twipprint.html,5,7.0,False
2013-03-08,2013-03-13,EIA_TWIP_ARCHIVE_URL_DATE,https://www.eia.gov/petroleum/weekly/,/petroleum/weekly/archive/2013/130313/twipprint.html,5,7.0,False
2013-03-15,2013-03-20,EIA_TWIP_ARCHIVE_URL_DATE,https://www.eia.gov/petroleum/weekly/,/petroleum/weekly/archive/2013/130320/twipprint.html,5,7.0,False
2013-03-22,2013-03-27,EIA_TWIP_ARCHIVE_URL_DATE,https://www.eia.gov/petroleum/weekly/,/petroleum/weekly/archive/2013/130327/twipprint.html,5,7.0,False
2013-03-29,2013-04-03,EIA_TWIP_ARCHIVE_URL_DATE,https://www.eia.gov/petroleum/weekly/,/petroleum/weekly/archive/2013/130403/twipprint.html,5,7.0,False
2013-04-05,2013-04-10,EIA_TWIP_ARCHIVE_URL_DATE,https://www.eia.gov/petroleum/weekly/,/petroleum/weekly/archive/2013/130410/twipprint.html,5,7.0,False
2013-04-12,2013-04-17,EIA_TWIP_ARCHIVE_URL_DATE,https://www.eia.gov/petroleum/weekly/,/petroleum/weekly/archive/2013/130417/twipprint.html,5,7.0,False
2013-04-19,2013-04-24,EIA_TWIP_ARCHIVE_URL_DATE,https://www.eia.gov/petroleum/weekly/,/petroleum/weekly/archive/2013/130424/twipprint.html,5,7.0,False
2013-04-26,2013-05-01,EIA_TWIP_ARCHIVE_URL_DATE,https://www.eia.gov/petroleum/weekly/,/petroleum/weekly/archive/2013/130501/twipprint.html,5,7.0,False
2013-05-03,2013-05-08,EIA_TWIP_ARCHIVE_URL_DATE,https://www.eia.gov/petroleum/weekly/,/petroleum/weekly/archive/2013/130508/twipprint.html,5,7.0,False
2013-05-10,2013-05-15,EIA_TWIP_ARCHIVE_URL_DATE,https://www.eia.gov/petroleum/weekly/,/petroleum/weekly/archive/2013/130515/twipprint.html,5,7.0,False
2013-05-17,2013-05-23,EIA_TWIP_ARCHIVE_URL_DATE,https://www.eia.gov/petroleum/weekly/,/petroleum/weekly/archive/2013/130523/twipprint.html,6,7.0,True
2013-05-24,2013-05-30,EIA_TWIP_ARCHIVE_URL_DATE,https://www.eia.gov/petroleum/weekly/,/petroleum/weekly/archive/2013/130530/twipprint.html,6,7.0,True
2013-05-31,2013-06-05,EIA_TWIP_ARCHIVE_URL_DATE,https://www.eia.gov/petroleum/weekly/,/petroleum/weekly/archive/2013/130605/twipprint.html,5,7.0,False
2013-06-07,2013-06-12,EIA_TWIP_ARCHIVE_URL_DATE,https://www.eia.gov/petroleum/weekly/,/petroleum/weekly/archive/2013/130612/twipprint.html,5,7.0,False
2013-06-14,2013-06-19,EIA_TWIP_ARCHIVE_URL_DATE,https://www.eia.gov/petroleum/weekly/,/petroleum/weekly/archive/2013/130619/twipprint.html,5,7.0,False
2013-06-21,2013-06-26,EIA_TWIP_ARCHIVE_URL_DATE,https://www.eia.gov/petroleum/weekly/,/petroleum/weekly/archive/2013/130626/twipprint.html,5,7.0,False
2013-06-28,2013-07-03,EIA_TWIP_ARCHIVE_URL_DATE,https://www.eia.gov/petroleum/weekly/,/petroleum/weekly/archive/2013/130703/twipprint.html,5,7.0,False
2013-07-05,2013-07-10,EIA_TWIP_ARCHIVE_URL_DATE,https://www.eia.gov/petroleum/weekly/,/petroleum/weekly/archive/2013/130710/twipprint.html,5,7.0,False
2013-07-12,2013-07-17,EIA_TWIP_ARCHIVE_URL_DATE,https://www.eia.gov/petroleum/weekly/,/petroleum/weekly/archive/2013/130717/twipprint.html,5,7.0,False
2013-07-19,2013-07-25,EIA_TWIP_ARCHIVE_URL_DATE,https://www.eia.gov/petroleum/weekly/,/petroleum/weekly/archive/2013/130725/twipprint.html,6,7.0,True
2013-07-26,2013-07-31,EIA_TWIP_ARCHIVE_URL_DATE,https://www.eia.gov/petroleum/weekly/,/petroleum/weekly/archive/2013/130731/twipprint.html,5,7.0,False
2013-08-02,2013-08-08,EIA_TWIP_ARCHIVE_URL_DATE,https://www.eia.gov/petroleum/weekly/,/petroleum/weekly/archive/2013/130808/twipprint.html,6,7.0,True
2013-08-09,2013-08-14,EIA_TWIP_ARCHIVE_URL_DATE,https://www.eia.gov/petroleum/weekly/,/petroleum/weekly/archive/2013/130814/twipprint.html,5,7.0,False
2013-08-16,2013-08-21,EIA_TWIP_ARCHIVE_URL_DATE,https://www.eia.gov/petroleum/weekly/,/petroleum/weekly/archive/2013/130821/twipprint.html,5,7.0,False
2013-08-23,2013-08-28,EIA_TWIP_ARCHIVE_URL_DATE,https://www.eia.gov/petroleum/weekly/,/petroleum/weekly/archive/2013/130828/twipprint.html,5,7.0,False
2013-08-30,2013-09-05,EIA_TWIP_ARCHIVE_URL_DATE,https://www.eia.gov/petroleum/weekly/,/petroleum/weekly/archive/2013/130905/twipprint.html,6,7.0,True
2013-09-06,2013-09-11,EIA_TWIP_ARCHIVE_URL_DATE,https://www.eia.gov/petroleum/weekly/,/petroleum/weekly/archive/2013/130911/twipprint.html,5,7.0,False
2013-09-13,2013-09-18,EIA_TWIP_ARCHIVE_URL_DATE,https://www.eia.gov/petroleum/weekly/,/petroleum/weekly/archive/2013/130918/twipprint.html,5,7.0,False
2013-09-20,2013-09-25,EIA_TWIP_ARCHIVE_URL_DATE,https://www.eia.gov/petroleum/weekly/,/petroleum/weekly/archive/2013/130925/twipprint.html,5,7.0,False
2013-09-27,2013-10-02,EIA_TWIP_ARCHIVE_URL_DATE,https://www.eia.gov/petroleum/weekly/,/petroleum/weekly/archive/2013/131002/twipprint.html,5,7.0,False
2013-10-04,2013-10-09,EIA_TWIP_ARCHIVE_URL_DATE,https://www.eia.gov/petroleum/weekly/,/petroleum/weekly/archive/2013/131009/twipprint.html,5,7.0,False
2013-10-18,2013-10-23,EIA_TWIP_ARCHIVE_URL_DATE,https://www.eia.gov/petroleum/weekly/,/petroleum/weekly/archive/2013/131023/twipprint.html,5,14.0,False
2013-10-25,2013-10-30,EIA_TWIP_ARCHIVE_URL_DATE,https://www.eia.gov/petroleum/weekly/,/petroleum/weekly/archive/2013/131030/twipprint.html,5,7.0,False
2013-11-01,2013-11-06,EIA_TWIP_ARCHIVE_URL_DATE,https://www.eia.gov/petroleum/weekly/,/petroleum/weekly/archive/2013/131106/twipprint.html,5,7.0,False
2013-11-08,2013-11-14,EIA_TWIP_ARCHIVE_URL_DATE,https://www.eia.gov/petroleum/weekly/,/petroleum/weekly/archive/2013/131114/twipprint.html,6,7.0,True
2013-11-15,2013-11-20,EIA_TWIP_ARCHIVE_URL_DATE,https://www.eia.gov/petroleum/weekly/,/petroleum/weekly/archive/2013/131120/twipprint.html,5,7.0,False
2013-11-22,2013-11-27,EIA_TWIP_ARCHIVE_URL_DATE,https://www.eia.gov/petroleum/weekly/,/petroleum/weekly/archive/2013/131127/twipprint.html,5,7.0,False
2013-11-29,2013-12-04,EIA_TWIP_ARCHIVE_URL_DATE,https://www.eia.gov/petroleum/weekly/,/petroleum/weekly/archive/2013/131204/twipprint.html,5,7.0,False
2013-12-06,2013-12-11,EIA_TWIP_ARCHIVE_URL_DATE,https://www.eia.gov/petroleum/weekly/,/petroleum/weekly/archive/2013/131211/twipprint.html,5,7.0,False
2013-12-13,2013-12-18,EIA_TWIP_ARCHIVE_URL_DATE,https://www.eia.gov/petroleum/weekly/,/petroleum/weekly/archive/2013/131218/twipprint.html,5,7.0,False
2013-12-20,2013-12-27,EIA_TWIP_ARCHIVE_URL_DATE,https://www.eia.gov/petroleum/weekly/,/petroleum/weekly/archive/2013/131227/twipprint.html,7,7.0,True
2013-12-27,2014-01-03,EIA_TWIP_ARCHIVE_URL_DATE,https://www.eia.gov/petroleum/weekly/,/petroleum/weekly/archive/2014/140103/twipprint.html,7,7.0,True
2014-01-03,2014-01-08,EIA_TWIP_ARCHIVE_URL_DATE,https://www.eia.gov/petroleum/weekly/,/petroleum/weekly/archive/2014/140108/twipprint.html,5,7.0,False
2014-01-10,2014-01-15,EIA_TWIP_ARCHIVE_URL_DATE,https://www.eia.gov/petroleum/weekly/,/petroleum/weekly/archive/2014/140115/twipprint.html,5,7.0,False
2014-01-17,2014-01-23,EIA_TWIP_ARCHIVE_URL_DATE,https://www.eia.gov/petroleum/weekly/,/petroleum/weekly/archive/2014/140123/twipprint.html,6,7.0,True
2014-01-24,2014-01-29,EIA_TWIP_ARCHIVE_URL_DATE,https://www.eia.gov/petroleum/weekly/,/petroleum/weekly/archive/2014/140129/twipprint.html,5,7.0,False
2014-01-31,2014-02-05,EIA_TWIP_ARCHIVE_URL_DATE,https://www.eia.gov/petroleum/weekly/,/petroleum/weekly/archive/2014/140205/twipprint.html,5,7.0,False
2014-02-07,2014-02-12,EIA_TWIP_ARCHIVE_URL_DATE,https://www.eia.gov/petroleum/weekly/,/petroleum/weekly/archive/2014/140212/twipprint.html,5,7.0,False
2014-02-14,2014-02-20,EIA_TWIP_ARCHIVE_URL_DATE,https://www.eia.gov/petroleum/weekly/,/petroleum/weekly/archive/2014/140220/twipprint.html,6,7.0,True
2014-02-21,2014-02-26,EIA_TWIP_ARCHIVE_URL_DATE,https://www.eia.gov/petroleum/weekly/,/petroleum/weekly/archive/2014/140226/twipprint.html,5,7.0,False
2014-02-28,2014-03-05,EIA_TWIP_ARCHIVE_URL_DATE,https://www.eia.gov/petroleum/weekly/,/petroleum/weekly/archive/2014/140305/twipprint.html,5,7.0,False
2014-03-07,2014-03-12,EIA_TWIP_ARCHIVE_URL_DATE,https://www.eia.gov/petroleum/weekly/,/petroleum/weekly/archive/2014/140312/twipprint.html,5,7.0,False
2014-03-14,2014-03-19,EIA_TWIP_ARCHIVE_URL_DATE,https://www.eia.gov/petroleum/weekly/,/petroleum/weekly/archive/2014/140319/twipprint.html,5,7.0,False
2014-03-21,2014-03-26,EIA_TWIP_ARCHIVE_URL_DATE,https://www.eia.gov/petroleum/weekly/,/petroleum/weekly/archive/2014/140326/twipprint.html,5,7.0,False
2014-03-28,2014-04-02,EIA_TWIP_ARCHIVE_URL_DATE,https://www.eia.gov/petroleum/weekly/,/petroleum/weekly/archive/2014/140402/twipprint.html,5,7.0,False
2014-04-04,2014-04-09,EIA_TWIP_ARCHIVE_URL_DATE,https://www.eia.gov/petroleum/weekly/,/petroleum/weekly/archive/2014/140409/twipprint.html,5,7.0,False
2014-04-11,2014-04-16,EIA_TWIP_ARCHIVE_URL_DATE,https://www.eia.gov/petroleum/weekly/,/petroleum/weekly/archive/2014/140416/twipprint.html,5,7.0,False
2014-04-18,2014-04-23,EIA_TWIP_ARCHIVE_URL_DATE,https://www.eia.gov/petroleum/weekly/,/petroleum/weekly/archive/2014/140423/twipprint.html,5,7.0,False
2014-04-25,2014-04-30,EIA_TWIP_ARCHIVE_URL_DATE,https://www.eia.gov/petroleum/weekly/,/petroleum/weekly/archive/2014/140430/twipprint.html,5,7.0,False
2014-05-02,2014-05-07,EIA_TWIP_ARCHIVE_URL_DATE,https://www.eia.gov/petroleum/weekly/,/petroleum/weekly/archive/2014/140507/twipprint.html,5,7.0,False
2014-05-09,2014-05-14,EIA_TWIP_ARCHIVE_URL_DATE,https://www.eia.gov/petroleum/weekly/,/petroleum/weekly/archive/2014/140514/twipprint.html,5,7.0,False
2014-05-16,2014-05-21,EIA_TWIP_ARCHIVE_URL_DATE,https://www.eia.gov/petroleum/weekly/,/petroleum/weekly/archive/2014/140521/twipprint.html,5,7.0,False
2014-05-23,2014-05-29,EIA_TWIP_ARCHIVE_URL_DATE,https://www.eia.gov/petroleum/weekly/,/petroleum/weekly/archive/2014/140529/twipprint.html,6,7.0,True
2014-05-30,2014-06-04,EIA_TWIP_ARCHIVE_URL_DATE,https://www.eia.gov/petroleum/weekly/,/petroleum/weekly/archive/2014/140604/twipprint.html,5,7.0,False
2014-06-06,2014-06-11,EIA_TWIP_ARCHIVE_URL_DATE,https://www.eia.gov/petroleum/weekly/,/petroleum/weekly/archive/2014/140611/twipprint.html,5,7.0,False
2014-06-13,2014-06-18,EIA_TWIP_ARCHIVE_URL_DATE,https://www.eia.gov/petroleum/weekly/,/petroleum/weekly/archive/2014/140618/twipprint.html,5,7.0,False
2014-06-20,2014-06-25,EIA_TWIP_ARCHIVE_URL_DATE,https://www.eia.gov/petroleum/weekly/,/petroleum/weekly/archive/2014/140625/twipprint.html,5,7.0,False
2014-06-27,2014-07-02,EIA_TWIP_ARCHIVE_URL_DATE,https://www.eia.gov/petroleum/weekly/,/petroleum/weekly/archive/2014/140702/twipprint.html,5,7.0,False
2014-07-04,2014-07-09,EIA_TWIP_ARCHIVE_URL_DATE,https://www.eia.gov/petroleum/weekly/,/petroleum/weekly/archive/2014/140709/twipprint.html,5,7.0,False
2014-07-11,2014-07-16,EIA_TWIP_ARCHIVE_URL_DATE,https://www.eia.gov/petroleum/weekly/,/petroleum/weekly/archive/2014/140716/twipprint.html,5,7.0,False
2014-07-18,2014-07-23,EIA_TWIP_ARCHIVE_URL_DATE,https://www.eia.gov/petroleum/weekly/,/petroleum/weekly/archive/2014/140723/twipprint.html,5,7.0,False
2014-07-25,2014-07-30,EIA_TWIP_ARCHIVE_URL_DATE,https://www.eia.gov/petroleum/weekly/,/petroleum/weekly/archive/2014/140730/twipprint.html,5,7.0,False
2014-08-01,2014-08-06,EIA_TWIP_ARCHIVE_URL_DATE,https://www.eia.gov/petroleum/weekly/,/petroleum/weekly/archive/2014/140806/twipprint.html,5,7.0,False
2014-08-08,2014-08-13,EIA_TWIP_ARCHIVE_URL_DATE,https://www.eia.gov/petroleum/weekly/,/petroleum/weekly/archive/2014/140813/twipprint.html,5,7.0,False
2014-08-15,2014-08-20,EIA_TWIP_ARCHIVE_URL_DATE,https://www.eia.gov/petroleum/weekly/,/petroleum/weekly/archive/2014/140820/twipprint.html,5,7.0,False
2014-08-22,2014-08-27,EIA_TWIP_ARCHIVE_URL_DATE,https://www.eia.gov/petroleum/weekly/,/petroleum/weekly/archive/2014/140827/twipprint.html,5,7.0,False
2014-08-29,2014-09-04,EIA_TWIP_ARCHIVE_URL_DATE,https://www.eia.gov/petroleum/weekly/,/petroleum/weekly/archive/2014/140904/twipprint.html,6,7.0,True
2014-09-05,2014-09-10,EIA_TWIP_ARCHIVE_URL_DATE,https://www.eia.gov/petroleum/weekly/,/petroleum/weekly/archive/2014/140910/twipprint.html,5,7.0,False
2014-09-12,2014-09-17,EIA_TWIP_ARCHIVE_URL_DATE,https://www.eia.gov/petroleum/weekly/,/petroleum/weekly/archive/2014/140917/includes/analysis_print.php,5,7.0,False
2014-09-19,2014-09-24,EIA_TWIP_ARCHIVE_URL_DATE,https://www.eia.gov/petroleum/weekly/,/petroleum/weekly/archive/2014/140924/includes/analysis_print.php,5,7.0,False
2014-09-26,2014-10-01,EIA_TWIP_ARCHIVE_URL_DATE,https://www.eia.gov/petroleum/weekly/,/petroleum/weekly/archive/2014/141001/includes/analysis_print.php,5,7.0,False
2014-10-03,2014-10-08,EIA_TWIP_ARCHIVE_URL_DATE,https://www.eia.gov/petroleum/weekly/,/petroleum/weekly/archive/2014/141008/includes/analysis_print.php,5,7.0,False
2014-10-10,2014-10-16,EIA_TWIP_ARCHIVE_URL_DATE,https://www.eia.gov/petroleum/weekly/,/petroleum/weekly/archive/2014/141016/includes/analysis_print.php,6,7.0,True
2014-10-17,2014-10-22,EIA_TWIP_ARCHIVE_URL_DATE,https://www.eia.gov/petroleum/weekly/,/petroleum/weekly/archive/2014/141022/includes/analysis_print.php,5,7.0,False
2014-10-24,2014-10-29,EIA_TWIP_ARCHIVE_URL_DATE,https://www.eia.gov/petroleum/weekly/,/petroleum/weekly/archive/2014/141029/includes/analysis_print.php,5,7.0,False
2014-10-31,2014-11-05,EIA_TWIP_ARCHIVE_URL_DATE,https://www.eia.gov/petroleum/weekly/,/petroleum/weekly/archive/2014/141105/includes/analysis_print.php,5,7.0,False
2014-11-07,2014-11-13,EIA_TWIP_ARCHIVE_URL_DATE,https://www.eia.gov/petroleum/weekly/,/petroleum/weekly/archive/2014/141113/includes/analysis_print.php,6,7.0,True
2014-11-14,2014-11-19,EIA_TWIP_ARCHIVE_URL_DATE,https://www.eia.gov/petroleum/weekly/,/petroleum/weekly/archive/2014/141119/includes/analysis_print.php,5,7.0,False
2014-11-21,2014-11-26,EIA_TWIP_ARCHIVE_URL_DATE,https://www.eia.gov/petroleum/weekly/,/petroleum/weekly/archive/2014/141126/includes/analysis_print.php,5,7.0,False
2014-11-28,2014-12-03,EIA_TWIP_ARCHIVE_URL_DATE,https://www.eia.gov/petroleum/weekly/,/petroleum/weekly/archive/2014/141203/includes/analysis_print.php,5,7.0,False
2014-12-05,2014-12-10,EIA_TWIP_ARCHIVE_URL_DATE,https://www.eia.gov/petroleum/weekly/,/petroleum/weekly/archive/2014/141210/includes/analysis_print.php,5,7.0,False
2014-12-12,2014-12-17,EIA_TWIP_ARCHIVE_URL_DATE,https://www.eia.gov/petroleum/weekly/,/petroleum/weekly/archive/2014/141217/includes/analysis_print.php,5,7.0,False
2014-12-19,2014-12-24,EIA_TWIP_ARCHIVE_URL_DATE,https://www.eia.gov/petroleum/weekly/,/petroleum/weekly/archive/2014/141224/includes/analysis_print.php,5,7.0,False
2014-12-26,2014-12-31,EIA_TWIP_ARCHIVE_URL_DATE,https://www.eia.gov/petroleum/weekly/,/petroleum/weekly/archive/2014/141231/includes/analysis_print.php,5,7.0,False
2015-01-02,2015-01-07,EIA_TWIP_ARCHIVE_URL_DATE,https://www.eia.gov/petroleum/weekly/,/petroleum/weekly/archive/2015/150107/includes/analysis_print.php,5,7.0,False
2015-01-09,2015-01-14,EIA_TWIP_ARCHIVE_URL_DATE,https://www.eia.gov/petroleum/weekly/,/petroleum/weekly/archive/2015/150114/includes/analysis_print.php,5,7.0,False
2015-01-16,2015-01-22,EIA_TWIP_ARCHIVE_URL_DATE,https://www.eia.gov/petroleum/weekly/,/petroleum/weekly/archive/2015/150122/includes/analysis_print.php,6,7.0,True
2015-01-23,2015-01-28,EIA_TWIP_ARCHIVE_URL_DATE,https://www.eia.gov/petroleum/weekly/,/petroleum/weekly/archive/2015/150128/includes/analysis_print.php,5,7.0,False
2015-01-30,2015-02-04,EIA_TWIP_ARCHIVE_URL_DATE,https://www.eia.gov/petroleum/weekly/,/petroleum/weekly/archive/2015/150204/includes/analysis_print.php,5,7.0,False
2015-02-06,2015-02-11,EIA_TWIP_ARCHIVE_URL_DATE,https://www.eia.gov/petroleum/weekly/,/petroleum/weekly/archive/2015/150211/includes/analysis_print.php,5,7.0,False
2015-02-13,2015-02-19,EIA_TWIP_ARCHIVE_URL_DATE,https://www.eia.gov/petroleum/weekly/,/petroleum/weekly/archive/2015/150219/includes/analysis_print.php,6,7.0,True
2015-02-20,2015-02-25,EIA_TWIP_ARCHIVE_URL_DATE,https://www.eia.gov/petroleum/weekly/,/petroleum/weekly/archive/2015/150225/includes/analysis_print.php,5,7.0,False
2015-02-27,2015-03-04,EIA_TWIP_ARCHIVE_URL_DATE,https://www.eia.gov/petroleum/weekly/,/petroleum/weekly/archive/2015/150304/includes/analysis_print.php,5,7.0,False
2015-03-06,2015-03-11,EIA_TWIP_ARCHIVE_URL_DATE,https://www.eia.gov/petroleum/weekly/,/petroleum/weekly/archive/2015/150311/includes/analysis_print.php,5,7.0,False
2015-03-13,2015-03-18,EIA_TWIP_ARCHIVE_URL_DATE,https://www.eia.gov/petroleum/weekly/,/petroleum/weekly/archive/2015/150318/includes/analysis_print.php,5,7.0,False
2015-03-20,2015-03-25,EIA_TWIP_ARCHIVE_URL_DATE,https://www.eia.gov/petroleum/weekly/,/petroleum/weekly/archive/2015/150325/includes/analysis_print.php,5,7.0,False
2015-03-27,2015-04-01,EIA_TWIP_ARCHIVE_URL_DATE,https://www.eia.gov/petroleum/weekly/,/petroleum/weekly/archive/2015/150401/includes/analysis_print.php,5,7.0,False
2015-04-03,2015-04-08,EIA_TWIP_ARCHIVE_URL_DATE,https://www.eia.gov/petroleum/weekly/,/petroleum/weekly/archive/2015/150408/includes/analysis_print.php,5,7.0,False
2015-04-10,2015-04-15,EIA_TWIP_ARCHIVE_URL_DATE,https://www.eia.gov/petroleum/weekly/,/petroleum/weekly/archive/2015/150415/includes/analysis_print.php,5,7.0,False
2015-04-17,2015-04-22,EIA_TWIP_ARCHIVE_URL_DATE,https://www.eia.gov/petroleum/weekly/,/petroleum/weekly/archive/2015/150422/includes/analysis_print.php,5,7.0,False
2015-04-24,2015-04-29,EIA_TWIP_ARCHIVE_URL_DATE,https://www.eia.gov/petroleum/weekly/,/petroleum/weekly/archive/2015/150429/includes/analysis_print.php,5,7.0,False
2015-05-01,2015-05-06,EIA_TWIP_ARCHIVE_URL_DATE,https://www.eia.gov/petroleum/weekly/,/petroleum/weekly/archive/2015/150506/includes/analysis_print.php,5,7.0,False
2015-05-08,2015-05-13,EIA_TWIP_ARCHIVE_URL_DATE,https://www.eia.gov/petroleum/weekly/,/petroleum/weekly/archive/2015/150513/includes/analysis_print.php,5,7.0,False
2015-05-15,2015-05-20,EIA_TWIP_ARCHIVE_URL_DATE,https://www.eia.gov/petroleum/weekly/,/petroleum/weekly/archive/2015/150520/includes/analysis_print.php,5,7.0,False
2015-05-22,2015-05-28,EIA_TWIP_ARCHIVE_URL_DATE,https://www.eia.gov/petroleum/weekly/,/petroleum/weekly/archive/2015/150528/includes/analysis_print.php,6,7.0,True
2015-05-29,2015-06-03,EIA_TWIP_ARCHIVE_URL_DATE,https://www.eia.gov/petroleum/weekly/,/petroleum/weekly/archive/2015/150603/includes/analysis_print.php,5,7.0,False
2015-06-05,2015-06-10,EIA_TWIP_ARCHIVE_URL_DATE,https://www.eia.gov/petroleum/weekly/,/petroleum/weekly/archive/2015/150610/includes/analysis_print.php,5,7.0,False
2015-06-12,2015-06-17,EIA_TWIP_ARCHIVE_URL_DATE,https://www.eia.gov/petroleum/weekly/,/petroleum/weekly/archive/2015/150617/includes/analysis_print.php,5,7.0,False
2015-06-19,2015-06-24,EIA_TWIP_ARCHIVE_URL_DATE,https://www.eia.gov/petroleum/weekly/,/petroleum/weekly/archive/2015/150624/includes/analysis_print.php,5,7.0,False
2015-06-26,2015-07-01,EIA_TWIP_ARCHIVE_URL_DATE,https://www.eia.gov/petroleum/weekly/,/petroleum/weekly/archive/2015/150701/includes/analysis_print.php,5,7.0,False
2015-07-03,2015-07-08,EIA_TWIP_ARCHIVE_URL_DATE,https://www.eia.gov/petroleum/weekly/,/petroleum/weekly/archive/2015/150708/includes/analysis_print.php,5,7.0,False
2015-07-10,2015-07-15,EIA_TWIP_ARCHIVE_URL_DATE,https://www.eia.gov/petroleum/weekly/,/petroleum/weekly/archive/2015/150715/includes/analysis_print.php,5,7.0,False
2015-07-17,2015-07-22,EIA_TWIP_ARCHIVE_URL_DATE,https://www.eia.gov/petroleum/weekly/,/petroleum/weekly/archive/2015/150722/includes/analysis_print.php,5,7.0,False
2015-07-24,2015-07-29,EIA_TWIP_ARCHIVE_URL_DATE,https://www.eia.gov/petroleum/weekly/,/petroleum/weekly/archive/2015/150729/includes/analysis_print.php,5,7.0,False
2015-07-31,2015-08-05,EIA_TWIP_ARCHIVE_URL_DATE,https://www.eia.gov/petroleum/weekly/,/petroleum/weekly/archive/2015/150805/includes/analysis_print.php,5,7.0,False
2015-08-07,2015-08-12,EIA_TWIP_ARCHIVE_URL_DATE,https://www.eia.gov/petroleum/weekly/,/petroleum/weekly/archive/2015/150812/includes/analysis_print.php,5,7.0,False
2015-08-14,2015-08-19,EIA_TWIP_ARCHIVE_URL_DATE,https://www.eia.gov/petroleum/weekly/,/petroleum/weekly/archive/2015/150819/includes/analysis_print.php,5,7.0,False
2015-08-21,2015-08-26,EIA_TWIP_ARCHIVE_URL_DATE,https://www.eia.gov/petroleum/weekly/,/petroleum/weekly/archive/2015/150826/includes/analysis_print.php,5,7.0,False
2015-08-28,2015-09-02,EIA_TWIP_ARCHIVE_URL_DATE,https://www.eia.gov/petroleum/weekly/,/petroleum/weekly/archive/2015/150902/includes/analysis_print.php,5,7.0,False
2015-09-04,2015-09-10,EIA_TWIP_ARCHIVE_URL_DATE,https://www.eia.gov/petroleum/weekly/,/petroleum/weekly/archive/2015/150910/includes/analysis_print.php,6,7.0,True
2015-09-11,2015-09-16,EIA_TWIP_ARCHIVE_URL_DATE,https://www.eia.gov/petroleum/weekly/,/petroleum/weekly/archive/2015/150916/includes/analysis_print.php,5,7.0,False
2015-09-18,2015-09-23,EIA_TWIP_ARCHIVE_URL_DATE,https://www.eia.gov/petroleum/weekly/,/petroleum/weekly/archive/2015/150923/includes/analysis_print.php,5,7.0,False
2015-09-25,2015-09-30,EIA_TWIP_ARCHIVE_URL_DATE,https://www.eia.gov/petroleum/weekly/,/petroleum/weekly/archive/2015/150930/includes/analysis_print.php,5,7.0,False
2015-10-02,2015-10-07,EIA_TWIP_ARCHIVE_URL_DATE,https://www.eia.gov/petroleum/weekly/,/petroleum/weekly/archive/2015/151007/includes/analysis_print.php,5,7.0,False
2015-10-09,2015-10-15,EIA_TWIP_ARCHIVE_URL_DATE,https://www.eia.gov/petroleum/weekly/,/petroleum/weekly/archive/2015/151015/includes/analysis_print.php,6,7.0,True
2015-10-16,2015-10-21,EIA_TWIP_ARCHIVE_URL_DATE,https://www.eia.gov/petroleum/weekly/,/petroleum/weekly/archive/2015/151021/includes/analysis_print.php,5,7.0,False
2015-10-23,2015-10-28,EIA_TWIP_ARCHIVE_URL_DATE,https://www.eia.gov/petroleum/weekly/,/petroleum/weekly/archive/2015/151028/includes/analysis_print.php,5,7.0,False
2015-10-30,2015-11-04,EIA_TWIP_ARCHIVE_URL_DATE,https://www.eia.gov/petroleum/weekly/,/petroleum/weekly/archive/2015/151104/includes/analysis_print.php,5,7.0,False
2015-11-06,2015-11-12,EIA_TWIP_ARCHIVE_URL_DATE,https://www.eia.gov/petroleum/weekly/,/petroleum/weekly/archive/2015/151112/includes/analysis_print.php,6,7.0,True
2015-11-13,2015-11-18,EIA_TWIP_ARCHIVE_URL_DATE,https://www.eia.gov/petroleum/weekly/,/petroleum/weekly/archive/2015/151118/includes/analysis_print.php,5,7.0,False
2015-11-20,2015-11-25,EIA_TWIP_ARCHIVE_URL_DATE,https://www.eia.gov/petroleum/weekly/,/petroleum/weekly/archive/2015/151125/includes/analysis_print.php,5,7.0,False
2015-11-27,2015-12-02,EIA_TWIP_ARCHIVE_URL_DATE,https://www.eia.gov/petroleum/weekly/,/petroleum/weekly/archive/2015/151202/includes/analysis_print.php,5,7.0,False
2015-12-04,2015-12-09,EIA_TWIP_ARCHIVE_URL_DATE,https://www.eia.gov/petroleum/weekly/,/petroleum/weekly/archive/2015/151209/includes/analysis_print.php,5,7.0,False
2015-12-11,2015-12-16,EIA_TWIP_ARCHIVE_URL_DATE,https://www.eia.gov/petroleum/weekly/,/petroleum/weekly/archive/2015/151216/includes/analysis_print.php,5,7.0,False
2015-12-18,2015-12-23,EIA_TWIP_ARCHIVE_URL_DATE,https://www.eia.gov/petroleum/weekly/,/petroleum/weekly/archive/2015/151223/includes/analysis_print.php,5,7.0,False
2015-12-25,2015-12-30,EIA_TWIP_ARCHIVE_URL_DATE,https://www.eia.gov/petroleum/weekly/,/petroleum/weekly/archive/2015/151230/includes/analysis_print.php,5,7.0,False
2016-01-01,2016-01-06,EIA_TWIP_ARCHIVE_URL_DATE,https://www.eia.gov/petroleum/weekly/,/petroleum/weekly/archive/2016/160106/includes/analysis_print.php,5,7.0,False
2016-01-08,2016-01-13,EIA_TWIP_ARCHIVE_URL_DATE,https://www.eia.gov/petroleum/weekly/,/petroleum/weekly/archive/2016/160113/includes/analysis_print.php,5,7.0,False
2016-01-15,2016-01-21,EIA_TWIP_ARCHIVE_URL_DATE,https://www.eia.gov/petroleum/weekly/,/petroleum/weekly/archive/2016/160121/includes/analysis_print.php,6,7.0,True
2016-01-22,2016-01-27,EIA_TWIP_ARCHIVE_URL_DATE,https://www.eia.gov/petroleum/weekly/,/petroleum/weekly/archive/2016/160127/includes/analysis_print.php,5,7.0,False
2016-01-29,2016-02-03,EIA_TWIP_ARCHIVE_URL_DATE,https://www.eia.gov/petroleum/weekly/,/petroleum/weekly/archive/2016/160203/includes/analysis_print.php,5,7.0,False
2016-02-05,2016-02-10,EIA_TWIP_ARCHIVE_URL_DATE,https://www.eia.gov/petroleum/weekly/,/petroleum/weekly/archive/2016/160210/includes/analysis_print.php,5,7.0,False
2016-02-12,2016-02-18,EIA_TWIP_ARCHIVE_URL_DATE,https://www.eia.gov/petroleum/weekly/,/petroleum/weekly/archive/2016/160218/includes/analysis_print.php,6,7.0,True
2016-02-19,2016-02-24,EIA_TWIP_ARCHIVE_URL_DATE,https://www.eia.gov/petroleum/weekly/,/petroleum/weekly/archive/2016/160224/includes/analysis_print.php,5,7.0,False
2016-02-26,2016-03-02,EIA_TWIP_ARCHIVE_URL_DATE,https://www.eia.gov/petroleum/weekly/,/petroleum/weekly/archive/2016/160302/includes/analysis_print.php,5,7.0,False
2016-03-04,2016-03-09,EIA_TWIP_ARCHIVE_URL_DATE,https://www.eia.gov/petroleum/weekly/,/petroleum/weekly/archive/2016/160309/includes/analysis_print.php,5,7.0,False
2016-03-11,2016-03-16,EIA_TWIP_ARCHIVE_URL_DATE,https://www.eia.gov/petroleum/weekly/,/petroleum/weekly/archive/2016/160316/includes/analysis_print.php,5,7.0,False
2016-03-18,2016-03-23,EIA_TWIP_ARCHIVE_URL_DATE,https://www.eia.gov/petroleum/weekly/,/petroleum/weekly/archive/2016/160323/includes/analysis_print.php,5,7.0,False
2016-03-25,2016-03-30,EIA_TWIP_ARCHIVE_URL_DATE,https://www.eia.gov/petroleum/weekly/,/petroleum/weekly/archive/2016/160330/includes/analysis_print.php,5,7.0,False
2016-04-01,2016-04-07,EIA_TWIP_ARCHIVE_URL_DATE,https://www.eia.gov/petroleum/weekly/,/petroleum/weekly/archive/2016/160407/includes/analysis_print.php,6,7.0,True
2016-04-08,2016-04-13,EIA_TWIP_ARCHIVE_URL_DATE,https://www.eia.gov/petroleum/weekly/,/petroleum/weekly/archive/2016/160413/includes/analysis_print.php,5,7.0,False
2016-04-15,2016-04-20,EIA_TWIP_ARCHIVE_URL_DATE,https://www.eia.gov/petroleum/weekly/,/petroleum/weekly/archive/2016/160420/includes/analysis_print.php,5,7.0,False
2016-04-22,2016-04-27,EIA_TWIP_ARCHIVE_URL_DATE,https://www.eia.gov/petroleum/weekly/,/petroleum/weekly/archive/2016/160427/includes/analysis_print.php,5,7.0,False
2016-04-29,2016-05-04,EIA_TWIP_ARCHIVE_URL_DATE,https://www.eia.gov/petroleum/weekly/,/petroleum/weekly/archive/2016/160504/includes/analysis_print.php,5,7.0,False
2016-05-06,2016-05-11,EIA_TWIP_ARCHIVE_URL_DATE,https://www.eia.gov/petroleum/weekly/,/petroleum/weekly/archive/2016/160511/includes/analysis_print.php,5,7.0,False
2016-05-13,2016-05-18,EIA_TWIP_ARCHIVE_URL_DATE,https://www.eia.gov/petroleum/weekly/,/petroleum/weekly/archive/2016/160518/includes/analysis_print.php,5,7.0,False
2016-05-20,2016-05-25,EIA_TWIP_ARCHIVE_URL_DATE,https://www.eia.gov/petroleum/weekly/,/petroleum/weekly/archive/2016/160525/includes/analysis_print.php,5,7.0,False
2016-05-27,2016-06-02,EIA_TWIP_ARCHIVE_URL_DATE,https://www.eia.gov/petroleum/weekly/,/petroleum/weekly/archive/2016/160602/includes/analysis_print.php,6,7.0,True
2016-06-03,2016-06-08,EIA_TWIP_ARCHIVE_URL_DATE,https://www.eia.gov/petroleum/weekly/,/petroleum/weekly/archive/2016/160608/includes/analysis_print.php,5,7.0,False
2016-06-10,2016-06-15,EIA_TWIP_ARCHIVE_URL_DATE,https://www.eia.gov/petroleum/weekly/,/petroleum/weekly/archive/2016/160615/includes/analysis_print.php,5,7.0,False
2016-06-17,2016-06-22,EIA_TWIP_ARCHIVE_URL_DATE,https://www.eia.gov/petroleum/weekly/,/petroleum/weekly/archive/2016/160622/includes/analysis_print.php,5,7.0,False
2016-06-24,2016-06-29,EIA_TWIP_ARCHIVE_URL_DATE,https://www.eia.gov/petroleum/weekly/,/petroleum/weekly/archive/2016/160629/includes/analysis_print.php,5,7.0,False
2016-07-01,2016-07-07,EIA_TWIP_ARCHIVE_URL_DATE,https://www.eia.gov/petroleum/weekly/,/petroleum/weekly/archive/2016/160707/includes/analysis_print.php,6,7.0,True
2016-07-08,2016-07-13,EIA_TWIP_ARCHIVE_URL_DATE,https://www.eia.gov/petroleum/weekly/,/petroleum/weekly/archive/2016/160713/includes/analysis_print.php,5,7.0,False
2016-07-15,2016-07-20,EIA_TWIP_ARCHIVE_URL_DATE,https://www.eia.gov/petroleum/weekly/,/petroleum/weekly/archive/2016/160720/includes/analysis_print.php,5,7.0,False
2016-07-22,2016-07-27,EIA_TWIP_ARCHIVE_URL_DATE,https://www.eia.gov/petroleum/weekly/,/petroleum/weekly/archive/2016/160727/includes/analysis_print.php,5,7.0,False
2016-07-29,2016-08-03,EIA_TWIP_ARCHIVE_URL_DATE,https://www.eia.gov/petroleum/weekly/,/petroleum/weekly/archive/2016/160803/includes/analysis_print.php,5,7.0,False
2016-08-05,2016-08-10,EIA_TWIP_ARCHIVE_URL_DATE,https://www.eia.gov/petroleum/weekly/,/petroleum/weekly/archive/2016/160810/includes/analysis_print.php,5,7.0,False
2016-08-12,2016-08-17,EIA_TWIP_ARCHIVE_URL_DATE,https://www.eia.gov/petroleum/weekly/,/petroleum/weekly/archive/2016/160817/includes/analysis_print.php,5,7.0,False
2016-08-19,2016-08-24,EIA_TWIP_ARCHIVE_URL_DATE,https://www.eia.gov/petroleum/weekly/,/petroleum/weekly/archive/2016/160824/includes/analysis_print.php,5,7.0,False
2016-08-26,2016-08-31,EIA_TWIP_ARCHIVE_URL_DATE,https://www.eia.gov/petroleum/weekly/,/petroleum/weekly/archive/2016/160831/includes/analysis_print.php,5,7.0,False
2016-09-02,2016-09-08,EIA_TWIP_ARCHIVE_URL_DATE,https://www.eia.gov/petroleum/weekly/,/petroleum/weekly/archive/2016/160908/includes/analysis_print.php,6,7.0,True
2016-09-09,2016-09-14,EIA_TWIP_ARCHIVE_URL_DATE,https://www.eia.gov/petroleum/weekly/,/petroleum/weekly/archive/2016/160914/includes/analysis_print.php,5,7.0,False
2016-09-16,2016-09-21,EIA_TWIP_ARCHIVE_URL_DATE,https://www.eia.gov/petroleum/weekly/,/petroleum/weekly/archive/2016/160921/includes/analysis_print.php,5,7.0,False
2016-09-23,2016-09-28,EIA_TWIP_ARCHIVE_URL_DATE,https://www.eia.gov/petroleum/weekly/,/petroleum/weekly/archive/2016/160928/includes/analysis_print.php,5,7.0,False
2016-09-30,2016-10-05,EIA_TWIP_ARCHIVE_URL_DATE,https://www.eia.gov/petroleum/weekly/,/petroleum/weekly/archive/2016/161005/includes/analysis_print.php,5,7.0,False
2016-10-07,2016-10-13,EIA_TWIP_ARCHIVE_URL_DATE,https://www.eia.gov/petroleum/weekly/,/petroleum/weekly/archive/2016/161013/includes/analysis_print.php,6,7.0,True
2016-10-14,2016-10-19,EIA_TWIP_ARCHIVE_URL_DATE,https://www.eia.gov/petroleum/weekly/,/petroleum/weekly/archive/2016/161019/includes/analysis_print.php,5,7.0,False
2016-10-21,2016-10-26,EIA_TWIP_ARCHIVE_URL_DATE,https://www.eia.gov/petroleum/weekly/,/petroleum/weekly/archive/2016/161026/includes/analysis_print.php,5,7.0,False
2016-10-28,2016-11-02,EIA_TWIP_ARCHIVE_URL_DATE,https://www.eia.gov/petroleum/weekly/,/petroleum/weekly/archive/2016/161102/includes/analysis_print.php,5,7.0,False
2016-11-04,2016-11-09,EIA_TWIP_ARCHIVE_URL_DATE,https://www.eia.gov/petroleum/weekly/,/petroleum/weekly/archive/2016/161109/includes/analysis_print.php,5,7.0,False
2016-11-11,2016-11-16,EIA_TWIP_ARCHIVE_URL_DATE,https://www.eia.gov/petroleum/weekly/,/petroleum/weekly/archive/2016/161116/includes/analysis_print.php,5,7.0,False
2016-11-18,2016-11-23,EIA_TWIP_ARCHIVE_URL_DATE,https://www.eia.gov/petroleum/weekly/,/petroleum/weekly/archive/2016/161123/includes/analysis_print.php,5,7.0,False
2016-11-25,2016-11-30,EIA_TWIP_ARCHIVE_URL_DATE,https://www.eia.gov/petroleum/weekly/,/petroleum/weekly/archive/2016/161130/includes/analysis_print.php,5,7.0,False
2016-12-02,2016-12-07,EIA_TWIP_ARCHIVE_URL_DATE,https://www.eia.gov/petroleum/weekly/,/petroleum/weekly/archive/2016/161207/includes/analysis_print.php,5,7.0,False
2016-12-09,2016-12-14,EIA_TWIP_ARCHIVE_URL_DATE,https://www.eia.gov/petroleum/weekly/,/petroleum/weekly/archive/2016/161214/includes/analysis_print.php,5,7.0,False
2016-12-16,2016-12-21,EIA_TWIP_ARCHIVE_URL_DATE,https://www.eia.gov/petroleum/weekly/,/petroleum/weekly/archive/2016/161221/includes/analysis_print.php,5,7.0,False
2016-12-23,2016-12-29,EIA_TWIP_ARCHIVE_URL_DATE,https://www.eia.gov/petroleum/weekly/,/petroleum/weekly/archive/2016/161229/includes/analysis_print.php,6,7.0,True
2016-12-30,2017-01-05,EIA_TWIP_ARCHIVE_URL_DATE,https://www.eia.gov/petroleum/weekly/,/petroleum/weekly/archive/2017/170105/includes/analysis_print.php,6,7.0,True
2017-01-06,2017-01-11,EIA_TWIP_ARCHIVE_URL_DATE,https://www.eia.gov/petroleum/weekly/,/petroleum/weekly/archive/2017/170111/includes/analysis_print.php,5,7.0,False
2017-01-13,2017-01-19,EIA_TWIP_ARCHIVE_URL_DATE,https://www.eia.gov/petroleum/weekly/,/petroleum/weekly/archive/2017/170119/includes/analysis_print.php,6,7.0,True
2017-01-20,2017-01-25,EIA_TWIP_ARCHIVE_URL_DATE,https://www.eia.gov/petroleum/weekly/,/petroleum/weekly/archive/2017/170125/includes/analysis_print.php,5,7.0,False
2017-01-27,2017-02-02,EIA_TWIP_ARCHIVE_URL_DATE,https://www.eia.gov/petroleum/weekly/,/petroleum/weekly/archive/2017/170202/includes/analysis_print.php,6,7.0,True
2017-02-03,2017-02-08,EIA_TWIP_ARCHIVE_URL_DATE,https://www.eia.gov/petroleum/weekly/,/petroleum/weekly/archive/2017/170208/includes/analysis_print.php,5,7.0,False
2017-02-10,2017-02-15,EIA_TWIP_ARCHIVE_URL_DATE,https://www.eia.gov/petroleum/weekly/,/petroleum/weekly/archive/2017/170215/includes/analysis_print.php,5,7.0,False
2017-02-17,2017-02-23,EIA_TWIP_ARCHIVE_URL_DATE,https://www.eia.gov/petroleum/weekly/,/petroleum/weekly/archive/2017/170223/includes/analysis_print.php,6,7.0,True
2017-02-24,2017-03-01,EIA_TWIP_ARCHIVE_URL_DATE,https://www.eia.gov/petroleum/weekly/,/petroleum/weekly/archive/2017/170301/includes/analysis_print.php,5,7.0,False
2017-03-03,2017-03-08,EIA_TWIP_ARCHIVE_URL_DATE,https://www.eia.gov/petroleum/weekly/,/petroleum/weekly/archive/2017/170308/includes/analysis_print.php,5,7.0,False
2017-03-10,2017-03-15,EIA_TWIP_ARCHIVE_URL_DATE,https://www.eia.gov/petroleum/weekly/,/petroleum/weekly/archive/2017/170315/includes/analysis_print.php,5,7.0,False
2017-03-17,2017-03-22,EIA_TWIP_ARCHIVE_URL_DATE,https://www.eia.gov/petroleum/weekly/,/petroleum/weekly/archive/2017/170322/includes/analysis_print.php,5,7.0,False
2017-03-24,2017-03-29,EIA_TWIP_ARCHIVE_URL_DATE,https://www.eia.gov/petroleum/weekly/,/petroleum/weekly/archive/2017/170329/includes/analysis_print.php,5,7.0,False
2017-03-31,2017-04-05,EIA_TWIP_ARCHIVE_URL_DATE,https://www.eia.gov/petroleum/weekly/,/petroleum/weekly/archive/2017/170405/includes/analysis_print.php,5,7.0,False
2017-04-07,2017-04-12,EIA_TWIP_ARCHIVE_URL_DATE,https://www.eia.gov/petroleum/weekly/,/petroleum/weekly/archive/2017/170412/includes/analysis_print.php,5,7.0,False
2017-04-14,2017-04-19,EIA_TWIP_ARCHIVE_URL_DATE,https://www.eia.gov/petroleum/weekly/,/petroleum/weekly/archive/2017/170419/includes/analysis_print.php,5,7.0,False
2017-04-21,2017-04-26,EIA_TWIP_ARCHIVE_URL_DATE,https://www.eia.gov/petroleum/weekly/,/petroleum/weekly/archive/2017/170426/includes/analysis_print.php,5,7.0,False
2017-04-28,2017-05-03,EIA_TWIP_ARCHIVE_URL_DATE,https://www.eia.gov/petroleum/weekly/,/petroleum/weekly/archive/2017/170503/includes/analysis_print.php,5,7.0,False
2017-05-05,2017-05-10,EIA_TWIP_ARCHIVE_URL_DATE,https://www.eia.gov/petroleum/weekly/,/petroleum/weekly/archive/2017/170510/includes/analysis_print.php,5,7.0,False
2017-05-12,2017-05-17,EIA_TWIP_ARCHIVE_URL_DATE,https://www.eia.gov/petroleum/weekly/,/petroleum/weekly/archive/2017/170517/includes/analysis_print.php,5,7.0,False
2017-05-19,2017-05-24,EIA_TWIP_ARCHIVE_URL_DATE,https://www.eia.gov/petroleum/weekly/,/petroleum/weekly/archive/2017/170524/includes/analysis_print.php,5,7.0,False
2017-05-26,2017-06-01,EIA_TWIP_ARCHIVE_URL_DATE,https://www.eia.gov/petroleum/weekly/,/petroleum/weekly/archive/2017/170601/includes/analysis_print.php,6,7.0,True
2017-06-02,2017-06-07,EIA_TWIP_ARCHIVE_URL_DATE,https://www.eia.gov/petroleum/weekly/,/petroleum/weekly/archive/2017/170607/includes/analysis_print.php,5,7.0,False
2017-06-09,2017-06-14,EIA_TWIP_ARCHIVE_URL_DATE,https://www.eia.gov/petroleum/weekly/,/petroleum/weekly/archive/2017/170614/includes/analysis_print.php,5,7.0,False
2017-06-16,2017-06-21,EIA_TWIP_ARCHIVE_URL_DATE,https://www.eia.gov/petroleum/weekly/,/petroleum/weekly/archive/2017/170621/includes/analysis_print.php,5,7.0,False
2017-06-23,2017-06-28,EIA_TWIP_ARCHIVE_URL_DATE,https://www.eia.gov/petroleum/weekly/,/petroleum/weekly/archive/2017/170628/includes/analysis_print.php,5,7.0,False
2017-06-30,2017-07-06,EIA_TWIP_ARCHIVE_URL_DATE,https://www.eia.gov/petroleum/weekly/,/petroleum/weekly/archive/2017/170706/includes/analysis_print.php,6,7.0,True
2017-07-07,2017-07-12,EIA_TWIP_ARCHIVE_URL_DATE,https://www.eia.gov/petroleum/weekly/,/petroleum/weekly/archive/2017/170712/includes/analysis_print.php,5,7.0,False
2017-07-14,2017-07-19,EIA_TWIP_ARCHIVE_URL_DATE,https://www.eia.gov/petroleum/weekly/,/petroleum/weekly/archive/2017/170719/includes/analysis_print.php,5,7.0,False
2017-07-21,2017-07-26,EIA_TWIP_ARCHIVE_URL_DATE,https://www.eia.gov/petroleum/weekly/,/petroleum/weekly/archive/2017/170726/includes/analysis_print.php,5,7.0,False
2017-07-28,2017-08-03,EIA_TWIP_ARCHIVE_URL_DATE,https://www.eia.gov/petroleum/weekly/,/petroleum/weekly/archive/2017/170803/includes/analysis_print.php,6,7.0,True
2017-08-04,2017-08-09,EIA_TWIP_ARCHIVE_URL_DATE,https://www.eia.gov/petroleum/weekly/,/petroleum/weekly/archive/2017/170809/includes/analysis_print.php,5,7.0,False
2017-08-11,2017-08-16,EIA_TWIP_ARCHIVE_URL_DATE,https://www.eia.gov/petroleum/weekly/,/petroleum/weekly/archive/2017/170816/includes/analysis_print.php,5,7.0,False
2017-08-18,2017-08-23,EIA_TWIP_ARCHIVE_URL_DATE,https://www.eia.gov/petroleum/weekly/,/petroleum/weekly/archive/2017/170823/includes/analysis_print.php,5,7.0,False
2017-08-25,2017-08-30,EIA_TWIP_ARCHIVE_URL_DATE,https://www.eia.gov/petroleum/weekly/,/petroleum/weekly/archive/2017/170830/includes/analysis_print.php,5,7.0,False
2017-09-01,2017-09-08,EIA_TWIP_ARCHIVE_URL_DATE,https://www.eia.gov/petroleum/weekly/,/petroleum/weekly/archive/2017/170908/includes/analysis_print.php,7,7.0,True
2017-09-08,2017-09-13,EIA_TWIP_ARCHIVE_URL_DATE,https://www.eia.gov/petroleum/weekly/,/petroleum/weekly/archive/2017/170913/includes/analysis_print.php,5,7.0,False
2017-09-15,2017-09-20,EIA_TWIP_ARCHIVE_URL_DATE,https://www.eia.gov/petroleum/weekly/,/petroleum/weekly/archive/2017/170920/includes/analysis_print.php,5,7.0,False
2017-09-22,2017-09-27,EIA_TWIP_ARCHIVE_URL_DATE,https://www.eia.gov/petroleum/weekly/,/petroleum/weekly/archive/2017/170927/includes/analysis_print.php,5,7.0,False
2017-09-29,2017-10-04,EIA_TWIP_ARCHIVE_URL_DATE,https://www.eia.gov/petroleum/weekly/,/petroleum/weekly/archive/2017/171004/includes/analysis_print.php,5,7.0,False
2017-10-06,2017-10-12,EIA_TWIP_ARCHIVE_URL_DATE,https://www.eia.gov/petroleum/weekly/,/petroleum/weekly/archive/2017/171012/includes/analysis_print.php,6,7.0,True
2017-10-13,2017-10-18,EIA_TWIP_ARCHIVE_URL_DATE,https://www.eia.gov/petroleum/weekly/,/petroleum/weekly/archive/2017/171018/includes/analysis_print.php,5,7.0,False
2017-10-20,2017-10-25,EIA_TWIP_ARCHIVE_URL_DATE,https://www.eia.gov/petroleum/weekly/,/petroleum/weekly/archive/2017/171025/includes/analysis_print.php,5,7.0,False
2017-10-27,2017-11-01,EIA_TWIP_ARCHIVE_URL_DATE,https://www.eia.gov/petroleum/weekly/,/petroleum/weekly/archive/2017/171101/includes/analysis_print.php,5,7.0,False
2017-11-03,2017-11-08,EIA_TWIP_ARCHIVE_URL_DATE,https://www.eia.gov/petroleum/weekly/,/petroleum/weekly/archive/2017/171108/includes/analysis_print.php,5,7.0,False
2017-11-10,2017-11-15,EIA_TWIP_ARCHIVE_URL_DATE,https://www.eia.gov/petroleum/weekly/,/petroleum/weekly/archive/2017/171115/includes/analysis_print.php,5,7.0,False
2017-11-17,2017-11-22,EIA_TWIP_ARCHIVE_URL_DATE,https://www.eia.gov/petroleum/weekly/,/petroleum/weekly/archive/2017/171122/includes/analysis_print.php,5,7.0,False
2017-11-24,2017-11-29,EIA_TWIP_ARCHIVE_URL_DATE,https://www.eia.gov/petroleum/weekly/,/petroleum/weekly/archive/2017/171129/includes/analysis_print.php,5,7.0,False
2017-12-01,2017-12-06,EIA_TWIP_ARCHIVE_URL_DATE,https://www.eia.gov/petroleum/weekly/,/petroleum/weekly/archive/2017/171206/includes/analysis_print.php,5,7.0,False
2017-12-08,2017-12-13,EIA_TWIP_ARCHIVE_URL_DATE,https://www.eia.gov/petroleum/weekly/,/petroleum/weekly/archive/2017/171213/includes/analysis_print.php,5,7.0,False
2017-12-15,2017-12-20,EIA_TWIP_ARCHIVE_URL_DATE,https://www.eia.gov/petroleum/weekly/,/petroleum/weekly/archive/2017/171220/includes/analysis_print.php,5,7.0,False
2017-12-22,2017-12-28,EIA_TWIP_ARCHIVE_URL_DATE,https://www.eia.gov/petroleum/weekly/,/petroleum/weekly/archive/2017/171228/includes/analysis_print.php,6,7.0,True
2017-12-29,2018-01-04,EIA_TWIP_ARCHIVE_URL_DATE,https://www.eia.gov/petroleum/weekly/,/petroleum/weekly/archive/2018/180104/includes/analysis_print.php,6,7.0,True
2018-01-05,2018-01-10,EIA_TWIP_ARCHIVE_URL_DATE,https://www.eia.gov/petroleum/weekly/,/petroleum/weekly/archive/2018/180110/includes/analysis_print.php,5,7.0,False
2018-01-12,2018-01-18,EIA_TWIP_ARCHIVE_URL_DATE,https://www.eia.gov/petroleum/weekly/,/petroleum/weekly/archive/2018/180118/includes/analysis_print.php,6,7.0,True
2018-01-19,2018-01-24,EIA_TWIP_ARCHIVE_URL_DATE,https://www.eia.gov/petroleum/weekly/,/petroleum/weekly/archive/2018/180124/includes/analysis_print.php,5,7.0,False
2018-01-26,2018-01-31,EIA_TWIP_ARCHIVE_URL_DATE,https://www.eia.gov/petroleum/weekly/,/petroleum/weekly/archive/2018/180131/includes/analysis_print.php,5,7.0,False
2018-02-02,2018-02-07,EIA_TWIP_ARCHIVE_URL_DATE,https://www.eia.gov/petroleum/weekly/,/petroleum/weekly/archive/2018/180207/includes/analysis_print.php,5,7.0,False
2018-02-09,2018-02-14,EIA_TWIP_ARCHIVE_URL_DATE,https://www.eia.gov/petroleum/weekly/,/petroleum/weekly/archive/2018/180214/includes/analysis_print.php,5,7.0,False
2018-02-16,2018-02-22,EIA_TWIP_ARCHIVE_URL_DATE,https://www.eia.gov/petroleum/weekly/,/petroleum/weekly/archive/2018/180222/includes/analysis_print.php,6,7.0,True
2018-02-23,2018-02-28,EIA_TWIP_ARCHIVE_URL_DATE,https://www.eia.gov/petroleum/weekly/,/petroleum/weekly/archive/2018/180228/includes/analysis_print.php,5,7.0,False
2018-03-02,2018-03-07,EIA_TWIP_ARCHIVE_URL_DATE,https://www.eia.gov/petroleum/weekly/,/petroleum/weekly/archive/2018/180307/includes/analysis_print.php,5,7.0,False
2018-03-09,2018-03-14,EIA_TWIP_ARCHIVE_URL_DATE,https://www.eia.gov/petroleum/weekly/,/petroleum/weekly/archive/2018/180314/includes/analysis_print.php,5,7.0,False
2018-03-16,2018-03-21,EIA_TWIP_ARCHIVE_URL_DATE,https://www.eia.gov/petroleum/weekly/,/petroleum/weekly/archive/2018/180321/includes/analysis_print.php,5,7.0,False
2018-03-23,2018-03-28,EIA_TWIP_ARCHIVE_URL_DATE,https://www.eia.gov/petroleum/weekly/,/petroleum/weekly/archive/2018/180328/includes/analysis_print.php,5,7.0,False
2018-03-30,2018-04-04,EIA_TWIP_ARCHIVE_URL_DATE,https://www.eia.gov/petroleum/weekly/,/petroleum/weekly/archive/2018/180404/includes/analysis_print.php,5,7.0,False
2018-04-06,2018-04-11,EIA_TWIP_ARCHIVE_URL_DATE,https://www.eia.gov/petroleum/weekly/,/petroleum/weekly/archive/2018/180411/includes/analysis_print.php,5,7.0,False
2018-04-13,2018-04-18,EIA_TWIP_ARCHIVE_URL_DATE,https://www.eia.gov/petroleum/weekly/,/petroleum/weekly/archive/2018/180418/includes/analysis_print.php,5,7.0,False
2018-04-20,2018-04-25,EIA_TWIP_ARCHIVE_URL_DATE,https://www.eia.gov/petroleum/weekly/,/petroleum/weekly/archive/2018/180425/includes/analysis_print.php,5,7.0,False
2018-04-27,2018-05-02,EIA_TWIP_ARCHIVE_URL_DATE,https://www.eia.gov/petroleum/weekly/,/petroleum/weekly/archive/2018/180502/includes/analysis_print.php,5,7.0,False
2018-05-04,2018-05-09,EIA_TWIP_ARCHIVE_URL_DATE,https://www.eia.gov/petroleum/weekly/,/petroleum/weekly/archive/2018/180509/includes/analysis_print.php,5,7.0,False
2018-05-11,2018-05-16,EIA_TWIP_ARCHIVE_URL_DATE,https://www.eia.gov/petroleum/weekly/,/petroleum/weekly/archive/2018/180516/includes/analysis_print.php,5,7.0,False
2018-05-18,2018-05-23,EIA_TWIP_ARCHIVE_URL_DATE,https://www.eia.gov/petroleum/weekly/,/petroleum/weekly/archive/2018/180523/includes/analysis_print.php,5,7.0,False
2018-05-25,2018-05-31,EIA_TWIP_ARCHIVE_URL_DATE,https://www.eia.gov/petroleum/weekly/,/petroleum/weekly/archive/2018/180531/includes/analysis_print.php,6,7.0,True
2018-06-01,2018-06-06,EIA_TWIP_ARCHIVE_URL_DATE,https://www.eia.gov/petroleum/weekly/,/petroleum/weekly/archive/2018/180606/includes/analysis_print.php,5,7.0,False
2018-06-08,2018-06-13,EIA_TWIP_ARCHIVE_URL_DATE,https://www.eia.gov/petroleum/weekly/,/petroleum/weekly/archive/2018/180613/includes/analysis_print.php,5,7.0,False
2018-06-15,2018-06-20,EIA_TWIP_ARCHIVE_URL_DATE,https://www.eia.gov/petroleum/weekly/,/petroleum/weekly/archive/2018/180620/includes/analysis_print.php,5,7.0,False
2018-06-22,2018-06-27,EIA_TWIP_ARCHIVE_URL_DATE,https://www.eia.gov/petroleum/weekly/,/petroleum/weekly/archive/2018/180627/includes/analysis_print.php,5,7.0,False
2018-06-29,2018-07-05,EIA_TWIP_ARCHIVE_URL_DATE,https://www.eia.gov/petroleum/weekly/,/petroleum/weekly/archive/2018/180705/includes/analysis_print.php,6,7.0,True
2018-07-06,2018-07-11,EIA_TWIP_ARCHIVE_URL_DATE,https://www.eia.gov/petroleum/weekly/,/petroleum/weekly/archive/2018/180711/includes/analysis_print.php,5,7.0,False
2018-07-13,2018-07-18,EIA_TWIP_ARCHIVE_URL_DATE,https://www.eia.gov/petroleum/weekly/,/petroleum/weekly/archive/2018/180718/includes/analysis_print.php,5,7.0,False
2018-07-20,2018-07-25,EIA_TWIP_ARCHIVE_URL_DATE,https://www.eia.gov/petroleum/weekly/,/petroleum/weekly/archive/2018/180725/includes/analysis_print.php,5,7.0,False
2018-07-27,2018-08-01,EIA_TWIP_ARCHIVE_URL_DATE,https://www.eia.gov/petroleum/weekly/,/petroleum/weekly/archive/2018/180801/includes/analysis_print.php,5,7.0,False
2018-08-03,2018-08-08,EIA_TWIP_ARCHIVE_URL_DATE,https://www.eia.gov/petroleum/weekly/,/petroleum/weekly/archive/2018/180808/includes/analysis_print.php,5,7.0,False
2018-08-10,2018-08-15,EIA_TWIP_ARCHIVE_URL_DATE,https://www.eia.gov/petroleum/weekly/,/petroleum/weekly/archive/2018/180815/includes/analysis_print.php,5,7.0,False
2018-08-17,2018-08-22,EIA_TWIP_ARCHIVE_URL_DATE,https://www.eia.gov/petroleum/weekly/,/petroleum/weekly/archive/2018/180822/includes/analysis_print.php,5,7.0,False
2018-08-24,2018-08-29,EIA_TWIP_ARCHIVE_URL_DATE,https://www.eia.gov/petroleum/weekly/,/petroleum/weekly/archive/2018/180829/includes/analysis_print.php,5,7.0,False
2018-08-31,2018-09-06,EIA_TWIP_ARCHIVE_URL_DATE,https://www.eia.gov/petroleum/weekly/,/petroleum/weekly/archive/2018/180906/includes/analysis_print.php,6,7.0,True
2018-09-07,2018-09-12,EIA_TWIP_ARCHIVE_URL_DATE,https://www.eia.gov/petroleum/weekly/,/petroleum/weekly/archive/2018/180912/includes/analysis_print.php,5,7.0,False
2018-09-14,2018-09-19,EIA_TWIP_ARCHIVE_URL_DATE,https://www.eia.gov/petroleum/weekly/,/petroleum/weekly/archive/2018/180919/includes/analysis_print.php,5,7.0,False
2018-09-21,2018-09-26,EIA_TWIP_ARCHIVE_URL_DATE,https://www.eia.gov/petroleum/weekly/,/petroleum/weekly/archive/2018/180926/includes/analysis_print.php,5,7.0,False
2018-09-28,2018-10-03,EIA_TWIP_ARCHIVE_URL_DATE,https://www.eia.gov/petroleum/weekly/,/petroleum/weekly/archive/2018/181003/includes/analysis_print.php,5,7.0,False
2018-10-05,2018-10-11,EIA_TWIP_ARCHIVE_URL_DATE,https://www.eia.gov/petroleum/weekly/,/petroleum/weekly/archive/2018/181011/includes/analysis_print.php,6,7.0,True
2018-10-12,2018-10-17,EIA_TWIP_ARCHIVE_URL_DATE,https://www.eia.gov/petroleum/weekly/,/petroleum/weekly/archive/2018/181017/includes/analysis_print.php,5,7.0,False
2018-10-19,2018-10-24,EIA_TWIP_ARCHIVE_URL_DATE,https://www.eia.gov/petroleum/weekly/,/petroleum/weekly/archive/2018/181024/includes/analysis_print.php,5,7.0,False
2018-10-26,2018-10-31,EIA_TWIP_ARCHIVE_URL_DATE,https://www.eia.gov/petroleum/weekly/,/petroleum/weekly/archive/2018/181031/includes/analysis_print.php,5,7.0,False
2018-11-02,2018-11-07,EIA_TWIP_ARCHIVE_URL_DATE,https://www.eia.gov/petroleum/weekly/,/petroleum/weekly/archive/2018/181107/includes/analysis_print.php,5,7.0,False
2018-11-09,2018-11-15,EIA_TWIP_ARCHIVE_URL_DATE,https://www.eia.gov/petroleum/weekly/,/petroleum/weekly/archive/2018/181115/includes/analysis_print.php,6,7.0,True
2018-11-16,2018-11-21,EIA_TWIP_ARCHIVE_URL_DATE,https://www.eia.gov/petroleum/weekly/,/petroleum/weekly/archive/2018/181121/includes/analysis_print.php,5,7.0,False
2018-11-23,2018-11-28,EIA_TWIP_ARCHIVE_URL_DATE,https://www.eia.gov/petroleum/weekly/,/petroleum/weekly/archive/2018/181128/includes/analysis_print.php,5,7.0,False
2018-11-30,2018-12-06,EIA_TWIP_ARCHIVE_URL_DATE,https://www.eia.gov/petroleum/weekly/,/petroleum/weekly/archive/2018/181206/includes/analysis_print.php,6,7.0,True
2018-12-07,2018-12-12,EIA_TWIP_ARCHIVE_URL_DATE,https://www.eia.gov/petroleum/weekly/,/petroleum/weekly/archive/2018/181212/includes/analysis_print.php,5,7.0,False
2018-12-14,2018-12-19,EIA_TWIP_ARCHIVE_URL_DATE,https://www.eia.gov/petroleum/weekly/,/petroleum/weekly/archive/2018/181219/includes/analysis_print.php,5,7.0,False
2018-12-21,2018-12-28,EIA_TWIP_ARCHIVE_URL_DATE,https://www.eia.gov/petroleum/weekly/,/petroleum/weekly/archive/2018/181228/includes/analysis_print.php,7,7.0,True
2018-12-28,2019-01-04,EIA_TWIP_ARCHIVE_URL_DATE,https://www.eia.gov/petroleum/weekly/,/petroleum/weekly/archive/2019/190104/includes/analysis_print.php,7,7.0,True
2019-01-04,2019-01-09,EIA_TWIP_ARCHIVE_URL_DATE,https://www.eia.gov/petroleum/weekly/,/petroleum/weekly/archive/2019/190109/includes/analysis_print.php,5,7.0,False
2019-01-11,2019-01-16,EIA_TWIP_ARCHIVE_URL_DATE,https://www.eia.gov/petroleum/weekly/,/petroleum/weekly/archive/2019/190116/includes/analysis_print.php,5,7.0,False
2019-01-18,2019-01-24,EIA_TWIP_ARCHIVE_URL_DATE,https://www.eia.gov/petroleum/weekly/,/petroleum/weekly/archive/2019/190124/includes/analysis_print.php,6,7.0,True
2019-01-25,2019-01-30,EIA_TWIP_ARCHIVE_URL_DATE,https://www.eia.gov/petroleum/weekly/,/petroleum/weekly/archive/2019/190130/includes/analysis_print.php,5,7.0,False
2019-02-01,2019-02-06,EIA_TWIP_ARCHIVE_URL_DATE,https://www.eia.gov/petroleum/weekly/,/petroleum/weekly/archive/2019/190206/includes/analysis_print.php,5,7.0,False
2019-02-08,2019-02-13,EIA_TWIP_ARCHIVE_URL_DATE,https://www.eia.gov/petroleum/weekly/,/petroleum/weekly/archive/2019/190213/includes/analysis_print.php,5,7.0,False
2019-02-15,2019-02-21,EIA_TWIP_ARCHIVE_URL_DATE,https://www.eia.gov/petroleum/weekly/,/petroleum/weekly/archive/2019/190221/includes/analysis_print.php,6,7.0,True
2019-02-22,2019-02-27,EIA_TWIP_ARCHIVE_URL_DATE,https://www.eia.gov/petroleum/weekly/,/petroleum/weekly/archive/2019/190227/includes/analysis_print.php,5,7.0,False
2019-03-01,2019-03-06,EIA_TWIP_ARCHIVE_URL_DATE,https://www.eia.gov/petroleum/weekly/,/petroleum/weekly/archive/2019/190306/includes/analysis_print.php,5,7.0,False
2019-03-08,2019-03-13,EIA_TWIP_ARCHIVE_URL_DATE,https://www.eia.gov/petroleum/weekly/,/petroleum/weekly/archive/2019/190313/includes/analysis_print.php,5,7.0,False
2019-03-15,2019-03-20,EIA_TWIP_ARCHIVE_URL_DATE,https://www.eia.gov/petroleum/weekly/,/petroleum/weekly/archive/2019/190320/includes/analysis_print.php,5,7.0,False
2019-03-22,2019-03-27,EIA_TWIP_ARCHIVE_URL_DATE,https://www.eia.gov/petroleum/weekly/,/petroleum/weekly/archive/2019/190327/includes/analysis_print.php,5,7.0,False
2019-03-29,2019-04-03,EIA_TWIP_ARCHIVE_URL_DATE,https://www.eia.gov/petroleum/weekly/,/petroleum/weekly/archive/2019/190403/includes/analysis_print.php,5,7.0,False
2019-04-05,2019-04-10,EIA_TWIP_ARCHIVE_URL_DATE,https://www.eia.gov/petroleum/weekly/,/petroleum/weekly/archive/2019/190410/includes/analysis_print.php,5,7.0,False
2019-04-12,2019-04-17,EIA_TWIP_ARCHIVE_URL_DATE,https://www.eia.gov/petroleum/weekly/,/petroleum/weekly/archive/2019/190417/includes/analysis_print.php,5,7.0,False
2019-04-19,2019-04-24,EIA_TWIP_ARCHIVE_URL_DATE,https://www.eia.gov/petroleum/weekly/,/petroleum/weekly/archive/2019/190424/includes/analysis_print.php,5,7.0,False
2019-04-26,2019-05-01,EIA_TWIP_ARCHIVE_URL_DATE,https://www.eia.gov/petroleum/weekly/,/petroleum/weekly/archive/2019/190501/includes/analysis_print.php,5,7.0,False
2019-05-03,2019-05-08,EIA_TWIP_ARCHIVE_URL_DATE,https://www.eia.gov/petroleum/weekly/,/petroleum/weekly/archive/2019/190508/includes/analysis_print.php,5,7.0,False
2019-05-10,2019-05-15,EIA_TWIP_ARCHIVE_URL_DATE,https://www.eia.gov/petroleum/weekly/,/petroleum/weekly/archive/2019/190515/includes/analysis_print.php,5,7.0,False
2019-05-17,2019-05-22,EIA_TWIP_ARCHIVE_URL_DATE,https://www.eia.gov/petroleum/weekly/,/petroleum/weekly/archive/2019/190522/includes/analysis_print.php,5,7.0,False
2019-05-24,2019-05-30,EIA_TWIP_ARCHIVE_URL_DATE,https://www.eia.gov/petroleum/weekly/,/petroleum/weekly/archive/2019/190530/includes/analysis_print.php,6,7.0,True
2019-05-31,2019-06-05,EIA_TWIP_ARCHIVE_URL_DATE,https://www.eia.gov/petroleum/weekly/,/petroleum/weekly/archive/2019/190605/includes/analysis_print.php,5,7.0,False
2019-06-07,2019-06-12,EIA_TWIP_ARCHIVE_URL_DATE,https://www.eia.gov/petroleum/weekly/,/petroleum/weekly/archive/2019/190612/includes/analysis_print.php,5,7.0,False
2019-06-14,2019-06-19,EIA_TWIP_ARCHIVE_URL_DATE,https://www.eia.gov/petroleum/weekly/,/petroleum/weekly/archive/2019/190619/includes/analysis_print.php,5,7.0,False
2019-06-21,2019-06-26,EIA_TWIP_ARCHIVE_URL_DATE,https://www.eia.gov/petroleum/weekly/,/petroleum/weekly/archive/2019/190626/includes/analysis_print.php,5,7.0,False
2019-06-28,2019-07-03,EIA_TWIP_ARCHIVE_URL_DATE,https://www.eia.gov/petroleum/weekly/,/petroleum/weekly/archive/2019/190703/includes/analysis_print.php,5,7.0,False
2019-07-05,2019-07-10,EIA_TWIP_ARCHIVE_URL_DATE,https://www.eia.gov/petroleum/weekly/,/petroleum/weekly/archive/2019/190710/includes/analysis_print.php,5,7.0,False
2019-07-12,2019-07-17,EIA_TWIP_ARCHIVE_URL_DATE,https://www.eia.gov/petroleum/weekly/,/petroleum/weekly/archive/2019/190717/includes/analysis_print.php,5,7.0,False
2019-07-19,2019-07-24,EIA_TWIP_ARCHIVE_URL_DATE,https://www.eia.gov/petroleum/weekly/,/petroleum/weekly/archive/2019/190724/includes/analysis_print.php,5,7.0,False
2019-07-26,2019-07-31,EIA_TWIP_ARCHIVE_URL_DATE,https://www.eia.gov/petroleum/weekly/,/petroleum/weekly/archive/2019/190731/includes/analysis_print.php,5,7.0,False
2019-08-02,2019-08-07,EIA_TWIP_ARCHIVE_URL_DATE,https://www.eia.gov/petroleum/weekly/,/petroleum/weekly/archive/2019/190807/includes/analysis_print.php,5,7.0,False
2019-08-09,2019-08-14,EIA_TWIP_ARCHIVE_URL_DATE,https://www.eia.gov/petroleum/weekly/,/petroleum/weekly/archive/2019/190814/includes/analysis_print.php,5,7.0,False
2019-08-16,2019-08-21,EIA_TWIP_ARCHIVE_URL_DATE,https://www.eia.gov/petroleum/weekly/,/petroleum/weekly/archive/2019/190821/includes/analysis_print.php,5,7.0,False
2019-08-23,2019-08-28,EIA_TWIP_ARCHIVE_URL_DATE,https://www.eia.gov/petroleum/weekly/,/petroleum/weekly/archive/2019/190828/includes/analysis_print.php,5,7.0,False
2019-08-30,2019-09-05,EIA_TWIP_ARCHIVE_URL_DATE,https://www.eia.gov/petroleum/weekly/,/petroleum/weekly/archive/2019/190905/includes/analysis_print.php,6,7.0,True
2019-09-06,2019-09-11,EIA_TWIP_ARCHIVE_URL_DATE,https://www.eia.gov/petroleum/weekly/,/petroleum/weekly/archive/2019/190911/includes/analysis_print.php,5,7.0,False
2019-09-13,2019-09-18,EIA_TWIP_ARCHIVE_URL_DATE,https://www.eia.gov/petroleum/weekly/,/petroleum/weekly/archive/2019/190918/includes/analysis_print.php,5,7.0,False
2019-09-20,2019-09-25,EIA_TWIP_ARCHIVE_URL_DATE,https://www.eia.gov/petroleum/weekly/,/petroleum/weekly/archive/2019/190925/includes/analysis_print.php,5,7.0,False
2019-09-27,2019-10-02,EIA_TWIP_ARCHIVE_URL_DATE,https://www.eia.gov/petroleum/weekly/,/petroleum/weekly/archive/2019/191002/includes/analysis_print.php,5,7.0,False
2019-10-04,2019-10-09,EIA_TWIP_ARCHIVE_URL_DATE,https://www.eia.gov/petroleum/weekly/,/petroleum/weekly/archive/2019/191009/includes/analysis_print.php,5,7.0,False
2019-10-11,2019-10-17,EIA_TWIP_ARCHIVE_URL_DATE,https://www.eia.gov/petroleum/weekly/,/petroleum/weekly/archive/2019/191017/includes/analysis_print.php,6,7.0,True
2019-10-18,2019-10-23,EIA_TWIP_ARCHIVE_URL_DATE,https://www.eia.gov/petroleum/weekly/,/petroleum/weekly/archive/2019/191023/includes/analysis_print.php,5,7.0,False
2019-10-25,2019-10-30,EIA_TWIP_ARCHIVE_URL_DATE,https://www.eia.gov/petroleum/weekly/,/petroleum/weekly/archive/2019/191030/includes/analysis_print.php,5,7.0,False
2019-11-01,2019-11-06,EIA_TWIP_ARCHIVE_URL_DATE,https://www.eia.gov/petroleum/weekly/,/petroleum/weekly/archive/2019/191106/includes/analysis_print.php,5,7.0,False
2019-11-08,2019-11-14,EIA_TWIP_ARCHIVE_URL_DATE,https://www.eia.gov/petroleum/weekly/,/petroleum/weekly/archive/2019/191114/includes/analysis_print.php,6,7.0,True
2019-11-15,2019-11-20,EIA_TWIP_ARCHIVE_URL_DATE,https://www.eia.gov/petroleum/weekly/,/petroleum/weekly/archive/2019/191120/includes/analysis_print.php,5,7.0,False
2019-11-22,2019-11-27,EIA_TWIP_ARCHIVE_URL_DATE,https://www.eia.gov/petroleum/weekly/,/petroleum/weekly/archive/2019/191127/includes/analysis_print.php,5,7.0,False
2019-11-29,2019-12-04,EIA_TWIP_ARCHIVE_URL_DATE,https://www.eia.gov/petroleum/weekly/,/petroleum/weekly/archive/2019/191204/includes/analysis_print.php,5,7.0,False
2019-12-06,2019-12-11,EIA_TWIP_ARCHIVE_URL_DATE,https://www.eia.gov/petroleum/weekly/,/petroleum/weekly/archive/2019/191211/includes/analysis_print.php,5,7.0,False
2019-12-13,2019-12-18,EIA_TWIP_ARCHIVE_URL_DATE,https://www.eia.gov/petroleum/weekly/,/petroleum/weekly/archive/2019/191218/includes/analysis_print.php,5,7.0,False
2019-12-20,2019-12-27,EIA_TWIP_ARCHIVE_URL_DATE,https://www.eia.gov/petroleum/weekly/,/petroleum/weekly/archive/2019/191227/includes/analysis_print.php,7,7.0,True
2019-12-27,2020-01-03,EIA_TWIP_ARCHIVE_URL_DATE,https://www.eia.gov/petroleum/weekly/,/petroleum/weekly/archive/2020/200103/includes/analysis_print.php,7,7.0,True
2020-01-03,2020-01-08,EIA_TWIP_ARCHIVE_URL_DATE,https://www.eia.gov/petroleum/weekly/,/petroleum/weekly/archive/2020/200108/includes/analysis_print.php,5,7.0,False
2020-01-10,2020-01-15,EIA_TWIP_ARCHIVE_URL_DATE,https://www.eia.gov/petroleum/weekly/,/petroleum/weekly/archive/2020/200115/includes/analysis_print.php,5,7.0,False
2020-01-17,2020-01-23,EIA_TWIP_ARCHIVE_URL_DATE,https://www.eia.gov/petroleum/weekly/,/petroleum/weekly/archive/2020/200123/includes/analysis_print.php,6,7.0,True
2020-01-24,2020-01-29,EIA_TWIP_ARCHIVE_URL_DATE,https://www.eia.gov/petroleum/weekly/,/petroleum/weekly/archive/2020/200129/includes/analysis_print.php,5,7.0,False
2020-01-31,2020-02-05,EIA_TWIP_ARCHIVE_URL_DATE,https://www.eia.gov/petroleum/weekly/,/petroleum/weekly/archive/2020/200205/includes/analysis_print.php,5,7.0,False
2020-02-07,2020-02-12,EIA_TWIP_ARCHIVE_URL_DATE,https://www.eia.gov/petroleum/weekly/,/petroleum/weekly/archive/2020/200212/includes/analysis_print.php,5,7.0,False
2020-02-14,2020-02-20,EIA_TWIP_ARCHIVE_URL_DATE,https://www.eia.gov/petroleum/weekly/,/petroleum/weekly/archive/2020/200220/includes/analysis_print.php,6,7.0,True
2020-02-21,2020-02-26,EIA_TWIP_ARCHIVE_URL_DATE,https://www.eia.gov/petroleum/weekly/,/petroleum/weekly/archive/2020/200226/includes/analysis_print.php,5,7.0,False
2020-02-28,2020-03-04,EIA_TWIP_ARCHIVE_URL_DATE,https://www.eia.gov/petroleum/weekly/,/petroleum/weekly/archive/2020/200304/includes/analysis_print.php,5,7.0,False
2020-03-06,2020-03-11,EIA_TWIP_ARCHIVE_URL_DATE,https://www.eia.gov/petroleum/weekly/,/petroleum/weekly/archive/2020/200311/includes/analysis_print.php,5,7.0,False
2020-03-13,2020-03-18,EIA_TWIP_ARCHIVE_URL_DATE,https://www.eia.gov/petroleum/weekly/,/petroleum/weekly/archive/2020/200318/includes/analysis_print.php,5,7.0,False
2020-03-20,2020-03-25,EIA_TWIP_ARCHIVE_URL_DATE,https://www.eia.gov/petroleum/weekly/,/petroleum/weekly/archive/2020/200325/includes/analysis_print.php,5,7.0,False
2020-03-27,2020-04-01,EIA_TWIP_ARCHIVE_URL_DATE,https://www.eia.gov/petroleum/weekly/,/petroleum/weekly/archive/2020/200401/includes/analysis_print.php,5,7.0,False
2020-04-03,2020-04-08,EIA_TWIP_ARCHIVE_URL_DATE,https://www.eia.gov/petroleum/weekly/,/petroleum/weekly/archive/2020/200408/includes/analysis_print.php,5,7.0,False
2020-04-10,2020-04-15,EIA_TWIP_ARCHIVE_URL_DATE,https://www.eia.gov/petroleum/weekly/,/petroleum/weekly/archive/2020/200415/includes/analysis_print.php,5,7.0,False
2020-04-17,2020-04-22,EIA_TWIP_ARCHIVE_URL_DATE,https://www.eia.gov/petroleum/weekly/,/petroleum/weekly/archive/2020/200422/includes/analysis_print.php,5,7.0,False
2020-04-24,2020-04-29,EIA_TWIP_ARCHIVE_URL_DATE,https://www.eia.gov/petroleum/weekly/,/petroleum/weekly/archive/2020/200429/includes/analysis_print.php,5,7.0,False
2020-05-01,2020-05-06,EIA_TWIP_ARCHIVE_URL_DATE,https://www.eia.gov/petroleum/weekly/,/petroleum/weekly/archive/2020/200506/includes/analysis_print.php,5,7.0,False
2020-05-08,2020-05-13,EIA_TWIP_ARCHIVE_URL_DATE,https://www.eia.gov/petroleum/weekly/,/petroleum/weekly/archive/2020/200513/includes/analysis_print.php,5,7.0,False
2020-05-15,2020-05-20,EIA_TWIP_ARCHIVE_URL_DATE,https://www.eia.gov/petroleum/weekly/,/petroleum/weekly/archive/2020/200520/includes/analysis_print.php,5,7.0,False
2020-05-22,2020-05-28,EIA_TWIP_ARCHIVE_URL_DATE,https://www.eia.gov/petroleum/weekly/,/petroleum/weekly/archive/2020/200528/includes/analysis_print.php,6,7.0,True
2020-05-29,2020-06-03,EIA_TWIP_ARCHIVE_URL_DATE,https://www.eia.gov/petroleum/weekly/,/petroleum/weekly/archive/2020/200603/includes/analysis_print.php,5,7.0,False
2020-06-05,2020-06-10,EIA_TWIP_ARCHIVE_URL_DATE,https://www.eia.gov/petroleum/weekly/,/petroleum/weekly/archive/2020/200610/includes/analysis_print.php,5,7.0,False
2020-06-12,2020-06-17,EIA_TWIP_ARCHIVE_URL_DATE,https://www.eia.gov/petroleum/weekly/,/petroleum/weekly/archive/2020/200617/includes/analysis_print.php,5,7.0,False
2020-06-19,2020-06-24,EIA_TWIP_ARCHIVE_URL_DATE,https://www.eia.gov/petroleum/weekly/,/petroleum/weekly/archive/2020/200624/includes/analysis_print.php,5,7.0,False
2020-06-26,2020-07-01,EIA_TWIP_ARCHIVE_URL_DATE,https://www.eia.gov/petroleum/weekly/,/petroleum/weekly/archive/2020/200701/includes/analysis_print.php,5,7.0,False
2020-07-03,2020-07-08,EIA_TWIP_ARCHIVE_URL_DATE,https://www.eia.gov/petroleum/weekly/,/petroleum/weekly/archive/2020/200708/includes/analysis_print.php,5,7.0,False
2020-07-10,2020-07-15,EIA_TWIP_ARCHIVE_URL_DATE,https://www.eia.gov/petroleum/weekly/,/petroleum/weekly/archive/2020/200715/includes/analysis_print.php,5,7.0,False
2020-07-17,2020-07-22,EIA_TWIP_ARCHIVE_URL_DATE,https://www.eia.gov/petroleum/weekly/,/petroleum/weekly/archive/2020/200722/includes/analysis_print.php,5,7.0,False
2020-07-24,2020-07-29,EIA_TWIP_ARCHIVE_URL_DATE,https://www.eia.gov/petroleum/weekly/,/petroleum/weekly/archive/2020/200729/includes/analysis_print.php,5,7.0,False
2020-07-31,2020-08-05,EIA_TWIP_ARCHIVE_URL_DATE,https://www.eia.gov/petroleum/weekly/,/petroleum/weekly/archive/2020/200805/includes/analysis_print.php,5,7.0,False
2020-08-07,2020-08-12,EIA_TWIP_ARCHIVE_URL_DATE,https://www.eia.gov/petroleum/weekly/,/petroleum/weekly/archive/2020/200812/includes/analysis_print.php,5,7.0,False
2020-08-14,2020-08-19,EIA_TWIP_ARCHIVE_URL_DATE,https://www.eia.gov/petroleum/weekly/,/petroleum/weekly/archive/2020/200819/includes/analysis_print.php,5,7.0,False
2020-08-21,2020-08-26,EIA_TWIP_ARCHIVE_URL_DATE,https://www.eia.gov/petroleum/weekly/,/petroleum/weekly/archive/2020/200826/includes/analysis_print.php,5,7.0,False
2020-08-28,2020-09-02,EIA_TWIP_ARCHIVE_URL_DATE,https://www.eia.gov/petroleum/weekly/,/petroleum/weekly/archive/2020/200902/includes/analysis_print.php,5,7.0,False
2020-09-04,2020-09-10,EIA_TWIP_ARCHIVE_URL_DATE,https://www.eia.gov/petroleum/weekly/,/petroleum/weekly/archive/2020/200910/includes/analysis_print.php,6,7.0,True
2020-09-11,2020-09-16,EIA_TWIP_ARCHIVE_URL_DATE,https://www.eia.gov/petroleum/weekly/,/petroleum/weekly/archive/2020/200916/includes/analysis_print.php,5,7.0,False
2020-09-18,2020-09-23,EIA_TWIP_ARCHIVE_URL_DATE,https://www.eia.gov/petroleum/weekly/,/petroleum/weekly/archive/2020/200923/includes/analysis_print.php,5,7.0,False
2020-09-25,2020-09-30,EIA_TWIP_ARCHIVE_URL_DATE,https://www.eia.gov/petroleum/weekly/,/petroleum/weekly/archive/2020/200930/includes/analysis_print.php,5,7.0,False
2020-10-02,2020-10-07,EIA_TWIP_ARCHIVE_URL_DATE,https://www.eia.gov/petroleum/weekly/,/petroleum/weekly/archive/2020/201007/includes/analysis_print.php,5,7.0,False
2020-10-09,2020-10-15,EIA_TWIP_ARCHIVE_URL_DATE,https://www.eia.gov/petroleum/weekly/,/petroleum/weekly/archive/2020/201015/includes/analysis_print.php,6,7.0,True
2020-10-16,2020-10-21,EIA_TWIP_ARCHIVE_URL_DATE,https://www.eia.gov/petroleum/weekly/,/petroleum/weekly/archive/2020/201021/includes/analysis_print.php,5,7.0,False
2020-10-23,2020-10-28,EIA_TWIP_ARCHIVE_URL_DATE,https://www.eia.gov/petroleum/weekly/,/petroleum/weekly/archive/2020/201028/includes/analysis_print.php,5,7.0,False
2020-10-30,2020-11-04,EIA_TWIP_ARCHIVE_URL_DATE,https://www.eia.gov/petroleum/weekly/,/petroleum/weekly/archive/2020/201104/includes/analysis_print.php,5,7.0,False
2020-11-06,2020-11-12,EIA_TWIP_ARCHIVE_URL_DATE,https://www.eia.gov/petroleum/weekly/,/petroleum/weekly/archive/2020/201112/includes/analysis_print.php,6,7.0,True
2020-11-13,2020-11-18,EIA_TWIP_ARCHIVE_URL_DATE,https://www.eia.gov/petroleum/weekly/,/petroleum/weekly/archive/2020/201118/includes/analysis_print.php,5,7.0,False
2020-11-20,2020-11-25,EIA_TWIP_ARCHIVE_URL_DATE,https://www.eia.gov/petroleum/weekly/,/petroleum/weekly/archive/2020/201125/includes/analysis_print.php,5,7.0,False
2020-11-27,2020-12-02,EIA_TWIP_ARCHIVE_URL_DATE,https://www.eia.gov/petroleum/weekly/,/petroleum/weekly/archive/2020/201202/includes/analysis_print.php,5,7.0,False
2020-12-04,2020-12-09,EIA_TWIP_ARCHIVE_URL_DATE,https://www.eia.gov/petroleum/weekly/,/petroleum/weekly/archive/2020/201209/includes/analysis_print.php,5,7.0,False
2020-12-11,2020-12-16,EIA_TWIP_ARCHIVE_URL_DATE,https://www.eia.gov/petroleum/weekly/,/petroleum/weekly/archive/2020/201216/includes/analysis_print.php,5,7.0,False
2020-12-18,2020-12-23,EIA_TWIP_ARCHIVE_URL_DATE,https://www.eia.gov/petroleum/weekly/,/petroleum/weekly/archive/2020/201223/includes/analysis_print.php,5,7.0,False
2020-12-25,2020-12-30,EIA_TWIP_ARCHIVE_URL_DATE,https://www.eia.gov/petroleum/weekly/,/petroleum/weekly/archive/2020/201230/includes/analysis_print.php,5,7.0,False
2021-01-01,2021-01-06,EIA_TWIP_ARCHIVE_URL_DATE,https://www.eia.gov/petroleum/weekly/,/petroleum/weekly/archive/2021/210106/includes/analysis_print.php,5,7.0,False
2021-01-08,2021-01-13,EIA_TWIP_ARCHIVE_URL_DATE,https://www.eia.gov/petroleum/weekly/,/petroleum/weekly/archive/2021/210113/includes/analysis_print.php,5,7.0,False
2021-01-15,2021-01-22,EIA_TWIP_ARCHIVE_URL_DATE,https://www.eia.gov/petroleum/weekly/,/petroleum/weekly/archive/2021/210122/includes/analysis_print.php,7,7.0,True
2021-01-22,2021-01-27,EIA_TWIP_ARCHIVE_URL_DATE,https://www.eia.gov/petroleum/weekly/,/petroleum/weekly/archive/2021/210127/includes/analysis_print.php,5,7.0,False
2021-01-29,2021-02-03,EIA_TWIP_ARCHIVE_URL_DATE,https://www.eia.gov/petroleum/weekly/,/petroleum/weekly/archive/2021/210203/includes/analysis_print.php,5,7.0,False
2021-02-05,2021-02-10,EIA_TWIP_ARCHIVE_URL_DATE,https://www.eia.gov/petroleum/weekly/,/petroleum/weekly/archive/2021/210210/includes/analysis_print.php,5,7.0,False
2021-02-12,2021-02-18,EIA_TWIP_ARCHIVE_URL_DATE,https://www.eia.gov/petroleum/weekly/,/petroleum/weekly/archive/2021/210218/includes/analysis_print.php,6,7.0,True
2021-02-19,2021-02-24,EIA_TWIP_ARCHIVE_URL_DATE,https://www.eia.gov/petroleum/weekly/,/petroleum/weekly/archive/2021/210224/includes/analysis_print.php,5,7.0,False
2021-02-26,2021-03-03,EIA_TWIP_ARCHIVE_URL_DATE,https://www.eia.gov/petroleum/weekly/,/petroleum/weekly/archive/2021/210303/includes/analysis_print.php,5,7.0,False
2021-03-05,2021-03-10,EIA_TWIP_ARCHIVE_URL_DATE,https://www.eia.gov/petroleum/weekly/,/petroleum/weekly/archive/2021/210310/includes/analysis_print.php,5,7.0,False
2021-03-12,2021-03-17,EIA_TWIP_ARCHIVE_URL_DATE,https://www.eia.gov/petroleum/weekly/,/petroleum/weekly/archive/2021/210317/includes/analysis_print.php,5,7.0,False
2021-03-19,2021-03-24,EIA_TWIP_ARCHIVE_URL_DATE,https://www.eia.gov/petroleum/weekly/,/petroleum/weekly/archive/2021/210324/includes/analysis_print.php,5,7.0,False
2021-03-26,2021-03-31,EIA_TWIP_ARCHIVE_URL_DATE,https://www.eia.gov/petroleum/weekly/,/petroleum/weekly/archive/2021/210331/includes/analysis_print.php,5,7.0,False
2021-04-02,2021-04-07,EIA_TWIP_ARCHIVE_URL_DATE,https://www.eia.gov/petroleum/weekly/,/petroleum/weekly/archive/2021/210407/includes/analysis_print.php,5,7.0,False
2021-04-09,2021-04-14,EIA_TWIP_ARCHIVE_URL_DATE,https://www.eia.gov/petroleum/weekly/,/petroleum/weekly/archive/2021/210414/includes/analysis_print.php,5,7.0,False
2021-04-16,2021-04-21,EIA_TWIP_ARCHIVE_URL_DATE,https://www.eia.gov/petroleum/weekly/,/petroleum/weekly/archive/2021/210421/includes/analysis_print.php,5,7.0,False
2021-04-23,2021-04-28,EIA_TWIP_ARCHIVE_URL_DATE,https://www.eia.gov/petroleum/weekly/,/petroleum/weekly/archive/2021/210428/includes/analysis_print.php,5,7.0,False
2021-04-30,2021-05-05,EIA_TWIP_ARCHIVE_URL_DATE,https://www.eia.gov/petroleum/weekly/,/petroleum/weekly/archive/2021/210505/includes/analysis_print.php,5,7.0,False
2021-05-07,2021-05-12,EIA_TWIP_ARCHIVE_URL_DATE,https://www.eia.gov/petroleum/weekly/,/petroleum/weekly/archive/2021/210512/includes/analysis_print.php,5,7.0,False
2021-05-14,2021-05-19,EIA_TWIP_ARCHIVE_URL_DATE,https://www.eia.gov/petroleum/weekly/,/petroleum/weekly/archive/2021/210519/includes/analysis_print.php,5,7.0,False
2021-05-21,2021-05-26,EIA_TWIP_ARCHIVE_URL_DATE,https://www.eia.gov/petroleum/weekly/,/petroleum/weekly/archive/2021/210526/includes/analysis_print.php,5,7.0,False
2021-05-28,2021-06-03,EIA_TWIP_ARCHIVE_URL_DATE,https://www.eia.gov/petroleum/weekly/,/petroleum/weekly/archive/2021/210603/includes/analysis_print.php,6,7.0,True
2021-06-04,2021-06-09,EIA_TWIP_ARCHIVE_URL_DATE,https://www.eia.gov/petroleum/weekly/,/petroleum/weekly/archive/2021/210609/includes/analysis_print.php,5,7.0,False
2021-06-11,2021-06-16,EIA_TWIP_ARCHIVE_URL_DATE,https://www.eia.gov/petroleum/weekly/,/petroleum/weekly/archive/2021/210616/includes/analysis_print.php,5,7.0,False
2021-06-18,2021-06-23,EIA_TWIP_ARCHIVE_URL_DATE,https://www.eia.gov/petroleum/weekly/,/petroleum/weekly/archive/2021/210623/includes/analysis_print.php,5,7.0,False
2021-06-25,2021-06-30,EIA_TWIP_ARCHIVE_URL_DATE,https://www.eia.gov/petroleum/weekly/,/petroleum/weekly/archive/2021/210630/includes/analysis_print.php,5,7.0,False
2021-07-02,2021-07-08,EIA_TWIP_ARCHIVE_URL_DATE,https://www.eia.gov/petroleum/weekly/,/petroleum/weekly/archive/2021/210708/includes/analysis_print.php,6,7.0,True
2021-07-09,2021-07-14,EIA_TWIP_ARCHIVE_URL_DATE,https://www.eia.gov/petroleum/weekly/,/petroleum/weekly/archive/2021/210714/includes/analysis_print.php,5,7.0,False
2021-07-16,2021-07-21,EIA_TWIP_ARCHIVE_URL_DATE,https://www.eia.gov/petroleum/weekly/,/petroleum/weekly/archive/2021/210721/includes/analysis_print.php,5,7.0,False
2021-07-23,2021-07-28,EIA_TWIP_ARCHIVE_URL_DATE,https://www.eia.gov/petroleum/weekly/,/petroleum/weekly/archive/2021/210728/includes/analysis_print.php,5,7.0,False
2021-07-30,2021-08-04,EIA_TWIP_ARCHIVE_URL_DATE,https://www.eia.gov/petroleum/weekly/,/petroleum/weekly/archive/2021/210804/includes/analysis_print.php,5,7.0,False
2021-08-06,2021-08-11,EIA_TWIP_ARCHIVE_URL_DATE,https://www.eia.gov/petroleum/weekly/,/petroleum/weekly/archive/2021/210811/includes/analysis_print.php,5,7.0,False
2021-08-13,2021-08-18,EIA_TWIP_ARCHIVE_URL_DATE,https://www.eia.gov/petroleum/weekly/,/petroleum/weekly/archive/2021/210818/includes/analysis_print.php,5,7.0,False
2021-08-20,2021-08-25,EIA_TWIP_ARCHIVE_URL_DATE,https://www.eia.gov/petroleum/weekly/,/petroleum/weekly/archive/2021/210825/includes/analysis_print.php,5,7.0,False
2021-08-27,2021-09-01,EIA_TWIP_ARCHIVE_URL_DATE,https://www.eia.gov/petroleum/weekly/,/petroleum/weekly/archive/2021/210901/includes/analysis_print.php,5,7.0,False
2021-09-03,2021-09-09,EIA_TWIP_ARCHIVE_URL_DATE,https://www.eia.gov/petroleum/weekly/,/petroleum/weekly/archive/2021/210909/includes/analysis_print.php,6,7.0,True
2021-09-10,2021-09-15,EIA_TWIP_ARCHIVE_URL_DATE,https://www.eia.gov/petroleum/weekly/,/petroleum/weekly/archive/2021/210915/includes/analysis_print.php,5,7.0,False
2021-09-17,2021-09-22,EIA_TWIP_ARCHIVE_URL_DATE,https://www.eia.gov/petroleum/weekly/,/petroleum/weekly/archive/2021/210922/includes/analysis_print.php,5,7.0,False
2021-09-24,2021-09-29,EIA_TWIP_ARCHIVE_URL_DATE,https://www.eia.gov/petroleum/weekly/,/petroleum/weekly/archive/2021/210929/includes/analysis_print.php,5,7.0,False
2021-10-01,2021-10-06,EIA_TWIP_ARCHIVE_URL_DATE,https://www.eia.gov/petroleum/weekly/,/petroleum/weekly/archive/2021/211006/includes/analysis_print.php,5,7.0,False
2021-10-08,2021-10-14,EIA_TWIP_ARCHIVE_URL_DATE,https://www.eia.gov/petroleum/weekly/,/petroleum/weekly/archive/2021/211014/includes/analysis_print.php,6,7.0,True
2021-10-15,2021-10-20,EIA_TWIP_ARCHIVE_URL_DATE,https://www.eia.gov/petroleum/weekly/,/petroleum/weekly/archive/2021/211020/includes/analysis_print.php,5,7.0,False
2021-10-22,2021-10-27,EIA_TWIP_ARCHIVE_URL_DATE,https://www.eia.gov/petroleum/weekly/,/petroleum/weekly/archive/2021/211027/includes/analysis_print.php,5,7.0,False
2021-10-29,2021-11-03,EIA_TWIP_ARCHIVE_URL_DATE,https://www.eia.gov/petroleum/weekly/,/petroleum/weekly/archive/2021/211103/includes/analysis_print.php,5,7.0,False
2021-11-05,2021-11-10,EIA_TWIP_ARCHIVE_URL_DATE,https://www.eia.gov/petroleum/weekly/,/petroleum/weekly/archive/2021/211110/includes/analysis_print.php,5,7.0,False
2021-11-12,2021-11-17,EIA_TWIP_ARCHIVE_URL_DATE,https://www.eia.gov/petroleum/weekly/,/petroleum/weekly/archive/2021/211117/includes/analysis_print.php,5,7.0,False
2021-11-19,2021-11-24,EIA_TWIP_ARCHIVE_URL_DATE,https://www.eia.gov/petroleum/weekly/,/petroleum/weekly/archive/2021/211124/includes/analysis_print.php,5,7.0,False
2021-11-26,2021-12-01,EIA_TWIP_ARCHIVE_URL_DATE,https://www.eia.gov/petroleum/weekly/,/petroleum/weekly/archive/2021/211201/includes/analysis_print.php,5,7.0,False
2021-12-03,2021-12-08,EIA_TWIP_ARCHIVE_URL_DATE,https://www.eia.gov/petroleum/weekly/,/petroleum/weekly/archive/2021/211208/includes/analysis_print.php,5,7.0,False
2021-12-10,2021-12-15,EIA_TWIP_ARCHIVE_URL_DATE,https://www.eia.gov/petroleum/weekly/,/petroleum/weekly/archive/2021/211215/includes/analysis_print.php,5,7.0,False
2021-12-17,2021-12-22,EIA_TWIP_ARCHIVE_URL_DATE,https://www.eia.gov/petroleum/weekly/,/petroleum/weekly/archive/2021/211222/includes/analysis_print.php,5,7.0,False
2021-12-24,2021-12-29,EIA_TWIP_ARCHIVE_URL_DATE,https://www.eia.gov/petroleum/weekly/,/petroleum/weekly/archive/2021/211229/includes/analysis_print.php,5,7.0,False
2021-12-31,2022-01-05,EIA_TWIP_ARCHIVE_URL_DATE,https://www.eia.gov/petroleum/weekly/,/petroleum/weekly/archive/2022/220105/includes/analysis_print.php,5,7.0,False
2022-01-07,2022-01-12,EIA_TWIP_ARCHIVE_URL_DATE,https://www.eia.gov/petroleum/weekly/,/petroleum/weekly/archive/2022/220112/includes/analysis_print.php,5,7.0,False
2022-01-14,2022-01-20,EIA_TWIP_ARCHIVE_URL_DATE,https://www.eia.gov/petroleum/weekly/,/petroleum/weekly/archive/2022/220120/includes/analysis_print.php,6,7.0,True
2022-01-21,2022-01-26,EIA_TWIP_ARCHIVE_URL_DATE,https://www.eia.gov/petroleum/weekly/,/petroleum/weekly/archive/2022/220126/includes/analysis_print.php,5,7.0,False
2022-01-28,2022-02-02,EIA_TWIP_ARCHIVE_URL_DATE,https://www.eia.gov/petroleum/weekly/,/petroleum/weekly/archive/2022/220202/includes/analysis_print.php,5,7.0,False
2022-02-04,2022-02-09,EIA_TWIP_ARCHIVE_URL_DATE,https://www.eia.gov/petroleum/weekly/,/petroleum/weekly/archive/2022/220209/includes/analysis_print.php,5,7.0,False
2022-02-11,2022-02-16,EIA_TWIP_ARCHIVE_URL_DATE,https://www.eia.gov/petroleum/weekly/,/petroleum/weekly/archive/2022/220216/includes/analysis_print.php,5,7.0,False
2022-02-18,2022-02-24,EIA_TWIP_ARCHIVE_URL_DATE,https://www.eia.gov/petroleum/weekly/,/petroleum/weekly/archive/2022/220224/includes/analysis_print.php,6,7.0,True
2022-02-25,2022-03-02,EIA_TWIP_ARCHIVE_URL_DATE,https://www.eia.gov/petroleum/weekly/,/petroleum/weekly/archive/2022/220302/includes/analysis_print.php,5,7.0,False
2022-03-04,2022-03-09,EIA_TWIP_ARCHIVE_URL_DATE,https://www.eia.gov/petroleum/weekly/,/petroleum/weekly/archive/2022/220309/includes/analysis_print.php,5,7.0,False
2022-03-11,2022-03-16,EIA_TWIP_ARCHIVE_URL_DATE,https://www.eia.gov/petroleum/weekly/,/petroleum/weekly/archive/2022/220316/includes/analysis_print.php,5,7.0,False
2022-03-18,2022-03-23,EIA_TWIP_ARCHIVE_URL_DATE,https://www.eia.gov/petroleum/weekly/,/petroleum/weekly/archive/2022/220323/includes/analysis_print.php,5,7.0,False
2022-03-25,2022-03-30,EIA_TWIP_ARCHIVE_URL_DATE,https://www.eia.gov/petroleum/weekly/,/petroleum/weekly/archive/2022/220330/includes/analysis_print.php,5,7.0,False
2022-04-01,2022-04-06,EIA_TWIP_ARCHIVE_URL_DATE,https://www.eia.gov/petroleum/weekly/,/petroleum/weekly/archive/2022/220406/includes/analysis_print.php,5,7.0,False
2022-04-08,2022-04-13,EIA_TWIP_ARCHIVE_URL_DATE,https://www.eia.gov/petroleum/weekly/,/petroleum/weekly/archive/2022/220413/includes/analysis_print.php,5,7.0,False
2022-04-15,2022-04-20,EIA_TWIP_ARCHIVE_URL_DATE,https://www.eia.gov/petroleum/weekly/,/petroleum/weekly/archive/2022/220420/includes/analysis_print.php,5,7.0,False
2022-04-22,2022-04-27,EIA_TWIP_ARCHIVE_URL_DATE,https://www.eia.gov/petroleum/weekly/,/petroleum/weekly/archive/2022/220427/includes/analysis_print.php,5,7.0,False
2022-04-29,2022-05-04,EIA_TWIP_ARCHIVE_URL_DATE,https://www.eia.gov/petroleum/weekly/,/petroleum/weekly/archive/2022/220504/includes/analysis_print.php,5,7.0,False
2022-05-06,2022-05-11,EIA_TWIP_ARCHIVE_URL_DATE,https://www.eia.gov/petroleum/weekly/,/petroleum/weekly/archive/2022/220511/includes/analysis_print.php,5,7.0,False
2022-05-13,2022-05-18,EIA_TWIP_ARCHIVE_URL_DATE,https://www.eia.gov/petroleum/weekly/,/petroleum/weekly/archive/2022/220518/includes/analysis_print.php,5,7.0,False
2022-05-20,2022-05-25,EIA_TWIP_ARCHIVE_URL_DATE,https://www.eia.gov/petroleum/weekly/,/petroleum/weekly/archive/2022/220525/includes/analysis_print.php,5,7.0,False
2022-05-27,2022-06-02,EIA_TWIP_ARCHIVE_URL_DATE,https://www.eia.gov/petroleum/weekly/,/petroleum/weekly/archive/2022/220602/includes/analysis_print.php,6,7.0,True
2022-06-03,2022-06-08,EIA_TWIP_ARCHIVE_URL_DATE,https://www.eia.gov/petroleum/weekly/,/petroleum/weekly/archive/2022/220608/includes/analysis_print.php,5,7.0,False
2022-06-10,2022-06-15,EIA_TWIP_ARCHIVE_URL_DATE,https://www.eia.gov/petroleum/weekly/,/petroleum/weekly/archive/2022/220615/includes/analysis_print.php,5,7.0,False
2022-06-17,2022-06-23,EIA_TWIP_ARCHIVE_URL_DATE,https://www.eia.gov/petroleum/weekly/,/petroleum/weekly/archive/2022/220623/includes/analysis_print.php,6,7.0,True
2022-06-24,2022-06-29,EIA_TWIP_ARCHIVE_URL_DATE,https://www.eia.gov/petroleum/weekly/,/petroleum/weekly/archive/2022/220629/includes/analysis_print.php,5,7.0,False
2022-07-01,2022-07-07,EIA_TWIP_ARCHIVE_URL_DATE,https://www.eia.gov/petroleum/weekly/,/petroleum/weekly/archive/2022/220707/includes/analysis_print.php,6,7.0,True
2022-07-08,2022-07-13,EIA_TWIP_ARCHIVE_URL_DATE,https://www.eia.gov/petroleum/weekly/,/petroleum/weekly/archive/2022/220713/includes/analysis_print.php,5,7.0,False
2022-07-15,2022-07-20,EIA_TWIP_ARCHIVE_URL_DATE,https://www.eia.gov/petroleum/weekly/,/petroleum/weekly/archive/2022/220720/includes/analysis_print.php,5,7.0,False
2022-07-22,2022-07-27,EIA_TWIP_ARCHIVE_URL_DATE,https://www.eia.gov/petroleum/weekly/,/petroleum/weekly/archive/2022/220727/includes/analysis_print.php,5,7.0,False
2022-07-29,2022-08-03,EIA_TWIP_ARCHIVE_URL_DATE,https://www.eia.gov/petroleum/weekly/,/petroleum/weekly/archive/2022/220803/includes/analysis_print.php,5,7.0,False
2022-08-05,2022-08-10,EIA_TWIP_ARCHIVE_URL_DATE,https://www.eia.gov/petroleum/weekly/,/petroleum/weekly/archive/2022/220810/includes/analysis_print.php,5,7.0,False
2022-08-12,2022-08-17,EIA_TWIP_ARCHIVE_URL_DATE,https://www.eia.gov/petroleum/weekly/,/petroleum/weekly/archive/2022/220817/includes/analysis_print.php,5,7.0,False
2022-08-19,2022-08-24,EIA_TWIP_ARCHIVE_URL_DATE,https://www.eia.gov/petroleum/weekly/,/petroleum/weekly/archive/2022/220824/includes/analysis_print.php,5,7.0,False
2022-08-26,2022-08-31,EIA_TWIP_ARCHIVE_URL_DATE,https://www.eia.gov/petroleum/weekly/,/petroleum/weekly/archive/2022/220831/includes/analysis_print.php,5,7.0,False
2022-09-02,2022-09-08,EIA_TWIP_ARCHIVE_URL_DATE,https://www.eia.gov/petroleum/weekly/,/petroleum/weekly/archive/2022/220908/includes/analysis_print.php,6,7.0,True
2022-09-09,2022-09-14,EIA_TWIP_ARCHIVE_URL_DATE,https://www.eia.gov/petroleum/weekly/,/petroleum/weekly/archive/2022/220914/includes/analysis_print.php,5,7.0,False
2022-09-16,2022-09-21,EIA_TWIP_ARCHIVE_URL_DATE,https://www.eia.gov/petroleum/weekly/,/petroleum/weekly/archive/2022/220921/includes/analysis_print.php,5,7.0,False
2022-09-23,2022-09-28,EIA_TWIP_ARCHIVE_URL_DATE,https://www.eia.gov/petroleum/weekly/,/petroleum/weekly/archive/2022/220928/includes/analysis_print.php,5,7.0,False
2022-09-30,2022-10-05,EIA_TWIP_ARCHIVE_URL_DATE,https://www.eia.gov/petroleum/weekly/,/petroleum/weekly/archive/2022/221005/includes/analysis_print.php,5,7.0,False
2022-10-07,2022-10-13,EIA_TWIP_ARCHIVE_URL_DATE,https://www.eia.gov/petroleum/weekly/,/petroleum/weekly/archive/2022/221013/includes/analysis_print.php,6,7.0,True
2022-10-14,2022-10-19,EIA_TWIP_ARCHIVE_URL_DATE,https://www.eia.gov/petroleum/weekly/,/petroleum/weekly/archive/2022/221019/includes/analysis_print.php,5,7.0,False
2022-10-21,2022-10-26,EIA_TWIP_ARCHIVE_URL_DATE,https://www.eia.gov/petroleum/weekly/,/petroleum/weekly/archive/2022/221026/includes/analysis_print.php,5,7.0,False
2022-10-28,2022-11-02,EIA_TWIP_ARCHIVE_URL_DATE,https://www.eia.gov/petroleum/weekly/,/petroleum/weekly/archive/2022/221102/includes/analysis_print.php,5,7.0,False
2022-11-04,2022-11-09,EIA_TWIP_ARCHIVE_URL_DATE,https://www.eia.gov/petroleum/weekly/,/petroleum/weekly/archive/2022/221109/includes/analysis_print.php,5,7.0,False
2022-11-11,2022-11-16,EIA_TWIP_ARCHIVE_URL_DATE,https://www.eia.gov/petroleum/weekly/,/petroleum/weekly/archive/2022/221116/includes/analysis_print.php,5,7.0,False
2022-11-18,2022-11-23,EIA_TWIP_ARCHIVE_URL_DATE,https://www.eia.gov/petroleum/weekly/,/petroleum/weekly/archive/2022/221123/includes/analysis_print.php,5,7.0,False
2022-11-25,2022-11-30,EIA_TWIP_ARCHIVE_URL_DATE,https://www.eia.gov/petroleum/weekly/,/petroleum/weekly/archive/2022/221130/includes/analysis_print.php,5,7.0,False
2022-12-02,2022-12-07,EIA_TWIP_ARCHIVE_URL_DATE,https://www.eia.gov/petroleum/weekly/,/petroleum/weekly/archive/2022/221207/includes/analysis_print.php,5,7.0,False
2022-12-09,2022-12-14,EIA_TWIP_ARCHIVE_URL_DATE,https://www.eia.gov/petroleum/weekly/,/petroleum/weekly/archive/2022/221214/includes/analysis_print.php,5,7.0,False
2022-12-16,2022-12-21,EIA_TWIP_ARCHIVE_URL_DATE,https://www.eia.gov/petroleum/weekly/,/petroleum/weekly/archive/2022/221221/includes/analysis_print.php,5,7.0,False
2022-12-23,2022-12-29,EIA_TWIP_ARCHIVE_URL_DATE,https://www.eia.gov/petroleum/weekly/,/petroleum/weekly/archive/2022/221229/includes/analysis_print.php,6,7.0,True
2022-12-30,2023-01-05,EIA_TWIP_ARCHIVE_URL_DATE,https://www.eia.gov/petroleum/weekly/,/petroleum/weekly/archive/2023/230105/includes/analysis_print.php,6,7.0,True
2023-01-06,2023-01-11,EIA_TWIP_ARCHIVE_URL_DATE,https://www.eia.gov/petroleum/weekly/,/petroleum/weekly/archive/2023/230111/includes/analysis_print.php,5,7.0,False
2023-01-13,2023-01-19,EIA_TWIP_ARCHIVE_URL_DATE,https://www.eia.gov/petroleum/weekly/,/petroleum/weekly/archive/2023/230119/includes/analysis_print.php,6,7.0,True
2023-01-20,2023-01-25,EIA_TWIP_ARCHIVE_URL_DATE,https://www.eia.gov/petroleum/weekly/,/petroleum/weekly/archive/2023/230125/includes/analysis_print.php,5,7.0,False
2023-01-27,2023-02-01,EIA_TWIP_ARCHIVE_URL_DATE,https://www.eia.gov/petroleum/weekly/,/petroleum/weekly/archive/2023/230201/includes/analysis_print.php,5,7.0,False
2023-02-03,2023-02-08,EIA_TWIP_ARCHIVE_URL_DATE,https://www.eia.gov/petroleum/weekly/,/petroleum/weekly/archive/2023/230208/includes/analysis_print.php,5,7.0,False
2023-02-10,2023-02-15,EIA_TWIP_ARCHIVE_URL_DATE,https://www.eia.gov/petroleum/weekly/,/petroleum/weekly/archive/2023/230215/includes/analysis_print.php,5,7.0,False
2023-02-17,2023-02-23,EIA_TWIP_ARCHIVE_URL_DATE,https://www.eia.gov/petroleum/weekly/,/petroleum/weekly/archive/2023/230223/includes/analysis_print.php,6,7.0,True
2023-02-24,2023-03-01,EIA_TWIP_ARCHIVE_URL_DATE,https://www.eia.gov/petroleum/weekly/,/petroleum/weekly/archive/2023/230301/includes/analysis_print.php,5,7.0,False
2023-03-03,2023-03-08,EIA_TWIP_ARCHIVE_URL_DATE,https://www.eia.gov/petroleum/weekly/,/petroleum/weekly/archive/2023/230308/includes/analysis_print.php,5,7.0,False
2023-03-10,2023-03-15,EIA_TWIP_ARCHIVE_URL_DATE,https://www.eia.gov/petroleum/weekly/,/petroleum/weekly/archive/2023/230315/includes/analysis_print.php,5,7.0,False
2023-03-17,2023-03-22,EIA_TWIP_ARCHIVE_URL_DATE,https://www.eia.gov/petroleum/weekly/,/petroleum/weekly/archive/2023/230322/includes/analysis_print.php,5,7.0,False
2023-03-24,2023-03-29,EIA_TWIP_ARCHIVE_URL_DATE,https://www.eia.gov/petroleum/weekly/,/petroleum/weekly/archive/2023/230329/includes/analysis_print.php,5,7.0,False
2023-03-31,2023-04-05,EIA_TWIP_ARCHIVE_URL_DATE,https://www.eia.gov/petroleum/weekly/,/petroleum/weekly/archive/2023/230405/includes/analysis_print.php,5,7.0,False
2023-04-07,2023-04-12,EIA_TWIP_ARCHIVE_URL_DATE,https://www.eia.gov/petroleum/weekly/,/petroleum/weekly/archive/2023/230412/includes/analysis_print.php,5,7.0,False
2023-04-14,2023-04-19,EIA_TWIP_ARCHIVE_URL_DATE,https://www.eia.gov/petroleum/weekly/,/petroleum/weekly/archive/2023/230419/includes/analysis_print.php,5,7.0,False
2023-04-21,2023-04-26,EIA_TWIP_ARCHIVE_URL_DATE,https://www.eia.gov/petroleum/weekly/,/petroleum/weekly/archive/2023/230426/includes/analysis_print.php,5,7.0,False
2023-04-28,2023-05-03,EIA_TWIP_ARCHIVE_URL_DATE,https://www.eia.gov/petroleum/weekly/,/petroleum/weekly/archive/2023/230503/includes/analysis_print.php,5,7.0,False
2023-05-05,2023-05-10,EIA_TWIP_ARCHIVE_URL_DATE,https://www.eia.gov/petroleum/weekly/,/petroleum/weekly/archive/2023/230510/includes/analysis_print.php,5,7.0,False
2023-05-12,2023-05-17,EIA_TWIP_ARCHIVE_URL_DATE,https://www.eia.gov/petroleum/weekly/,/petroleum/weekly/archive/2023/230517/includes/analysis_print.php,5,7.0,False
2023-05-19,2023-05-24,EIA_TWIP_ARCHIVE_URL_DATE,https://www.eia.gov/petroleum/weekly/,/petroleum/weekly/archive/2023/230524/includes/analysis_print.php,5,7.0,False
2023-05-26,2023-06-01,EIA_TWIP_ARCHIVE_URL_DATE,https://www.eia.gov/petroleum/weekly/,/petroleum/weekly/archive/2023/230601/includes/analysis_print.php,6,7.0,True
2023-06-02,2023-06-07,EIA_TWIP_ARCHIVE_URL_DATE,https://www.eia.gov/petroleum/weekly/,/petroleum/weekly/archive/2023/230607/includes/analysis_print.php,5,7.0,False
2023-06-09,2023-06-14,EIA_TWIP_ARCHIVE_URL_DATE,https://www.eia.gov/petroleum/weekly/,/petroleum/weekly/archive/2023/230614/includes/analysis_print.php,5,7.0,False
2023-06-16,2023-06-22,EIA_TWIP_ARCHIVE_URL_DATE,https://www.eia.gov/petroleum/weekly/,/petroleum/weekly/archive/2023/230622/includes/analysis_print.php,6,7.0,True
2023-06-23,2023-06-28,EIA_TWIP_ARCHIVE_URL_DATE,https://www.eia.gov/petroleum/weekly/,/petroleum/weekly/archive/2023/230628/includes/analysis_print.php,5,7.0,False
2023-06-30,2023-07-06,EIA_TWIP_ARCHIVE_URL_DATE,https://www.eia.gov/petroleum/weekly/,/petroleum/weekly/archive/2023/230706/includes/analysis_print.php,6,7.0,True
2023-07-07,2023-07-12,EIA_TWIP_ARCHIVE_URL_DATE,https://www.eia.gov/petroleum/weekly/,/petroleum/weekly/archive/2023/230712/includes/analysis_print.php,5,7.0,False
2023-07-14,2023-07-19,EIA_TWIP_ARCHIVE_URL_DATE,https://www.eia.gov/petroleum/weekly/,/petroleum/weekly/archive/2023/230719/includes/analysis_print.php,5,7.0,False
2023-07-21,2023-07-26,EIA_TWIP_ARCHIVE_URL_DATE,https://www.eia.gov/petroleum/weekly/,/petroleum/weekly/archive/2023/230726/includes/analysis_print.php,5,7.0,False
2023-07-28,2023-08-02,EIA_TWIP_ARCHIVE_URL_DATE,https://www.eia.gov/petroleum/weekly/,/petroleum/weekly/archive/2023/230802/includes/analysis_print.php,5,7.0,False
2023-08-04,2023-08-09,EIA_TWIP_ARCHIVE_URL_DATE,https://www.eia.gov/petroleum/weekly/,/petroleum/weekly/archive/2023/230809/includes/analysis_print.php,5,7.0,False
2023-08-11,2023-08-16,EIA_TWIP_ARCHIVE_URL_DATE,https://www.eia.gov/petroleum/weekly/,/petroleum/weekly/archive/2023/230816/includes/analysis_print.php,5,7.0,False
2023-08-18,2023-08-23,EIA_TWIP_ARCHIVE_URL_DATE,https://www.eia.gov/petroleum/weekly/,/petroleum/weekly/archive/2023/230823/includes/analysis_print.php,5,7.0,False
2023-08-25,2023-08-30,EIA_TWIP_ARCHIVE_URL_DATE,https://www.eia.gov/petroleum/weekly/,/petroleum/weekly/archive/2023/230830/includes/analysis_print.php,5,7.0,False
2023-09-01,2023-09-07,EIA_TWIP_ARCHIVE_URL_DATE,https://www.eia.gov/petroleum/weekly/,/petroleum/weekly/archive/2023/230907/includes/analysis_print.php,6,7.0,True
2023-09-08,2023-09-13,EIA_TWIP_ARCHIVE_URL_DATE,https://www.eia.gov/petroleum/weekly/,/petroleum/weekly/archive/2023/230913/includes/analysis_print.php,5,7.0,False
2023-09-15,2023-09-20,EIA_TWIP_ARCHIVE_URL_DATE,https://www.eia.gov/petroleum/weekly/,/petroleum/weekly/archive/2023/230920/includes/analysis_print.php,5,7.0,False
2023-09-22,2023-09-27,EIA_TWIP_ARCHIVE_URL_DATE,https://www.eia.gov/petroleum/weekly/,/petroleum/weekly/archive/2023/230927/includes/analysis_print.php,5,7.0,False
2023-09-29,2023-10-04,EIA_TWIP_ARCHIVE_URL_DATE,https://www.eia.gov/petroleum/weekly/,/petroleum/weekly/archive/2023/231004/includes/analysis_print.php,5,7.0,False
2023-10-06,2023-10-12,EIA_TWIP_ARCHIVE_URL_DATE,https://www.eia.gov/petroleum/weekly/,/petroleum/weekly/archive/2023/231012/includes/analysis_print.php,6,7.0,True
2023-10-13,2023-10-18,EIA_TWIP_ARCHIVE_URL_DATE,https://www.eia.gov/petroleum/weekly/,/petroleum/weekly/archive/2023/231018/includes/analysis_print.php,5,7.0,False
2023-10-20,2023-10-25,EIA_TWIP_ARCHIVE_URL_DATE,https://www.eia.gov/petroleum/weekly/,/petroleum/weekly/archive/2023/231025/includes/analysis_print.php,5,7.0,False
2023-10-27,2023-11-01,EIA_TWIP_ARCHIVE_URL_DATE,https://www.eia.gov/petroleum/weekly/,/petroleum/weekly/archive/2023/231101/includes/analysis_print.php,5,7.0,False
2023-11-03,2023-11-08,EIA_TWIP_ARCHIVE_URL_DATE,https://www.eia.gov/petroleum/weekly/,/petroleum/weekly/archive/2023/231108/includes/analysis_print.php,5,7.0,False
2023-11-10,2023-11-15,EIA_TWIP_ARCHIVE_URL_DATE,https://www.eia.gov/petroleum/weekly/,/petroleum/weekly/archive/2023/231115/includes/analysis_print.php,5,7.0,False
2023-11-17,2023-11-22,EIA_TWIP_ARCHIVE_URL_DATE,https://www.eia.gov/petroleum/weekly/,/petroleum/weekly/archive/2023/231122/includes/analysis_print.php,5,7.0,False
2023-11-24,2023-11-29,EIA_TWIP_ARCHIVE_URL_DATE,https://www.eia.gov/petroleum/weekly/,/petroleum/weekly/archive/2023/231129/includes/analysis_print.php,5,7.0,False
2023-12-01,2023-12-06,EIA_TWIP_ARCHIVE_URL_DATE,https://www.eia.gov/petroleum/weekly/,/petroleum/weekly/archive/2023/231206/includes/analysis_print.php,5,7.0,False
2023-12-08,2023-12-13,EIA_TWIP_ARCHIVE_URL_DATE,https://www.eia.gov/petroleum/weekly/,/petroleum/weekly/archive/2023/231213/includes/analysis_print.php,5,7.0,False
2023-12-15,2023-12-20,EIA_TWIP_ARCHIVE_URL_DATE,https://www.eia.gov/petroleum/weekly/,/petroleum/weekly/archive/2023/231220/includes/analysis_print.php,5,7.0,False
2023-12-22,2023-12-28,EIA_TWIP_ARCHIVE_URL_DATE,https://www.eia.gov/petroleum/weekly/,/petroleum/weekly/archive/2023/231228/includes/analysis_print.php,6,7.0,True
2023-12-29,2024-01-04,EIA_TWIP_ARCHIVE_URL_DATE,https://www.eia.gov/petroleum/weekly/,/petroleum/weekly/archive/2024/240104/includes/analysis_print.php,6,7.0,True
2024-01-05,2024-01-10,EIA_TWIP_ARCHIVE_URL_DATE,https://www.eia.gov/petroleum/weekly/,/petroleum/weekly/archive/2024/240110/includes/hometables_print.php,5,7.0,False
2024-01-12,2024-01-18,EIA_TWIP_ARCHIVE_URL_DATE,https://www.eia.gov/petroleum/weekly/,/petroleum/weekly/archive/2024/240118/includes/hometables_print.php,6,7.0,True
2024-01-19,2024-01-24,EIA_TWIP_ARCHIVE_URL_DATE,https://www.eia.gov/petroleum/weekly/,/petroleum/weekly/archive/2024/240124/includes/hometables_print.php,5,7.0,False
2024-01-26,2024-01-31,EIA_TWIP_ARCHIVE_URL_DATE,https://www.eia.gov/petroleum/weekly/,/petroleum/weekly/archive/2024/240131/includes/hometables_print.php,5,7.0,False
2024-02-02,2024-02-07,EIA_TWIP_ARCHIVE_URL_DATE,https://www.eia.gov/petroleum/weekly/,/petroleum/weekly/archive/2024/240207/includes/hometables_print.php,5,7.0,False
2024-02-09,2024-02-14,EIA_TWIP_ARCHIVE_URL_DATE,https://www.eia.gov/petroleum/weekly/,/petroleum/weekly/archive/2024/240214/includes/hometables_print.php,5,7.0,False
2024-02-16,2024-02-22,EIA_TWIP_ARCHIVE_URL_DATE,https://www.eia.gov/petroleum/weekly/,/petroleum/weekly/archive/2024/240222/includes/hometables_print.php,6,7.0,True
2024-02-23,2024-02-28,EIA_TWIP_ARCHIVE_URL_DATE,https://www.eia.gov/petroleum/weekly/,/petroleum/weekly/archive/2024/240228/includes/hometables_print.php,5,7.0,False
2024-03-01,2024-03-06,EIA_TWIP_ARCHIVE_URL_DATE,https://www.eia.gov/petroleum/weekly/,/petroleum/weekly/archive/2024/240306/includes/hometables_print.php,5,7.0,False
2024-03-08,2024-03-13,EIA_TWIP_ARCHIVE_URL_DATE,https://www.eia.gov/petroleum/weekly/,/petroleum/weekly/archive/2024/240313/includes/hometables_print.php,5,7.0,False
2024-03-15,2024-03-20,EIA_TWIP_ARCHIVE_URL_DATE,https://www.eia.gov/petroleum/weekly/,/petroleum/weekly/archive/2024/240320/includes/hometables_print.php,5,7.0,False
2024-03-22,2024-03-27,EIA_TWIP_ARCHIVE_URL_DATE,https://www.eia.gov/petroleum/weekly/,/petroleum/weekly/archive/2024/240327/includes/hometables_print.php,5,7.0,False
2024-03-29,2024-04-03,EIA_TWIP_ARCHIVE_URL_DATE,https://www.eia.gov/petroleum/weekly/,/petroleum/weekly/archive/2024/240403/includes/hometables_print.php,5,7.0,False
2024-04-05,2024-04-10,EIA_TWIP_ARCHIVE_URL_DATE,https://www.eia.gov/petroleum/weekly/,/petroleum/weekly/archive/2024/240410/includes/hometables_print.php,5,7.0,False
2024-04-12,2024-04-17,EIA_TWIP_ARCHIVE_URL_DATE,https://www.eia.gov/petroleum/weekly/,/petroleum/weekly/archive/2024/240417/includes/hometables_print.php,5,7.0,False
2024-04-19,2024-04-24,EIA_TWIP_ARCHIVE_URL_DATE,https://www.eia.gov/petroleum/weekly/,/petroleum/weekly/archive/2024/240424/includes/hometables_print.php,5,7.0,False
2024-04-26,2024-05-01,EIA_TWIP_ARCHIVE_URL_DATE,https://www.eia.gov/petroleum/weekly/,/petroleum/weekly/archive/2024/240501/includes/hometables_print.php,5,7.0,False
2024-05-03,2024-05-08,EIA_TWIP_ARCHIVE_URL_DATE,https://www.eia.gov/petroleum/weekly/,/petroleum/weekly/archive/2024/240508/includes/hometables_print.php,5,7.0,False
2024-05-10,2024-05-15,EIA_TWIP_ARCHIVE_URL_DATE,https://www.eia.gov/petroleum/weekly/,/petroleum/weekly/archive/2024/240515/includes/hometables_print.php,5,7.0,False
2024-05-17,2024-05-22,EIA_TWIP_ARCHIVE_URL_DATE,https://www.eia.gov/petroleum/weekly/,/petroleum/weekly/archive/2024/240522/includes/hometables_print.php,5,7.0,False
2024-05-24,2024-05-30,EIA_TWIP_ARCHIVE_URL_DATE,https://www.eia.gov/petroleum/weekly/,/petroleum/weekly/archive/2024/240530/includes/hometables_print.php,6,7.0,True
2024-05-31,2024-06-05,EIA_TWIP_ARCHIVE_URL_DATE,https://www.eia.gov/petroleum/weekly/,/petroleum/weekly/archive/2024/240605/includes/hometables_print.php,5,7.0,False
2024-06-07,2024-06-12,EIA_TWIP_ARCHIVE_URL_DATE,https://www.eia.gov/petroleum/weekly/,/petroleum/weekly/archive/2024/240612/includes/hometables_print.php,5,7.0,False
2024-06-14,2024-06-20,EIA_TWIP_ARCHIVE_URL_DATE,https://www.eia.gov/petroleum/weekly/,/petroleum/weekly/archive/2024/240620/includes/hometables_print.php,6,7.0,True
2024-06-21,2024-06-26,EIA_TWIP_ARCHIVE_URL_DATE,https://www.eia.gov/petroleum/weekly/,/petroleum/weekly/archive/2024/240626/includes/hometables_print.php,5,7.0,False
2024-06-28,2024-07-03,EIA_TWIP_ARCHIVE_URL_DATE,https://www.eia.gov/petroleum/weekly/,/petroleum/weekly/archive/2024/240703/includes/hometables_print.php,5,7.0,False
2024-07-05,2024-07-10,EIA_TWIP_ARCHIVE_URL_DATE,https://www.eia.gov/petroleum/weekly/,/petroleum/weekly/archive/2024/240710/includes/hometables_print.php,5,7.0,False
2024-07-12,2024-07-17,EIA_TWIP_ARCHIVE_URL_DATE,https://www.eia.gov/petroleum/weekly/,/petroleum/weekly/archive/2024/240717/includes/hometables_print.php,5,7.0,False
2024-07-19,2024-07-24,EIA_TWIP_ARCHIVE_URL_DATE,https://www.eia.gov/petroleum/weekly/,/petroleum/weekly/archive/2024/240724/includes/hometables_print.php,5,7.0,False
2024-07-26,2024-07-31,EIA_TWIP_ARCHIVE_URL_DATE,https://www.eia.gov/petroleum/weekly/,/petroleum/weekly/archive/2024/240731/includes/hometables_print.php,5,7.0,False
2024-08-02,2024-08-07,EIA_TWIP_ARCHIVE_URL_DATE,https://www.eia.gov/petroleum/weekly/,/petroleum/weekly/archive/2024/240807/includes/hometables_print.php,5,7.0,False
2024-08-09,2024-08-14,EIA_TWIP_ARCHIVE_URL_DATE,https://www.eia.gov/petroleum/weekly/,/petroleum/weekly/archive/2024/240814/includes/hometables_print.php,5,7.0,False
2024-08-16,2024-08-21,EIA_TWIP_ARCHIVE_URL_DATE,https://www.eia.gov/petroleum/weekly/,/petroleum/weekly/archive/2024/240821/includes/hometables_print.php,5,7.0,False
2024-08-23,2024-08-28,EIA_TWIP_ARCHIVE_URL_DATE,https://www.eia.gov/petroleum/weekly/,/petroleum/weekly/archive/2024/240828/includes/hometables_print.php,5,7.0,False
2024-08-30,2024-09-05,EIA_TWIP_ARCHIVE_URL_DATE,https://www.eia.gov/petroleum/weekly/,/petroleum/weekly/archive/2024/240905/includes/hometables_print.php,6,7.0,True
2024-09-06,2024-09-11,EIA_TWIP_ARCHIVE_URL_DATE,https://www.eia.gov/petroleum/weekly/,/petroleum/weekly/archive/2024/240911/includes/hometables_print.php,5,7.0,False
2024-09-13,2024-09-18,EIA_TWIP_ARCHIVE_URL_DATE,https://www.eia.gov/petroleum/weekly/,/petroleum/weekly/archive/2024/240918/includes/hometables_print.php,5,7.0,False
2024-09-20,2024-09-25,EIA_TWIP_ARCHIVE_URL_DATE,https://www.eia.gov/petroleum/weekly/,/petroleum/weekly/archive/2024/240925/includes/hometables_print.php,5,7.0,False
2024-09-27,2024-10-02,EIA_TWIP_ARCHIVE_URL_DATE,https://www.eia.gov/petroleum/weekly/,/petroleum/weekly/archive/2024/241002/includes/hometables_print.php,5,7.0,False
2024-10-04,2024-10-09,EIA_TWIP_ARCHIVE_URL_DATE,https://www.eia.gov/petroleum/weekly/,/petroleum/weekly/archive/2024/241009/includes/hometables_print.php,5,7.0,False
2024-10-11,2024-10-17,EIA_TWIP_ARCHIVE_URL_DATE,https://www.eia.gov/petroleum/weekly/,/petroleum/weekly/archive/2024/241017/includes/hometables_print.php,6,7.0,True
2024-10-18,2024-10-23,EIA_TWIP_ARCHIVE_URL_DATE,https://www.eia.gov/petroleum/weekly/,/petroleum/weekly/archive/2024/241023/includes/hometables_print.php,5,7.0,False
2024-10-25,2024-10-30,EIA_TWIP_ARCHIVE_URL_DATE,https://www.eia.gov/petroleum/weekly/,/petroleum/weekly/archive/2024/241030/includes/hometables_print.php,5,7.0,False
2024-11-01,2024-11-06,EIA_TWIP_ARCHIVE_URL_DATE,https://www.eia.gov/petroleum/weekly/,/petroleum/weekly/archive/2024/241106/includes/hometables_print.php,5,7.0,False
2024-11-08,2024-11-14,EIA_TWIP_ARCHIVE_URL_DATE,https://www.eia.gov/petroleum/weekly/,/petroleum/weekly/archive/2024/241114/includes/hometables_print.php,6,7.0,True
2024-11-15,2024-11-20,EIA_TWIP_ARCHIVE_URL_DATE,https://www.eia.gov/petroleum/weekly/,/petroleum/weekly/archive/2024/241120/includes/hometables_print.php,5,7.0,False
2024-11-22,2024-11-27,EIA_TWIP_ARCHIVE_URL_DATE,https://www.eia.gov/petroleum/weekly/,/petroleum/weekly/archive/2024/241127/includes/hometables_print.php,5,7.0,False
2024-11-29,2024-12-04,EIA_TWIP_ARCHIVE_URL_DATE,https://www.eia.gov/petroleum/weekly/,/petroleum/weekly/archive/2024/241204/includes/hometables_print.php,5,7.0,False
2024-12-06,2024-12-11,EIA_TWIP_ARCHIVE_URL_DATE,https://www.eia.gov/petroleum/weekly/,/petroleum/weekly/archive/2024/241211/includes/hometables_print.php,5,7.0,False
2024-12-13,2024-12-18,EIA_TWIP_ARCHIVE_URL_DATE,https://www.eia.gov/petroleum/weekly/,/petroleum/weekly/archive/2024/241218/includes/hometables_print.php,5,7.0,False
2024-12-20,2024-12-27,EIA_TWIP_ARCHIVE_URL_DATE,https://www.eia.gov/petroleum/weekly/,/petroleum/weekly/archive/2024/241227/includes/hometables_print.php,7,7.0,True
2024-12-27,2025-01-02,EIA_TWIP_ARCHIVE_URL_DATE,https://www.eia.gov/petroleum/weekly/,/petroleum/weekly/archive/2025/250102/includes/hometables_print.php,6,7.0,True
2025-01-03,2025-01-08,EIA_TWIP_ARCHIVE_URL_DATE,https://www.eia.gov/petroleum/weekly/,/petroleum/weekly/archive/2025/250108/includes/hometables_print.php,5,7.0,False
2025-01-10,2025-01-15,EIA_TWIP_ARCHIVE_URL_DATE,https://www.eia.gov/petroleum/weekly/,/petroleum/weekly/archive/2025/250115/includes/hometables_print.php,5,7.0,False
2025-01-17,2025-01-23,EIA_TWIP_ARCHIVE_URL_DATE,https://www.eia.gov/petroleum/weekly/,/petroleum/weekly/archive/2025/250123/includes/hometables_print.php,6,7.0,True
2025-01-24,2025-01-29,EIA_TWIP_ARCHIVE_URL_DATE,https://www.eia.gov/petroleum/weekly/,/petroleum/weekly/archive/2025/250129/includes/hometables_print.php,5,7.0,False
2025-01-31,2025-02-05,EIA_TWIP_ARCHIVE_URL_DATE,https://www.eia.gov/petroleum/weekly/,/petroleum/weekly/archive/2025/250205/includes/hometables_print.php,5,7.0,False
2025-02-07,2025-02-12,EIA_TWIP_ARCHIVE_URL_DATE,https://www.eia.gov/petroleum/weekly/,/petroleum/weekly/archive/2025/250212/includes/hometables_print.php,5,7.0,False
2025-02-14,2025-02-20,EIA_TWIP_ARCHIVE_URL_DATE,https://www.eia.gov/petroleum/weekly/,/petroleum/weekly/archive/2025/250220/includes/hometables_print.php,6,7.0,True
2025-02-21,2025-02-26,EIA_TWIP_ARCHIVE_URL_DATE,https://www.eia.gov/petroleum/weekly/,/petroleum/weekly/archive/2025/250226/includes/hometables_print.php,5,7.0,False
2025-02-28,2025-03-05,EIA_TWIP_ARCHIVE_URL_DATE,https://www.eia.gov/petroleum/weekly/,/petroleum/weekly/archive/2025/250305/includes/hometables_print.php,5,7.0,False
2025-03-07,2025-03-12,EIA_TWIP_ARCHIVE_URL_DATE,https://www.eia.gov/petroleum/weekly/,/petroleum/weekly/archive/2025/250312/includes/hometables_print.php,5,7.0,False
2025-03-14,2025-03-19,EIA_TWIP_ARCHIVE_URL_DATE,https://www.eia.gov/petroleum/weekly/,/petroleum/weekly/archive/2025/250319/includes/hometables_print.php,5,7.0,False
2025-03-21,2025-03-26,EIA_TWIP_ARCHIVE_URL_DATE,https://www.eia.gov/petroleum/weekly/,/petroleum/weekly/archive/2025/250326/includes/hometables_print.php,5,7.0,False
2025-03-28,2025-04-02,EIA_TWIP_ARCHIVE_URL_DATE,https://www.eia.gov/petroleum/weekly/,/petroleum/weekly/archive/2025/250402/includes/hometables_print.php,5,7.0,False
2025-04-04,2025-04-09,EIA_TWIP_ARCHIVE_URL_DATE,https://www.eia.gov/petroleum/weekly/,/petroleum/weekly/archive/2025/250409/includes/hometables_print.php,5,7.0,False
2025-04-11,2025-04-16,EIA_TWIP_ARCHIVE_URL_DATE,https://www.eia.gov/petroleum/weekly/,/petroleum/weekly/archive/2025/250416/includes/hometables_print.php,5,7.0,False
2025-04-18,2025-04-23,EIA_TWIP_ARCHIVE_URL_DATE,https://www.eia.gov/petroleum/weekly/,/petroleum/weekly/archive/2025/250423/includes/hometables_print.php,5,7.0,False
2025-04-25,2025-04-30,EIA_TWIP_ARCHIVE_URL_DATE,https://www.eia.gov/petroleum/weekly/,/petroleum/weekly/archive/2025/250430/includes/hometables_print.php,5,7.0,False
2025-05-02,2025-05-07,EIA_TWIP_ARCHIVE_URL_DATE,https://www.eia.gov/petroleum/weekly/,/petroleum/weekly/archive/2025/250507/includes/hometables_print.php,5,7.0,False
2025-05-09,2025-05-14,EIA_TWIP_ARCHIVE_URL_DATE,https://www.eia.gov/petroleum/weekly/,/petroleum/weekly/archive/2025/250514/includes/hometables_print.php,5,7.0,False
2025-05-16,2025-05-21,EIA_TWIP_ARCHIVE_URL_DATE,https://www.eia.gov/petroleum/weekly/,/petroleum/weekly/archive/2025/250521/includes/hometables_print.php,5,7.0,False
2025-05-23,2025-05-29,EIA_TWIP_ARCHIVE_URL_DATE,https://www.eia.gov/petroleum/weekly/,/petroleum/weekly/archive/2025/250529/includes/hometables_print.php,6,7.0,True
2025-05-30,2025-06-04,EIA_TWIP_ARCHIVE_URL_DATE,https://www.eia.gov/petroleum/weekly/,/petroleum/weekly/archive/2025/250604/includes/hometables_print.php,5,7.0,False
2025-06-06,2025-06-11,EIA_TWIP_ARCHIVE_URL_DATE,https://www.eia.gov/petroleum/weekly/,/petroleum/weekly/archive/2025/250611/includes/hometables_print.php,5,7.0,False
2025-06-13,2025-06-18,EIA_TWIP_ARCHIVE_URL_DATE,https://www.eia.gov/petroleum/weekly/,/petroleum/weekly/archive/2025/250618/includes/hometables_print.php,5,7.0,False
2025-06-20,2025-06-25,EIA_TWIP_ARCHIVE_URL_DATE,https://www.eia.gov/petroleum/weekly/,/petroleum/weekly/archive/2025/250625/includes/hometables_print.php,5,7.0,False
2025-06-27,2025-07-02,EIA_TWIP_ARCHIVE_URL_DATE,https://www.eia.gov/petroleum/weekly/,/petroleum/weekly/archive/2025/250702/includes/hometables_print.php,5,7.0,False
2025-07-04,2025-07-09,EIA_TWIP_ARCHIVE_URL_DATE,https://www.eia.gov/petroleum/weekly/,/petroleum/weekly/archive/2025/250709/includes/hometables_print.php,5,7.0,False
2025-07-11,2025-07-16,EIA_TWIP_ARCHIVE_URL_DATE,https://www.eia.gov/petroleum/weekly/,/petroleum/weekly/archive/2025/250716/includes/hometables_print.php,5,7.0,False
2025-07-18,2025-07-23,EIA_TWIP_ARCHIVE_URL_DATE,https://www.eia.gov/petroleum/weekly/,/petroleum/weekly/archive/2025/250723/includes/hometables_print.php,5,7.0,False
2025-07-25,2025-07-30,EIA_TWIP_ARCHIVE_URL_DATE,https://www.eia.gov/petroleum/weekly/,/petroleum/weekly/archive/2025/250730/includes/hometables_print.php,5,7.0,False
2025-08-01,2025-08-06,EIA_TWIP_ARCHIVE_URL_DATE,https://www.eia.gov/petroleum/weekly/,/petroleum/weekly/archive/2025/250806/includes/hometables_print.php,5,7.0,False
2025-08-08,2025-08-13,EIA_TWIP_ARCHIVE_URL_DATE,https://www.eia.gov/petroleum/weekly/,/petroleum/weekly/archive/2025/250813/includes/hometables_print.php,5,7.0,False
2025-08-15,2025-08-20,EIA_TWIP_ARCHIVE_URL_DATE,https://www.eia.gov/petroleum/weekly/,/petroleum/weekly/archive/2025/250820/includes/hometables_print.php,5,7.0,False
2025-08-22,2025-08-27,EIA_TWIP_ARCHIVE_URL_DATE,https://www.eia.gov/petroleum/weekly/,/petroleum/weekly/archive/2025/250827/includes/hometables_print.php,5,7.0,False
2025-08-29,2025-09-04,EIA_TWIP_ARCHIVE_URL_DATE,https://www.eia.gov/petroleum/weekly/,/petroleum/weekly/archive/2025/250904/includes/hometables_print.php,6,7.0,True
2025-09-05,2025-09-10,EIA_TWIP_ARCHIVE_URL_DATE,https://www.eia.gov/petroleum/weekly/,/petroleum/weekly/archive/2025/250910/includes/hometables_print.php,5,7.0,False
2025-09-12,2025-09-17,EIA_TWIP_ARCHIVE_URL_DATE,https://www.eia.gov/petroleum/weekly/,/petroleum/weekly/archive/2025/250917/includes/hometables_print.php,5,7.0,False
2025-09-19,2025-09-24,EIA_TWIP_ARCHIVE_URL_DATE,https://www.eia.gov/petroleum/weekly/,/petroleum/weekly/archive/2025/250924/includes/hometables_print.php,5,7.0,False
2025-09-26,2025-10-01,EIA_TWIP_ARCHIVE_URL_DATE,https://www.eia.gov/petroleum/weekly/,/petroleum/weekly/archive/2025/251001/includes/hometables_print.php,5,7.0,False
2025-10-03,2025-10-08,EIA_TWIP_ARCHIVE_URL_DATE,https://www.eia.gov/petroleum/weekly/,/petroleum/weekly/archive/2025/251008/includes/hometables_print.php,5,7.0,False
2025-10-10,2025-10-16,EIA_TWIP_ARCHIVE_URL_DATE,https://www.eia.gov/petroleum/weekly/,/petroleum/weekly/archive/2025/251016/includes/hometables_print.php,6,7.0,True
2025-10-17,2025-10-22,EIA_TWIP_ARCHIVE_URL_DATE,https://www.eia.gov/petroleum/weekly/,/petroleum/weekly/archive/2025/251022/includes/hometables_print.php,5,7.0,False
2025-10-24,2025-10-29,EIA_TWIP_ARCHIVE_URL_DATE,https://www.eia.gov/petroleum/weekly/,/petroleum/weekly/archive/2025/251029/includes/hometables_print.php,5,7.0,False
2025-10-31,2025-11-05,EIA_WPSR_STANDARD_SCHEDULE,https://www.eia.gov/petroleum/supply/weekly/schedule.php,,5,7.0,False
2025-11-07,2025-11-12,EIA_WPSR_STANDARD_SCHEDULE,https://www.eia.gov/petroleum/supply/weekly/schedule.php,,5,7.0,False
2025-11-14,2025-11-19,EIA_WPSR_STANDARD_SCHEDULE,https://www.eia.gov/petroleum/supply/weekly/schedule.php,,5,7.0,False
2025-11-21,2025-11-26,EIA_WPSR_STANDARD_SCHEDULE,https://www.eia.gov/petroleum/supply/weekly/schedule.php,,5,7.0,False
2025-11-28,2025-12-03,EIA_WPSR_STANDARD_SCHEDULE,https://www.eia.gov/petroleum/supply/weekly/schedule.php,,5,7.0,False
2025-12-05,2025-12-10,EIA_WPSR_STANDARD_SCHEDULE,https://www.eia.gov/petroleum/supply/weekly/schedule.php,,5,7.0,False
2025-12-12,2025-12-17,EIA_WPSR_STANDARD_SCHEDULE,https://www.eia.gov/petroleum/supply/weekly/schedule.php,,5,7.0,False
2025-12-19,2025-12-24,EIA_WPSR_STANDARD_SCHEDULE,https://www.eia.gov/petroleum/supply/weekly/schedule.php,,5,7.0,False
2025-12-26,2025-12-31,EIA_WPSR_STANDARD_SCHEDULE,https://www.eia.gov/petroleum/supply/weekly/schedule.php,,5,7.0,False
2026-01-02,2026-01-07,EIA_WPSR_STANDARD_SCHEDULE,https://www.eia.gov/petroleum/supply/weekly/schedule.php,,5,7.0,False
2026-01-09,2026-01-14,EIA_WPSR_STANDARD_SCHEDULE,https://www.eia.gov/petroleum/supply/weekly/schedule.php,,5,7.0,False
2026-01-16,2026-01-21,EIA_WPSR_STANDARD_SCHEDULE,https://www.eia.gov/petroleum/supply/weekly/schedule.php,,5,7.0,False
2026-01-23,2026-01-28,EIA_WPSR_STANDARD_SCHEDULE,https://www.eia.gov/petroleum/supply/weekly/schedule.php,,5,7.0,False
2026-01-30,2026-02-04,EIA_WPSR_STANDARD_SCHEDULE,https://www.eia.gov/petroleum/supply/weekly/schedule.php,,5,7.0,False
2026-02-06,2026-02-11,EIA_WPSR_STANDARD_SCHEDULE,https://www.eia.gov/petroleum/supply/weekly/schedule.php,,5,7.0,False
2026-02-13,2026-02-18,EIA_WPSR_STANDARD_SCHEDULE,https://www.eia.gov/petroleum/supply/weekly/schedule.php,,5,7.0,False
2026-02-20,2026-02-25,EIA_WPSR_STANDARD_SCHEDULE,https://www.eia.gov/petroleum/supply/weekly/schedule.php,,5,7.0,False
2026-02-27,2026-03-04,EIA_WPSR_STANDARD_SCHEDULE,https://www.eia.gov/petroleum/supply/weekly/schedule.php,,5,7.0,False
2026-03-06,2026-03-11,EIA_WPSR_STANDARD_SCHEDULE,https://www.eia.gov/petroleum/supply/weekly/schedule.php,,5,7.0,False
2026-03-13,2026-03-18,EIA_WPSR_STANDARD_SCHEDULE,https://www.eia.gov/petroleum/supply/weekly/schedule.php,,5,7.0,False
2026-03-20,2026-03-25,EIA_WPSR_STANDARD_SCHEDULE,https://www.eia.gov/petroleum/supply/weekly/schedule.php,,5,7.0,False
2026-03-27,2026-04-01,EIA_WPSR_STANDARD_SCHEDULE,https://www.eia.gov/petroleum/supply/weekly/schedule.php,,5,7.0,False
2026-04-03,2026-04-08,EIA_WPSR_STANDARD_SCHEDULE,https://www.eia.gov/petroleum/supply/weekly/schedule.php,,5,7.0,False
2026-04-10,2026-04-15,EIA_WPSR_STANDARD_SCHEDULE,https://www.eia.gov/petroleum/supply/weekly/schedule.php,,5,7.0,False
2026-04-17,2026-04-22,EIA_WPSR_STANDARD_SCHEDULE,https://www.eia.gov/petroleum/supply/weekly/schedule.php,,5,7.0,False
2026-04-24,2026-04-29,EIA_WPSR_STANDARD_SCHEDULE,https://www.eia.gov/petroleum/supply/weekly/schedule.php,,5,7.0,False
2026-05-01,2026-05-06,EIA_WPSR_STANDARD_SCHEDULE,https://www.eia.gov/petroleum/supply/weekly/schedule.php,,5,7.0,False
2026-05-08,2026-05-13,EIA_WPSR_STANDARD_SCHEDULE,https://www.eia.gov/petroleum/supply/weekly/schedule.php,,5,7.0,False
2026-05-15,2026-05-20,EIA_WPSR_STANDARD_SCHEDULE,https://www.eia.gov/petroleum/supply/weekly/schedule.php,,5,7.0,False
2026-05-22,2026-05-27,EIA_WPSR_STANDARD_SCHEDULE,https://www.eia.gov/petroleum/supply/weekly/schedule.php,,5,7.0,False
2026-05-29,2026-06-03,EIA_WPSR_STANDARD_SCHEDULE,https://www.eia.gov/petroleum/supply/weekly/schedule.php,,5,7.0,False
2026-06-05,2026-06-10,EIA_WPSR_STANDARD_SCHEDULE,https://www.eia.gov/petroleum/supply/weekly/schedule.php,,5,7.0,False
2026-06-12,2026-06-17,EIA_WPSR_STANDARD_SCHEDULE,https://www.eia.gov/petroleum/supply/weekly/schedule.php,,5,7.0,False
2026-06-19,2026-06-24,EIA_WPSR_STANDARD_SCHEDULE,https://www.eia.gov/petroleum/supply/weekly/schedule.php,,5,7.0,False
2026-06-26,2026-07-01,EIA_WPSR_STANDARD_SCHEDULE,https://www.eia.gov/petroleum/supply/weekly/schedule.php,,5,7.0,False
2026-07-03,2026-07-08,EIA_WPSR_STANDARD_SCHEDULE,https://www.eia.gov/petroleum/supply/weekly/schedule.php,,5,7.0,False
2026-07-10,2026-07-15,EIA_WPSR_STANDARD_SCHEDULE,https://www.eia.gov/petroleum/supply/weekly/schedule.php,,5,7.0,False
2026-07-17,2026-07-22,EIA_WPSR_STANDARD_SCHEDULE,https://www.eia.gov/petroleum/supply/weekly/schedule.php,,5,7.0,False
2026-07-24,2026-07-29,EIA_WPSR_STANDARD_SCHEDULE,https://www.eia.gov/petroleum/supply/weekly/schedule.php,,5,7.0,False
2026-07-31,2026-08-05,EIA_WPSR_STANDARD_SCHEDULE,https://www.eia.gov/petroleum/supply/weekly/schedule.php,,5,7.0,False
2026-08-07,2026-08-12,EIA_WPSR_STANDARD_SCHEDULE,https://www.eia.gov/petroleum/supply/weekly/schedule.php,,5,7.0,False
2026-08-14,2026-08-19,EIA_WPSR_STANDARD_SCHEDULE,https://www.eia.gov/petroleum/supply/weekly/schedule.php,,5,7.0,False
2026-08-21,2026-08-26,EIA_WPSR_STANDARD_SCHEDULE,https://www.eia.gov/petroleum/supply/weekly/schedule.php,,5,7.0,False
2026-08-28,2026-09-02,EIA_WPSR_STANDARD_SCHEDULE,https://www.eia.gov/petroleum/supply/weekly/schedule.php,,5,7.0,False
2026-09-04,2026-09-09,EIA_WPSR_STANDARD_SCHEDULE,https://www.eia.gov/petroleum/supply/weekly/schedule.php,,5,7.0,False
2026-09-11,2026-09-16,EIA_WPSR_STANDARD_SCHEDULE,https://www.eia.gov/petroleum/supply/weekly/schedule.php,,5,7.0,False
2026-09-18,2026-09-23,EIA_WPSR_STANDARD_SCHEDULE,https://www.eia.gov/petroleum/supply/weekly/schedule.php,,5,7.0,False
