event_id,cycle_id,cycle_start_year,event_type,event_date,asset,asset_kind,baseline_date,baseline_value,first_post_date,usable_post_obs_252,ret_1d,ret_5d,ret_20d,ret_60d,ret_120d,ret_252d,mae,mfe,time_to_event_min_obs,time_to_event_max_obs,mdd,mdd_peak_obs,mdd_trough_obs,time_peak_to_trough_obs,recovery50_obs_from_trough,recovery100_obs_from_trough,recovery50_obs_from_event,recovery100_obs_from_event,recovery50_observed,recovery100_observed,recovery_censor_obs,rv_20d_ann,down_semivol_20d_ann,tail_loss_freq_20d,rv_60d_ann,down_semivol_60d_ann,tail_loss_freq_60d,rv_120d_ann,down_semivol_120d_ann,tail_loss_freq_120d,rv_252d_ann,down_semivol_252d_ann,tail_loss_freq_252d,min_bp_excursion,max_bp_excursion,time_to_min_obs,time_to_max_obs,chg_1d_bp,chg_5d_bp,chg_20d_bp,chg_60d_bp,chg_120d_bp,chg_252d_bp,bp_vol_20d_ann,bp_vol_60d_ann,bp_vol_120d_ann,bp_vol_252d_ann
T01_1983_FIRST_HIKE,T01_1983,1983,FIRST_HIKE,1983-03-31,SP500,price,1983-03-30,153.38999938964844,1983-03-31,252,-0.0028032640817017285,-0.010626539469968166,0.062324777342941395,0.11095902171057404,0.1033314177363851,0.04231048646579527,-0.015320464912096599,0.12556225688423672,4.0,134.0,0.10634231832848862,134.0,228.0,94.0,117.0,230.0,345.0,458.0,True,True,756.0,0.12378694764574372,0.0572199903695366,0.0,0.11703974131141938,0.06896134811208156,0.0,0.1321709463332805,0.08862316726675186,0.025,0.12366696806534731,0.08579782434812946,0.01984126984126984,,,,,,,,,,,,,,
T01_1983_FIRST_HIKE,T01_1983,1983,FIRST_HIKE,1983-03-31,NASDAQ,price,1983-03-30,270.76,1983-03-31,252,0.00014773230905595902,-0.01484709706012699,0.0741616191461072,0.21476584429014633,0.12040183188063236,-0.07294282759639537,-0.08742059388388235,0.21476584429014633,228.0,60.0,0.24876105925633152,60.0,228.0,168.0,244.0,472.0,472.0,700.0,True,True,756.0,0.09836624458202592,0.04831724558199593,0.0,0.10430003523812043,0.05357721088378537,0.016666666666666666,0.13118379257909155,0.09425372955800328,0.09166666666666666,0.11952447684244275,0.09054158826257308,0.07539682539682539,,,,,,,,,,,,,,
T01_1983_FIRST_HIKE,T01_1983,1983,FIRST_HIKE,1983-03-31,DGS2,rate,1983-03-30,9.88,1983-03-31,252,,,,,,,,,,,,,,,,,,,,,,,,,,,,,,,,,,-71.00000000000009,184.99999999999997,26.0,252.0,-1.0000000000001563,-21.000000000000085,-46.000000000000085,54.99999999999989,81.99999999999986,184.99999999999997,92.43444334115628,117.39394781269955,142.49185735249793,123.72522891842353
T01_1983_FIRST_HIKE,T01_1983,1983,FIRST_HIKE,1983-03-31,DGS10,rate,1983-03-30,10.59,1983-03-31,252,,,,,,,,,,,,,,,,,,,,,,,,,,,,,,,,,,-47.000000000000064,206.00000000000006,24.0,252.0,2.999999999999936,-8.000000000000007,-27.999999999999936,42.99999999999997,98.00000000000004,206.00000000000006,84.5351375091108,103.87396208867767,134.1638155829087,115.58815473025014
T01_1983_TIGHTENING_CYCLE_START,T01_1983,1983,TIGHTENING_CYCLE_START,1983-03-31,SP500,price,1983-03-30,153.38999938964844,1983-03-31,252,-0.0028032640817017285,-0.010626539469968166,0.062324777342941395,0.11095902171057404,0.1033314177363851,0.04231048646579527,-0.015320464912096599,0.12556225688423672,4.0,134.0,0.10634231832848862,134.0,228.0,94.0,117.0,230.0,345.0,458.0,True,True,756.0,0.12378694764574372,0.0572199903695366,0.0,0.11703974131141938,0.06896134811208156,0.0,0.1321709463332805,0.08862316726675186,0.025,0.12366696806534731,0.08579782434812946,0.01984126984126984,,,,,,,,,,,,,,
T01_1983_TIGHTENING_CYCLE_START,T01_1983,1983,TIGHTENING_CYCLE_START,1983-03-31,NASDAQ,price,1983-03-30,270.76,1983-03-31,252,0.00014773230905595902,-0.01484709706012699,0.0741616191461072,0.21476584429014633,0.12040183188063236,-0.07294282759639537,-0.08742059388388235,0.21476584429014633,228.0,60.0,0.24876105925633152,60.0,228.0,168.0,244.0,472.0,472.0,700.0,True,True,756.0,0.09836624458202592,0.04831724558199593,0.0,0.10430003523812043,0.05357721088378537,0.016666666666666666,0.13118379257909155,0.09425372955800328,0.09166666666666666,0.11952447684244275,0.09054158826257308,0.07539682539682539,,,,,,,,,,,,,,
T01_1983_TIGHTENING_CYCLE_START,T01_1983,1983,TIGHTENING_CYCLE_START,1983-03-31,DGS2,rate,1983-03-30,9.88,1983-03-31,252,,,,,,,,,,,,,,,,,,,,,,,,,,,,,,,,,,-71.00000000000009,184.99999999999997,26.0,252.0,-1.0000000000001563,-21.000000000000085,-46.000000000000085,54.99999999999989,81.99999999999986,184.99999999999997,92.43444334115628,117.39394781269955,142.49185735249793,123.72522891842353
T01_1983_TIGHTENING_CYCLE_START,T01_1983,1983,TIGHTENING_CYCLE_START,1983-03-31,DGS10,rate,1983-03-30,10.59,1983-03-31,252,,,,,,,,,,,,,,,,,,,,,,,,,,,,,,,,,,-47.000000000000064,206.00000000000006,24.0,252.0,2.999999999999936,-8.000000000000007,-27.999999999999936,42.99999999999997,98.00000000000004,206.00000000000006,84.5351375091108,103.87396208867767,134.1638155829087,115.58815473025014
T01_1983_LAST_HIKE,T01_1983,1983,LAST_HIKE,1983-08-11,SP500,price,1983-08-10,161.5399932861328,1983-08-11,252,0.0,0.023214065592770616,0.03856636898141397,0.011823720078570465,0.011576144940555144,0.0013000292348359643,-0.08493244108047038,0.06877554210784576,241.0,42.0,0.1438168980599729,42.0,241.0,199.0,8.0,125.0,249.0,366.0,True,True,756.0,0.1149339912975533,0.061904678025969134,0.0,0.11374108060401848,0.0761463164991572,0.0,0.10349783693552249,0.06810601418694469,0.0,0.12213198576912601,0.0805603789950173,0.011904761904761904,,,,,,,,,,,,,,
T01_1983_LAST_HIKE,T01_1983,1983,LAST_HIKE,1983-08-11,NASDAQ,price,1983-08-10,296.65,1983-08-11,252,0.0030675880667454525,0.014124389010618632,0.01732681611326492,-0.07547615034552502,-0.09512893982808013,-0.1639305578965109,-0.24051913028821836,0.02666441934940167,242.0,30.0,0.26024428684003154,30.0,242.0,212.0,124.0,246.0,366.0,488.0,True,True,756.0,0.11457428048391075,0.0779373087628822,0.05,0.10579722487637841,0.08816341570902637,0.03333333333333333,0.10004727858078043,0.07834241292436507,0.03333333333333333,0.11168289697086377,0.08204102983114503,0.027777777777777776,,,,,,,,,,,,,,
T01_1983_LAST_HIKE,T01_1983,1983,LAST_HIKE,1983-08-11,DGS2,rate,1983-08-10,11.41,1983-08-11,252,,,,,,,,,,,,,,,,,,,,,,,,,,,,,,,,,,-99.00000000000003,175.99999999999997,40.0,218.0,-8.999999999999986,-55.00000000000007,-46.000000000000085,-65.00000000000003,-88.00000000000009,92.99999999999997,162.95856754660673,149.78238451788766,120.04822560366402,132.60640319128882
T01_1983_LAST_HIKE,T01_1983,1983,LAST_HIKE,1983-08-11,DGS10,rate,1983-08-10,12.17,1983-08-11,252,,,,,,,,,,,,,,,,,,,,,,,,,,,,,,,,,,-85.99999999999994,182.00000000000003,40.0,199.0,-13.000000000000078,-51.99999999999996,-40.000000000000036,-32.00000000000003,-57.00000000000003,50.0,167.92103407319357,147.37265114357143,117.95245801992093,133.90006382236524
T01_1983_TIGHTENING_CYCLE_END,T01_1983,1983,TIGHTENING_CYCLE_END,1983-08-11,SP500,price,1983-08-10,161.5399932861328,1983-08-11,252,0.0,0.023214065592770616,0.03856636898141397,0.011823720078570465,0.011576144940555144,0.0013000292348359643,-0.08493244108047038,0.06877554210784576,241.0,42.0,0.1438168980599729,42.0,241.0,199.0,8.0,125.0,249.0,366.0,True,True,756.0,0.1149339912975533,0.061904678025969134,0.0,0.11374108060401848,0.0761463164991572,0.0,0.10349783693552249,0.06810601418694469,0.0,0.12213198576912601,0.0805603789950173,0.011904761904761904,,,,,,,,,,,,,,
T01_1983_TIGHTENING_CYCLE_END,T01_1983,1983,TIGHTENING_CYCLE_END,1983-08-11,NASDAQ,price,1983-08-10,296.65,1983-08-11,252,0.0030675880667454525,0.014124389010618632,0.01732681611326492,-0.07547615034552502,-0.09512893982808013,-0.1639305578965109,-0.24051913028821836,0.02666441934940167,242.0,30.0,0.26024428684003154,30.0,242.0,212.0,124.0,246.0,366.0,488.0,True,True,756.0,0.11457428048391075,0.0779373087628822,0.05,0.10579722487637841,0.08816341570902637,0.03333333333333333,0.10004727858078043,0.07834241292436507,0.03333333333333333,0.11168289697086377,0.08204102983114503,0.027777777777777776,,,,,,,,,,,,,,
T01_1983_TIGHTENING_CYCLE_END,T01_1983,1983,TIGHTENING_CYCLE_END,1983-08-11,DGS2,rate,1983-08-10,11.41,1983-08-11,252,,,,,,,,,,,,,,,,,,,,,,,,,,,,,,,,,,-99.00000000000003,175.99999999999997,40.0,218.0,-8.999999999999986,-55.00000000000007,-46.000000000000085,-65.00000000000003,-88.00000000000009,92.99999999999997,162.95856754660673,149.78238451788766,120.04822560366402,132.60640319128882
T01_1983_TIGHTENING_CYCLE_END,T01_1983,1983,TIGHTENING_CYCLE_END,1983-08-11,DGS10,rate,1983-08-10,12.17,1983-08-11,252,,,,,,,,,,,,,,,,,,,,,,,,,,,,,,,,,,-85.99999999999994,182.00000000000003,40.0,199.0,-13.000000000000078,-51.99999999999996,-40.000000000000036,-32.00000000000003,-57.00000000000003,50.0,167.92103407319357,147.37265114357143,117.95245801992093,133.90006382236524
T01_1983_FIRST_CUT,T01_1983,1983,FIRST_CUT,1983-08-17,SP500,price,1983-08-16,163.41000366210938,1983-08-17,252,0.011504740113162049,-0.003916525153330186,0.011871993133405034,0.003426947836998373,-0.032617353354178924,0.006180738536205821,-0.09540417348087693,0.056544826065122455,237.0,38.0,0.1438168980599729,38.0,237.0,199.0,8.0,125.0,245.0,362.0,True,True,756.0,0.11981568431195026,0.07264423288316547,0.0,0.11613880565248685,0.07742666240799102,0.0,0.10809473764443489,0.07621013846238395,0.008333333333333333,0.12403725459337854,0.0807766047934217,0.011904761904761904,,,,,,,,,,,,,,
T01_1983_FIRST_CUT,T01_1983,1983,FIRST_CUT,1983-08-17,NASDAQ,price,1983-08-16,299.85,1983-08-17,252,0.00330165082541245,-0.02064365516091382,-0.005035851258962998,-0.09621477405369361,-0.13743538435884617,-0.16414874103718535,-0.24862431215607805,0.0157078539269635,238.0,26.0,0.26024428684003154,26.0,238.0,212.0,124.0,246.0,362.0,484.0,True,True,756.0,0.11351010839701904,0.08358594169571801,0.05,0.10409999615351881,0.0896920739720404,0.03333333333333333,0.10314477334105565,0.08483252288761362,0.041666666666666664,0.11183125506967051,0.08195488482757991,0.027777777777777776,,,,,,,,,,,,,,
T01_1983_FIRST_CUT,T01_1983,1983,FIRST_CUT,1983-08-17,DGS2,rate,1983-08-16,10.97,1983-08-17,252,,,,,,,,,,,,,,,,,,,,,,,,,,,,,,,,,,-55.00000000000007,219.99999999999994,36.0,214.0,-11.00000000000012,-18.00000000000015,-8.999999999999986,-37.0000000000001,-31.00000000000005,144.99999999999994,169.29566164740152,144.31593167628156,117.07908337831257,130.28786699786195
T01_1983_FIRST_CUT,T01_1983,1983,FIRST_CUT,1983-08-17,DGS10,rate,1983-08-16,11.71,1983-08-17,252,,,,,,,,,,,,,,,,,,,,,,,,,,,,,,,,,,-40.000000000000036,227.99999999999994,36.0,195.0,-6.00000000000005,-14.000000000000057,4.999999999999893,-3.0000000000001137,1.9999999999999574,97.99999999999986,165.68470373764626,140.51709588974637,113.11389366994887,131.5544211991821
T02_1984_FIRST_HIKE,T02_1984,1984,FIRST_HIKE,1984-03-29,SP500,price,1984-03-28,159.8800048828125,1984-03-29,252,-0.0022516925153676093,-0.014636049069393309,0.002626958694760928,-0.03390041283097289,0.04859887901158788,0.12296714912993978,-0.07543155610630226,0.14679760135050013,81.0,223.0,0.08696718408320692,24.0,81.0,57.0,7.0,8.0,88.0,89.0,True,True,756.0,0.11718039606355557,0.07708738278461556,0.05,0.12110660025010292,0.08464925348871219,0.03333333333333333,0.13246116813576045,0.07758551450405271,0.025,0.12291051843478318,0.06994298258953544,0.011904761904761904,,,,,,,,,,,,,,
T02_1984_FIRST_HIKE,T02_1984,1984,FIRST_HIKE,1984-03-29,NASDAQ,price,1984-03-28,251.01,1984-03-29,252,0.00247002111469663,-0.009959762559260565,-0.020238237520417424,-0.03944065973467181,0.011872036970638655,0.10577267837934756,-0.10242619815943577,0.14875901358511623,82.0,220.0,0.10952136279198443,24.0,82.0,58.0,7.0,19.0,89.0,101.0,True,True,756.0,0.08037455346696915,0.06469101526906394,0.0,0.10073171998812541,0.07810997170800044,0.016666666666666666,0.11341697318290571,0.0719096062150168,0.008333333333333333,0.1093793384859658,0.06759488024853902,0.007936507936507936,,,,,,,,,,,,,,
T02_1984_FIRST_HIKE,T02_1984,1984,FIRST_HIKE,1984-03-29,DGS2,rate,1984-03-28,11.48,1984-03-29,252,,,,,,,,,,,,,,,,,,,,,,,,,,,,,,,,,,-174.00000000000003,168.99999999999994,205.0,62.0,0.9999999999999787,27.999999999999936,28.999999999999915,167.0,61.99999999999992,-99.00000000000003,124.5149325223787,162.99559108106072,144.83556599285467,142.2053254335902
T02_1984_FIRST_HIKE,T02_1984,1984,FIRST_HIKE,1984-03-29,DGS10,rate,1984-03-28,12.42,1984-03-29,252,,,,,,,,,,,,,,,,,,,,,,,,,,,,,,,,,,-135.99999999999994,157.00000000000003,205.0,43.0,-0.9999999999999787,25.0,25.0,132.00000000000003,-7.000000000000028,-68.99999999999994,124.34438594399593,167.1026884121744,153.91313440111756,147.07803441429078
T02_1984_TIGHTENING_CYCLE_START,T02_1984,1984,TIGHTENING_CYCLE_START,1984-03-29,SP500,price,1984-03-28,159.8800048828125,1984-03-29,252,-0.0022516925153676093,-0.014636049069393309,0.002626958694760928,-0.03390041283097289,0.04859887901158788,0.12296714912993978,-0.07543155610630226,0.14679760135050013,81.0,223.0,0.08696718408320692,24.0,81.0,57.0,7.0,8.0,88.0,89.0,True,True,756.0,0.11718039606355557,0.07708738278461556,0.05,0.12110660025010292,0.08464925348871219,0.03333333333333333,0.13246116813576045,0.07758551450405271,0.025,0.12291051843478318,0.06994298258953544,0.011904761904761904,,,,,,,,,,,,,,
T02_1984_TIGHTENING_CYCLE_START,T02_1984,1984,TIGHTENING_CYCLE_START,1984-03-29,NASDAQ,price,1984-03-28,251.01,1984-03-29,252,0.00247002111469663,-0.009959762559260565,-0.020238237520417424,-0.03944065973467181,0.011872036970638655,0.10577267837934756,-0.10242619815943577,0.14875901358511623,82.0,220.0,0.10952136279198443,24.0,82.0,58.0,7.0,19.0,89.0,101.0,True,True,756.0,0.08037455346696915,0.06469101526906394,0.0,0.10073171998812541,0.07810997170800044,0.016666666666666666,0.11341697318290571,0.0719096062150168,0.008333333333333333,0.1093793384859658,0.06759488024853902,0.007936507936507936,,,,,,,,,,,,,,
T02_1984_TIGHTENING_CYCLE_START,T02_1984,1984,TIGHTENING_CYCLE_START,1984-03-29,DGS2,rate,1984-03-28,11.48,1984-03-29,252,,,,,,,,,,,,,,,,,,,,,,,,,,,,,,,,,,-174.00000000000003,168.99999999999994,205.0,62.0,0.9999999999999787,27.999999999999936,28.999999999999915,167.0,61.99999999999992,-99.00000000000003,124.5149325223787,162.99559108106072,144.83556599285467,142.2053254335902
T02_1984_TIGHTENING_CYCLE_START,T02_1984,1984,TIGHTENING_CYCLE_START,1984-03-29,DGS10,rate,1984-03-28,12.42,1984-03-29,252,,,,,,,,,,,,,,,,,,,,,,,,,,,,,,,,,,-135.99999999999994,157.00000000000003,205.0,43.0,-0.9999999999999787,25.0,25.0,132.00000000000003,-7.000000000000028,-68.99999999999994,124.34438594399593,167.1026884121744,153.91313440111756,147.07803441429078
T02_1984_LAST_HIKE,T02_1984,1984,LAST_HIKE,1984-08-09,SP500,price,1984-08-08,161.75,1984-08-09,252,0.023431179512413136,0.006491518094329685,0.024111245109640578,0.03548689640286895,0.10775884189045604,0.16030907372971415,-0.0004946017375869749,0.20958265160113987,43.0,237.0,0.05046655664985378,63.0,89.0,26.0,3.0,20.0,92.0,109.0,True,True,756.0,0.13240049942368848,0.0655566866447377,0.0,0.12080276719051167,0.06401161336222365,0.0,0.12244191546514605,0.06346050386933043,0.008333333333333333,0.10812987984047248,0.062254845116155186,0.015873015873015872,,,,,,,,,,,,,,
T02_1984_LAST_HIKE,T02_1984,1984,LAST_HIKE,1984-08-09,NASDAQ,price,1984-08-08,248.02,1984-08-09,252,0.009313765018950093,0.006773647286508977,0.016934118216272775,-0.0002015966454318452,0.11349891137811463,0.20232239335537439,-0.04007741311184576,0.2409079912910248,89.0,237.0,0.06854460093896708,26.0,89.0,63.0,11.0,21.0,100.0,110.0,True,True,756.0,0.09110111622358458,0.056216338084552085,0.05,0.08085458113449115,0.053921731945367715,0.016666666666666666,0.08745675806758357,0.048397490967773585,0.008333333333333333,0.09300181021819484,0.05653039080448059,0.015873015873015872,,,,,,,,,,,,,,
T02_1984_LAST_HIKE,T02_1984,1984,LAST_HIKE,1984-08-09,DGS2,rate,1984-08-08,12.37,1984-08-09,252,,,,,,,,,,,,,,,,,,,,,,,,,,,,,,,,,,-401.0,26.000000000000156,224.0,19.0,-3.9999999999999147,2.000000000000135,16.999999999999993,-140.99999999999983,-234.0,-340.99999999999983,87.90024250011453,127.49368877699834,129.73212219574523,148.56362742751782
T02_1984_LAST_HIKE,T02_1984,1984,LAST_HIKE,1984-08-09,DGS10,rate,1984-08-08,12.66,1984-08-09,252,,,,,,,,,,,,,,,,,,,,,,,,,,,,,,,,,,-283.0,25.99999999999998,203.0,19.0,-5.000000000000071,8.000000000000007,15.000000000000036,-100.0,-131.00000000000006,-227.99999999999994,101.04115888821624,132.4506943759752,136.16937981793114,147.64218617807794
T02_1984_TIGHTENING_CYCLE_END,T02_1984,1984,TIGHTENING_CYCLE_END,1984-08-09,SP500,price,1984-08-08,161.75,1984-08-09,252,0.023431179512413136,0.006491518094329685,0.024111245109640578,0.03548689640286895,0.10775884189045604,0.16030907372971415,-0.0004946017375869749,0.20958265160113987,43.0,237.0,0.05046655664985378,63.0,89.0,26.0,3.0,20.0,92.0,109.0,True,True,756.0,0.13240049942368848,0.0655566866447377,0.0,0.12080276719051167,0.06401161336222365,0.0,0.12244191546514605,0.06346050386933043,0.008333333333333333,0.10812987984047248,0.062254845116155186,0.015873015873015872,,,,,,,,,,,,,,
T02_1984_TIGHTENING_CYCLE_END,T02_1984,1984,TIGHTENING_CYCLE_END,1984-08-09,NASDAQ,price,1984-08-08,248.02,1984-08-09,252,0.009313765018950093,0.006773647286508977,0.016934118216272775,-0.0002015966454318452,0.11349891137811463,0.20232239335537439,-0.04007741311184576,0.2409079912910248,89.0,237.0,0.06854460093896708,26.0,89.0,63.0,11.0,21.0,100.0,110.0,True,True,756.0,0.09110111622358458,0.056216338084552085,0.05,0.08085458113449115,0.053921731945367715,0.016666666666666666,0.08745675806758357,0.048397490967773585,0.008333333333333333,0.09300181021819484,0.05653039080448059,0.015873015873015872,,,,,,,,,,,,,,
T02_1984_TIGHTENING_CYCLE_END,T02_1984,1984,TIGHTENING_CYCLE_END,1984-08-09,DGS2,rate,1984-08-08,12.37,1984-08-09,252,,,,,,,,,,,,,,,,,,,,,,,,,,,,,,,,,,-401.0,26.000000000000156,224.0,19.0,-3.9999999999999147,2.000000000000135,16.999999999999993,-140.99999999999983,-234.0,-340.99999999999983,87.90024250011453,127.49368877699834,129.73212219574523,148.56362742751782
T02_1984_TIGHTENING_CYCLE_END,T02_1984,1984,TIGHTENING_CYCLE_END,1984-08-09,DGS10,rate,1984-08-08,12.66,1984-08-09,252,,,,,,,,,,,,,,,,,,,,,,,,,,,,,,,,,,-283.0,25.99999999999998,203.0,19.0,-5.000000000000071,8.000000000000007,15.000000000000036,-100.0,-131.00000000000006,-227.99999999999994,101.04115888821624,132.4506943759752,136.16937981793114,147.64218617807794
T02_1984_PAUSE_START,T02_1984,1984,PAUSE_START,1984-08-21,SP500,price,1984-08-20,164.94000244140625,1984-08-21,252,0.017521519018256937,0.009094215943963313,0.016430164999184038,0.006244687547296346,0.10458348335557921,0.12998667469416736,-0.019825416660961825,0.18618886261983425,35.0,229.0,0.05046655664985378,55.0,81.0,26.0,3.0,20.0,84.0,101.0,True,True,756.0,0.12221696553189709,0.06332002724592685,0.0,0.1139271718930164,0.06526960575442475,0.0,0.11768462216119574,0.061717255475000045,0.008333333333333333,0.10534095416441838,0.06169743471585139,0.015873015873015872,,,,,,,,,,,,,,
T02_1984_PAUSE_START,T02_1984,1984,PAUSE_START,1984-08-21,NASDAQ,price,1984-08-20,250.22,1984-08-21,252,0.012429062425066029,0.012269203101270776,0.01506674126768437,-0.009511629765806107,0.15238590040764133,0.18148029733834226,-0.04851730477180072,0.22999760211014308,81.0,229.0,0.06854460093896708,18.0,81.0,63.0,11.0,21.0,92.0,102.0,True,True,756.0,0.09246884807904072,0.05815551805258554,0.05,0.07863061824184357,0.05406921546280638,0.016666666666666666,0.08825034733331998,0.047525014552254205,0.008333333333333333,0.09235278012684323,0.056606132302942425,0.015873015873015872,,,,,,,,,,,,,,
T02_1984_PAUSE_START,T02_1984,1984,PAUSE_START,1984-08-21,DGS2,rate,1984-08-20,12.42,1984-08-21,252,,,,,,,,,,,,,,,,,,,,,,,,,,,,,,,,,,-406.00000000000006,21.000000000000085,216.0,11.0,-0.9999999999999787,11.999999999999922,-32.00000000000003,-170.99999999999991,-240.00000000000003,-353.9999999999999,106.2275610980603,136.7085108877737,128.20755231494067,147.86302480196213
T02_1984_PAUSE_START,T02_1984,1984,PAUSE_START,1984-08-21,DGS10,rate,1984-08-20,12.69,1984-08-21,252,,,,,,,,,,,,,,,,,,,,,,,,,,,,,,,,,,-285.99999999999994,23.000000000000043,195.0,11.0,-7.000000000000028,12.0000000000001,-33.999999999999986,-100.0,-130.9999999999999,-250.99999999999997,109.38930959025062,136.79726431995542,137.19194368389387,147.4832558529005
T02_1984_FIRST_CUT,T02_1984,1984,FIRST_CUT,1984-09-20,SP500,price,1984-09-19,166.94000244140625,1984-09-20,252,0.003174785980267991,-0.0039535381122389746,-0.01677251114657541,-0.030729632249844152,0.07619504633209573,0.08847492546099023,-0.031568253237031274,0.17197790245124112,14.0,208.0,0.07303855728047426,208.0,251.0,43.0,25.0,38.0,276.0,289.0,True,True,756.0,0.09088483737093217,0.07019072097905536,0.0,0.10632251194708742,0.06908755118519443,0.0,0.1153890716514574,0.06209420930585953,0.008333333333333333,0.10275570093642908,0.06230618497887901,0.015873015873015872,,,,,,,,,,,,,,
T02_1984_FIRST_CUT,T02_1984,1984,FIRST_CUT,1984-09-20,NASDAQ,price,1984-09-19,253.01,1984-09-20,252,0.00047428955377259996,-0.010987707995731344,-0.023398284652780488,-0.05900952531520487,0.11228805185565793,0.11078613493537826,-0.05900952531520487,0.2164341330382198,60.0,208.0,0.0868505702310165,208.0,252.0,44.0,33.0,45.0,285.0,297.0,True,True,756.0,0.06648335619112614,0.05614754270299442,0.0,0.0702515961566646,0.055899400985474614,0.0,0.085804629274966,0.046421962058989595,0.0,0.09239597642210441,0.059026280115553637,0.015873015873015872,,,,,,,,,,,,,,
T02_1984_FIRST_CUT,T02_1984,1984,FIRST_CUT,1984-09-20,DGS2,rate,1984-09-19,11.94,1984-09-20,252,,,,,,,,,,,,,,,,,,,,,,,,,,,,,,,,,,-358.0,17.99999999999997,195.0,4.0,0.0,11.00000000000012,-41.000000000000014,-209.0,-108.99999999999999,-322.9999999999999,118.06318558074638,147.1703613307969,140.3507580817348,149.98755592471974
T02_1984_FIRST_CUT,T02_1984,1984,FIRST_CUT,1984-09-20,DGS10,rate,1984-09-19,12.25,1984-09-20,252,,,,,,,,,,,,,,,,,,,,,,,,,,,,,,,,,,-242.0,31.00000000000005,174.0,4.0,2.999999999999936,21.000000000000085,-16.000000000000014,-96.00000000000009,-25.99999999999998,-198.00000000000006,146.2741478040102,152.7166868442278,143.69354645953177,148.85009438226618
T03_1987_FIRST_HIKE,T03_1987,1987,FIRST_HIKE,1987-01-05,SP500,price,1987-01-02,246.4499969482422,1987-01-05,252,0.023290750920031522,0.04982760880563086,0.11211194954823278,0.1734632411773458,0.24512067012119787,0.0025563192964648263,-0.0914181337321277,0.3664840461913177,234.0,163.0,0.3350951525557261,163.0,234.0,71.0,222.0,414.0,456.0,648.0,True,True,756.0,0.14434284755535834,0.055070502314024154,0.0,0.1463046687676115,0.08170026635194444,0.016666666666666666,0.16351213261343964,0.1059574647910182,0.06666666666666667,0.3375526651882376,0.28697112640362615,0.10714285714285714,,,,,,,,,,,,,,
T03_1987_FIRST_HIKE,T03_1987,1987,FIRST_HIKE,1987-01-05,NASDAQ,price,1987-01-02,353.26,1987-01-05,252,0.02244805525675142,0.07753496008605554,0.10983411651474828,0.20893959123591688,0.20947743871369529,-0.06451338957142039,-0.17375304308441375,0.2887391722810395,208.0,164.0,0.3588718534463823,164.0,208.0,44.0,89.0,446.0,297.0,654.0,True,True,756.0,0.1361584823945813,0.05273897508679278,0.0,0.11657841195605673,0.06115142859984346,0.016666666666666666,0.11461473878896025,0.07462782248667284,0.05,0.2544005415965832,0.21387165740273212,0.11507936507936507,,,,,,,,,,,,,,
T03_1987_FIRST_HIKE,T03_1987,1987,FIRST_HIKE,1987-01-05,WTI,price,1987-01-02,18.13,1987-01-05,252,-0.008273579702151035,0.03585217870932178,0.025372311086596877,0.031991174848317705,0.15499172642029801,-0.06287920573634864,-0.16602316602316602,0.23772752344180925,231.0,125.0,0.3262032085561498,125.0,231.0,106.0,269.0,332.0,500.0,563.0,True,True,756.0,0.15948297675027365,0.10430504884426803,0.0,0.24132560304846493,0.15716214552352795,0.0,0.20065473719484625,0.13200004024058715,0.0,0.2628575870981113,0.18074892261250966,0.0,,,,,,,,,,,,,,
T03_1987_FIRST_HIKE,T03_1987,1987,FIRST_HIKE,1987-01-05,DGS2,rate,1987-01-02,6.3,1987-01-05,252,,,,,,,,,,,,,,,,,,,,,,,,,,,,,,,,,,-12.99999999999999,293.00000000000006,11.0,197.0,-5.999999999999961,-10.999999999999943,6.00000000000005,24.00000000000002,117.0,149.00000000000003,54.77340883849989,72.49322586704336,116.17058957564493,145.54367096979018
T03_1987_FIRST_HIKE,T03_1987,1987,FIRST_HIKE,1987-01-05,DGS10,rate,1987-01-02,7.18,1987-01-05,252,,,,,,,,,,,,,,,,,,,,,,,,,,,,,,,,,,-16.999999999999993,305.00000000000006,5.0,198.0,-9.999999999999964,-16.999999999999993,5.000000000000071,33.00000000000001,107.00000000000003,164.00000000000006,72.08218993109996,76.57478896532949,130.82033031424973,150.98919514916554
T03_1987_TIGHTENING_CYCLE_START,T03_1987,1987,TIGHTENING_CYCLE_START,1987-01-05,SP500,price,1987-01-02,246.4499969482422,1987-01-05,252,0.023290750920031522,0.04982760880563086,0.11211194954823278,0.1734632411773458,0.24512067012119787,0.0025563192964648263,-0.0914181337321277,0.3664840461913177,234.0,163.0,0.3350951525557261,163.0,234.0,71.0,222.0,414.0,456.0,648.0,True,True,756.0,0.14434284755535834,0.055070502314024154,0.0,0.1463046687676115,0.08170026635194444,0.016666666666666666,0.16351213261343964,0.1059574647910182,0.06666666666666667,0.3375526651882376,0.28697112640362615,0.10714285714285714,,,,,,,,,,,,,,
T03_1987_TIGHTENING_CYCLE_START,T03_1987,1987,TIGHTENING_CYCLE_START,1987-01-05,NASDAQ,price,1987-01-02,353.26,1987-01-05,252,0.02244805525675142,0.07753496008605554,0.10983411651474828,0.20893959123591688,0.20947743871369529,-0.06451338957142039,-0.17375304308441375,0.2887391722810395,208.0,164.0,0.3588718534463823,164.0,208.0,44.0,89.0,446.0,297.0,654.0,True,True,756.0,0.1361584823945813,0.05273897508679278,0.0,0.11657841195605673,0.06115142859984346,0.016666666666666666,0.11461473878896025,0.07462782248667284,0.05,0.2544005415965832,0.21387165740273212,0.11507936507936507,,,,,,,,,,,,,,
T03_1987_TIGHTENING_CYCLE_START,T03_1987,1987,TIGHTENING_CYCLE_START,1987-01-05,WTI,price,1987-01-02,18.13,1987-01-05,252,-0.008273579702151035,0.03585217870932178,0.025372311086596877,0.031991174848317705,0.15499172642029801,-0.06287920573634864,-0.16602316602316602,0.23772752344180925,231.0,125.0,0.3262032085561498,125.0,231.0,106.0,269.0,332.0,500.0,563.0,True,True,756.0,0.15948297675027365,0.10430504884426803,0.0,0.24132560304846493,0.15716214552352795,0.0,0.20065473719484625,0.13200004024058715,0.0,0.2628575870981113,0.18074892261250966,0.0,,,,,,,,,,,,,,
T03_1987_TIGHTENING_CYCLE_START,T03_1987,1987,TIGHTENING_CYCLE_START,1987-01-05,DGS2,rate,1987-01-02,6.3,1987-01-05,252,,,,,,,,,,,,,,,,,,,,,,,,,,,,,,,,,,-12.99999999999999,293.00000000000006,11.0,197.0,-5.999999999999961,-10.999999999999943,6.00000000000005,24.00000000000002,117.0,149.00000000000003,54.77340883849989,72.49322586704336,116.17058957564493,145.54367096979018
T03_1987_TIGHTENING_CYCLE_START,T03_1987,1987,TIGHTENING_CYCLE_START,1987-01-05,DGS10,rate,1987-01-02,7.18,1987-01-05,252,,,,,,,,,,,,,,,,,,,,,,,,,,,,,,,,,,-16.999999999999993,305.00000000000006,5.0,198.0,-9.999999999999964,-16.999999999999993,5.000000000000071,33.00000000000001,107.00000000000003,164.00000000000006,72.08218993109996,76.57478896532949,130.82033031424973,150.98919514916554
T03_1987_LAST_HIKE,T03_1987,1987,LAST_HIKE,1987-05-22,SP500,price,1987-05-21,280.1700134277344,1987-05-22,252,0.00710279522789925,0.03544273905081052,0.09565616057580484,0.19252585693915147,-0.1469465376541932,-0.09851163500991378,-0.20077100532851244,0.20202010519779123,137.0,66.0,0.3350951525557261,66.0,137.0,71.0,222.0,414.0,359.0,551.0,True,True,756.0,0.11394233107263725,0.027784880663103462,0.0,0.10993418422558346,0.04869170456379177,0.0,0.4380555658095261,0.3863987780969819,0.08333333333333333,0.3466071774029834,0.29657179501247055,0.08333333333333333,,,,,,,,,,,,,,
T03_1987_LAST_HIKE,T03_1987,1987,LAST_HIKE,1987-05-22,NASDAQ,price,1987-05-21,408.47,1987-05-22,252,-0.002619531422136334,0.0197566528753641,0.05045658187871793,0.10571155776433994,-0.2283643841652998,-0.10336132396504039,-0.2854309986045488,0.11454941611379033,111.0,67.0,0.3588718534463823,67.0,111.0,44.0,89.0,446.0,200.0,557.0,True,True,756.0,0.05313226845806096,0.02008105713628452,0.0,0.059995348975961434,0.026104629708079783,0.0,0.33043678263411824,0.28929332332071295,0.11666666666666667,0.2548172957424061,0.2158574228371665,0.0992063492063492,,,,,,,,,,,,,,
T03_1987_LAST_HIKE,T03_1987,1987,LAST_HIKE,1987-05-22,WTI,price,1987-05-21,19.95,1987-05-22,252,-0.013533834586466176,-0.029573934837092697,0.0,-0.03759398496240607,-0.06315789473684197,-0.12080200501253135,-0.2421052631578947,0.12481203007518804,141.0,35.0,0.3262032085561498,35.0,141.0,106.0,269.0,332.0,410.0,473.0,True,True,756.0,0.16147015124956166,0.12966850122441465,0.0,0.24779323040598425,0.18191070449120997,0.016666666666666666,0.21353114716716676,0.15629798285668203,0.008333333333333333,0.27974052722247794,0.19918735595498513,0.027777777777777776,,,,,,,,,,,,,,
T03_1987_LAST_HIKE,T03_1987,1987,LAST_HIKE,1987-05-22,DGS2,rate,1987-05-21,8.06,1987-05-22,252,,,,,,,,,,,,,,,,,,,,,,,,,,,,,,,,,,-99.00000000000003,117.0,180.0,101.0,-9.000000000000075,-37.000000000000014,-61.00000000000003,-44.00000000000004,-39.00000000000006,8.000000000000007,124.83407935504238,95.37551119440042,177.1917704900872,139.55295729022086
T03_1987_LAST_HIKE,T03_1987,1987,LAST_HIKE,1987-05-22,DGS10,rate,1987-05-21,8.87,1987-05-22,252,,,,,,,,,,,,,,,,,,,,,,,,,,,,,,,,,,-75.99999999999997,136.0000000000001,180.0,102.0,-8.999999999999986,-37.9999999999999,-56.99999999999985,-30.999999999999872,-6.999999999999851,35.00000000000014,160.67793874704765,119.27804008893519,176.58280843642189,143.93174289761717
T03_1987_TIGHTENING_CYCLE_END,T03_1987,1987,TIGHTENING_CYCLE_END,1987-05-22,SP500,price,1987-05-21,280.1700134277344,1987-05-22,252,0.00710279522789925,0.03544273905081052,0.09565616057580484,0.19252585693915147,-0.1469465376541932,-0.09851163500991378,-0.20077100532851244,0.20202010519779123,137.0,66.0,0.3350951525557261,66.0,137.0,71.0,222.0,414.0,359.0,551.0,True,True,756.0,0.11394233107263725,0.027784880663103462,0.0,0.10993418422558346,0.04869170456379177,0.0,0.4380555658095261,0.3863987780969819,0.08333333333333333,0.3466071774029834,0.29657179501247055,0.08333333333333333,,,,,,,,,,,,,,
T03_1987_TIGHTENING_CYCLE_END,T03_1987,1987,TIGHTENING_CYCLE_END,1987-05-22,NASDAQ,price,1987-05-21,408.47,1987-05-22,252,-0.002619531422136334,0.0197566528753641,0.05045658187871793,0.10571155776433994,-0.2283643841652998,-0.10336132396504039,-0.2854309986045488,0.11454941611379033,111.0,67.0,0.3588718534463823,67.0,111.0,44.0,89.0,446.0,200.0,557.0,True,True,756.0,0.05313226845806096,0.02008105713628452,0.0,0.059995348975961434,0.026104629708079783,0.0,0.33043678263411824,0.28929332332071295,0.11666666666666667,0.2548172957424061,0.2158574228371665,0.0992063492063492,,,,,,,,,,,,,,
T03_1987_TIGHTENING_CYCLE_END,T03_1987,1987,TIGHTENING_CYCLE_END,1987-05-22,WTI,price,1987-05-21,19.95,1987-05-22,252,-0.013533834586466176,-0.029573934837092697,0.0,-0.03759398496240607,-0.06315789473684197,-0.12080200501253135,-0.2421052631578947,0.12481203007518804,141.0,35.0,0.3262032085561498,35.0,141.0,106.0,269.0,332.0,410.0,473.0,True,True,756.0,0.16147015124956166,0.12966850122441465,0.0,0.24779323040598425,0.18191070449120997,0.016666666666666666,0.21353114716716676,0.15629798285668203,0.008333333333333333,0.27974052722247794,0.19918735595498513,0.027777777777777776,,,,,,,,,,,,,,
T03_1987_TIGHTENING_CYCLE_END,T03_1987,1987,TIGHTENING_CYCLE_END,1987-05-22,DGS2,rate,1987-05-21,8.06,1987-05-22,252,,,,,,,,,,,,,,,,,,,,,,,,,,,,,,,,,,-99.00000000000003,117.0,180.0,101.0,-9.000000000000075,-37.000000000000014,-61.00000000000003,-44.00000000000004,-39.00000000000006,8.000000000000007,124.83407935504238,95.37551119440042,177.1917704900872,139.55295729022086
T03_1987_TIGHTENING_CYCLE_END,T03_1987,1987,TIGHTENING_CYCLE_END,1987-05-22,DGS10,rate,1987-05-21,8.87,1987-05-22,252,,,,,,,,,,,,,,,,,,,,,,,,,,,,,,,,,,-75.99999999999997,136.0000000000001,180.0,102.0,-8.999999999999986,-37.9999999999999,-56.99999999999985,-30.999999999999872,-6.999999999999851,35.00000000000014,160.67793874704765,119.27804008893519,176.58280843642189,143.93174289761717
T03_1987_FIRST_CUT,T03_1987,1987,FIRST_CUT,1987-07-02,SP500,price,1987-07-01,302.94000244140625,1987-07-02,252,0.008879654122028846,0.015118460868011274,0.04987781484713305,0.05684294276730184,-0.17627255801452602,-0.10549940977590022,-0.2608437434331399,0.11167223311424146,109.0,38.0,0.3350951525557261,38.0,109.0,71.0,222.0,414.0,331.0,523.0,True,True,756.0,0.09498457134839218,0.05159456558513704,0.0,0.14513935688633403,0.0930576689501306,0.016666666666666666,0.45747238445763955,0.39970263219890706,0.125,0.3492848532951038,0.2975376490324093,0.0873015873015873,,,,,,,,,,,,,,
T03_1987_FIRST_CUT,T03_1987,1987,FIRST_CUT,1987-07-02,NASDAQ,price,1987-07-01,424.46,1987-07-02,252,0.0033454271309429906,0.002638646751166096,0.02146256419921788,0.04104038071903138,-0.22567497526268665,-0.07727465485558116,-0.31234980916929744,0.07256278565707008,83.0,39.0,0.3588718534463823,39.0,83.0,44.0,89.0,446.0,172.0,529.0,True,True,756.0,0.060164744725723106,0.03186813331546394,0.0,0.08882662546465432,0.06312102131680275,0.016666666666666666,0.3459218513733739,0.29881939363515536,0.15833333333333333,0.2557073828689041,0.21603021231833855,0.0992063492063492,,,,,,,,,,,,,,
T03_1987_FIRST_CUT,T03_1987,1987,FIRST_CUT,1987-07-02,WTI,price,1987-07-01,20.47,1987-07-03,252,0.006839276990718179,0.04152418172936012,0.08500244259892531,-0.04836345872007808,-0.17098192476795315,-0.288715192965315,-0.288715192965315,0.09623839765510511,252.0,9.0,0.35115864527629237,9.0,252.0,243.0,132.0,195.0,384.0,447.0,True,True,756.0,0.33614649436406663,0.21300114012644378,0.05,0.2547505300405248,0.18260695352275544,0.016666666666666666,0.2967597969074992,0.21202550554717137,0.03333333333333333,0.2927145469576448,0.2162369044331233,0.03968253968253968,,,,,,,,,,,,,,
T03_1987_FIRST_CUT,T03_1987,1987,FIRST_CUT,1987-07-02,DGS2,rate,1987-07-01,7.44,1987-07-02,252,,,,,,,,,,,,,,,,,,,,,,,,,,,,,,,,,,-37.000000000000014,179.0,152.0,73.0,-6.00000000000005,-6.00000000000005,18.99999999999995,104.0,38.99999999999997,59.99999999999987,63.38827718285559,85.25503116522246,174.03240063444574,138.1137587590959
T03_1987_FIRST_CUT,T03_1987,1987,FIRST_CUT,1987-07-02,DGS10,rate,1987-07-01,8.36,1987-07-02,252,,,,,,,,,,,,,,,,,,,,,,,,,,,,,,,,,,-25.0,187.0000000000001,152.0,74.0,-5.999999999999872,0.9999999999999787,25.0,117.0,47.000000000000064,46.000000000000085,72.2659561692268,112.26589200854599,172.80068423067124,142.31646459780222
T04_1987_FIRST_HIKE,T04_1987,1987,FIRST_HIKE,1987-08-27,SP500,price,1987-08-26,334.57000732421875,1987-08-27,252,-0.009534633623972555,-0.038527107529833904,-0.0443853476953332,-0.2825118875071946,-0.22524438598619567,-0.2195056365893504,-0.33072303772898215,0.0,70.0,0.0,0.33072303772898215,0.0,70.0,70.0,220.0,409.0,290.0,479.0,True,True,756.0,0.18725593641024071,0.13712971849871322,0.05,0.6090980478693103,0.5464451516105634,0.2,0.4777583077647584,0.4162182725456443,0.15833333333333333,0.3504040688050429,0.29954282219018463,0.10714285714285714,,,,,,,,,,,,,,
T04_1987_FIRST_HIKE,T04_1987,1987,FIRST_HIKE,1987-08-27,NASDAQ,price,1987-08-26,455.26,1987-08-27,252,-0.0010323771031937046,-0.01390414268769491,-0.03079558933356763,-0.3104379914773975,-0.2196107718666257,-0.1740324210341344,-0.3588718534463823,0.0,44.0,0.0,0.3588718534463823,0.0,44.0,44.0,89.0,446.0,133.0,490.0,True,True,756.0,0.1087655208190866,0.09538353675281158,0.1,0.45976825470686855,0.4102342831579162,0.31666666666666665,0.3569639274194412,0.30613410887698433,0.225,0.2556587061204589,0.21732845465658598,0.1349206349206349,,,,,,,,,,,,,,
T04_1987_FIRST_HIKE,T04_1987,1987,FIRST_HIKE,1987-08-27,WTI,price,1987-08-26,19.49,1987-08-27,252,0.01026167265264255,0.00667008722421758,0.008722421754746135,-0.04822986146741903,-0.14622883530015385,-0.22062596203181117,-0.26372498717290915,0.037968188814776926,217.0,37.0,0.2906574394463668,37.0,217.0,180.0,113.0,171.0,330.0,388.0,True,True,756.0,0.19913299079561914,0.1327247046514584,0.0,0.18294079783602213,0.13374614765845746,0.0,0.2931349475928354,0.20286623342865717,0.03333333333333333,0.29869501714872326,0.21388184711533725,0.03968253968253968,,,,,,,,,,,,,,
T04_1987_FIRST_HIKE,T04_1987,1987,FIRST_HIKE,1987-08-27,DGS2,rate,1987-08-26,7.87,1987-08-27,252,,,,,,,,,,,,,,,,,,,,,,,,,,,,,,,,,,-79.99999999999999,136.00000000000003,113.0,34.0,8.000000000000007,28.000000000000025,54.999999999999986,-20.000000000000018,-67.0,87.99999999999999,116.29748605691317,232.18110990476842,180.97144721165915,139.16942009665715
T04_1987_FIRST_HIKE,T04_1987,1987,FIRST_HIKE,1987-08-27,DGS10,rate,1987-08-26,8.79,1987-08-27,252,,,,,,,,,,,,,,,,,,,,,,,,,,,,,,,,,,-67.99999999999997,144.0000000000001,113.0,35.0,13.000000000000078,49.00000000000002,72.00000000000006,1.0000000000001563,-54.99999999999989,51.000000000000156,146.34666845685592,217.25747436967833,178.92497606210117,141.57051654697898
T04_1987_TIGHTENING_CYCLE_START,T04_1987,1987,TIGHTENING_CYCLE_START,1987-08-27,SP500,price,1987-08-26,334.57000732421875,1987-08-27,252,-0.009534633623972555,-0.038527107529833904,-0.0443853476953332,-0.2825118875071946,-0.22524438598619567,-0.2195056365893504,-0.33072303772898215,0.0,70.0,0.0,0.33072303772898215,0.0,70.0,70.0,220.0,409.0,290.0,479.0,True,True,756.0,0.18725593641024071,0.13712971849871322,0.05,0.6090980478693103,0.5464451516105634,0.2,0.4777583077647584,0.4162182725456443,0.15833333333333333,0.3504040688050429,0.29954282219018463,0.10714285714285714,,,,,,,,,,,,,,
T04_1987_TIGHTENING_CYCLE_START,T04_1987,1987,TIGHTENING_CYCLE_START,1987-08-27,NASDAQ,price,1987-08-26,455.26,1987-08-27,252,-0.0010323771031937046,-0.01390414268769491,-0.03079558933356763,-0.3104379914773975,-0.2196107718666257,-0.1740324210341344,-0.3588718534463823,0.0,44.0,0.0,0.3588718534463823,0.0,44.0,44.0,89.0,446.0,133.0,490.0,True,True,756.0,0.1087655208190866,0.09538353675281158,0.1,0.45976825470686855,0.4102342831579162,0.31666666666666665,0.3569639274194412,0.30613410887698433,0.225,0.2556587061204589,0.21732845465658598,0.1349206349206349,,,,,,,,,,,,,,
T04_1987_TIGHTENING_CYCLE_START,T04_1987,1987,TIGHTENING_CYCLE_START,1987-08-27,WTI,price,1987-08-26,19.49,1987-08-27,252,0.01026167265264255,0.00667008722421758,0.008722421754746135,-0.04822986146741903,-0.14622883530015385,-0.22062596203181117,-0.26372498717290915,0.037968188814776926,217.0,37.0,0.2906574394463668,37.0,217.0,180.0,113.0,171.0,330.0,388.0,True,True,756.0,0.19913299079561914,0.1327247046514584,0.0,0.18294079783602213,0.13374614765845746,0.0,0.2931349475928354,0.20286623342865717,0.03333333333333333,0.29869501714872326,0.21388184711533725,0.03968253968253968,,,,,,,,,,,,,,
T04_1987_TIGHTENING_CYCLE_START,T04_1987,1987,TIGHTENING_CYCLE_START,1987-08-27,DGS2,rate,1987-08-26,7.87,1987-08-27,252,,,,,,,,,,,,,,,,,,,,,,,,,,,,,,,,,,-79.99999999999999,136.00000000000003,113.0,34.0,8.000000000000007,28.000000000000025,54.999999999999986,-20.000000000000018,-67.0,87.99999999999999,116.29748605691317,232.18110990476842,180.97144721165915,139.16942009665715
T04_1987_TIGHTENING_CYCLE_START,T04_1987,1987,TIGHTENING_CYCLE_START,1987-08-27,DGS10,rate,1987-08-26,8.79,1987-08-27,252,,,,,,,,,,,,,,,,,,,,,,,,,,,,,,,,,,-67.99999999999997,144.0000000000001,113.0,35.0,13.000000000000078,49.00000000000002,72.00000000000006,1.0000000000001563,-54.99999999999989,51.000000000000156,146.34666845685592,217.25747436967833,178.92497606210117,141.57051654697898
T04_1987_LAST_HIKE,T04_1987,1987,LAST_HIKE,1987-09-24,SP500,price,1987-09-23,321.19000244140625,1987-09-24,252,-0.004576734050031006,0.0019925406332537143,-0.19555402435059288,-0.24350075070638233,-0.1714250043278921,-0.1588779177166516,-0.3028425652514064,0.021451427748335083,51.0,8.0,0.31748351824678334,8.0,51.0,43.0,213.0,394.0,264.0,445.0,True,True,756.0,0.9383919087213104,0.8535608010665106,0.25,0.627706002628371,0.5576316331019275,0.2833333333333333,0.47562857630352856,0.4138861742263197,0.175,0.3483031138046057,0.2975583062932373,0.11507936507936507,,,,,,,,,,,,,,
T04_1987_LAST_HIKE,T04_1987,1987,LAST_HIKE,1987-09-24,NASDAQ,price,1987-09-23,440.7,1987-09-24,252,0.001225323349217211,0.008146131154980862,-0.20158838211935548,-0.27499432720671657,-0.1455184933061039,-0.12659405491263886,-0.33769003857499436,0.029339686861810765,25.0,8.0,0.35656812821021533,8.0,25.0,17.0,88.0,407.0,113.0,432.0,True,True,756.0,0.615289664972905,0.5707057249011838,0.4,0.475359518666224,0.4178537982271881,0.3333333333333333,0.35674420470191137,0.303987831881225,0.21666666666666667,0.254606192288475,0.21596300872430976,0.1349206349206349,,,,,,,,,,,,,,
T04_1987_LAST_HIKE,T04_1987,1987,LAST_HIKE,1987-09-24,WTI,price,1987-09-23,19.66,1987-09-24,252,-0.0025432349949136013,-0.0020345879959308144,0.013733468972533025,-0.1586978636826043,-0.185147507629705,-0.2843336724313327,-0.2843336724313327,0.02899287894201419,252.0,17.0,0.3044982698961938,17.0,252.0,235.0,58.0,116.0,310.0,368.0,True,True,756.0,0.17624963644839395,0.12206161507943754,0.0,0.3288536255850573,0.23813533538406753,0.08333333333333333,0.3130596999585902,0.22498882852073718,0.075,0.3158556614252834,0.23073598653641067,0.07142857142857142,,,,,,,,,,,,,,
T04_1987_LAST_HIKE,T04_1987,1987,LAST_HIKE,1987-09-24,DGS2,rate,1987-09-23,8.31,1987-09-24,252,,,,,,,,,,,,,,,,,,,,,,,,,,,,,,,,,,-124.00000000000003,92.0,94.0,15.0,10.999999999999943,28.999999999999915,-55.00000000000007,-47.000000000000064,-108.0,20.999999999999908,366.3240584366166,230.50887699366663,176.54807710482646,138.01026291302654
T04_1987_LAST_HIKE,T04_1987,1987,LAST_HIKE,1987-09-24,DGS10,rate,1987-09-23,9.4,1987-09-24,252,,,,,,,,,,,,,,,,,,,,,,,,,,,,,,,,,,-129.00000000000009,83.0,94.0,16.0,10.999999999999943,23.000000000000043,-42.99999999999997,-51.99999999999996,-99.00000000000003,-40.000000000000036,327.2927709173192,215.04383471157118,171.73572378375263,138.15713670422795
T04_1987_TIGHTENING_CYCLE_END,T04_1987,1987,TIGHTENING_CYCLE_END,1987-09-24,SP500,price,1987-09-23,321.19000244140625,1987-09-24,252,-0.004576734050031006,0.0019925406332537143,-0.19555402435059288,-0.24350075070638233,-0.1714250043278921,-0.1588779177166516,-0.3028425652514064,0.021451427748335083,51.0,8.0,0.31748351824678334,8.0,51.0,43.0,213.0,394.0,264.0,445.0,True,True,756.0,0.9383919087213104,0.8535608010665106,0.25,0.627706002628371,0.5576316331019275,0.2833333333333333,0.47562857630352856,0.4138861742263197,0.175,0.3483031138046057,0.2975583062932373,0.11507936507936507,,,,,,,,,,,,,,
T04_1987_TIGHTENING_CYCLE_END,T04_1987,1987,TIGHTENING_CYCLE_END,1987-09-24,NASDAQ,price,1987-09-23,440.7,1987-09-24,252,0.001225323349217211,0.008146131154980862,-0.20158838211935548,-0.27499432720671657,-0.1455184933061039,-0.12659405491263886,-0.33769003857499436,0.029339686861810765,25.0,8.0,0.35656812821021533,8.0,25.0,17.0,88.0,407.0,113.0,432.0,True,True,756.0,0.615289664972905,0.5707057249011838,0.4,0.475359518666224,0.4178537982271881,0.3333333333333333,0.35674420470191137,0.303987831881225,0.21666666666666667,0.254606192288475,0.21596300872430976,0.1349206349206349,,,,,,,,,,,,,,
T04_1987_TIGHTENING_CYCLE_END,T04_1987,1987,TIGHTENING_CYCLE_END,1987-09-24,WTI,price,1987-09-23,19.66,1987-09-24,252,-0.0025432349949136013,-0.0020345879959308144,0.013733468972533025,-0.1586978636826043,-0.185147507629705,-0.2843336724313327,-0.2843336724313327,0.02899287894201419,252.0,17.0,0.3044982698961938,17.0,252.0,235.0,58.0,116.0,310.0,368.0,True,True,756.0,0.17624963644839395,0.12206161507943754,0.0,0.3288536255850573,0.23813533538406753,0.08333333333333333,0.3130596999585902,0.22498882852073718,0.075,0.3158556614252834,0.23073598653641067,0.07142857142857142,,,,,,,,,,,,,,
T04_1987_TIGHTENING_CYCLE_END,T04_1987,1987,TIGHTENING_CYCLE_END,1987-09-24,DGS2,rate,1987-09-23,8.31,1987-09-24,252,,,,,,,,,,,,,,,,,,,,,,,,,,,,,,,,,,-124.00000000000003,92.0,94.0,15.0,10.999999999999943,28.999999999999915,-55.00000000000007,-47.000000000000064,-108.0,20.999999999999908,366.3240584366166,230.50887699366663,176.54807710482646,138.01026291302654
T04_1987_TIGHTENING_CYCLE_END,T04_1987,1987,TIGHTENING_CYCLE_END,1987-09-24,DGS10,rate,1987-09-23,9.4,1987-09-24,252,,,,,,,,,,,,,,,,,,,,,,,,,,,,,,,,,,-129.00000000000009,83.0,94.0,16.0,10.999999999999943,23.000000000000043,-42.99999999999997,-51.99999999999996,-99.00000000000003,-40.000000000000036,327.2927709173192,215.04383471157118,171.73572378375263,138.15713670422795
T04_1987_PAUSE_START,T04_1987,1987,PAUSE_START,1987-11-03,SP500,price,1987-11-02,255.75,1987-11-03,252,-0.019276608702957,-0.0491886679611131,-0.09286412512218967,-0.009618794580125822,0.026432100745356735,0.09079179362933765,-0.12445748516541422,0.1091300240942692,23.0,246.0,0.12445748516541422,0.0,23.0,23.0,6.0,19.0,29.0,42.0,True,True,756.0,0.2871983192654798,0.24804429519139076,0.15,0.3112895694015886,0.24075660264236115,0.13333333333333333,0.2519787458150119,0.19324560332301055,0.075,0.2028908359671423,0.14909945570206326,0.03571428571428571,,,,,,,,,,,,,,
T04_1987_PAUSE_START,T04_1987,1987,PAUSE_START,1987-11-03,NASDAQ,price,1987-11-02,328.33,1987-11-03,252,-0.023360643255261326,-0.024061157981299264,-0.07032558706179748,0.04273139828830752,0.14296591843572015,0.1648646179149027,-0.1078488106478237,0.20643864404714773,23.0,169.0,0.1078488106478237,0.0,23.0,23.0,7.0,11.0,30.0,34.0,True,True,756.0,0.22253794627798515,0.19580100588080596,0.3,0.21584648796923728,0.16037732918040026,0.18333333333333332,0.16736673484828624,0.12393272124847954,0.1,0.1291846456716523,0.09611377832929455,0.05952380952380952,,,,,,,,,,,,,,
T04_1987_PAUSE_START,T04_1987,1987,PAUSE_START,1987-11-03,WTI,price,1987-11-02,19.64,1987-11-03,252,-0.012729124236252498,-0.04989816700611005,-0.06109979633401219,-0.1283095723014256,-0.07841140529531565,-0.2830957230142567,-0.3594704684317719,0.0,230.0,0.0,0.3594704684317719,0.0,230.0,230.0,49.0,109.0,279.0,339.0,True,True,756.0,0.21764290044278237,0.17087521889993823,0.1,0.37349707291210593,0.2551739717932465,0.15,0.33315647225965295,0.22810041256883748,0.125,0.35402977069633834,0.26399756063304597,0.14285714285714285,,,,,,,,,,,,,,
T04_1987_PAUSE_START,T04_1987,1987,PAUSE_START,1987-11-03,DGS2,rate,1987-11-02,7.72,1987-11-03,252,,,,,,,,,,,,,,,,,,,,,,,,,,,,,,,,,,-64.99999999999994,105.99999999999996,67.0,204.0,-4.999999999999982,-8.000000000000007,7.000000000000028,-50.0,-8.999999999999986,54.999999999999986,106.58591790070962,111.30078349580315,97.9903056429563,92.7422637746127
T04_1987_PAUSE_START,T04_1987,1987,PAUSE_START,1987-11-03,DGS10,rate,1987-11-02,8.98,1987-11-03,252,,,,,,,,,,,,,,,,,,,,,,,,,,,,,,,,,,-87.0000000000001,42.99999999999997,67.0,204.0,-7.000000000000028,-20.000000000000107,2.999999999999936,-72.00000000000006,-17.99999999999997,-29.000000000000092,103.81222927655642,127.86083536540387,110.43624724646487,104.43631659105733
T04_1987_FIRST_CUT,T04_1987,1987,FIRST_CUT,1987-11-04,SP500,price,1987-11-03,250.82000732421875,1987-11-04,252,-0.007415678797693559,-0.047125456419191414,-0.06925288999582668,0.02491826735305458,0.052268499197578366,0.11259066027324915,-0.10724825918891523,0.1309305293793428,22.0,245.0,0.12008801505684186,2.0,22.0,20.0,6.0,19.0,28.0,41.0,True,True,756.0,0.2843524440096329,0.23822697510381974,0.15,0.3101349911063413,0.2374288275377118,0.13333333333333333,0.25043719443118545,0.1911758782344015,0.075,0.2019137067300325,0.14782343612983917,0.03571428571428571,,,,,,,,,,,,,,
T04_1987_FIRST_CUT,T04_1987,1987,FIRST_CUT,1987-11-04,NASDAQ,price,1987-11-03,320.66,1987-11-04,252,-0.0016528410154058593,-0.017058566706168565,-0.04815068920351773,0.07484563088629703,0.17831971558660253,0.1923844570573192,-0.08650907503274496,0.23529595209879628,22.0,168.0,0.10254603388584205,3.0,22.0,19.0,7.0,10.0,29.0,32.0,True,True,756.0,0.20981844611617748,0.1769120591150965,0.2,0.21011536875317052,0.15288607065846932,0.15,0.16360620975807905,0.11910478932111564,0.08333333333333333,0.12687480944246315,0.09316219296067725,0.051587301587301584,,,,,,,,,,,,,,
T04_1987_FIRST_CUT,T04_1987,1987,FIRST_CUT,1987-11-04,WTI,price,1987-11-03,19.39,1987-11-04,252,-0.015471892728210479,-0.021144920061887618,-0.04125838060856113,-0.11449200618875699,-0.11707065497679214,-0.29345023207839094,-0.35121196493037654,0.0,229.0,0.0,0.35121196493037654,0.0,229.0,229.0,47.0,108.0,276.0,337.0,True,True,756.0,0.21799291249785893,0.16471326736512995,0.1,0.3729950176957137,0.2538197442111341,0.15,0.342127758448257,0.24123037561722946,0.13333333333333333,0.35480192756974877,0.26510212707619835,0.14682539682539683,,,,,,,,,,,,,,
T04_1987_FIRST_CUT,T04_1987,1987,FIRST_CUT,1987-11-04,DGS2,rate,1987-11-03,7.67,1987-11-04,252,,,,,,,,,,,,,,,,,,,,,,,,,,,,,,,,,,-59.999999999999964,110.99999999999994,66.0,203.0,-7.000000000000028,-5.999999999999961,4.999999999999982,-46.0,2.000000000000046,72.00000000000006,108.1424499153047,110.96256812738119,98.11601776048835,93.33809511662427
T04_1987_FIRST_CUT,T04_1987,1987,FIRST_CUT,1987-11-04,DGS10,rate,1987-11-03,8.91,1987-11-04,252,,,,,,,,,,,,,,,,,,,,,,,,,,,,,,,,,,-80.00000000000007,50.0,66.0,203.0,-6.00000000000005,-12.0000000000001,2.999999999999936,-73.00000000000004,-5.000000000000071,-6.00000000000005,103.81222927655642,128.07083580210906,110.3354510785443,105.44181379138692
T05_1988_FIRST_HIKE,T05_1988,1988,FIRST_HIKE,1988-03-30,SP500,price,1988-03-29,260.07000732421875,1988-03-30,252,-0.007690237027242697,0.020840476631353244,0.014342216955836706,0.05671549807591525,0.03364478699418694,0.12412042092594988,-0.035528916187728354,0.15211287901136528,38.0,218.0,0.07640469020970919,10.0,38.0,28.0,5.0,15.0,43.0,53.0,True,True,756.0,0.21672471429130688,0.16798851295454995,0.05,0.1830630061528402,0.12488341128839289,0.016666666666666666,0.1640328728535856,0.11324774413707522,0.008333333333333333,0.14123872155524575,0.09801197806714079,0.003968253968253968,,,,,,,,,,,,,,
T05_1988_FIRST_HIKE,T05_1988,1988,FIRST_HIKE,1988-03-30,NASDAQ,price,1988-03-29,372.96,1988-03-30,252,-0.0031638781638781976,0.01281638781638783,0.015309952809952954,0.0484502359502359,0.028099528099528204,0.08242170742170751,-0.026008151008151015,0.09799978549978561,38.0,244.0,0.07836207114185456,67.0,165.0,98.0,27.0,45.0,192.0,210.0,True,True,756.0,0.11786682318039919,0.09214323560312923,0.05,0.10167981594098097,0.07579539142702384,0.016666666666666666,0.0908337995253881,0.06998758852786499,0.008333333333333333,0.08353078215700237,0.06309868570996048,0.003968253968253968,,,,,,,,,,,,,,
T05_1988_FIRST_HIKE,T05_1988,1988,FIRST_HIKE,1988-03-30,WTI,price,1988-03-29,17.08,1988-03-30,252,-0.0011709601873536313,-0.016393442622950727,0.07259953161592514,-0.0714285714285714,-0.13817330210772827,0.18676814988290413,-0.2634660421545667,0.23126463700234212,132.0,251.0,0.3214670981661273,19.0,132.0,113.0,40.0,70.0,172.0,202.0,True,True,756.0,0.287860778649617,0.14694939950902985,0.05,0.25101979989850953,0.19064342098884732,0.03333333333333333,0.31207612312617933,0.22666732744309032,0.08333333333333333,0.3770706124941052,0.265665849054401,0.1111111111111111,,,,,,,,,,,,,,
T05_1988_FIRST_HIKE,T05_1988,1988,FIRST_HIKE,1988-03-30,DGS2,rate,1988-03-29,7.42,1988-03-30,252,,,,,,,,,,,,,,,,,,,,,,,,,,,,,,,,,,-0.9999999999999787,250.0,2.0,244.0,0.9999999999999787,15.000000000000036,20.999999999999996,63.00000000000008,101.99999999999996,214.00000000000006,87.77944849990426,94.2292732233642,89.72074322421703,97.0962474810453
T05_1988_FIRST_HIKE,T05_1988,1988,FIRST_HIKE,1988-03-30,DGS10,rate,1988-03-29,8.56,1988-03-30,252,,,,,,,,,,,,,,,,,,,,,,,,,,,,,,,,,,-4.000000000000092,96.99999999999989,7.0,243.0,0.9999999999999787,4.999999999999893,24.00000000000002,32.00000000000003,41.000000000000014,65.00000000000003,80.87885677780201,107.00825249341703,100.47291118681161,94.81512730853589
T05_1988_TIGHTENING_CYCLE_START,T05_1988,1988,TIGHTENING_CYCLE_START,1988-03-30,SP500,price,1988-03-29,260.07000732421875,1988-03-30,252,-0.007690237027242697,0.020840476631353244,0.014342216955836706,0.05671549807591525,0.03364478699418694,0.12412042092594988,-0.035528916187728354,0.15211287901136528,38.0,218.0,0.07640469020970919,10.0,38.0,28.0,5.0,15.0,43.0,53.0,True,True,756.0,0.21672471429130688,0.16798851295454995,0.05,0.1830630061528402,0.12488341128839289,0.016666666666666666,0.1640328728535856,0.11324774413707522,0.008333333333333333,0.14123872155524575,0.09801197806714079,0.003968253968253968,,,,,,,,,,,,,,
T05_1988_TIGHTENING_CYCLE_START,T05_1988,1988,TIGHTENING_CYCLE_START,1988-03-30,NASDAQ,price,1988-03-29,372.96,1988-03-30,252,-0.0031638781638781976,0.01281638781638783,0.015309952809952954,0.0484502359502359,0.028099528099528204,0.08242170742170751,-0.026008151008151015,0.09799978549978561,38.0,244.0,0.07836207114185456,67.0,165.0,98.0,27.0,45.0,192.0,210.0,True,True,756.0,0.11786682318039919,0.09214323560312923,0.05,0.10167981594098097,0.07579539142702384,0.016666666666666666,0.0908337995253881,0.06998758852786499,0.008333333333333333,0.08353078215700237,0.06309868570996048,0.003968253968253968,,,,,,,,,,,,,,
T05_1988_TIGHTENING_CYCLE_START,T05_1988,1988,TIGHTENING_CYCLE_START,1988-03-30,WTI,price,1988-03-29,17.08,1988-03-30,252,-0.0011709601873536313,-0.016393442622950727,0.07259953161592514,-0.0714285714285714,-0.13817330210772827,0.18676814988290413,-0.2634660421545667,0.23126463700234212,132.0,251.0,0.3214670981661273,19.0,132.0,113.0,40.0,70.0,172.0,202.0,True,True,756.0,0.287860778649617,0.14694939950902985,0.05,0.25101979989850953,0.19064342098884732,0.03333333333333333,0.31207612312617933,0.22666732744309032,0.08333333333333333,0.3770706124941052,0.265665849054401,0.1111111111111111,,,,,,,,,,,,,,
T05_1988_TIGHTENING_CYCLE_START,T05_1988,1988,TIGHTENING_CYCLE_START,1988-03-30,DGS2,rate,1988-03-29,7.42,1988-03-30,252,,,,,,,,,,,,,,,,,,,,,,,,,,,,,,,,,,-0.9999999999999787,250.0,2.0,244.0,0.9999999999999787,15.000000000000036,20.999999999999996,63.00000000000008,101.99999999999996,214.00000000000006,87.77944849990426,94.2292732233642,89.72074322421703,97.0962474810453
T05_1988_TIGHTENING_CYCLE_START,T05_1988,1988,TIGHTENING_CYCLE_START,1988-03-30,DGS10,rate,1988-03-29,8.56,1988-03-30,252,,,,,,,,,,,,,,,,,,,,,,,,,,,,,,,,,,-4.000000000000092,96.99999999999989,7.0,243.0,0.9999999999999787,4.999999999999893,24.00000000000002,32.00000000000003,41.000000000000014,65.00000000000003,80.87885677780201,107.00825249341703,100.47291118681161,94.81512730853589
T05_1988_LAST_HIKE,T05_1988,1988,LAST_HIKE,1989-05-17,SP500,price,1989-05-16,315.2799987792969,1989-05-17,252,0.0069779631297552935,0.009642249926072655,0.02711871297282631,0.10457371653246827,0.07085763900148057,0.1236995691163425,0.0,0.14120778097578235,0.0,101.0,0.1023345693603166,101.0,179.0,78.0,32.0,82.0,211.0,261.0,True,True,756.0,0.10491499295747023,0.06767735326397217,0.0,0.11478476780687014,0.07038263511261686,0.016666666666666666,0.1503862672874259,0.11586011031099579,0.025,0.13856581488693603,0.10359237934922354,0.031746031746031744,,,,,,,,,,,,,,
T05_1988_LAST_HIKE,T05_1988,1988,LAST_HIKE,1989-05-17,NASDAQ,price,1989-05-16,435.66,1989-05-17,252,0.006564752329798473,0.010306202084193972,0.03438461185328001,0.06401781205527235,0.0397328191709132,0.015700316760776767,-0.05724647661020066,0.11492907313042289,179.0,101.0,0.15442735676198704,101.0,179.0,78.0,76.0,295.0,255.0,474.0,True,True,756.0,0.07223048095640802,0.03979173898379696,0.0,0.07842051270947499,0.05293497381365694,0.016666666666666666,0.0944138581104914,0.07337576516000026,0.05,0.10032407380217362,0.0780237954149738,0.07142857142857142,,,,,,,,,,,,,,
T05_1988_LAST_HIKE,T05_1988,1988,LAST_HIKE,1989-05-17,WTI,price,1989-05-16,20.58,1989-05-17,252,-0.020894071914480117,0.057823129251700855,-0.052478134110787056,-0.11418853255587935,-0.029640427599611274,-0.11273080660835744,-0.17638483965014573,0.18950437317784274,229.0,171.0,0.3075980392156863,171.0,229.0,58.0,73.0,76.0,302.0,305.0,True,True,756.0,0.46190108813714675,0.402102712117899,0.05,0.3855302842194003,0.3151212734273369,0.05,0.29928822669641225,0.2372048449978354,0.025,0.3380329886687778,0.2506940281374879,0.03571428571428571,,,,,,,,,,,,,,
T05_1988_LAST_HIKE,T05_1988,1988,LAST_HIKE,1989-05-17,DGS2,rate,1989-05-16,8.95,1989-05-17,252,,,,,,,,,,,,,,,,,,,,,,,,,,,,,,,,,,-148.99999999999994,10.000000000000142,53.0,241.0,1.0000000000001563,-11.999999999999922,-58.999999999999986,-95.99999999999991,-91.00000000000001,-38.99999999999988,133.95667013510104,136.81391543855167,136.74357711553753,119.95860839924607
T05_1988_LAST_HIKE,T05_1988,1988,LAST_HIKE,1989-05-17,DGS10,rate,1989-05-16,8.82,1989-05-17,252,,,,,,,,,,,,,,,,,,,,,,,,,,,,,,,,,,-108.0,26.999999999999957,53.0,241.0,-1.9999999999999574,-22.000000000000064,-62.0000000000001,-80.00000000000007,-82.00000000000003,-13.000000000000078,102.34863020706788,101.69545762567239,95.29113285085873,93.67577805613529
T05_1988_TIGHTENING_CYCLE_END,T05_1988,1988,TIGHTENING_CYCLE_END,1989-05-17,SP500,price,1989-05-16,315.2799987792969,1989-05-17,252,0.0069779631297552935,0.009642249926072655,0.02711871297282631,0.10457371653246827,0.07085763900148057,0.1236995691163425,0.0,0.14120778097578235,0.0,101.0,0.1023345693603166,101.0,179.0,78.0,32.0,82.0,211.0,261.0,True,True,756.0,0.10491499295747023,0.06767735326397217,0.0,0.11478476780687014,0.07038263511261686,0.016666666666666666,0.1503862672874259,0.11586011031099579,0.025,0.13856581488693603,0.10359237934922354,0.031746031746031744,,,,,,,,,,,,,,
T05_1988_TIGHTENING_CYCLE_END,T05_1988,1988,TIGHTENING_CYCLE_END,1989-05-17,NASDAQ,price,1989-05-16,435.66,1989-05-17,252,0.006564752329798473,0.010306202084193972,0.03438461185328001,0.06401781205527235,0.0397328191709132,0.015700316760776767,-0.05724647661020066,0.11492907313042289,179.0,101.0,0.15442735676198704,101.0,179.0,78.0,76.0,295.0,255.0,474.0,True,True,756.0,0.07223048095640802,0.03979173898379696,0.0,0.07842051270947499,0.05293497381365694,0.016666666666666666,0.0944138581104914,0.07337576516000026,0.05,0.10032407380217362,0.0780237954149738,0.07142857142857142,,,,,,,,,,,,,,
T05_1988_TIGHTENING_CYCLE_END,T05_1988,1988,TIGHTENING_CYCLE_END,1989-05-17,WTI,price,1989-05-16,20.58,1989-05-17,252,-0.020894071914480117,0.057823129251700855,-0.052478134110787056,-0.11418853255587935,-0.029640427599611274,-0.11273080660835744,-0.17638483965014573,0.18950437317784274,229.0,171.0,0.3075980392156863,171.0,229.0,58.0,73.0,76.0,302.0,305.0,True,True,756.0,0.46190108813714675,0.402102712117899,0.05,0.3855302842194003,0.3151212734273369,0.05,0.29928822669641225,0.2372048449978354,0.025,0.3380329886687778,0.2506940281374879,0.03571428571428571,,,,,,,,,,,,,,
T05_1988_TIGHTENING_CYCLE_END,T05_1988,1988,TIGHTENING_CYCLE_END,1989-05-17,DGS2,rate,1989-05-16,8.95,1989-05-17,252,,,,,,,,,,,,,,,,,,,,,,,,,,,,,,,,,,-148.99999999999994,10.000000000000142,53.0,241.0,1.0000000000001563,-11.999999999999922,-58.999999999999986,-95.99999999999991,-91.00000000000001,-38.99999999999988,133.95667013510104,136.81391543855167,136.74357711553753,119.95860839924607
T05_1988_TIGHTENING_CYCLE_END,T05_1988,1988,TIGHTENING_CYCLE_END,1989-05-17,DGS10,rate,1989-05-16,8.82,1989-05-17,252,,,,,,,,,,,,,,,,,,,,,,,,,,,,,,,,,,-108.0,26.999999999999957,53.0,241.0,-1.9999999999999574,-22.000000000000064,-62.0000000000001,-80.00000000000007,-82.00000000000003,-13.000000000000078,102.34863020706788,101.69545762567239,95.29113285085873,93.67577805613529
T05_1988_FIRST_CUT,T05_1988,1988,FIRST_CUT,1989-06-06,SP500,price,1989-06-05,322.0299987792969,1989-06-06,252,0.006862688145375939,0.013073289665673116,-0.0086948042219126,0.08635840655843152,0.061733394274355424,0.14088748032534015,-0.012576430172098418,0.14088748032534015,19.0,252.0,0.1023345693603166,88.0,166.0,78.0,32.0,82.0,198.0,248.0,True,True,756.0,0.125466917073086,0.09196709321415121,0.05,0.12109984373251348,0.07393143561288763,0.03333333333333333,0.14993696636607318,0.11586867947314529,0.041666666666666664,0.13842780928426401,0.10268241914471574,0.03571428571428571,,,,,,,,,,,,,,
T05_1988_FIRST_CUT,T05_1988,1988,FIRST_CUT,1989-06-06,NASDAQ,price,1989-06-05,447.84,1989-06-06,252,0.000267952840300012,0.012392818863879995,-0.026438013576277175,0.04182297249017508,0.016300464451589836,0.03967934976777432,-0.08288674526616635,0.08460610932475898,166.0,88.0,0.15442735676198704,88.0,166.0,78.0,76.0,295.0,242.0,461.0,True,True,756.0,0.09020493642400493,0.07755996826422352,0.05,0.07768552965651238,0.05328217255541508,0.016666666666666666,0.09469035325406286,0.07432651892006854,0.058333333333333334,0.1013309386938574,0.07809845832906209,0.07539682539682539,,,,,,,,,,,,,,
T05_1988_FIRST_CUT,T05_1988,1988,FIRST_CUT,1989-06-06,WTI,price,1989-06-05,20.5,1989-06-06,252,-0.005853658536585371,-0.0585365853658536,0.0024390243902439046,-0.09317073170731704,-0.030731707317073087,-0.15170731707317076,-0.21365853658536582,0.19414634146341458,241.0,157.0,0.3415032679738562,157.0,241.0,84.0,43.0,50.0,284.0,291.0,True,True,756.0,0.3840429781769562,0.2684725699640915,0.05,0.3141524399435411,0.2421927103723142,0.03333333333333333,0.25901554667090315,0.1942142042438211,0.016666666666666666,0.35360778529712855,0.2500446912324864,0.03968253968253968,,,,,,,,,,,,,,
T05_1988_FIRST_CUT,T05_1988,1988,FIRST_CUT,1989-06-06,DGS2,rate,1989-06-05,8.44,1989-06-06,252,,,,,,,,,,,,,,,,,,,,,,,,,,,,,,,,,,-97.99999999999996,61.00000000000012,40.0,228.0,0.9999999999999787,-15.000000000000036,-41.99999999999999,0.0,-79.99999999999999,-9.999999999999964,112.23790522110224,135.80494486890933,131.95721231654198,116.53106898952157
T05_1988_FIRST_CUT,T05_1988,1988,FIRST_CUT,1989-06-06,DGS10,rate,1989-06-05,8.36,1989-06-06,252,,,,,,,,,,,,,,,,,,,,,,,,,,,,,,,,,,-61.99999999999992,73.00000000000004,40.0,228.0,0.0,-19.99999999999993,-26.999999999999957,-8.999999999999986,-55.99999999999996,10.000000000000142,107.9460391511475,102.7050903958531,90.71325216112066,92.70223934341004
T06_1994_FIRST_HIKE,T06_1994,1994,FIRST_HIKE,1994-02-04,SP500,price,1994-02-03,480.7099914550781,1994-02-04,252,-0.02267478124074518,-0.02450541696385289,-0.03322169604247871,-0.057581479827360615,-0.05506438745027986,-0.004285322949827308,-0.08693386609429143,0.0,40.0,0.0,0.08693386609429143,0.0,40.0,40.0,42.0,213.0,82.0,253.0,True,True,756.0,0.11505440193577929,0.10615023052532084,0.15,0.11728571882800629,0.09388711436249421,0.16666666666666666,0.10321933531571101,0.08041230144164924,0.13333333333333333,0.09851454799810572,0.07245097315311623,0.10317460317460317,,,,,,,,,,,,,,
T06_1994_FIRST_HIKE,T06_1994,1994,FIRST_HIKE,1994-02-04,NASDAQ,price,1994-02-03,797.79,1994-02-04,252,-0.0257085197859086,-0.018012258865114927,-0.009075069880545072,-0.07322729038970155,-0.10699557527670189,-0.03225159503127395,-0.13036011983103324,0.007696260920793785,97.0,30.0,0.13700197778413548,30.0,97.0,67.0,42.0,181.0,139.0,278.0,True,True,756.0,0.13017850078885715,0.10875454979629261,0.1,0.15333518082517034,0.12035477317035025,0.15,0.13206702648964092,0.10421726303774775,0.11666666666666667,0.11780057617810112,0.08902465536415231,0.07539682539682539,,,,,,,,,,,,,,
T06_1994_FIRST_HIKE,T06_1994,1994,FIRST_HIKE,1994-02-04,WTI,price,1994-02-02,16.06,1994-02-07,252,-0.04669987546699861,-0.08405977584059765,-0.11643835616438347,0.10709838107098402,0.09090909090909105,0.25404732254047335,-0.13511830635118294,0.290161892901619,8.0,68.0,0.19884169884169878,68.0,182.0,114.0,15.0,261.0,197.0,443.0,True,True,756.0,0.3380405170620439,0.29343593379709165,0.2,0.4017212345726832,0.2590689982482137,0.13333333333333333,0.3606785216949154,0.24271258627094455,0.11666666666666667,0.30172666668175513,0.20667766160989648,0.08333333333333333,,,,,,,,,,,,,,
T06_1994_FIRST_HIKE,T06_1994,1994,FIRST_HIKE,1994-02-04,DGS2,rate,1994-02-03,4.28,1994-02-04,252,,,,,,,,,,,,,,,,,,,,,,,,,,,,,,,,,,12.99999999999999,346.0,2.0,222.0,13.999999999999968,16.999999999999993,59.999999999999964,158.0,192.99999999999997,289.99999999999994,82.08339789827345,113.12024500728626,118.35273798368709,112.20619891831825
T06_1994_FIRST_HIKE,T06_1994,1994,FIRST_HIKE,1994-02-04,DGS10,rate,1994-02-03,5.81,1994-02-04,252,,,,,,,,,,,,,,,,,,,,,,,,,,,,,,,,,,7.000000000000028,224.0000000000001,6.0,190.0,13.000000000000078,10.000000000000053,57.00000000000003,132.00000000000003,148.00000000000006,172.00000000000006,99.23990071910018,137.8588814202432,131.8673129903469,113.771561154315
T06_1994_TIGHTENING_CYCLE_START,T06_1994,1994,TIGHTENING_CYCLE_START,1994-02-04,SP500,price,1994-02-03,480.7099914550781,1994-02-04,252,-0.02267478124074518,-0.02450541696385289,-0.03322169604247871,-0.057581479827360615,-0.05506438745027986,-0.004285322949827308,-0.08693386609429143,0.0,40.0,0.0,0.08693386609429143,0.0,40.0,40.0,42.0,213.0,82.0,253.0,True,True,756.0,0.11505440193577929,0.10615023052532084,0.15,0.11728571882800629,0.09388711436249421,0.16666666666666666,0.10321933531571101,0.08041230144164924,0.13333333333333333,0.09851454799810572,0.07245097315311623,0.10317460317460317,,,,,,,,,,,,,,
T06_1994_TIGHTENING_CYCLE_START,T06_1994,1994,TIGHTENING_CYCLE_START,1994-02-04,NASDAQ,price,1994-02-03,797.79,1994-02-04,252,-0.0257085197859086,-0.018012258865114927,-0.009075069880545072,-0.07322729038970155,-0.10699557527670189,-0.03225159503127395,-0.13036011983103324,0.007696260920793785,97.0,30.0,0.13700197778413548,30.0,97.0,67.0,42.0,181.0,139.0,278.0,True,True,756.0,0.13017850078885715,0.10875454979629261,0.1,0.15333518082517034,0.12035477317035025,0.15,0.13206702648964092,0.10421726303774775,0.11666666666666667,0.11780057617810112,0.08902465536415231,0.07539682539682539,,,,,,,,,,,,,,
T06_1994_TIGHTENING_CYCLE_START,T06_1994,1994,TIGHTENING_CYCLE_START,1994-02-04,WTI,price,1994-02-02,16.06,1994-02-07,252,-0.04669987546699861,-0.08405977584059765,-0.11643835616438347,0.10709838107098402,0.09090909090909105,0.25404732254047335,-0.13511830635118294,0.290161892901619,8.0,68.0,0.19884169884169878,68.0,182.0,114.0,15.0,261.0,197.0,443.0,True,True,756.0,0.3380405170620439,0.29343593379709165,0.2,0.4017212345726832,0.2590689982482137,0.13333333333333333,0.3606785216949154,0.24271258627094455,0.11666666666666667,0.30172666668175513,0.20667766160989648,0.08333333333333333,,,,,,,,,,,,,,
T06_1994_TIGHTENING_CYCLE_START,T06_1994,1994,TIGHTENING_CYCLE_START,1994-02-04,DGS2,rate,1994-02-03,4.28,1994-02-04,252,,,,,,,,,,,,,,,,,,,,,,,,,,,,,,,,,,12.99999999999999,346.0,2.0,222.0,13.999999999999968,16.999999999999993,59.999999999999964,158.0,192.99999999999997,289.99999999999994,82.08339789827345,113.12024500728626,118.35273798368709,112.20619891831825
T06_1994_TIGHTENING_CYCLE_START,T06_1994,1994,TIGHTENING_CYCLE_START,1994-02-04,DGS10,rate,1994-02-03,5.81,1994-02-04,252,,,,,,,,,,,,,,,,,,,,,,,,,,,,,,,,,,7.000000000000028,224.0000000000001,6.0,190.0,13.000000000000078,10.000000000000053,57.00000000000003,132.00000000000003,148.00000000000006,172.00000000000006,99.23990071910018,137.8588814202432,131.8673129903469,113.771561154315
T06_1994_LAST_HIKE,T06_1994,1994,LAST_HIKE,1995-02-01,SP500,price,1995-01-31,470.4200134277344,1995-02-01,252,-4.2556716718156196e-05,0.022086611611509266,0.03237528173552007,0.0916839699292682,0.18326174268587248,0.33954765194288594,-4.2556716718156196e-05,0.33954765194288594,1.0,252.0,0.037333754574642275,220.0,238.0,18.0,7.0,13.0,245.0,251.0,True,True,756.0,0.07512597337911348,0.042157640797420626,0.0,0.06750169153080231,0.03365139565592649,0.0,0.0837291559189395,0.047031448850265244,0.016666666666666666,0.08426300081086634,0.05176959908354795,0.01984126984126984,,,,,,,,,,,,,,
T06_1994_LAST_HIKE,T06_1994,1994,LAST_HIKE,1995-02-01,NASDAQ,price,1995-01-31,755.2,1995-02-01,252,0.0041181144067794495,0.03147510593220337,0.04855667372881345,0.11354608050847448,0.29577595338983054,0.3920815677966101,0.0,0.4165651483050845,0.0,213.0,0.07863031665729814,156.0,175.0,19.0,5.0,38.0,180.0,213.0,True,True,756.0,0.0897435217956994,0.04474176572217969,0.0,0.08041131724861068,0.046537554526760755,0.0,0.11542432737442772,0.07748012976443787,0.025,0.1426798823769405,0.09922851279285473,0.05952380952380952,,,,,,,,,,,,,,
T06_1994_LAST_HIKE,T06_1994,1994,LAST_HIKE,1995-02-01,WTI,price,1995-01-31,18.48,1995-02-01,252,0.0,-0.0027056277056277667,0.008116883116882967,0.0984848484848484,-0.03354978354978355,0.14610389610389607,-0.08766233766233766,0.19805194805194803,154.0,241.0,0.17876278616658559,57.0,154.0,97.0,39.0,85.0,193.0,239.0,True,True,756.0,0.14972910771372086,0.09249900989004911,0.0,0.20692319926503727,0.13259607119835853,0.0,0.20138802118151475,0.147102958741761,0.0,0.2884496748369004,0.21407650149912205,0.01984126984126984,,,,,,,,,,,,,,
T06_1994_LAST_HIKE,T06_1994,1994,LAST_HIKE,1995-02-01,DGS2,rate,1995-01-31,7.26,1995-02-01,252,,,,,,,,,,,,,,,,,,,,,,,,,,,,,,,,,,-233.0,14.000000000000057,251.0,2.0,7.000000000000028,-6.99999999999994,-45.000000000000014,-71.0,-129.0,-233.0,143.36868189171756,105.11654548924848,129.99812215838304,102.72019395918188
T06_1994_LAST_HIKE,T06_1994,1994,LAST_HIKE,1995-02-01,DGS10,rate,1995-01-31,7.6,1995-02-01,252,,,,,,,,,,,,,,,,,,,,,,,,,,,,,,,,,,-206.99999999999994,8.000000000000007,242.0,2.0,6.00000000000005,-8.000000000000007,-36.99999999999992,-55.99999999999996,-113.99999999999997,-196.99999999999997,99.77305827674493,84.14563646198911,105.85817370981086,90.17351578045067
T06_1994_TIGHTENING_CYCLE_END,T06_1994,1994,TIGHTENING_CYCLE_END,1995-02-01,SP500,price,1995-01-31,470.4200134277344,1995-02-01,252,-4.2556716718156196e-05,0.022086611611509266,0.03237528173552007,0.0916839699292682,0.18326174268587248,0.33954765194288594,-4.2556716718156196e-05,0.33954765194288594,1.0,252.0,0.037333754574642275,220.0,238.0,18.0,7.0,13.0,245.0,251.0,True,True,756.0,0.07512597337911348,0.042157640797420626,0.0,0.06750169153080231,0.03365139565592649,0.0,0.0837291559189395,0.047031448850265244,0.016666666666666666,0.08426300081086634,0.05176959908354795,0.01984126984126984,,,,,,,,,,,,,,
T06_1994_TIGHTENING_CYCLE_END,T06_1994,1994,TIGHTENING_CYCLE_END,1995-02-01,NASDAQ,price,1995-01-31,755.2,1995-02-01,252,0.0041181144067794495,0.03147510593220337,0.04855667372881345,0.11354608050847448,0.29577595338983054,0.3920815677966101,0.0,0.4165651483050845,0.0,213.0,0.07863031665729814,156.0,175.0,19.0,5.0,38.0,180.0,213.0,True,True,756.0,0.0897435217956994,0.04474176572217969,0.0,0.08041131724861068,0.046537554526760755,0.0,0.11542432737442772,0.07748012976443787,0.025,0.1426798823769405,0.09922851279285473,0.05952380952380952,,,,,,,,,,,,,,
T06_1994_TIGHTENING_CYCLE_END,T06_1994,1994,TIGHTENING_CYCLE_END,1995-02-01,WTI,price,1995-01-31,18.48,1995-02-01,252,0.0,-0.0027056277056277667,0.008116883116882967,0.0984848484848484,-0.03354978354978355,0.14610389610389607,-0.08766233766233766,0.19805194805194803,154.0,241.0,0.17876278616658559,57.0,154.0,97.0,39.0,85.0,193.0,239.0,True,True,756.0,0.14972910771372086,0.09249900989004911,0.0,0.20692319926503727,0.13259607119835853,0.0,0.20138802118151475,0.147102958741761,0.0,0.2884496748369004,0.21407650149912205,0.01984126984126984,,,,,,,,,,,,,,
T06_1994_TIGHTENING_CYCLE_END,T06_1994,1994,TIGHTENING_CYCLE_END,1995-02-01,DGS2,rate,1995-01-31,7.26,1995-02-01,252,,,,,,,,,,,,,,,,,,,,,,,,,,,,,,,,,,-233.0,14.000000000000057,251.0,2.0,7.000000000000028,-6.99999999999994,-45.000000000000014,-71.0,-129.0,-233.0,143.36868189171756,105.11654548924848,129.99812215838304,102.72019395918188
T06_1994_TIGHTENING_CYCLE_END,T06_1994,1994,TIGHTENING_CYCLE_END,1995-02-01,DGS10,rate,1995-01-31,7.6,1995-02-01,252,,,,,,,,,,,,,,,,,,,,,,,,,,,,,,,,,,-206.99999999999994,8.000000000000007,242.0,2.0,6.00000000000005,-8.000000000000007,-36.99999999999992,-55.99999999999996,-113.99999999999997,-196.99999999999997,99.77305827674493,84.14563646198911,105.85817370981086,90.17351578045067
T06_1994_PAUSE_START,T06_1994,1994,PAUSE_START,1995-03-28,SP500,price,1995-03-27,503.20001220703125,1995-03-28,252,0.001391060557377699,-0.0026828419530328107,0.017686731246032927,0.08104127041423981,0.15928052749317145,0.29181232563225423,-0.004948371803553675,0.3144872737699602,4.0,223.0,0.04225566814001813,223.0,241.0,18.0,6.0,45.0,247.0,286.0,True,True,756.0,0.057327503877930217,0.028822854445782916,0.0,0.08162482259122264,0.044185318496551246,0.016666666666666666,0.079692043434535,0.04484904241451467,0.025,0.09637231999316541,0.06367307776057163,0.04365079365079365,,,,,,,,,,,,,,
T06_1994_PAUSE_START,T06_1994,1994,PAUSE_START,1995-03-28,NASDAQ,price,1995-03-27,822.63,1995-03-28,252,0.004266802815360515,-0.0055675090867097765,0.010515055371187465,0.1295357572663287,0.2777311792664987,0.32148110329066526,-0.010831114838992018,0.3588004327583483,6.0,231.0,0.07863031665729814,118.0,137.0,19.0,5.0,38.0,142.0,175.0,True,True,756.0,0.08372600193512529,0.059954792730290606,0.0,0.0916011299941515,0.054353528032130685,0.016666666666666666,0.12658633598315977,0.08467671505578374,0.03333333333333333,0.15015913440143813,0.10537161325904103,0.06746031746031746,,,,,,,,,,,,,,
T06_1994_PAUSE_START,T06_1994,1994,PAUSE_START,1995-03-28,WTI,price,1995-03-27,19.08,1995-03-28,252,-0.006813417190775661,-0.0015723270440249904,0.05765199161425594,-0.08909853249475885,-0.11635220125786161,0.10377358490566047,-0.11635220125786161,0.31813417190775684,120.0,236.0,0.17876278616658559,23.0,120.0,97.0,39.0,85.0,159.0,205.0,True,True,756.0,0.23355580457083921,0.14417834007983826,0.05,0.2259961364173304,0.17580358829647694,0.016666666666666666,0.278586379907037,0.23296284011714224,0.041666666666666664,0.3439727772607478,0.25641864619515403,0.06349206349206349,,,,,,,,,,,,,,
T06_1994_PAUSE_START,T06_1994,1994,PAUSE_START,1995-03-28,DGS2,rate,1995-03-27,6.62,1995-03-28,252,,,,,,,,,,,,,,,,,,,,,,,,,,,,,,,,,,-182.00000000000003,17.99999999999997,222.0,4.0,11.000000000000032,12.99999999999999,-13.999999999999968,-94.00000000000004,-91.00000000000001,-81.00000000000006,78.12621367478332,135.43857197881624,121.59520598135045,109.73032862395111
T06_1994_PAUSE_START,T06_1994,1994,PAUSE_START,1995-03-28,DGS10,rate,1995-03-27,7.05,1995-03-28,252,,,,,,,,,,,,,,,,,,,,,,,,,,,,,,,,,,-151.99999999999994,15.000000000000036,204.0,4.0,11.000000000000032,8.999999999999986,-4.0000000000000036,-92.0,-93.99999999999994,-71.0,55.3754648311251,102.73177185833292,100.88700726701205,98.28187367580608
T06_1994_FIRST_CUT,T06_1994,1994,FIRST_CUT,1995-07-06,SP500,price,1995-07-05,547.260009765625,1995-07-06,252,0.012297592275438252,0.02490590329932907,0.021086828603255725,0.0705514465931798,0.11820707029024646,0.2308774135352032,0.0,0.23983115458447335,0.0,226.0,0.04576312491135859,154.0,195.0,41.0,7.0,22.0,202.0,217.0,True,True,756.0,0.09989566460460499,0.061690246470329786,0.05,0.07322334381075284,0.04193325206832335,0.016666666666666666,0.08056996424617559,0.05140773923473199,0.03333333333333333,0.10027039524216261,0.06886402157156617,0.051587301587301584,,,,,,,,,,,,,,
T06_1994_FIRST_CUT,T06_1994,1994,FIRST_CUT,1995-07-06,NASDAQ,price,1995-07-05,941.82,1995-07-06,252,0.011796309273534034,0.04970164150262257,0.044520184323968426,0.11173047928478885,0.111560595442866,0.2647321144167676,0.0,0.32631500711388584,0.0,233.0,0.07863031665729814,49.0,68.0,19.0,5.0,38.0,73.0,106.0,True,True,756.0,0.21563702425190057,0.15470400875763862,0.15,0.1593184242020488,0.10800157384107577,0.11666666666666667,0.16882925455249956,0.11811179426145663,0.13333333333333333,0.1559666401027908,0.11038203516374842,0.12698412698412698,,,,,,,,,,,,,,
T06_1994_FIRST_CUT,T06_1994,1994,FIRST_CUT,1995-07-06,WTI,price,1995-07-05,17.21,1995-07-06,252,0.012202208018593952,0.01626961069145838,0.02556653108657736,0.004648460197559379,0.09645554909936083,0.3062173155142358,-0.020337013364323142,0.46135967460778593,58.0,174.0,0.21550695825049693,174.0,211.0,37.0,40.0,65.0,251.0,276.0,True,True,756.0,0.16737075769826265,0.10493568406283738,0.0,0.32994100880624844,0.27832964104701996,0.06666666666666667,0.27484929638729194,0.22514994576320382,0.058333333333333334,0.37197241282278354,0.2647091946775149,0.07936507936507936,,,,,,,,,,,,,,
T06_1994_FIRST_CUT,T06_1994,1994,FIRST_CUT,1995-07-06,DGS2,rate,1995-07-05,5.78,1995-07-06,252,,,,,,,,,,,,,,,,,,,,,,,,,,,,,,,,,,-98.00000000000004,62.000000000000014,153.0,234.0,-22.000000000000064,-19.00000000000004,8.000000000000007,13.999999999999968,-51.00000000000007,41.99999999999999,113.47190702641137,94.36251769512465,79.56340423912016,100.40420301991217
T06_1994_FIRST_CUT,T06_1994,1994,FIRST_CUT,1995-07-06,DGS10,rate,1995-07-05,6.19,1995-07-06,252,,,,,,,,,,,,,,,,,,,,,,,,,,,,,,,,,,-66.00000000000001,83.99999999999999,135.0,237.0,-14.000000000000057,-9.000000000000075,25.0,8.999999999999986,-50.0,58.999999999999986,111.16630500480393,91.25414316110701,79.29468493425988,97.34882037644454
T07_1999_FIRST_HIKE,T07_1999,1999,FIRST_HIKE,1999-06-30,SP500,price,1999-06-29,1351.449951171875,1999-06-30,252,0.0157312594130401,0.0328610276253134,0.010322301044216387,-0.052565703177233525,0.05148550123122608,0.07332872191849793,-0.07698392152959266,0.13023790456539097,76.0,187.0,0.12078686729338572,12.0,76.0,64.0,9.0,22.0,85.0,98.0,True,True,756.0,0.13901907408064998,0.10088851361414289,0.0,0.1726118506469519,0.12665725113815557,0.016666666666666666,0.17350875335294705,0.1163559154027165,0.016666666666666666,0.21231179082418247,0.14791663079502348,0.03571428571428571,,,,,,,,,,,,,,
T07_1999_FIRST_HIKE,T07_1999,1999,FIRST_HIKE,1999-06-30,NASDAQ,price,1999-06-29,2642.11,1999-06-30,252,0.016657141451339896,0.038200529122557336,0.024120873090068162,0.04077044483386372,0.42047832981972744,0.4605599312670554,-0.05752977733705256,0.9108288451275683,29.0,177.0,0.3731851476244993,177.0,228.0,51.0,35.0,,263.0,,True,False,756.0,0.24936149853702538,0.19370342501384394,0.05,0.26108684427315093,0.18217828564160882,0.03333333333333333,0.24384979871654278,0.15509857600653357,0.016666666666666666,0.3955981796631449,0.2844786107023294,0.09523809523809523,,,,,,,,,,,,,,
T07_1999_FIRST_HIKE,T07_1999,1999,FIRST_HIKE,1999-06-30,WTI,price,1999-06-23,18.42,1999-06-30,252,0.049402823018458,0.06080347448425605,0.12160694896851232,0.44788273615635177,0.7334419109663408,0.8626492942453854,0.0,1.0206297502714436,0.0,237.0,0.2946902654867256,115.0,134.0,19.0,21.0,49.0,155.0,183.0,True,True,756.0,0.4397690250658125,0.2620409341879901,0.05,0.5898487192973179,0.42920130905186976,0.05,0.5207906172413437,0.3827639512544462,0.041666666666666664,0.5068217669103163,0.3783314857057031,0.03968253968253968,,,,,,,,,,,,,,
T07_1999_FIRST_HIKE,T07_1999,1999,FIRST_HIKE,1999-06-30,DGS2,rate,1999-06-29,5.68,1999-06-30,252,,,,,,,,,,,,,,,,,,,,,,,,,,,,,,,,,,-25.0,125.0,14.0,223.0,-14.999999999999947,-4.0000000000000036,-13.999999999999968,-4.999999999999982,53.00000000000003,69.00000000000004,86.8108651943376,86.32172772811096,79.08643819190725,79.51854628441886
T07_1999_FIRST_HIKE,T07_1999,1999,FIRST_HIKE,1999-06-30,DGS10,rate,1999-06-29,5.93,1999-06-30,252,,,,,,,,,,,,,,,,,,,,,,,,,,,,,,,,,,-27.999999999999936,86.00000000000003,14.0,140.0,-12.00000000000001,-0.9999999999999787,-12.00000000000001,-5.999999999999961,45.000000000000014,11.000000000000032,89.8588366623772,97.27479858975798,89.25722906956317,91.85860865517037
T07_1999_TIGHTENING_CYCLE_START,T07_1999,1999,TIGHTENING_CYCLE_START,1999-06-30,SP500,price,1999-06-29,1351.449951171875,1999-06-30,252,0.0157312594130401,0.0328610276253134,0.010322301044216387,-0.052565703177233525,0.05148550123122608,0.07332872191849793,-0.07698392152959266,0.13023790456539097,76.0,187.0,0.12078686729338572,12.0,76.0,64.0,9.0,22.0,85.0,98.0,True,True,756.0,0.13901907408064998,0.10088851361414289,0.0,0.1726118506469519,0.12665725113815557,0.016666666666666666,0.17350875335294705,0.1163559154027165,0.016666666666666666,0.21231179082418247,0.14791663079502348,0.03571428571428571,,,,,,,,,,,,,,
T07_1999_TIGHTENING_CYCLE_START,T07_1999,1999,TIGHTENING_CYCLE_START,1999-06-30,NASDAQ,price,1999-06-29,2642.11,1999-06-30,252,0.016657141451339896,0.038200529122557336,0.024120873090068162,0.04077044483386372,0.42047832981972744,0.4605599312670554,-0.05752977733705256,0.9108288451275683,29.0,177.0,0.3731851476244993,177.0,228.0,51.0,35.0,,263.0,,True,False,756.0,0.24936149853702538,0.19370342501384394,0.05,0.26108684427315093,0.18217828564160882,0.03333333333333333,0.24384979871654278,0.15509857600653357,0.016666666666666666,0.3955981796631449,0.2844786107023294,0.09523809523809523,,,,,,,,,,,,,,
T07_1999_TIGHTENING_CYCLE_START,T07_1999,1999,TIGHTENING_CYCLE_START,1999-06-30,WTI,price,1999-06-23,18.42,1999-06-30,252,0.049402823018458,0.06080347448425605,0.12160694896851232,0.44788273615635177,0.7334419109663408,0.8626492942453854,0.0,1.0206297502714436,0.0,237.0,0.2946902654867256,115.0,134.0,19.0,21.0,49.0,155.0,183.0,True,True,756.0,0.4397690250658125,0.2620409341879901,0.05,0.5898487192973179,0.42920130905186976,0.05,0.5207906172413437,0.3827639512544462,0.041666666666666664,0.5068217669103163,0.3783314857057031,0.03968253968253968,,,,,,,,,,,,,,
T07_1999_TIGHTENING_CYCLE_START,T07_1999,1999,TIGHTENING_CYCLE_START,1999-06-30,DGS2,rate,1999-06-29,5.68,1999-06-30,252,,,,,,,,,,,,,,,,,,,,,,,,,,,,,,,,,,-25.0,125.0,14.0,223.0,-14.999999999999947,-4.0000000000000036,-13.999999999999968,-4.999999999999982,53.00000000000003,69.00000000000004,86.8108651943376,86.32172772811096,79.08643819190725,79.51854628441886
T07_1999_TIGHTENING_CYCLE_START,T07_1999,1999,TIGHTENING_CYCLE_START,1999-06-30,DGS10,rate,1999-06-29,5.93,1999-06-30,252,,,,,,,,,,,,,,,,,,,,,,,,,,,,,,,,,,-27.999999999999936,86.00000000000003,14.0,140.0,-12.00000000000001,-0.9999999999999787,-12.00000000000001,-5.999999999999961,45.000000000000014,11.000000000000032,89.8588366623772,97.27479858975798,89.25722906956317,91.85860865517037
T07_1999_LAST_HIKE,T07_1999,1999,LAST_HIKE,2000-05-16,SP500,price,2000-05-15,1452.3599853515625,2000-05-16,252,0.009419189353131463,-0.03555593321853834,0.011760139515653911,0.014121849935613717,-0.016552396998655072,-0.13971745709875993,-0.24037427970521774,0.0471026707356772,224.0,77.0,0.2745451410594898,77.0,224.0,147.0,32.0,,256.0,,True,False,756.0,0.22890262564473426,0.1339381451222668,0.05,0.17793439350174547,0.11980510177157691,0.016666666666666666,0.17991210948919276,0.12103168484237792,0.025,0.21583392913775987,0.153002442238704,0.05555555555555555,,,,,,,,,,,,,,
T07_1999_LAST_HIKE,T07_1999,1999,LAST_HIKE,2000-05-16,NASDAQ,price,2000-05-15,3607.65,2000-05-16,252,0.030468587584715934,-0.06747882970909047,0.06747051404653992,0.0681468546006403,-0.04951422671268002,-0.42190068327027297,-0.5457430737460673,0.18489044114589825,224.0,43.0,0.6166253769296811,43.0,224.0,181.0,,,,,False,False,756.0,0.5645154579544128,0.3309411870691069,0.1,0.4296258618543999,0.28327924964073165,0.05,0.41559819847632395,0.27688871577810836,0.03333333333333333,0.5011307742352332,0.35059341905490715,0.0992063492063492,,,,,,,,,,,,,,
T07_1999_LAST_HIKE,T07_1999,1999,LAST_HIKE,2000-05-16,WTI,price,2000-05-15,29.95,2000-05-16,252,-0.0063439065108513715,-0.04440734557595982,0.09282136894824711,0.043071786310517446,0.12220367278798006,-0.14023372287145242,-0.15726210350584313,0.2427378964941569,211.0,80.0,0.3218699623858141,80.0,211.0,131.0,378.0,411.0,589.0,622.0,True,True,756.0,0.4334914487145556,0.26542849666817037,0.05,0.4843123744446433,0.3706792700480838,0.06666666666666667,0.4715242528520016,0.35862002184386477,0.06666666666666667,0.45804867712001585,0.3544268279903796,0.06349206349206349,,,,,,,,,,,,,,
T07_1999_LAST_HIKE,T07_1999,1999,LAST_HIKE,2000-05-16,DGS2,rate,2000-05-15,6.88,2000-05-16,252,,,,,,,,,,,,,,,,,,,,,,,,,,,,,,,,,,-280.99999999999994,4.999999999999982,225.0,3.0,0.9999999999999787,-7.000000000000028,-38.99999999999997,-70.00000000000001,-93.99999999999994,-263.0,67.83548209881721,72.43231791104087,66.24606536595648,93.93366736448564
T07_1999_LAST_HIKE,T07_1999,1999,LAST_HIKE,2000-05-16,DGS10,rate,2000-05-15,6.47,2000-05-16,252,,,,,,,,,,,,,,,,,,,,,,,,,,,,,,,,,,-173.99999999999994,8.999999999999986,214.0,3.0,-4.0000000000000036,-2.999999999999936,-35.99999999999994,-66.00000000000001,-63.99999999999997,-98.99999999999993,78.54948155545996,80.61130845512594,69.57484332378625,90.07944700600892
T07_1999_TIGHTENING_CYCLE_END,T07_1999,1999,TIGHTENING_CYCLE_END,2000-05-16,SP500,price,2000-05-15,1452.3599853515625,2000-05-16,252,0.009419189353131463,-0.03555593321853834,0.011760139515653911,0.014121849935613717,-0.016552396998655072,-0.13971745709875993,-0.24037427970521774,0.0471026707356772,224.0,77.0,0.2745451410594898,77.0,224.0,147.0,32.0,,256.0,,True,False,756.0,0.22890262564473426,0.1339381451222668,0.05,0.17793439350174547,0.11980510177157691,0.016666666666666666,0.17991210948919276,0.12103168484237792,0.025,0.21583392913775987,0.153002442238704,0.05555555555555555,,,,,,,,,,,,,,
T07_1999_TIGHTENING_CYCLE_END,T07_1999,1999,TIGHTENING_CYCLE_END,2000-05-16,NASDAQ,price,2000-05-15,3607.65,2000-05-16,252,0.030468587584715934,-0.06747882970909047,0.06747051404653992,0.0681468546006403,-0.04951422671268002,-0.42190068327027297,-0.5457430737460673,0.18489044114589825,224.0,43.0,0.6166253769296811,43.0,224.0,181.0,,,,,False,False,756.0,0.5645154579544128,0.3309411870691069,0.1,0.4296258618543999,0.28327924964073165,0.05,0.41559819847632395,0.27688871577810836,0.03333333333333333,0.5011307742352332,0.35059341905490715,0.0992063492063492,,,,,,,,,,,,,,
T07_1999_TIGHTENING_CYCLE_END,T07_1999,1999,TIGHTENING_CYCLE_END,2000-05-16,WTI,price,2000-05-15,29.95,2000-05-16,252,-0.0063439065108513715,-0.04440734557595982,0.09282136894824711,0.043071786310517446,0.12220367278798006,-0.14023372287145242,-0.15726210350584313,0.2427378964941569,211.0,80.0,0.3218699623858141,80.0,211.0,131.0,378.0,411.0,589.0,622.0,True,True,756.0,0.4334914487145556,0.26542849666817037,0.05,0.4843123744446433,0.3706792700480838,0.06666666666666667,0.4715242528520016,0.35862002184386477,0.06666666666666667,0.45804867712001585,0.3544268279903796,0.06349206349206349,,,,,,,,,,,,,,
T07_1999_TIGHTENING_CYCLE_END,T07_1999,1999,TIGHTENING_CYCLE_END,2000-05-16,DGS2,rate,2000-05-15,6.88,2000-05-16,252,,,,,,,,,,,,,,,,,,,,,,,,,,,,,,,,,,-280.99999999999994,4.999999999999982,225.0,3.0,0.9999999999999787,-7.000000000000028,-38.99999999999997,-70.00000000000001,-93.99999999999994,-263.0,67.83548209881721,72.43231791104087,66.24606536595648,93.93366736448564
T07_1999_TIGHTENING_CYCLE_END,T07_1999,1999,TIGHTENING_CYCLE_END,2000-05-16,DGS10,rate,2000-05-15,6.47,2000-05-16,252,,,,,,,,,,,,,,,,,,,,,,,,,,,,,,,,,,-173.99999999999994,8.999999999999986,214.0,3.0,-4.0000000000000036,-2.999999999999936,-35.99999999999994,-66.00000000000001,-63.99999999999997,-98.99999999999993,78.54948155545996,80.61130845512594,69.57484332378625,90.07944700600892
T07_1999_PAUSE_START,T07_1999,1999,PAUSE_START,2000-06-28,SP500,price,2000-06-27,1450.550048828125,2000-06-28,252,0.002943640217300425,-0.002978227716351589,0.0012891627687705576,-0.0010340904825806296,-0.09541209869033718,-0.1650960632020484,-0.23942645006196295,0.048409202260793815,194.0,47.0,0.2745451410594898,47.0,194.0,147.0,32.0,,226.0,,True,False,756.0,0.1518781223825593,0.11065378299465604,0.0,0.13133345021926424,0.09625927569637038,0.0,0.18807367596002816,0.13403261092193347,0.03333333333333333,0.21180963637432842,0.15181900664888556,0.051587301587301584,,,,,,,,,,,,,,
T07_1999_PAUSE_START,T07_1999,1999,PAUSE_START,2000-06-28,NASDAQ,price,2000-06-27,3858.96,2000-06-28,252,0.021088583452536502,0.0010728279121836604,0.03336650289197074,-0.00779743765159524,-0.3124391027634389,-0.4623577336899062,-0.5753259945684848,0.10772591579078306,194.0,13.0,0.6166253769296811,13.0,194.0,181.0,,,,,False,False,756.0,0.3476126242216468,0.23159143190189543,0.0,0.32195978545732845,0.2388920942304238,0.016666666666666666,0.4516928657843322,0.32066341100785384,0.075,0.4872108133269875,0.3461602535744254,0.09523809523809523,,,,,,,,,,,,,,
T07_1999_PAUSE_START,T07_1999,1999,PAUSE_START,2000-06-28,WTI,price,2000-06-27,32.01,2000-06-28,252,-0.004686035613870598,-0.05467041549515761,-0.06466729147141503,-0.0009372071227740086,-0.0496719775070289,-0.12214932833489522,-0.22992814745392065,0.16276163698844104,235.0,51.0,0.3377216550241806,51.0,235.0,184.0,325.0,358.0,560.0,593.0,True,True,756.0,0.5199145834376807,0.4242908852493645,0.1,0.5010490078658185,0.3857661034323136,0.06666666666666667,0.5036426525559151,0.4007882241803717,0.075,0.4404692838360068,0.33924487943814075,0.051587301587301584,,,,,,,,,,,,,,
T07_1999_PAUSE_START,T07_1999,1999,PAUSE_START,2000-06-28,DGS2,rate,2000-06-27,6.5,2000-06-28,252,,,,,,,,,,,,,,,,,,,,,,,,,,,,,,,,,,-257.0,-4.0000000000000036,248.0,13.0,-7.000000000000028,-20.999999999999996,-20.999999999999996,-38.99999999999997,-117.0,-228.00000000000003,86.10134787134949,68.28353152822494,66.12701681567954,95.27715912952503
T07_1999_PAUSE_START,T07_1999,1999,PAUSE_START,2000-06-28,DGS10,rate,2000-06-27,6.1,2000-06-28,252,,,,,,,,,,,,,,,,,,,,,,,,,,,,,,,,,,-136.99999999999991,7.000000000000028,184.0,13.0,1.0000000000000675,-10.999999999999943,-5.999999999999961,-21.999999999999975,-92.99999999999997,-75.0,86.35130206558021,71.23120626356615,65.9987967804761,89.73646675758671
T07_1999_FIRST_CUT,T07_1999,1999,FIRST_CUT,2001-01-03,GOLD,price,2001-01-02,268.3999938964844,2001-01-03,252,-0.0014902902592414113,-0.003353181508757741,-0.010432145516548141,-0.035767534731085404,0.019746715465988274,0.05588673748549011,-0.04955286175639129,0.09277196148554201,31.0,182.0,0.07933190075564456,95.0,144.0,49.0,11.0,30.0,155.0,174.0,True,True,756.0,0.0735947862135878,0.05320559941651754,,0.12452225460732319,0.08909672755819667,,0.15232471482526047,0.09597845533936568,,0.1468799859848322,0.08836606117323581,,,,,,,,,,,,,,,
T07_1999_FIRST_CUT,T07_1999,1999,FIRST_CUT,2001-01-03,SP500,price,2001-01-02,1283.27001953125,2001-01-03,252,0.05009860597069338,0.013660437032011696,0.06447590060944308,-0.10544941150328158,-0.05039472828090774,-0.09550605619113461,-0.2473914506739946,0.07049175899125504,178.0,19.0,0.29695063693418533,19.0,178.0,159.0,52.0,,230.0,,True,False,756.0,0.22591218765924012,0.10877260464862475,0.05,0.24044890619695397,0.18561878956513414,0.1,0.23008472029240262,0.16117579410944935,0.058333333333333334,0.21256814845516256,0.15371073923983933,0.047619047619047616,,,,,,,,,,,,,,
T07_1999_FIRST_CUT,T07_1999,1999,FIRST_CUT,2001-01-03,NASDAQ,price,2001-01-02,2291.86,2001-01-03,252,0.14173204296946573,0.06520468091419196,0.209816480936881,-0.20563646994144502,-0.10515040185700708,-0.10302549021318941,-0.3790240241550531,0.24752384526105442,178.0,15.0,0.5022331811902139,15.0,178.0,163.0,589.0,,767.0,,True,False,756.0,0.6174370194448944,0.28605380657558266,0.05,0.5387384055599712,0.38992472930129213,0.06666666666666667,0.5043780164147226,0.3442273752380658,0.041666666666666664,0.42500275331965065,0.29503301352607175,0.023809523809523808,,,,,,,,,,,,,,
T07_1999_FIRST_CUT,T07_1999,1999,FIRST_CUT,2001-01-03,WTI,price,2001-01-02,27.29,2001-01-03,252,0.023451813851227632,0.015756687431293548,0.14584096738732133,-0.023451813851227632,0.012458776108464686,-0.2235251007695126,-0.35873946500549647,0.1802858189813119,203.0,13.0,0.45669046879850983,13.0,203.0,190.0,66.0,250.0,269.0,453.0,True,True,756.0,0.5037999042818956,0.31753883718049924,0.05,0.3796071429202597,0.2657289379288363,0.016666666666666666,0.38555321527449654,0.2695290411507996,0.016666666666666666,0.522463221400408,0.41210491893602846,0.031746031746031744,,,,,,,,,,,,,,
T07_1999_FIRST_CUT,T07_1999,1999,FIRST_CUT,2001-01-03,DGS2,rate,2001-01-02,4.87,2001-01-03,252,,,,,,,,,,,,,,,,,,,,,,,,,,,,,,,,,,-255.00000000000003,4.999999999999982,212.0,1.0,4.999999999999982,-23.000000000000043,-25.0,-60.00000000000006,-91.00000000000001,-180.00000000000003,137.70620901034212,115.62358565328297,110.40452356461411,129.95555476831086
T07_1999_FIRST_CUT,T07_1999,1999,FIRST_CUT,2001-01-03,DGS10,rate,2001-01-02,4.92,2001-01-03,252,,,,,,,,,,,,,,,,,,,,,,,,,,,,,,,,,,-70.00000000000001,62.000000000000014,212.0,101.0,21.999999999999975,6.00000000000005,27.000000000000046,6.00000000000005,24.00000000000002,17.99999999999997,130.01752918255607,106.57763940123175,104.44339868757515,112.07389423467141
T08_2004_FIRST_HIKE,T08_2004,2004,FIRST_HIKE,2004-06-30,GOLD,price,2004-06-29,392.5,2004-06-30,252,0.00025479262042193973,0.02496812176552554,-0.008917197452229297,0.04687896534136149,0.12713374241142517,0.0789808917197452,-0.014012738853503182,0.16178343949044582,19.0,109.0,0.0951754252115885,109.0,153.0,44.0,9.0,150.0,162.0,303.0,True,True,756.0,0.16022326037853957,0.1074796173528665,0.0,0.13902569484763008,0.08974913687613843,0.016666666666666666,0.1393799246275031,0.09476384007552185,0.025,0.1270682827599301,0.09085882209530928,0.027777777777777776,,,,,,,,,,,,,,
T08_2004_FIRST_HIKE,T08_2004,2004,FIRST_HIKE,2004-06-30,SP500,price,2004-06-29,1136.199951171875,2004-06-30,252,0.004083801133464071,-0.01572786119094305,-0.035891488275899164,-0.024502699363433744,0.05104735301227481,0.057533883054443846,-0.06422282506513388,0.07842819156079606,31.0,173.0,0.07166354179327217,173.0,204.0,31.0,20.0,59.0,224.0,263.0,True,True,756.0,0.0969619578196931,0.08602540318907954,0.05,0.11031788067210865,0.08468571856359823,0.06666666666666667,0.10858124756304556,0.0743584219850322,0.03333333333333333,0.10713431604279669,0.07555301367636869,0.027777777777777776,,,,,,,,,,,,,,
T08_2004_FIRST_HIKE,T08_2004,2004,FIRST_HIKE,2004-06-30,NASDAQ,price,2004-06-29,2037.6,2004-06-30,252,0.008858460934432655,-0.029780133490380778,-0.08274440518256765,-0.07419022379269724,0.04789948959560264,0.01584707499018445,-0.13992442088731838,0.0690714566156263,31.0,128.0,0.14747646729744857,1.0,31.0,30.0,21.0,64.0,52.0,95.0,True,True,756.0,0.24017144994141346,0.2033432594212635,0.2,0.20512166027325365,0.16231561740533113,0.1,0.1767745254808194,0.1297830283070916,0.05,0.15474134908585424,0.11405683151235263,0.023809523809523808,,,,,,,,,,,,,,
T08_2004_FIRST_HIKE,T08_2004,2004,FIRST_HIKE,2004-06-30,WTI,price,2004-06-29,35.6,2004-06-30,252,0.03707865168539337,0.10056179775280905,0.23960674157303363,0.5070224719101122,0.35983146067415706,0.9522471910112358,0.0,0.9522471910112358,0.0,252.0,0.27780734433209153,68.0,98.0,30.0,27.0,58.0,125.0,156.0,True,True,756.0,0.31213629334853193,0.11832645244149574,0.0,0.317466674463977,0.16427458106755705,0.0,0.40332963479273576,0.2731636920280292,0.016666666666666666,0.39625716937327254,0.27498460599297403,0.01984126984126984,,,,,,,,,,,,,,
T08_2004_FIRST_HIKE,T08_2004,2004,FIRST_HIKE,2004-06-30,DGS2,rate,2004-06-29,2.83,2004-06-30,252,,,,,,,,,,,,,,,,,,,,,,,,,,,,,,,,,,-43.000000000000014,106.99999999999999,27.0,185.0,-12.99999999999999,-27.0,-5.000000000000027,-26.00000000000002,21.999999999999975,83.0,96.61235618915966,97.26016133572286,85.1264802929078,76.46479282540864
T08_2004_FIRST_HIKE,T08_2004,2004,FIRST_HIKE,2004-06-30,DGS10,rate,2004-06-29,4.7,2004-06-30,252,,,,,,,,,,,,,,,,,,,,,,,,,,,,,,,,,,-81.0,-6.00000000000005,232.0,185.0,-8.000000000000007,-20.000000000000018,-8.999999999999986,-68.00000000000006,-52.00000000000004,-76.00000000000003,91.18846880009148,86.03302479822608,82.38960528381925,76.80160190892435
T08_2004_FIRST_HIKE,T08_2004,2004,FIRST_HIKE,2004-06-30,DFII10,rate,2004-06-29,2.2,2004-06-30,252,,,,,,,,,,,,,,,,,,,,,,,,,,,,,,,,,,-71.00000000000001,-5.000000000000027,154.0,19.0,-10.000000000000009,-20.000000000000018,-9.00000000000003,-44.000000000000014,-61.00000000000001,-53.00000000000003,81.51183317389211,72.94353516271265,70.39372465346776,65.64260957057587
T08_2004_FIRST_HIKE,T08_2004,2004,FIRST_HIKE,2004-06-30,T5YIE,rate,2004-06-29,2.42,2004-06-30,252,,,,,,,,,,,,,,,,,,,,,,,,,,,,,,,,,,-27.99999999999998,52.0,58.0,182.0,1.000000000000023,2.0000000000000018,-2.0000000000000018,-23.0,29.000000000000004,-10.999999999999988,31.707213192285614,44.141183352925815,44.71063829191654,44.928052266686244
T08_2004_TIGHTENING_CYCLE_START,T08_2004,2004,TIGHTENING_CYCLE_START,2004-06-30,GOLD,price,2004-06-29,392.5,2004-06-30,252,0.00025479262042193973,0.02496812176552554,-0.008917197452229297,0.04687896534136149,0.12713374241142517,0.0789808917197452,-0.014012738853503182,0.16178343949044582,19.0,109.0,0.0951754252115885,109.0,153.0,44.0,9.0,150.0,162.0,303.0,True,True,756.0,0.16022326037853957,0.1074796173528665,0.0,0.13902569484763008,0.08974913687613843,0.016666666666666666,0.1393799246275031,0.09476384007552185,0.025,0.1270682827599301,0.09085882209530928,0.027777777777777776,,,,,,,,,,,,,,
T08_2004_TIGHTENING_CYCLE_START,T08_2004,2004,TIGHTENING_CYCLE_START,2004-06-30,SP500,price,2004-06-29,1136.199951171875,2004-06-30,252,0.004083801133464071,-0.01572786119094305,-0.035891488275899164,-0.024502699363433744,0.05104735301227481,0.057533883054443846,-0.06422282506513388,0.07842819156079606,31.0,173.0,0.07166354179327217,173.0,204.0,31.0,20.0,59.0,224.0,263.0,True,True,756.0,0.0969619578196931,0.08602540318907954,0.05,0.11031788067210865,0.08468571856359823,0.06666666666666667,0.10858124756304556,0.0743584219850322,0.03333333333333333,0.10713431604279669,0.07555301367636869,0.027777777777777776,,,,,,,,,,,,,,
T08_2004_TIGHTENING_CYCLE_START,T08_2004,2004,TIGHTENING_CYCLE_START,2004-06-30,NASDAQ,price,2004-06-29,2037.6,2004-06-30,252,0.008858460934432655,-0.029780133490380778,-0.08274440518256765,-0.07419022379269724,0.04789948959560264,0.01584707499018445,-0.13992442088731838,0.0690714566156263,31.0,128.0,0.14747646729744857,1.0,31.0,30.0,21.0,64.0,52.0,95.0,True,True,756.0,0.24017144994141346,0.2033432594212635,0.2,0.20512166027325365,0.16231561740533113,0.1,0.1767745254808194,0.1297830283070916,0.05,0.15474134908585424,0.11405683151235263,0.023809523809523808,,,,,,,,,,,,,,
T08_2004_TIGHTENING_CYCLE_START,T08_2004,2004,TIGHTENING_CYCLE_START,2004-06-30,WTI,price,2004-06-29,35.6,2004-06-30,252,0.03707865168539337,0.10056179775280905,0.23960674157303363,0.5070224719101122,0.35983146067415706,0.9522471910112358,0.0,0.9522471910112358,0.0,252.0,0.27780734433209153,68.0,98.0,30.0,27.0,58.0,125.0,156.0,True,True,756.0,0.31213629334853193,0.11832645244149574,0.0,0.317466674463977,0.16427458106755705,0.0,0.40332963479273576,0.2731636920280292,0.016666666666666666,0.39625716937327254,0.27498460599297403,0.01984126984126984,,,,,,,,,,,,,,
T08_2004_TIGHTENING_CYCLE_START,T08_2004,2004,TIGHTENING_CYCLE_START,2004-06-30,DGS2,rate,2004-06-29,2.83,2004-06-30,252,,,,,,,,,,,,,,,,,,,,,,,,,,,,,,,,,,-43.000000000000014,106.99999999999999,27.0,185.0,-12.99999999999999,-27.0,-5.000000000000027,-26.00000000000002,21.999999999999975,83.0,96.61235618915966,97.26016133572286,85.1264802929078,76.46479282540864
T08_2004_TIGHTENING_CYCLE_START,T08_2004,2004,TIGHTENING_CYCLE_START,2004-06-30,DGS10,rate,2004-06-29,4.7,2004-06-30,252,,,,,,,,,,,,,,,,,,,,,,,,,,,,,,,,,,-81.0,-6.00000000000005,232.0,185.0,-8.000000000000007,-20.000000000000018,-8.999999999999986,-68.00000000000006,-52.00000000000004,-76.00000000000003,91.18846880009148,86.03302479822608,82.38960528381925,76.80160190892435
T08_2004_TIGHTENING_CYCLE_START,T08_2004,2004,TIGHTENING_CYCLE_START,2004-06-30,DFII10,rate,2004-06-29,2.2,2004-06-30,252,,,,,,,,,,,,,,,,,,,,,,,,,,,,,,,,,,-71.00000000000001,-5.000000000000027,154.0,19.0,-10.000000000000009,-20.000000000000018,-9.00000000000003,-44.000000000000014,-61.00000000000001,-53.00000000000003,81.51183317389211,72.94353516271265,70.39372465346776,65.64260957057587
T08_2004_TIGHTENING_CYCLE_START,T08_2004,2004,TIGHTENING_CYCLE_START,2004-06-30,T5YIE,rate,2004-06-29,2.42,2004-06-30,252,,,,,,,,,,,,,,,,,,,,,,,,,,,,,,,,,,-27.99999999999998,52.0,58.0,182.0,1.000000000000023,2.0000000000000018,-2.0000000000000018,-23.0,29.000000000000004,-10.999999999999988,31.707213192285614,44.141183352925815,44.71063829191654,44.928052266686244
T08_2004_LAST_HIKE,T08_2004,2004,LAST_HIKE,2006-06-29,GOLD,price,2006-06-28,578.2999877929688,2006-06-29,252,0.014179513021132628,0.09424174502924432,0.09770015769086782,0.019194253597438315,0.0748746130156761,0.12069858078218942,-0.028186042083756968,0.19661078092177964,68.0,203.0,0.1569156606913985,10.0,68.0,58.0,20.0,87.0,88.0,155.0,True,True,756.0,0.3122584308022696,0.1859358377413367,0.15,0.24748842648471603,0.17019525884746972,0.11666666666666667,0.21958943104178869,0.15221602938259005,0.08333333333333333,0.18838965357003296,0.13322382584413966,0.05952380952380952,,,,,,,,,,,,,,
T08_2004_LAST_HIKE,T08_2004,2004,LAST_HIKE,2006-06-29,SP500,price,2006-06-28,1246.0,2006-06-29,252,0.021565004106891994,0.02253608030071219,0.013804134166833792,0.0552006655673154,0.1416372234901686,0.2065409113851826,-0.009237568030196597,0.2352969933474618,12.0,233.0,0.05861562496262873,161.0,170.0,9.0,12.0,29.0,182.0,199.0,True,True,756.0,0.15207967053560098,0.08391857389219906,0.1,0.10719234520154768,0.05933381354752868,0.03333333333333333,0.09191613197130762,0.05182942977470827,0.025,0.10241132185408375,0.07065862873805795,0.047619047619047616,,,,,,,,,,,,,,
T08_2004_LAST_HIKE,T08_2004,2004,LAST_HIKE,2006-06-29,NASDAQ,price,2006-06-28,2111.84,2006-06-29,252,0.029613985908023333,0.0204797711947875,-0.027165883779074362,0.05070933404045741,0.15329286309568912,0.23268334722327433,-0.043303469959845464,0.24382528979468154,16.0,244.0,0.07762859347251438,3.0,16.0,13.0,17.0,30.0,33.0,46.0,True,True,756.0,0.21320692229805846,0.1474829678080883,0.2,0.16662319626696112,0.10552037535313114,0.1,0.1438649520298588,0.09112401301502447,0.06666666666666667,0.13706086849171717,0.0948146065127478,0.06746031746031746,,,,,,,,,,,,,,
T08_2004_LAST_HIKE,T08_2004,2004,LAST_HIKE,2006-06-29,WTI,price,2006-06-28,72.15,2006-06-29,252,0.018711018711018657,0.022314622314622223,0.05557865557865549,-0.174913374913375,-0.2198198198198199,0.03465003465003469,-0.2999306999307,0.06791406791406773,128.0,23.0,0.34445165476963013,23.0,128.0,105.0,45.0,130.0,173.0,258.0,True,True,756.0,0.2207378531456117,0.13954858021748787,0.0,0.25171197223489655,0.20687337509180584,0.016666666666666666,0.27931612677724754,0.21878398111967456,0.041666666666666664,0.284367281642699,0.2020658201492097,0.03571428571428571,,,,,,,,,,,,,,
T08_2004_LAST_HIKE,T08_2004,2004,LAST_HIKE,2006-06-29,USD_BROAD,price,2006-06-28,99.392,2006-06-29,252,-0.001772778493238869,-0.010906310367031491,-0.006539761751448769,-0.012439632968448078,-0.026786864133934274,-0.048741347392144196,-0.05428102865421769,0.0,242.0,0.0,0.05428102865421769,0.0,242.0,242.0,352.0,361.0,594.0,603.0,True,True,756.0,0.051106084025894984,0.04234177105579693,0.05,0.04147959214055388,0.03282729542369313,0.03333333333333333,0.03614354835991469,0.028922779606537632,0.025,0.03134693926932111,0.02443935255788142,0.011904761904761904,,,,,,,,,,,,,,
T08_2004_LAST_HIKE,T08_2004,2004,LAST_HIKE,2006-06-29,DGS2,rate,2006-06-28,5.29,2006-06-29,252,,,,,,,,,,,,,,,,,,,,,,,,,,,,,,,,,,-78.00000000000003,-4.999999999999982,182.0,4.0,-8.000000000000007,-7.000000000000028,-21.999999999999975,-62.000000000000014,-58.00000000000001,-33.00000000000001,70.0336761099524,64.29792942866487,70.96262479395098,68.69793573683275
T08_2004_LAST_HIKE,T08_2004,2004,LAST_HIKE,2006-06-29,DGS10,rate,2006-06-28,5.25,2006-06-29,252,,,,,,,,,,,,,,,,,,,,,,,,,,,,,,,,,,-82.00000000000003,0.9999999999999787,108.0,240.0,-3.000000000000025,-5.999999999999961,-17.99999999999997,-65.00000000000003,-65.00000000000003,-12.99999999999999,61.13556979972333,52.632882677875884,57.69315383994875,60.155542080741704
T08_2004_LAST_HIKE,T08_2004,2004,LAST_HIKE,2006-06-29,DFII10,rate,2006-06-28,2.68,2006-06-29,252,,,,,,,,,,,,,,,,,,,,,,,,,,,,,,,,,,-58.00000000000001,14.999999999999991,108.0,240.0,-7.000000000000028,-9.00000000000003,-20.999999999999996,-41.000000000000014,-37.000000000000014,4.999999999999982,64.42596730479016,54.95141151161305,56.54009509137013,56.20888049954342
T08_2004_LAST_HIKE,T08_2004,2004,LAST_HIKE,2006-06-29,T5YIE,rate,2006-06-28,2.59,2006-06-29,252,,,,,,,,,,,,,,,,,,,,,,,,,,,,,,,,,,-48.99999999999998,6.000000000000005,86.0,29.0,1.000000000000023,4.0000000000000036,-2.0000000000000018,-38.99999999999997,-35.999999999999986,-23.0,21.790388996793485,37.180229847668016,37.419089183117734,35.860897702982086
T08_2004_TIGHTENING_CYCLE_END,T08_2004,2004,TIGHTENING_CYCLE_END,2006-06-29,GOLD,price,2006-06-28,578.2999877929688,2006-06-29,252,0.014179513021132628,0.09424174502924432,0.09770015769086782,0.019194253597438315,0.0748746130156761,0.12069858078218942,-0.028186042083756968,0.19661078092177964,68.0,203.0,0.1569156606913985,10.0,68.0,58.0,20.0,87.0,88.0,155.0,True,True,756.0,0.3122584308022696,0.1859358377413367,0.15,0.24748842648471603,0.17019525884746972,0.11666666666666667,0.21958943104178869,0.15221602938259005,0.08333333333333333,0.18838965357003296,0.13322382584413966,0.05952380952380952,,,,,,,,,,,,,,
T08_2004_TIGHTENING_CYCLE_END,T08_2004,2004,TIGHTENING_CYCLE_END,2006-06-29,SP500,price,2006-06-28,1246.0,2006-06-29,252,0.021565004106891994,0.02253608030071219,0.013804134166833792,0.0552006655673154,0.1416372234901686,0.2065409113851826,-0.009237568030196597,0.2352969933474618,12.0,233.0,0.05861562496262873,161.0,170.0,9.0,12.0,29.0,182.0,199.0,True,True,756.0,0.15207967053560098,0.08391857389219906,0.1,0.10719234520154768,0.05933381354752868,0.03333333333333333,0.09191613197130762,0.05182942977470827,0.025,0.10241132185408375,0.07065862873805795,0.047619047619047616,,,,,,,,,,,,,,
T08_2004_TIGHTENING_CYCLE_END,T08_2004,2004,TIGHTENING_CYCLE_END,2006-06-29,NASDAQ,price,2006-06-28,2111.84,2006-06-29,252,0.029613985908023333,0.0204797711947875,-0.027165883779074362,0.05070933404045741,0.15329286309568912,0.23268334722327433,-0.043303469959845464,0.24382528979468154,16.0,244.0,0.07762859347251438,3.0,16.0,13.0,17.0,30.0,33.0,46.0,True,True,756.0,0.21320692229805846,0.1474829678080883,0.2,0.16662319626696112,0.10552037535313114,0.1,0.1438649520298588,0.09112401301502447,0.06666666666666667,0.13706086849171717,0.0948146065127478,0.06746031746031746,,,,,,,,,,,,,,
T08_2004_TIGHTENING_CYCLE_END,T08_2004,2004,TIGHTENING_CYCLE_END,2006-06-29,WTI,price,2006-06-28,72.15,2006-06-29,252,0.018711018711018657,0.022314622314622223,0.05557865557865549,-0.174913374913375,-0.2198198198198199,0.03465003465003469,-0.2999306999307,0.06791406791406773,128.0,23.0,0.34445165476963013,23.0,128.0,105.0,45.0,130.0,173.0,258.0,True,True,756.0,0.2207378531456117,0.13954858021748787,0.0,0.25171197223489655,0.20687337509180584,0.016666666666666666,0.27931612677724754,0.21878398111967456,0.041666666666666664,0.284367281642699,0.2020658201492097,0.03571428571428571,,,,,,,,,,,,,,
T08_2004_TIGHTENING_CYCLE_END,T08_2004,2004,TIGHTENING_CYCLE_END,2006-06-29,USD_BROAD,price,2006-06-28,99.392,2006-06-29,252,-0.001772778493238869,-0.010906310367031491,-0.006539761751448769,-0.012439632968448078,-0.026786864133934274,-0.048741347392144196,-0.05428102865421769,0.0,242.0,0.0,0.05428102865421769,0.0,242.0,242.0,352.0,361.0,594.0,603.0,True,True,756.0,0.051106084025894984,0.04234177105579693,0.05,0.04147959214055388,0.03282729542369313,0.03333333333333333,0.03614354835991469,0.028922779606537632,0.025,0.03134693926932111,0.02443935255788142,0.011904761904761904,,,,,,,,,,,,,,
T08_2004_TIGHTENING_CYCLE_END,T08_2004,2004,TIGHTENING_CYCLE_END,2006-06-29,DGS2,rate,2006-06-28,5.29,2006-06-29,252,,,,,,,,,,,,,,,,,,,,,,,,,,,,,,,,,,-78.00000000000003,-4.999999999999982,182.0,4.0,-8.000000000000007,-7.000000000000028,-21.999999999999975,-62.000000000000014,-58.00000000000001,-33.00000000000001,70.0336761099524,64.29792942866487,70.96262479395098,68.69793573683275
T08_2004_TIGHTENING_CYCLE_END,T08_2004,2004,TIGHTENING_CYCLE_END,2006-06-29,DGS10,rate,2006-06-28,5.25,2006-06-29,252,,,,,,,,,,,,,,,,,,,,,,,,,,,,,,,,,,-82.00000000000003,0.9999999999999787,108.0,240.0,-3.000000000000025,-5.999999999999961,-17.99999999999997,-65.00000000000003,-65.00000000000003,-12.99999999999999,61.13556979972333,52.632882677875884,57.69315383994875,60.155542080741704
T08_2004_TIGHTENING_CYCLE_END,T08_2004,2004,TIGHTENING_CYCLE_END,2006-06-29,DFII10,rate,2006-06-28,2.68,2006-06-29,252,,,,,,,,,,,,,,,,,,,,,,,,,,,,,,,,,,-58.00000000000001,14.999999999999991,108.0,240.0,-7.000000000000028,-9.00000000000003,-20.999999999999996,-41.000000000000014,-37.000000000000014,4.999999999999982,64.42596730479016,54.95141151161305,56.54009509137013,56.20888049954342
T08_2004_TIGHTENING_CYCLE_END,T08_2004,2004,TIGHTENING_CYCLE_END,2006-06-29,T5YIE,rate,2006-06-28,2.59,2006-06-29,252,,,,,,,,,,,,,,,,,,,,,,,,,,,,,,,,,,-48.99999999999998,6.000000000000005,86.0,29.0,1.000000000000023,4.0000000000000036,-2.0000000000000018,-38.99999999999997,-35.999999999999986,-23.0,21.790388996793485,37.180229847668016,37.419089183117734,35.860897702982086
T08_2004_PAUSE_START,T08_2004,2004,PAUSE_START,2006-08-08,GOLD,price,2006-08-07,647.7999877929688,2006-08-08,252,-0.003241703651604033,-0.029793127750315507,-0.036122204105975775,-0.06653284408475768,-0.007255344698359756,0.03519602998241389,-0.13244827016018668,0.06823095560347125,42.0,177.0,0.13604919292851647,2.0,42.0,40.0,20.0,80.0,62.0,122.0,True,True,756.0,0.1770730091448853,0.1363597820808155,0.1,0.21482470246365487,0.1706800455678972,0.11666666666666667,0.19074536733340725,0.14093678414831237,0.06666666666666667,0.16967837699291,0.12478239619891722,0.047619047619047616,,,,,,,,,,,,,,
T08_2004_PAUSE_START,T08_2004,2004,PAUSE_START,2006-08-08,SP500,price,2006-08-07,1275.77001953125,2006-08-08,252,-0.003362705657620202,-0.005925878863753065,0.02937832046133293,0.08008490583008032,0.1199667059224725,0.1737930562003569,-0.00769736567644308,0.2173667136537103,2.0,238.0,0.07727863397698198,238.0,249.0,11.0,3.0,44.0,252.0,293.0,True,True,756.0,0.07220303785747892,0.0321500130931119,0.0,0.0735820534656698,0.03911923153812548,0.0,0.07440887956788589,0.04498695278916635,0.016666666666666666,0.11234583246815899,0.0828966984740273,0.06746031746031746,,,,,,,,,,,,,,
T08_2004_PAUSE_START,T08_2004,2004,PAUSE_START,2006-08-08,NASDAQ,price,2006-08-07,2072.5,2006-08-08,252,-0.005621230398070054,-0.0016694813027744448,0.06427020506634484,0.14195898673100116,0.18149095295536788,0.2607864897466827,-0.007136308805790081,0.31244390832328106,4.0,238.0,0.07675990058969717,238.0,249.0,11.0,21.0,40.0,270.0,289.0,True,True,756.0,0.11709665493678856,0.04850449019935635,0.0,0.12472455236830665,0.06620495595858994,0.016666666666666666,0.12059197650548656,0.07450294737356235,0.025,0.13443299558539976,0.09537899827853313,0.047619047619047616,,,,,,,,,,,,,,
T08_2004_PAUSE_START,T08_2004,2004,PAUSE_START,2006-08-08,WTI,price,2006-08-07,77.05,2006-08-08,252,-0.009863724853990785,-0.04828033744321869,-0.12070084360804667,-0.23504218040233615,-0.22310188189487346,-0.09331602855288768,-0.34445165476963013,0.014925373134328401,105.0,235.0,0.34445165476963013,0.0,105.0,105.0,45.0,130.0,150.0,235.0,True,True,756.0,0.20115456659374495,0.20125806057771223,0.0,0.26239999722748747,0.22974367933321574,0.03333333333333333,0.31349407141641245,0.23819800444381847,0.06666666666666667,0.289387248123753,0.210437686345965,0.04365079365079365,,,,,,,,,,,,,,
T08_2004_PAUSE_START,T08_2004,2004,PAUSE_START,2006-08-08,USD_BROAD,price,2006-08-07,97.5088,2006-08-08,252,0.0014726875933250838,0.004706241898167152,-0.00010973368557509744,0.0005989203025777989,0.0031063862953908394,-0.045023628636594815,-0.0513163940075152,0.014417160297327092,250.0,47.0,0.06479933194897414,47.0,250.0,203.0,316.0,325.0,566.0,575.0,True,True,756.0,0.037141433372123556,0.02463393957718893,0.0,0.032147307232305695,0.021656099374415406,0.0,0.030049108622330404,0.021336029918679247,0.008333333333333333,0.028745130229379617,0.021621920274324146,0.007936507936507936,,,,,,,,,,,,,,
T08_2004_PAUSE_START,T08_2004,2004,PAUSE_START,2006-08-08,DGS2,rate,2006-08-07,4.96,2006-08-08,252,,,,,,,,,,,,,,,,,,,,,,,,,,,,,,,,,,-50.0,13.999999999999968,250.0,215.0,-4.999999999999982,4.999999999999982,-16.000000000000014,-29.999999999999982,2.000000000000046,-40.000000000000036,53.919237851867905,64.33334796990555,67.69429552819668,73.06734327581964
T08_2004_PAUSE_START,T08_2004,2004,PAUSE_START,2006-08-08,DGS10,rate,2006-08-07,4.93,2006-08-08,252,,,,,,,,,,,,,,,,,,,,,,,,,,,,,,,,,,-50.0,33.00000000000001,81.0,213.0,0.0,7.000000000000028,-14.999999999999947,-35.99999999999994,-4.999999999999982,-16.000000000000014,46.030310380055084,53.829108123355766,57.52774266795614,64.29141820012424
T08_2004_PAUSE_START,T08_2004,2004,PAUSE_START,2006-08-08,DFII10,rate,2006-08-07,2.29,2006-08-08,252,,,,,,,,,,,,,,,,,,,,,,,,,,,,,,,,,,-18.999999999999993,54.0,81.0,213.0,-2.0000000000000018,6.999999999999984,2.0000000000000018,0.0,16.999999999999993,21.999999999999975,48.56119308340966,51.0433514653334,52.68178611470282,58.85426663543789
T08_2004_PAUSE_START,T08_2004,2004,PAUSE_START,2006-08-08,T5YIE,rate,2006-08-07,2.61,2006-08-08,252,,,,,,,,,,,,,,,,,,,,,,,,,,,,,,,,,,-52.99999999999998,4.0000000000000036,251.0,2.0,1.000000000000023,3.000000000000025,-21.999999999999975,-50.0,-21.999999999999975,-52.0,43.06030043652979,39.339461363101876,39.316812748567024,37.534791297793625
T08_2004_FIRST_CUT,T08_2004,2004,FIRST_CUT,2007-09-18,GOLD,price,2007-09-17,715.7999877929688,2007-09-18,252,0.0,0.022771707279887865,0.05769766484672534,0.13355691289665717,0.3549874838704066,0.08480024202597147,0.0,0.4015088422957438,0.0,126.0,0.2610646144609635,126.0,249.0,123.0,5.0,252.0,254.0,501.0,True,True,756.0,0.1481531778236953,0.09547470778457867,0.05,0.19726328618206476,0.13381952352764112,0.05,0.18987895903432564,0.12017887498315441,0.05,0.22806532210048175,0.17009624234313667,0.0992063492063492,,,,,,,,,,,,,,
T08_2004_FIRST_CUT,T08_2004,2004,FIRST_CUT,2007-09-18,SP500,price,2007-09-17,1476.6500244140625,2007-09-18,252,0.02920800742879237,0.027819696864860077,0.04879960405786132,0.0006772085351753887,-0.13766297087052626,-0.17813973824468243,-0.19229341316325743,0.05993295536301302,251.0,16.0,0.23796445544037848,16.0,251.0,235.0,,,,,False,False,756.0,0.13571899338266272,0.05197051354504115,0.0,0.20251729122101883,0.14496747019066955,0.13333333333333333,0.20344547974136,0.16054371145299687,0.16666666666666666,0.2155781657509791,0.16270739908859166,0.15476190476190477,,,,,,,,,,,,,,
T08_2004_FIRST_CUT,T08_2004,2004,FIRST_CUT,2007-09-18,NASDAQ,price,2007-09-17,2581.66,2007-09-18,252,0.027114337286861856,0.03342423092119029,0.07684590534772218,0.02738160718297533,-0.15971119357312724,-0.14477506720482158,-0.15971119357312724,0.10747348605161022,120.0,32.0,0.2412560508128374,32.0,120.0,88.0,47.0,,167.0,,True,False,756.0,0.14795828322199875,0.0670315483315572,0.0,0.22427005873596847,0.15567299273839214,0.15,0.2248204719401335,0.1770344726239743,0.19166666666666668,0.235280411196791,0.17245058240336394,0.17063492063492064,,,,,,,,,,,,,,
T08_2004_FIRST_CUT,T08_2004,2004,FIRST_CUT,2007-09-18,WTI,price,2007-09-17,80.55,2007-09-18,252,0.011918063314711569,0.024332712600869222,0.07001862197392916,0.11880819366852902,0.3395406579764122,0.13581626319056483,-0.01961514587212909,0.8039726877715705,15.0,201.0,0.3703805656871516,201.0,252.0,51.0,4.0,,256.0,,True,False,756.0,0.2669293473355361,0.15107654220611055,0.0,0.3223463649305919,0.20341155661208235,0.06666666666666667,0.312014605302008,0.1871362025284115,0.03333333333333333,0.34967854904951345,0.24169170758996933,0.07142857142857142,,,,,,,,,,,,,,
T08_2004_FIRST_CUT,T08_2004,2004,FIRST_CUT,2007-09-18,USD_BROAD,price,2007-09-17,92.823,2007-09-18,252,-0.0017732674013982708,-0.015311937774042939,-0.024609202460596946,-0.033848291910410055,-0.06016719993967001,-0.02148605410297011,-0.07487260700472942,0.0,216.0,0.0,0.07487260700472942,0.0,216.0,216.0,22.0,57.0,238.0,273.0,True,True,756.0,0.04163762428224935,0.04346557635768303,0.2,0.04411033085882815,0.03552382708965185,0.13333333333333333,0.04496653886886077,0.036002268472269026,0.10833333333333334,0.04716491118145755,0.03332599166802056,0.1111111111111111,,,,,,,,,,,,,,
T08_2004_FIRST_CUT,T08_2004,2004,FIRST_CUT,2007-09-18,DGS2,rate,2007-09-17,4.08,2007-09-18,252,,,,,,,,,,,,,,,,,,,,,,,,,,,,,,,,,,-273.0,15.000000000000036,123.0,18.0,-8.000000000000007,-3.000000000000025,4.0000000000000036,-87.00000000000001,-245.00000000000003,-229.99999999999997,89.29619547503565,146.35354222578246,147.85137609019642,156.78528469855826
T08_2004_FIRST_CUT,T08_2004,2004,FIRST_CUT,2007-09-18,DGS10,rate,2007-09-17,4.48,2007-09-18,252,,,,,,,,,,,,,,,,,,,,,,,,,,,,,,,,,,-114.00000000000006,21.999999999999975,123.0,18.0,1.9999999999999574,14.999999999999947,17.99999999999997,-30.00000000000007,-99.00000000000003,-94.00000000000004,79.43935124556221,108.16089709787435,122.92314672184413,118.09436432134329
T08_2004_FIRST_CUT,T08_2004,2004,FIRST_CUT,2007-09-18,DFII10,rate,2007-09-17,2.21,2007-09-18,252,,,,,,,,,,,,,,,,,,,,,,,,,,,,,,,,,,-131.0,14.999999999999991,118.0,18.0,-2.0000000000000018,12.00000000000001,10.000000000000009,-33.999999999999986,-126.0,-27.0,71.08630780885105,105.88071318105487,117.26621297663853,111.15365697163243
T08_2004_FIRST_CUT,T08_2004,2004,FIRST_CUT,2007-09-18,T5YIE,rate,2007-09-17,2.08,2007-09-18,252,,,,,,,,,,,,,,,,,,,,,,,,,,,,,,,,,,-106.0,64.00000000000001,252.0,199.0,2.0000000000000018,2.0000000000000018,14.999999999999991,10.999999999999988,29.000000000000004,-106.0,27.19229767106079,38.71840975863146,53.74432938623825,71.24292094559684
T09_2015_FIRST_HIKE,T09_2015,2015,FIRST_HIKE,2015-12-16,GOLD,price,2015-12-15,1062.9000244140625,2015-12-16,252,0.014206393112335736,0.011195807828325632,0.010349044827676845,0.17075923965666884,0.1852479253847099,0.0681155543805485,-0.011383926341151152,0.28412832163258384,2.0,139.0,0.17371233888556936,139.0,251.0,112.0,46.0,629.0,297.0,880.0,True,True,756.0,0.18733886369973796,0.13119155223204257,0.1,0.19842417487823086,0.11180108636417767,0.06666666666666667,0.1820245910058008,0.11040720790423628,0.08333333333333333,0.16592365490713348,0.11149288925663793,0.07142857142857142,,,,,,,,,,,,,,
T09_2015_FIRST_HIKE,T09_2015,2015,FIRST_HIKE,2015-12-16,SP500,price,2015-12-15,2043.4100341796875,2015-12-16,252,0.014514969430300617,-0.0021728695671913156,-0.05949372192849123,-0.011632525598706978,0.037050852125332545,0.10270576712785817,-0.10488843381403934,0.11172986953403652,39.0,251.0,0.11994078912359896,9.0,39.0,30.0,12.0,42.0,51.0,81.0,True,True,756.0,0.2062358873895366,0.17558230901716798,0.25,0.19876020728879892,0.1430324159573815,0.15,0.15500263448734863,0.10963804878694851,0.075,0.13549595496731284,0.09654896039529759,0.051587301587301584,,,,,,,,,,,,,,
T09_2015_FIRST_HIKE,T09_2015,2015,FIRST_HIKE,2015-12-16,NASDAQ,price,2015-12-15,4995.36,2015-12-16,252,0.015168075974504536,0.0011510681912814125,-0.07614266038884077,-0.04906152909900385,-0.004147849204061194,0.088343983216425,-0.14583933890650513,0.09378102879472161,39.0,251.0,0.16466520750047953,9.0,39.0,30.0,12.0,114.0,51.0,153.0,True,True,756.0,0.23749807554611246,0.20921371712319062,0.15,0.23418820526981876,0.17767876115196893,0.13333333333333333,0.186400035681129,0.1365482077106648,0.06666666666666667,0.1624777396625829,0.11861870596992617,0.04365079365079365,,,,,,,,,,,,,,
T09_2015_FIRST_HIKE,T09_2015,2015,FIRST_HIKE,2015-12-16,WTI,price,2015-12-15,37.32,2015-12-16,252,-0.04742765273311911,-0.032154340836012985,-0.16345123258306538,-0.003215434083601254,0.372722400857449,0.36682743837084675,-0.29823151125401925,0.419882100750268,39.0,251.0,0.3086061246040127,9.0,39.0,30.0,11.0,16.0,50.0,55.0,True,True,756.0,0.4780927083638719,0.41155125704497597,0.1,0.7016221330775274,0.44998552676721765,0.15,0.5869071846700105,0.36494369606497423,0.08333333333333333,0.4946408193039717,0.3175609302581026,0.04365079365079365,,,,,,,,,,,,,,
T09_2015_FIRST_HIKE,T09_2015,2015,FIRST_HIKE,2015-12-16,USD_BROAD,price,2015-12-15,112.8609,2015-12-16,252,0.0011119882970984651,0.0031020486280013415,0.022361154305875708,-0.02140599623075845,-0.01557846871680102,0.05111690585490636,-0.03712446028695493,0.05268698016762219,92.0,249.0,0.06599753501939831,23.0,92.0,69.0,39.0,135.0,131.0,227.0,True,True,756.0,0.04509259742665824,0.019530702373161533,0.0,0.06836272244183905,0.058205455944755714,0.08333333333333333,0.06433281312170687,0.05147445440145382,0.08333333333333333,0.06503562117573573,0.04373470153725691,0.06746031746031746,,,,,,,,,,,,,,
T09_2015_FIRST_HIKE,T09_2015,2015,FIRST_HIKE,2015-12-16,DGS2,rate,2015-12-15,0.98,2015-12-16,252,,,,,,,,,,,,,,,,,,,,,,,,,,,,,,,,,,-41.99999999999999,31.000000000000007,138.0,251.0,4.0000000000000036,1.0000000000000009,-7.9999999999999964,-1.0000000000000009,-19.999999999999996,30.000000000000004,41.96840917191235,56.786218189550084,56.709787515031316,52.70151989462152
T09_2015_FIRST_HIKE,T09_2015,2015,FIRST_HIKE,2015-12-16,DGS10,rate,2015-12-15,2.28,2015-12-16,252,,,,,,,,,,,,,,,,,,,,,,,,,,,,,,,,,,-90.99999999999997,32.00000000000003,138.0,251.0,2.0000000000000018,-3.999999999999959,-17.99999999999997,-30.999999999999982,-56.999999999999986,32.00000000000003,62.42367971750519,73.79492885980531,67.41151062471367,70.32468807600964
T09_2015_FIRST_HIKE,T09_2015,2015,FIRST_HIKE,2015-12-16,DFII10,rate,2015-12-15,0.8,2015-12-16,252,,,,,,,,,,,,,,,,,,,,,,,,,,,,,,,,,,-86.00000000000001,3.9999999999999925,141.0,1.0,3.9999999999999925,-2.0000000000000018,-13.0,-35.0,-68.0,-6.000000000000005,58.33235086891953,57.51860421210232,61.45529221455603,61.45603812087096
T09_2015_FIRST_HIKE,T09_2015,2015,FIRST_HIKE,2015-12-16,T5YIE,rate,2015-12-15,1.22,2015-12-16,252,,,,,,,,,,,,,,,,,,,,,,,,,,,,,,,,,,-28.999999999999993,64.00000000000001,37.0,248.0,-2.0000000000000018,-3.0000000000000027,-2.0000000000000018,15.999999999999993,32.00000000000001,53.0,40.84734095578191,58.59091154141772,52.73953757409532,50.873603233662315
T09_2015_TIGHTENING_CYCLE_START,T09_2015,2015,TIGHTENING_CYCLE_START,2015-12-16,GOLD,price,2015-12-15,1062.9000244140625,2015-12-16,252,0.014206393112335736,0.011195807828325632,0.010349044827676845,0.17075923965666884,0.1852479253847099,0.0681155543805485,-0.011383926341151152,0.28412832163258384,2.0,139.0,0.17371233888556936,139.0,251.0,112.0,46.0,629.0,297.0,880.0,True,True,756.0,0.18733886369973796,0.13119155223204257,0.1,0.19842417487823086,0.11180108636417767,0.06666666666666667,0.1820245910058008,0.11040720790423628,0.08333333333333333,0.16592365490713348,0.11149288925663793,0.07142857142857142,,,,,,,,,,,,,,
T09_2015_TIGHTENING_CYCLE_START,T09_2015,2015,TIGHTENING_CYCLE_START,2015-12-16,SP500,price,2015-12-15,2043.4100341796875,2015-12-16,252,0.014514969430300617,-0.0021728695671913156,-0.05949372192849123,-0.011632525598706978,0.037050852125332545,0.10270576712785817,-0.10488843381403934,0.11172986953403652,39.0,251.0,0.11994078912359896,9.0,39.0,30.0,12.0,42.0,51.0,81.0,True,True,756.0,0.2062358873895366,0.17558230901716798,0.25,0.19876020728879892,0.1430324159573815,0.15,0.15500263448734863,0.10963804878694851,0.075,0.13549595496731284,0.09654896039529759,0.051587301587301584,,,,,,,,,,,,,,
T09_2015_TIGHTENING_CYCLE_START,T09_2015,2015,TIGHTENING_CYCLE_START,2015-12-16,NASDAQ,price,2015-12-15,4995.36,2015-12-16,252,0.015168075974504536,0.0011510681912814125,-0.07614266038884077,-0.04906152909900385,-0.004147849204061194,0.088343983216425,-0.14583933890650513,0.09378102879472161,39.0,251.0,0.16466520750047953,9.0,39.0,30.0,12.0,114.0,51.0,153.0,True,True,756.0,0.23749807554611246,0.20921371712319062,0.15,0.23418820526981876,0.17767876115196893,0.13333333333333333,0.186400035681129,0.1365482077106648,0.06666666666666667,0.1624777396625829,0.11861870596992617,0.04365079365079365,,,,,,,,,,,,,,
T09_2015_TIGHTENING_CYCLE_START,T09_2015,2015,TIGHTENING_CYCLE_START,2015-12-16,WTI,price,2015-12-15,37.32,2015-12-16,252,-0.04742765273311911,-0.032154340836012985,-0.16345123258306538,-0.003215434083601254,0.372722400857449,0.36682743837084675,-0.29823151125401925,0.419882100750268,39.0,251.0,0.3086061246040127,9.0,39.0,30.0,11.0,16.0,50.0,55.0,True,True,756.0,0.4780927083638719,0.41155125704497597,0.1,0.7016221330775274,0.44998552676721765,0.15,0.5869071846700105,0.36494369606497423,0.08333333333333333,0.4946408193039717,0.3175609302581026,0.04365079365079365,,,,,,,,,,,,,,
T09_2015_TIGHTENING_CYCLE_START,T09_2015,2015,TIGHTENING_CYCLE_START,2015-12-16,USD_BROAD,price,2015-12-15,112.8609,2015-12-16,252,0.0011119882970984651,0.0031020486280013415,0.022361154305875708,-0.02140599623075845,-0.01557846871680102,0.05111690585490636,-0.03712446028695493,0.05268698016762219,92.0,249.0,0.06599753501939831,23.0,92.0,69.0,39.0,135.0,131.0,227.0,True,True,756.0,0.04509259742665824,0.019530702373161533,0.0,0.06836272244183905,0.058205455944755714,0.08333333333333333,0.06433281312170687,0.05147445440145382,0.08333333333333333,0.06503562117573573,0.04373470153725691,0.06746031746031746,,,,,,,,,,,,,,
T09_2015_TIGHTENING_CYCLE_START,T09_2015,2015,TIGHTENING_CYCLE_START,2015-12-16,DGS2,rate,2015-12-15,0.98,2015-12-16,252,,,,,,,,,,,,,,,,,,,,,,,,,,,,,,,,,,-41.99999999999999,31.000000000000007,138.0,251.0,4.0000000000000036,1.0000000000000009,-7.9999999999999964,-1.0000000000000009,-19.999999999999996,30.000000000000004,41.96840917191235,56.786218189550084,56.709787515031316,52.70151989462152
T09_2015_TIGHTENING_CYCLE_START,T09_2015,2015,TIGHTENING_CYCLE_START,2015-12-16,DGS10,rate,2015-12-15,2.28,2015-12-16,252,,,,,,,,,,,,,,,,,,,,,,,,,,,,,,,,,,-90.99999999999997,32.00000000000003,138.0,251.0,2.0000000000000018,-3.999999999999959,-17.99999999999997,-30.999999999999982,-56.999999999999986,32.00000000000003,62.42367971750519,73.79492885980531,67.41151062471367,70.32468807600964
T09_2015_TIGHTENING_CYCLE_START,T09_2015,2015,TIGHTENING_CYCLE_START,2015-12-16,DFII10,rate,2015-12-15,0.8,2015-12-16,252,,,,,,,,,,,,,,,,,,,,,,,,,,,,,,,,,,-86.00000000000001,3.9999999999999925,141.0,1.0,3.9999999999999925,-2.0000000000000018,-13.0,-35.0,-68.0,-6.000000000000005,58.33235086891953,57.51860421210232,61.45529221455603,61.45603812087096
T09_2015_TIGHTENING_CYCLE_START,T09_2015,2015,TIGHTENING_CYCLE_START,2015-12-16,T5YIE,rate,2015-12-15,1.22,2015-12-16,252,,,,,,,,,,,,,,,,,,,,,,,,,,,,,,,,,,-28.999999999999993,64.00000000000001,37.0,248.0,-2.0000000000000018,-3.0000000000000027,-2.0000000000000018,15.999999999999993,32.00000000000001,53.0,40.84734095578191,58.59091154141772,52.73953757409532,50.873603233662315
T09_2015_LAST_HIKE,T09_2015,2015,LAST_HIKE,2018-12-19,GOLD,price,2018-12-18,1249.199951171875,2018-12-19,252,0.0023215053853804513,0.016010247183597892,0.03346145570123693,0.040906259729127425,0.06620243073545318,0.1788344805845461,0.0,0.24103434952409963,0.0,178.0,0.06334262410455138,178.0,227.0,49.0,30.0,36.0,257.0,263.0,True,True,756.0,0.07882251004336477,0.041709955738817805,0.0,0.09678814083501554,0.06244459527402506,0.05,0.09668666881475538,0.06643220545270316,0.058333333333333334,0.11555038071910406,0.0759568135425374,0.05952380952380952,,,,,,,,,,,,,,
T09_2015_LAST_HIKE,T09_2015,2015,LAST_HIKE,2018-12-19,SP500,price,2018-12-18,2546.159912109375,2018-12-19,252,-0.01539571453679811,-0.030815016984734322,0.03526881732802467,0.11263237156981676,0.13105232479479723,0.25331479668706836,-0.07660941228609908,0.25385683921415425,4.0,251.0,0.07660941228609908,0.0,4.0,4.0,1.0,8.0,5.0,12.0,True,True,756.0,0.2882055030461076,0.17169162915464864,0.15,0.1845727302841325,0.10959791514480939,0.05,0.15662694236332242,0.10051952221780996,0.03333333333333333,0.14044684685872524,0.09606990682114698,0.027777777777777776,,,,,,,,,,,,,,
T09_2015_LAST_HIKE,T09_2015,2015,LAST_HIKE,2018-12-19,NASDAQ,price,2018-12-18,6783.91,2018-12-19,252,-0.021680712155674242,-0.033837418244051065,0.04430335897734494,0.1371731051856524,0.15310639439497287,0.300630462373469,-0.08711642695731514,0.300630462373469,4.0,252.0,0.10178588926996568,94.0,114.0,20.0,5.0,22.0,119.0,136.0,True,True,756.0,0.34322004004147677,0.20143538391511995,0.1,0.22442046883312763,0.1327156277999935,0.03333333333333333,0.1963817832125171,0.12812032911257804,0.03333333333333333,0.1730447081994646,0.11780937183960663,0.027777777777777776,,,,,,,,,,,,,,
T09_2015_LAST_HIKE,T09_2015,2015,LAST_HIKE,2018-12-19,WTI,price,2018-12-18,46.12,2018-12-19,252,0.0398959236773635,-0.03555941023417175,0.14028620988725082,0.3035559410234172,0.13768430182133562,0.32632263660017347,-0.03555941023417175,0.4362532523850824,5.0,83.0,0.2281099033816424,83.0,118.0,35.0,10.0,482.0,128.0,600.0,True,True,756.0,0.4093489859157758,0.24882777714038504,0.1,0.305372485073679,0.19339593579377226,0.05,0.3052287500551183,0.22708118951520334,0.06666666666666667,0.3508097494961327,0.23731546545067572,0.06349206349206349,,,,,,,,,,,,,,
T09_2015_LAST_HIKE,T09_2015,2015,LAST_HIKE,2018-12-19,USD_BROAD,price,2018-12-18,116.4127,2018-12-19,252,-0.002964453191103722,-0.002546972967725991,-0.01593211049997112,-0.019429151630363406,-0.006744968547246155,-0.005212489702584033,-0.024587523526213295,0.016309217121499575,28.0,176.0,0.024587523526213295,0.0,28.0,28.0,7.0,74.0,35.0,102.0,True,True,756.0,0.03561787845526987,0.0329247823645563,0.05,0.034742642655020264,0.02806300964241512,0.03333333333333333,0.03438569111343551,0.024627579355317807,0.016666666666666666,0.03168526142050737,0.023264010395139534,0.015873015873015872,,,,,,,,,,,,,,
T09_2015_LAST_HIKE,T09_2015,2015,LAST_HIKE,2018-12-19,DGS2,rate,2018-12-18,2.65,2018-12-19,252,,,,,,,,,,,,,,,,,,,,,,,,,,,,,,,,,,-126.0,2.0000000000000018,199.0,2.0,-2.0000000000000018,-4.0000000000000036,-8.999999999999986,-19.99999999999997,-77.0,-102.0,80.03400593037411,61.21482040558583,65.4618433988569,71.77154992395003
T09_2015_LAST_HIKE,T09_2015,2015,LAST_HIKE,2018-12-19,DGS10,rate,2018-12-18,2.82,2018-12-19,252,,,,,,,,,,,,,,,,,,,,,,,,,,,,,,,,,,-135.0,-0.9999999999999787,174.0,5.0,-4.999999999999982,-0.9999999999999787,-6.999999999999984,-21.999999999999975,-69.0,-89.99999999999999,74.1501321999034,61.0261405506564,60.34006570606106,69.60663521057923
T09_2015_LAST_HIKE,T09_2015,2015,LAST_HIKE,2018-12-19,DFII10,rate,2018-12-18,1.01,2018-12-19,252,,,,,,,,,,,,,,,,,,,,,,,,,,,,,,,,,,-110.00000000000001,3.0000000000000027,175.0,5.0,-4.0000000000000036,3.0000000000000027,-5.000000000000004,-37.0,-59.00000000000001,-86.0,56.62480393831517,48.387944989831745,49.903259353649915,52.91276742125003
T09_2015_LAST_HIKE,T09_2015,2015,LAST_HIKE,2018-12-19,T5YIE,rate,2018-12-18,1.58,2018-12-19,252,,,,,,,,,,,,,,,,,,,,,,,,,,,,,,,,,,-34.00000000000001,29.999999999999982,203.0,60.0,-2.0000000000000018,-1.0000000000000009,5.999999999999983,29.999999999999982,-5.000000000000004,8.999999999999986,52.2959191323256,39.2670129381488,40.29632883585127,46.35954239759859
T09_2015_TIGHTENING_CYCLE_END,T09_2015,2015,TIGHTENING_CYCLE_END,2018-12-19,GOLD,price,2018-12-18,1249.199951171875,2018-12-19,252,0.0023215053853804513,0.016010247183597892,0.03346145570123693,0.040906259729127425,0.06620243073545318,0.1788344805845461,0.0,0.24103434952409963,0.0,178.0,0.06334262410455138,178.0,227.0,49.0,30.0,36.0,257.0,263.0,True,True,756.0,0.07882251004336477,0.041709955738817805,0.0,0.09678814083501554,0.06244459527402506,0.05,0.09668666881475538,0.06643220545270316,0.058333333333333334,0.11555038071910406,0.0759568135425374,0.05952380952380952,,,,,,,,,,,,,,
T09_2015_TIGHTENING_CYCLE_END,T09_2015,2015,TIGHTENING_CYCLE_END,2018-12-19,SP500,price,2018-12-18,2546.159912109375,2018-12-19,252,-0.01539571453679811,-0.030815016984734322,0.03526881732802467,0.11263237156981676,0.13105232479479723,0.25331479668706836,-0.07660941228609908,0.25385683921415425,4.0,251.0,0.07660941228609908,0.0,4.0,4.0,1.0,8.0,5.0,12.0,True,True,756.0,0.2882055030461076,0.17169162915464864,0.15,0.1845727302841325,0.10959791514480939,0.05,0.15662694236332242,0.10051952221780996,0.03333333333333333,0.14044684685872524,0.09606990682114698,0.027777777777777776,,,,,,,,,,,,,,
T09_2015_TIGHTENING_CYCLE_END,T09_2015,2015,TIGHTENING_CYCLE_END,2018-12-19,NASDAQ,price,2018-12-18,6783.91,2018-12-19,252,-0.021680712155674242,-0.033837418244051065,0.04430335897734494,0.1371731051856524,0.15310639439497287,0.300630462373469,-0.08711642695731514,0.300630462373469,4.0,252.0,0.10178588926996568,94.0,114.0,20.0,5.0,22.0,119.0,136.0,True,True,756.0,0.34322004004147677,0.20143538391511995,0.1,0.22442046883312763,0.1327156277999935,0.03333333333333333,0.1963817832125171,0.12812032911257804,0.03333333333333333,0.1730447081994646,0.11780937183960663,0.027777777777777776,,,,,,,,,,,,,,
T09_2015_TIGHTENING_CYCLE_END,T09_2015,2015,TIGHTENING_CYCLE_END,2018-12-19,WTI,price,2018-12-18,46.12,2018-12-19,252,0.0398959236773635,-0.03555941023417175,0.14028620988725082,0.3035559410234172,0.13768430182133562,0.32632263660017347,-0.03555941023417175,0.4362532523850824,5.0,83.0,0.2281099033816424,83.0,118.0,35.0,10.0,482.0,128.0,600.0,True,True,756.0,0.4093489859157758,0.24882777714038504,0.1,0.305372485073679,0.19339593579377226,0.05,0.3052287500551183,0.22708118951520334,0.06666666666666667,0.3508097494961327,0.23731546545067572,0.06349206349206349,,,,,,,,,,,,,,
T09_2015_TIGHTENING_CYCLE_END,T09_2015,2015,TIGHTENING_CYCLE_END,2018-12-19,USD_BROAD,price,2018-12-18,116.4127,2018-12-19,252,-0.002964453191103722,-0.002546972967725991,-0.01593211049997112,-0.019429151630363406,-0.006744968547246155,-0.005212489702584033,-0.024587523526213295,0.016309217121499575,28.0,176.0,0.024587523526213295,0.0,28.0,28.0,7.0,74.0,35.0,102.0,True,True,756.0,0.03561787845526987,0.0329247823645563,0.05,0.034742642655020264,0.02806300964241512,0.03333333333333333,0.03438569111343551,0.024627579355317807,0.016666666666666666,0.03168526142050737,0.023264010395139534,0.015873015873015872,,,,,,,,,,,,,,
T09_2015_TIGHTENING_CYCLE_END,T09_2015,2015,TIGHTENING_CYCLE_END,2018-12-19,DGS2,rate,2018-12-18,2.65,2018-12-19,252,,,,,,,,,,,,,,,,,,,,,,,,,,,,,,,,,,-126.0,2.0000000000000018,199.0,2.0,-2.0000000000000018,-4.0000000000000036,-8.999999999999986,-19.99999999999997,-77.0,-102.0,80.03400593037411,61.21482040558583,65.4618433988569,71.77154992395003
T09_2015_TIGHTENING_CYCLE_END,T09_2015,2015,TIGHTENING_CYCLE_END,2018-12-19,DGS10,rate,2018-12-18,2.82,2018-12-19,252,,,,,,,,,,,,,,,,,,,,,,,,,,,,,,,,,,-135.0,-0.9999999999999787,174.0,5.0,-4.999999999999982,-0.9999999999999787,-6.999999999999984,-21.999999999999975,-69.0,-89.99999999999999,74.1501321999034,61.0261405506564,60.34006570606106,69.60663521057923
T09_2015_TIGHTENING_CYCLE_END,T09_2015,2015,TIGHTENING_CYCLE_END,2018-12-19,DFII10,rate,2018-12-18,1.01,2018-12-19,252,,,,,,,,,,,,,,,,,,,,,,,,,,,,,,,,,,-110.00000000000001,3.0000000000000027,175.0,5.0,-4.0000000000000036,3.0000000000000027,-5.000000000000004,-37.0,-59.00000000000001,-86.0,56.62480393831517,48.387944989831745,49.903259353649915,52.91276742125003
T09_2015_TIGHTENING_CYCLE_END,T09_2015,2015,TIGHTENING_CYCLE_END,2018-12-19,T5YIE,rate,2018-12-18,1.58,2018-12-19,252,,,,,,,,,,,,,,,,,,,,,,,,,,,,,,,,,,-34.00000000000001,29.999999999999982,203.0,60.0,-2.0000000000000018,-1.0000000000000009,5.999999999999983,29.999999999999982,-5.000000000000004,8.999999999999986,52.2959191323256,39.2670129381488,40.29632883585127,46.35954239759859
T09_2015_PAUSE_START,T09_2015,2015,PAUSE_START,2019-01-30,GOLD,price,2019-01-29,1308.199951171875,2019-01-30,252,0.0012995515254869971,0.004586454841727594,0.007261886832735209,-0.024766781495998758,0.08951238497704628,0.1999695057486517,-0.02973544090787017,0.20532036973066714,58.0,250.0,0.06334262410455138,151.0,200.0,49.0,30.0,36.0,230.0,236.0,True,True,756.0,0.09732408482592837,0.06213453037548173,0.05,0.09911634149221844,0.07734822536779275,0.1,0.1132031580876372,0.07173909073306799,0.075,0.11608941160752041,0.07581645506310136,0.05952380952380952,,,,,,,,,,,,,,
T09_2015_PAUSE_START,T09_2015,2015,PAUSE_START,2019-01-30,SP500,price,2019-01-29,2640.0,2019-01-30,252,0.01554926091974429,0.03700755726207383,0.05771965258049239,0.10839769767992413,0.13069319291548287,0.23992420543323867,0.0,0.26121974135890147,0.0,245.0,0.0683610804467385,63.0,86.0,23.0,4.0,13.0,90.0,99.0,True,True,756.0,0.09462712704858905,0.03786539342245363,0.0,0.09518284388146425,0.05416580473269293,0.0,0.10709007077109879,0.07134669613651282,0.008333333333333333,0.11743844254879499,0.0840614578772428,0.015873015873015872,,,,,,,,,,,,,,
T09_2015_PAUSE_START,T09_2015,2015,PAUSE_START,2019-01-30,NASDAQ,price,2019-01-29,7028.29,2019-01-30,252,0.022023849328926426,0.05318363357231992,0.07487169709844066,0.1527711577069244,0.1590998663970895,0.31890972057214495,0.0,0.3378047860859468,0.0,249.0,0.10178588926996568,67.0,87.0,20.0,5.0,22.0,92.0,109.0,True,True,756.0,0.12149218977438543,0.04704742131456837,0.0,0.1209467328966397,0.0691009311780997,0.016666666666666666,0.14199563704241633,0.09700270321294581,0.016666666666666666,0.1466155412183517,0.10331422360035823,0.01984126984126984,,,,,,,,,,,,,,
T09_2015_PAUSE_START,T09_2015,2015,PAUSE_START,2019-01-30,WTI,price,2019-01-29,53.07,2019-01-30,252,0.02091577162238556,0.011682683248539716,0.07254569436593172,0.2291313359713587,0.06613906161673255,-0.028076125871490554,-0.03655549274543057,0.2481628038439796,93.0,58.0,0.2281099033816424,58.0,93.0,35.0,10.0,482.0,103.0,575.0,True,True,756.0,0.2531084100166261,0.15782948131560703,0.0,0.21429668287617862,0.12682981774225718,0.0,0.29830649302412066,0.22262479747602246,0.05,0.3389150588293026,0.23685189512499943,0.04365079365079365,,,,,,,,,,,,,,
T09_2015_PAUSE_START,T09_2015,2015,PAUSE_START,2019-01-30,USD_BROAD,price,2019-01-29,114.026,2019-01-30,252,0.0004130636872292648,0.0001499657972743318,0.0015180748250398501,0.015302650272744911,0.008557697367267192,0.01833967691579108,-0.004170978548752036,0.037581779594127784,2.0,150.0,0.0307857322166184,150.0,230.0,80.0,26.0,49.0,256.0,279.0,True,True,756.0,0.03459519513161025,0.0247815924745849,0.0,0.033872484899723464,0.021485005618589275,0.0,0.03343552144166764,0.023284997771805364,0.008333333333333333,0.03045926556907481,0.02134319894165731,0.007936507936507936,,,,,,,,,,,,,,
T09_2015_PAUSE_START,T09_2015,2015,PAUSE_START,2019-01-30,DGS2,rate,2019-01-29,2.56,2019-01-30,252,,,,,,,,,,,,,,,,,,,,,,,,,,,,,,,,,,-123.0,-1.000000000000023,252.0,22.0,-4.0000000000000036,-3.000000000000025,-6.000000000000005,-23.0,-76.0,-123.0,55.73357676434691,51.96318775206086,65.72455893392377,69.15157437863452
T09_2015_PAUSE_START,T09_2015,2015,PAUSE_START,2019-01-30,DGS10,rate,2019-01-29,2.72,2019-01-30,252,,,,,,,,,,,,,,,,,,,,,,,,,,,,,,,,,,-125.00000000000003,3.999999999999959,147.0,22.0,-2.0000000000000018,-1.000000000000023,-3.000000000000025,-18.000000000000014,-67.00000000000004,-121.00000000000001,59.010525376945814,55.47807629282532,57.83612752474725,68.62645001334592
T09_2015_PAUSE_START,T09_2015,2015,PAUSE_START,2019-01-30,DFII10,rate,2019-01-29,0.94,2019-01-30,252,,,,,,,,,,,,,,,,,,,,,,,,,,,,,,,,,,-108.0,-7.9999999999999964,252.0,1.0,-7.9999999999999964,-9.999999999999998,-17.999999999999993,-37.999999999999986,-68.0,-108.0,55.92363213864909,48.28853953939233,51.561955879481985,53.01762467233339
T09_2015_PAUSE_START,T09_2015,2015,PAUSE_START,2019-01-30,T5YIE,rate,2019-01-29,1.62,2019-01-30,252,,,,,,,,,,,,,,,,,,,,,,,,,,,,,,,,,,-38.000000000000014,25.99999999999998,176.0,33.0,5.999999999999983,9.999999999999986,21.999999999999996,24.0,-3.0000000000000027,-2.0000000000000018,32.122790728866086,35.58060793489831,39.34261273060787,45.011375277617
T09_2015_FIRST_CUT,T09_2015,2015,FIRST_CUT,2019-07-31,GOLD,price,2019-07-30,1429.699951171875,2019-07-31,252,-0.0025179937811333764,0.029866457788704448,0.07784853649669365,0.04210678834593473,0.08862004446341065,0.3663006862474387,-0.006155086422573897,0.3663006862474387,2.0,252.0,0.11776646830210513,153.0,160.0,7.0,4.0,13.0,164.0,173.0,True,True,756.0,0.14273980378798193,0.04701853954489606,0.0,0.14234195163464267,0.09353376165828564,0.05,0.12326200965708216,0.08224214821325736,0.05,0.19257532551701853,0.12502757831724015,0.1111111111111111,,,,,,,,,,,,,,
T09_2015_FIRST_CUT,T09_2015,2015,FIRST_CUT,2019-07-31,SP500,price,2019-07-30,3013.179931640625,2019-07-31,252,-0.010885526112695776,-0.043611704276094954,-0.04779668748584609,-0.0028740109471855346,0.102088197319961,0.08139573982629211,-0.25746223156161674,0.12377952168958228,163.0,140.0,0.3392496000265327,140.0,163.0,23.0,15.0,103.0,178.0,266.0,True,True,756.0,0.23537077761789288,0.19491317005480602,0.15,0.16718852940395323,0.12932424171680415,0.05,0.12773318701266426,0.09470053002555147,0.025,0.3400651779260597,0.2558160673518043,0.09523809523809523,,,,,,,,,,,,,,
T09_2015_FIRST_CUT,T09_2015,2015,FIRST_CUT,2019-07-31,NASDAQ,price,2019-07-30,8273.61,2019-07-31,252,-0.011867854539916789,-0.05322223310018237,-0.05398610763620726,-0.018591642584071644,0.13261442103265675,0.2742853482337213,-0.1707767226156418,0.30137751235554977,163.0,245.0,0.3011567476607335,140.0,163.0,23.0,15.0,53.0,178.0,216.0,True,True,756.0,0.26854279550964777,0.21937044358274105,0.15,0.19462869398640587,0.14798555036604336,0.05,0.1513978883656497,0.10861388220373128,0.025,0.3424104824874055,0.2560611012771764,0.0873015873015873,,,,,,,,,,,,,,
T09_2015_FIRST_CUT,T09_2015,2015,FIRST_CUT,2019-07-31,WTI,price,2019-07-30,58.04,2019-07-31,252,0.008442453480358436,-0.07649896623018604,-0.052549965541006105,-0.036871123363197755,-0.02205375603032389,-0.3090971743625086,-0.8464851826326671,0.0901102687801516,181.0,109.0,0.8591749644381224,109.0,181.0,72.0,29.0,213.0,210.0,394.0,True,True,756.0,0.4976021907249642,0.39780569589813475,0.1,0.4809430827151219,0.3073376317067765,0.05,0.3835021251265902,0.2520923079759797,0.041666666666666664,1.3154421043694442,1.0102082948313043,0.11507936507936507,,,,,,,,,,,,,,
T09_2015_FIRST_CUT,T09_2015,2015,FIRST_CUT,2019-07-31,USD_BROAD,price,2019-07-30,115.6211,2019-07-31,252,-0.001094090957446281,0.009248311943062193,0.01841272916448644,0.004382418088047846,-0.0005665055945670572,0.01372673326927365,-0.008234656131104079,0.0908579835341472,104.0,160.0,0.07070695858592424,160.0,252.0,92.0,478.0,534.0,730.0,786.0,True,True,756.0,0.031011842364719298,0.013117819160899779,0.0,0.03170597085619791,0.022667218572585274,0.03333333333333333,0.02790922230893923,0.020299964111589557,0.016666666666666666,0.05639187461652054,0.03738518906929262,0.0873015873015873,,,,,,,,,,,,,,
T09_2015_FIRST_CUT,T09_2015,2015,FIRST_CUT,2019-07-31,DGS2,rate,2019-07-30,1.85,2019-07-31,252,,,,,,,,,,,,,,,,,,,,,,,,,,,,,,,,,,-174.0,3.9999999999999813,251.0,1.0,3.9999999999999813,-25.0,-32.00000000000001,-27.0,-34.00000000000001,-174.0,106.85001785582195,91.37575615861857,74.23539666255616,71.27423052025871
T09_2015_FIRST_CUT,T09_2015,2015,FIRST_CUT,2019-07-31,DGS10,rate,2019-07-30,2.06,2019-07-31,252,,,,,,,,,,,,,,,,,,,,,,,,,,,,,,,,,,-152.0,-4.0000000000000036,151.0,1.0,-4.0000000000000036,-33.00000000000001,-57.00000000000001,-29.000000000000004,-32.00000000000001,-151.0,87.74922401816146,84.4306756046098,78.4934616984865,95.07042891553225
T09_2015_FIRST_CUT,T09_2015,2015,FIRST_CUT,2019-07-31,DFII10,rate,2019-07-30,0.28,2019-07-31,252,,,,,,,,,,,,,,,,,,,,,,,,,,,,,,,,,,-128.0,34.0,252.0,159.0,-2.0000000000000018,-17.000000000000004,-34.0,-13.000000000000004,-24.000000000000004,-128.0,55.2555784275979,58.53438798066643,55.167765524273115,93.81850750570278
T09_2015_FIRST_CUT,T09_2015,2015,FIRST_CUT,2019-07-31,T5YIE,rate,2019-07-30,1.58,2019-07-31,252,,,,,,,,,,,,,,,,,,,,,,,,,,,,,,,,,,-144.0,13.99999999999999,159.0,106.0,-2.0000000000000018,-18.000000000000014,-21.999999999999996,-6.000000000000005,5.999999999999983,-18.000000000000014,59.15083306794234,60.86729104078863,50.73877737403381,84.04011563447882
T10_2022_FIRST_HIKE,T10_2022,2022,FIRST_HIKE,2022-03-16,GOLD,price,2022-03-15,1929.699951171875,2022-03-16,252,-0.01062341323455529,-0.004249339990341716,0.024045201631416546,-0.0398507044046148,-0.11234903469119817,-0.0034720170707400744,-0.15484268762941944,0.02938284431616145,162.0,23.0,0.17896697323333122,23.0,162.0,139.0,19.0,95.0,181.0,257.0,True,True,756.0,0.14828423262258447,0.09046998369866653,0.0,0.14172856626193428,0.1107078840052041,0.03333333333333333,0.13795421767765537,0.10816805660801357,0.041666666666666664,0.14990976745742438,0.10396127581304827,0.047619047619047616,,,,,,,,,,,,,,
T10_2022_FIRST_HIKE,T10_2022,2022,FIRST_HIKE,2022-03-16,SP500,price,2022-03-15,4262.4501953125,2022-03-16,252,0.02238376135718223,0.05845456405396976,0.03167192431913035,-0.05739190271880468,-0.083111881118479,-0.07089118984848841,-0.16080426388779745,0.08660509458848598,146.0,10.0,0.22769022500302305,10.0,146.0,136.0,76.0,293.0,222.0,439.0,True,True,756.0,0.17765602347866813,0.11251956129595367,0.0,0.26159372659219066,0.20409467608519247,0.11666666666666667,0.24575815428513814,0.1879091851265136,0.10833333333333334,0.2340191322312506,0.16877465526350405,0.09126984126984126,,,,,,,,,,,,,,
T10_2022_FIRST_HIKE,T10_2022,2022,FIRST_HIKE,2022-03-16,NASDAQ,price,2022-03-15,12948.62,2022-03-16,252,0.037682007812415375,0.0896002817288637,0.032663712426497904,-0.09224071754364571,-0.10840614675540716,-0.09509430348562242,-0.21124490486244862,0.1290500454874728,199.0,10.0,0.301399350462802,10.0,199.0,189.0,96.0,241.0,295.0,440.0,True,True,756.0,0.27728230775274404,0.16976764072045109,0.0,0.35633194401515794,0.2737514956678768,0.13333333333333333,0.328168347131545,0.24798727541088472,0.11666666666666667,0.30491185350427286,0.21959159173065204,0.08333333333333333,,,,,,,,,,,,,,
T10_2022_FIRST_HIKE,T10_2022,2022,FIRST_HIKE,2022-03-16,WTI,price,2022-03-15,96.42,2022-03-16,252,-0.01628292885293514,0.15152457996266344,0.04252229827836551,0.2603194358017009,-0.09406762082555498,-0.29319643227546144,-0.3011823273179839,0.2646753785521676,251.0,59.0,0.44743316385107434,59.0,251.0,192.0,744.0,,995.0,,True,False,756.0,0.7111561502362302,0.47076099518847975,0.2,0.5240315839942334,0.3478337554244027,0.1,0.5023702261120053,0.3796383058934137,0.11666666666666667,0.44167142729636616,0.33814935105679306,0.10714285714285714,,,,,,,,,,,,,,
T10_2022_FIRST_HIKE,T10_2022,2022,FIRST_HIKE,2022-03-16,USD_BROAD,price,2022-03-15,117.246,2022-03-16,252,-0.003741705473960688,-0.009924432390017501,-0.0073298875867833235,0.009800760793545304,0.055680364362110435,0.03683110724459682,-0.018458625454173205,0.09559302662777425,11.0,135.0,0.07871929151236357,135.0,222.0,87.0,168.0,471.0,390.0,693.0,True,True,756.0,0.04498027396218348,0.03742019250342201,0.2,0.05439963573535312,0.037118543333529715,0.18333333333333332,0.06075544876421016,0.03912370329742358,0.18333333333333332,0.06475226467902424,0.044373835218176984,0.17063492063492064,,,,,,,,,,,,,,
T10_2022_FIRST_HIKE,T10_2022,2022,FIRST_HIKE,2022-03-16,DGS2,rate,2022-03-15,1.85,2022-03-16,252,,,,,,,,,,,,,,,,,,,,,,,,,,,,,,,,,,8.999999999999986,320.0,2.0,244.0,9.999999999999986,33.00000000000001,54.0,98.0,165.0,206.99999999999997,122.433741479347,113.57243637910013,133.26234629923215,152.66779026129552
T10_2022_FIRST_HIKE,T10_2022,2022,FIRST_HIKE,2022-03-16,DGS10,rate,2022-03-15,2.15,2022-03-16,252,,,,,,,,,,,,,,,,,,,,,,,,,,,,,,,,,,-0.9999999999999787,210.0,3.0,153.0,4.0000000000000036,23.0,57.00000000000003,89.00000000000001,118.00000000000001,132.00000000000003,113.45729546722343,110.34981357452402,123.4100768123233,129.87606718978395
T10_2022_FIRST_HIKE,T10_2022,2022,FIRST_HIKE,2022-03-16,DFII10,rate,2022-03-15,-0.69,2022-03-16,252,,,,,,,,,,,,,,,,,,,,,,,,,,,,,,,,,,-3.0000000000000027,242.99999999999997,3.0,161.0,7.9999999999999964,15.999999999999993,54.99999999999999,98.0,154.0,202.0,104.14387820904815,103.53933175532372,125.23605945667285,130.05846065231975
T10_2022_FIRST_HIKE,T10_2022,2022,FIRST_HIKE,2022-03-16,T5YIE,rate,2022-03-15,3.42,2022-03-16,252,,,,,,,,,,,,,,,,,,,,,,,,,,,,,,,,,,-133.0,16.999999999999993,210.0,8.0,-8.000000000000007,10.000000000000009,-10.999999999999988,-33.999999999999986,-85.99999999999999,-127.99999999999999,107.72464898991325,104.54103079003997,102.67630461509498,98.2307227928127
T10_2022_TIGHTENING_CYCLE_START,T10_2022,2022,TIGHTENING_CYCLE_START,2022-03-16,GOLD,price,2022-03-15,1929.699951171875,2022-03-16,252,-0.01062341323455529,-0.004249339990341716,0.024045201631416546,-0.0398507044046148,-0.11234903469119817,-0.0034720170707400744,-0.15484268762941944,0.02938284431616145,162.0,23.0,0.17896697323333122,23.0,162.0,139.0,19.0,95.0,181.0,257.0,True,True,756.0,0.14828423262258447,0.09046998369866653,0.0,0.14172856626193428,0.1107078840052041,0.03333333333333333,0.13795421767765537,0.10816805660801357,0.041666666666666664,0.14990976745742438,0.10396127581304827,0.047619047619047616,,,,,,,,,,,,,,
T10_2022_TIGHTENING_CYCLE_START,T10_2022,2022,TIGHTENING_CYCLE_START,2022-03-16,SP500,price,2022-03-15,4262.4501953125,2022-03-16,252,0.02238376135718223,0.05845456405396976,0.03167192431913035,-0.05739190271880468,-0.083111881118479,-0.07089118984848841,-0.16080426388779745,0.08660509458848598,146.0,10.0,0.22769022500302305,10.0,146.0,136.0,76.0,293.0,222.0,439.0,True,True,756.0,0.17765602347866813,0.11251956129595367,0.0,0.26159372659219066,0.20409467608519247,0.11666666666666667,0.24575815428513814,0.1879091851265136,0.10833333333333334,0.2340191322312506,0.16877465526350405,0.09126984126984126,,,,,,,,,,,,,,
T10_2022_TIGHTENING_CYCLE_START,T10_2022,2022,TIGHTENING_CYCLE_START,2022-03-16,NASDAQ,price,2022-03-15,12948.62,2022-03-16,252,0.037682007812415375,0.0896002817288637,0.032663712426497904,-0.09224071754364571,-0.10840614675540716,-0.09509430348562242,-0.21124490486244862,0.1290500454874728,199.0,10.0,0.301399350462802,10.0,199.0,189.0,96.0,241.0,295.0,440.0,True,True,756.0,0.27728230775274404,0.16976764072045109,0.0,0.35633194401515794,0.2737514956678768,0.13333333333333333,0.328168347131545,0.24798727541088472,0.11666666666666667,0.30491185350427286,0.21959159173065204,0.08333333333333333,,,,,,,,,,,,,,
T10_2022_TIGHTENING_CYCLE_START,T10_2022,2022,TIGHTENING_CYCLE_START,2022-03-16,WTI,price,2022-03-15,96.42,2022-03-16,252,-0.01628292885293514,0.15152457996266344,0.04252229827836551,0.2603194358017009,-0.09406762082555498,-0.29319643227546144,-0.3011823273179839,0.2646753785521676,251.0,59.0,0.44743316385107434,59.0,251.0,192.0,744.0,,995.0,,True,False,756.0,0.7111561502362302,0.47076099518847975,0.2,0.5240315839942334,0.3478337554244027,0.1,0.5023702261120053,0.3796383058934137,0.11666666666666667,0.44167142729636616,0.33814935105679306,0.10714285714285714,,,,,,,,,,,,,,
T10_2022_TIGHTENING_CYCLE_START,T10_2022,2022,TIGHTENING_CYCLE_START,2022-03-16,USD_BROAD,price,2022-03-15,117.246,2022-03-16,252,-0.003741705473960688,-0.009924432390017501,-0.0073298875867833235,0.009800760793545304,0.055680364362110435,0.03683110724459682,-0.018458625454173205,0.09559302662777425,11.0,135.0,0.07871929151236357,135.0,222.0,87.0,168.0,471.0,390.0,693.0,True,True,756.0,0.04498027396218348,0.03742019250342201,0.2,0.05439963573535312,0.037118543333529715,0.18333333333333332,0.06075544876421016,0.03912370329742358,0.18333333333333332,0.06475226467902424,0.044373835218176984,0.17063492063492064,,,,,,,,,,,,,,
T10_2022_TIGHTENING_CYCLE_START,T10_2022,2022,TIGHTENING_CYCLE_START,2022-03-16,DGS2,rate,2022-03-15,1.85,2022-03-16,252,,,,,,,,,,,,,,,,,,,,,,,,,,,,,,,,,,8.999999999999986,320.0,2.0,244.0,9.999999999999986,33.00000000000001,54.0,98.0,165.0,206.99999999999997,122.433741479347,113.57243637910013,133.26234629923215,152.66779026129552
T10_2022_TIGHTENING_CYCLE_START,T10_2022,2022,TIGHTENING_CYCLE_START,2022-03-16,DGS10,rate,2022-03-15,2.15,2022-03-16,252,,,,,,,,,,,,,,,,,,,,,,,,,,,,,,,,,,-0.9999999999999787,210.0,3.0,153.0,4.0000000000000036,23.0,57.00000000000003,89.00000000000001,118.00000000000001,132.00000000000003,113.45729546722343,110.34981357452402,123.4100768123233,129.87606718978395
T10_2022_TIGHTENING_CYCLE_START,T10_2022,2022,TIGHTENING_CYCLE_START,2022-03-16,DFII10,rate,2022-03-15,-0.69,2022-03-16,252,,,,,,,,,,,,,,,,,,,,,,,,,,,,,,,,,,-3.0000000000000027,242.99999999999997,3.0,161.0,7.9999999999999964,15.999999999999993,54.99999999999999,98.0,154.0,202.0,104.14387820904815,103.53933175532372,125.23605945667285,130.05846065231975
T10_2022_TIGHTENING_CYCLE_START,T10_2022,2022,TIGHTENING_CYCLE_START,2022-03-16,T5YIE,rate,2022-03-15,3.42,2022-03-16,252,,,,,,,,,,,,,,,,,,,,,,,,,,,,,,,,,,-133.0,16.999999999999993,210.0,8.0,-8.000000000000007,10.000000000000009,-10.999999999999988,-33.999999999999986,-85.99999999999999,-127.99999999999999,107.72464898991325,104.54103079003997,102.67630461509498,98.2307227928127
T10_2022_LAST_HIKE,T10_2022,2022,LAST_HIKE,2023-07-26,GOLD,price,2023-07-25,1963.699951171875,2023-07-26,252,0.0032591661522642923,0.007689615537872063,-0.019198427514028782,0.0023425664666869572,0.044762513963459094,0.23017773144530573,-0.06716907145872064,0.2567093294244973,51.0,246.0,0.07428744510444885,5.0,51.0,46.0,6.0,10.0,57.0,61.0,True,True,746.0,0.07567949210007126,0.06262384872281247,0.0,0.116415875862878,0.07140549736814465,0.016666666666666666,0.12570372807644847,0.0795788694434865,0.03333333333333333,0.13914703000515719,0.09385261531212954,0.04365079365079365,,,,,,,,,,,,,,
T10_2022_LAST_HIKE,T10_2022,2022,LAST_HIKE,2023-07-26,SP500,price,2023-07-25,4567.4599609375,2023-07-26,252,-0.00015543889679858758,0.00202957871782794,-0.03938954206247103,-0.05536115596935609,0.04346398681741315,0.18210564756336156,-0.098542701545131,0.24077720303633954,67.0,245.0,0.10276617093291363,4.0,67.0,63.0,5.0,24.0,72.0,91.0,True,True,726.0,0.1020660063253705,0.08743768506802484,0.0,0.11866125085991633,0.09373984047012855,0.0,0.11873044255126748,0.08164409534838263,0.0,0.11559797849562368,0.07871973429795431,0.003968253968253968,,,,,,,,,,,,,,
T10_2022_LAST_HIKE,T10_2022,2022,LAST_HIKE,2023-07-26,NASDAQ,price,2023-07-25,14144.56,2023-07-26,252,-0.0012216710876831183,0.009851844101195217,-0.04515446221020647,-0.05869818502661095,0.05654399995475301,0.21472283337198195,-0.10950853190201737,0.3183478312510253,66.0,241.0,0.12201363165533019,4.0,66.0,62.0,6.0,30.0,72.0,96.0,True,True,727.0,0.15596932937003788,0.12279271773539686,0.05,0.16264649899432396,0.1256272217569943,0.016666666666666666,0.15921455029461345,0.11187142700336458,0.016666666666666666,0.16277201681513845,0.11369958126770986,0.023809523809523808,,,,,,,,,,,,,,
T10_2022_LAST_HIKE,T10_2022,2022,LAST_HIKE,2023-07-26,WTI,price,2023-07-25,79.76,2023-07-26,252,-0.00814944834503517,0.020185556670009985,0.006143430290872498,0.120235707121364,-0.06820461384152476,-0.031218655967903852,-0.14405717151454378,0.17439819458375116,96.0,45.0,0.2711647272339063,45.0,96.0,51.0,63.0,555.0,159.0,651.0,True,True,691.0,0.2296509179003721,0.15693721392983925,0.0,0.28391825424117917,0.18993299817083073,0.016666666666666666,0.32704449781616,0.24449304107600037,0.041666666666666664,0.2807574042741147,0.20696254348807255,0.01984126984126984,,,,,,,,,,,,,,
T10_2022_LAST_HIKE,T10_2022,2022,LAST_HIKE,2023-07-26,USD_BROAD,price,2023-07-25,117.8565,2023-07-26,252,-0.0008187923449278767,0.006086215015718377,0.02120290353098908,0.05041300225273959,0.025734685825559156,0.049343905512211794,-0.0008187923449278767,0.056086851382825875,1.0,234.0,0.04512670313790257,65.0,107.0,42.0,25.0,114.0,132.0,221.0,True,True,682.0,0.04345128306246988,0.02105432878213391,0.0,0.04777665495521811,0.025354577419544156,0.0,0.0548345184997251,0.038636839181768204,0.03333333333333333,0.046517303794185214,0.031171362782919224,0.015873015873015872,,,,,,,,,,,,,,
T10_2022_LAST_HIKE,T10_2022,2022,LAST_HIKE,2023-07-26,DGS2,rate,2023-07-25,4.85,2023-07-26,252,,,,,,,,,,,,,,,,,,,,,,,,,,,,,,,,,,-71.0,34.00000000000007,118.0,58.0,-2.999999999999936,7.000000000000028,16.999999999999993,29.000000000000004,-50.99999999999998,-48.99999999999993,82.77127648240237,84.83441498649997,109.93680002619693,102.22985974316688
T10_2022_LAST_HIKE,T10_2022,2022,LAST_HIKE,2023-07-26,DGS10,rate,2023-07-25,3.91,2023-07-26,252,,,,,,,,,,,,,,,,,,,,,,,,,,,,,,,,,,-12.00000000000001,107.00000000000003,107.0,60.0,-5.000000000000027,13.999999999999968,42.99999999999997,107.00000000000003,18.99999999999995,29.000000000000004,113.45729546722355,111.56621504283032,116.70770426708825,105.13574984948909
T10_2022_LAST_HIKE,T10_2022,2022,LAST_HIKE,2023-07-26,DFII10,rate,2023-07-25,1.52,2023-07-26,252,,,,,,,,,,,,,,,,,,,,,,,,,,,,,,,,,,-2.0000000000000018,100.0,1.0,64.0,-2.0000000000000018,15.999999999999993,47.0,97.00000000000001,28.000000000000004,40.99999999999999,106.08700500805435,102.88237483090806,105.05259187104113,89.62255958881669
T10_2022_LAST_HIKE,T10_2022,2022,LAST_HIKE,2023-07-26,T5YIE,rate,2023-07-25,2.26,2023-07-26,252,,,,,,,,,,,,,,,,,,,,,,,,,,,,,,,,,,-20.999999999999996,26.00000000000002,93.0,60.0,-1.9999999999999574,0.0,1.000000000000023,26.00000000000002,-1.9999999999999574,-12.99999999999999,41.67505880398702,53.76294483459891,52.86987355206893,46.44231310147177
T10_2022_TIGHTENING_CYCLE_END,T10_2022,2022,TIGHTENING_CYCLE_END,2023-07-26,GOLD,price,2023-07-25,1963.699951171875,2023-07-26,252,0.0032591661522642923,0.007689615537872063,-0.019198427514028782,0.0023425664666869572,0.044762513963459094,0.23017773144530573,-0.06716907145872064,0.2567093294244973,51.0,246.0,0.07428744510444885,5.0,51.0,46.0,6.0,10.0,57.0,61.0,True,True,746.0,0.07567949210007126,0.06262384872281247,0.0,0.116415875862878,0.07140549736814465,0.016666666666666666,0.12570372807644847,0.0795788694434865,0.03333333333333333,0.13914703000515719,0.09385261531212954,0.04365079365079365,,,,,,,,,,,,,,
T10_2022_TIGHTENING_CYCLE_END,T10_2022,2022,TIGHTENING_CYCLE_END,2023-07-26,SP500,price,2023-07-25,4567.4599609375,2023-07-26,252,-0.00015543889679858758,0.00202957871782794,-0.03938954206247103,-0.05536115596935609,0.04346398681741315,0.18210564756336156,-0.098542701545131,0.24077720303633954,67.0,245.0,0.10276617093291363,4.0,67.0,63.0,5.0,24.0,72.0,91.0,True,True,726.0,0.1020660063253705,0.08743768506802484,0.0,0.11866125085991633,0.09373984047012855,0.0,0.11873044255126748,0.08164409534838263,0.0,0.11559797849562368,0.07871973429795431,0.003968253968253968,,,,,,,,,,,,,,
T10_2022_TIGHTENING_CYCLE_END,T10_2022,2022,TIGHTENING_CYCLE_END,2023-07-26,NASDAQ,price,2023-07-25,14144.56,2023-07-26,252,-0.0012216710876831183,0.009851844101195217,-0.04515446221020647,-0.05869818502661095,0.05654399995475301,0.21472283337198195,-0.10950853190201737,0.3183478312510253,66.0,241.0,0.12201363165533019,4.0,66.0,62.0,6.0,30.0,72.0,96.0,True,True,727.0,0.15596932937003788,0.12279271773539686,0.05,0.16264649899432396,0.1256272217569943,0.016666666666666666,0.15921455029461345,0.11187142700336458,0.016666666666666666,0.16277201681513845,0.11369958126770986,0.023809523809523808,,,,,,,,,,,,,,
T10_2022_TIGHTENING_CYCLE_END,T10_2022,2022,TIGHTENING_CYCLE_END,2023-07-26,WTI,price,2023-07-25,79.76,2023-07-26,252,-0.00814944834503517,0.020185556670009985,0.006143430290872498,0.120235707121364,-0.06820461384152476,-0.031218655967903852,-0.14405717151454378,0.17439819458375116,96.0,45.0,0.2711647272339063,45.0,96.0,51.0,63.0,555.0,159.0,651.0,True,True,691.0,0.2296509179003721,0.15693721392983925,0.0,0.28391825424117917,0.18993299817083073,0.016666666666666666,0.32704449781616,0.24449304107600037,0.041666666666666664,0.2807574042741147,0.20696254348807255,0.01984126984126984,,,,,,,,,,,,,,
T10_2022_TIGHTENING_CYCLE_END,T10_2022,2022,TIGHTENING_CYCLE_END,2023-07-26,USD_BROAD,price,2023-07-25,117.8565,2023-07-26,252,-0.0008187923449278767,0.006086215015718377,0.02120290353098908,0.05041300225273959,0.025734685825559156,0.049343905512211794,-0.0008187923449278767,0.056086851382825875,1.0,234.0,0.04512670313790257,65.0,107.0,42.0,25.0,114.0,132.0,221.0,True,True,682.0,0.04345128306246988,0.02105432878213391,0.0,0.04777665495521811,0.025354577419544156,0.0,0.0548345184997251,0.038636839181768204,0.03333333333333333,0.046517303794185214,0.031171362782919224,0.015873015873015872,,,,,,,,,,,,,,
T10_2022_TIGHTENING_CYCLE_END,T10_2022,2022,TIGHTENING_CYCLE_END,2023-07-26,DGS2,rate,2023-07-25,4.85,2023-07-26,252,,,,,,,,,,,,,,,,,,,,,,,,,,,,,,,,,,-71.0,34.00000000000007,118.0,58.0,-2.999999999999936,7.000000000000028,16.999999999999993,29.000000000000004,-50.99999999999998,-48.99999999999993,82.77127648240237,84.83441498649997,109.93680002619693,102.22985974316688
T10_2022_TIGHTENING_CYCLE_END,T10_2022,2022,TIGHTENING_CYCLE_END,2023-07-26,DGS10,rate,2023-07-25,3.91,2023-07-26,252,,,,,,,,,,,,,,,,,,,,,,,,,,,,,,,,,,-12.00000000000001,107.00000000000003,107.0,60.0,-5.000000000000027,13.999999999999968,42.99999999999997,107.00000000000003,18.99999999999995,29.000000000000004,113.45729546722355,111.56621504283032,116.70770426708825,105.13574984948909
T10_2022_TIGHTENING_CYCLE_END,T10_2022,2022,TIGHTENING_CYCLE_END,2023-07-26,DFII10,rate,2023-07-25,1.52,2023-07-26,252,,,,,,,,,,,,,,,,,,,,,,,,,,,,,,,,,,-2.0000000000000018,100.0,1.0,64.0,-2.0000000000000018,15.999999999999993,47.0,97.00000000000001,28.000000000000004,40.99999999999999,106.08700500805435,102.88237483090806,105.05259187104113,89.62255958881669
T10_2022_TIGHTENING_CYCLE_END,T10_2022,2022,TIGHTENING_CYCLE_END,2023-07-26,T5YIE,rate,2023-07-25,2.26,2023-07-26,252,,,,,,,,,,,,,,,,,,,,,,,,,,,,,,,,,,-20.999999999999996,26.00000000000002,93.0,60.0,-1.9999999999999574,0.0,1.000000000000023,26.00000000000002,-1.9999999999999574,-12.99999999999999,41.67505880398702,53.76294483459891,52.86987355206893,46.44231310147177
T10_2022_PAUSE_START,T10_2022,2022,PAUSE_START,2023-09-20,GOLD,price,2023-09-19,1953.699951171875,2023-09-20,252,0.0068587934426802555,-0.017351642110353782,-0.009213287838392592,0.020218048312028225,0.12023348126895139,0.33009170425456014,-0.062394382653606306,0.33628500610132894,12.0,249.0,0.0687814185537321,1.0,12.0,11.0,6.0,9.0,18.0,21.0,True,True,746.0,0.16221621312737605,0.09792131968128552,0.05,0.14776021234964182,0.09558475270985628,0.06666666666666667,0.13362877646870172,0.08171064301395846,0.041666666666666664,0.14804953018328973,0.09882735245477302,0.051587301587301584,,,,,,,,,,,,,,
T10_2022_PAUSE_START,T10_2022,2022,PAUSE_START,2023-09-20,SP500,price,2023-09-19,4443.9501953125,2023-09-20,252,-0.0093947947580596,-0.03834885691023504,-0.01592052045826875,0.059213005743192326,0.1645652611026447,0.28571200972178423,-0.07348868996540026,0.28571200972178423,28.0,252.0,0.08485144350207374,206.0,220.0,14.0,6.0,32.0,226.0,252.0,True,True,534.0,0.13081806624034073,0.1036947732372387,0.05,0.13033795274679927,0.08610112423039071,0.016666666666666666,0.12129160290931766,0.0772452044094726,0.016666666666666666,0.12796168242034922,0.08715376746543972,0.031746031746031744,,,,,,,,,,,,,,
T10_2022_PAUSE_START,T10_2022,2022,PAUSE_START,2023-09-20,NASDAQ,price,2023-09-19,13678.19,2023-09-20,252,-0.015284185992444965,-0.04493138346520997,-0.010559876708833627,0.07718638211634721,0.1891661104283533,0.31698565380361,-0.07914643677270161,0.3632980679461244,27.0,202.0,0.13147320411101793,202.0,222.0,20.0,6.0,58.0,228.0,280.0,True,True,532.0,0.17033709769813757,0.13184211242507068,0.0,0.1676604776352734,0.11487088504671084,0.016666666666666666,0.16360827720476342,0.10704164165428974,0.016666666666666666,0.17986681324704704,0.12559816443332955,0.04365079365079365,,,,,,,,,,,,,,
T10_2022_PAUSE_START,T10_2022,2022,PAUSE_START,2023-09-20,WTI,price,2023-09-19,91.16,2023-09-20,252,-0.021500658183413734,0.0029618253620009583,-0.030824923211935085,-0.2206011408512506,-0.09872751206669594,-0.21752961825362005,-0.2679903466432645,0.027534006143045353,243.0,6.0,0.28760542329454464,6.0,243.0,237.0,85.0,369.0,328.0,612.0,True,True,505.0,0.4012612884450799,0.28091314894131403,0.05,0.3859478681434445,0.3075546395161765,0.1,0.3357557258786037,0.2503194857699614,0.058333333333333334,0.30465865503869294,0.22887269537022487,0.03571428571428571,,,,,,,,,,,,,,
T10_2022_PAUSE_START,T10_2022,2022,PAUSE_START,2023-09-20,USD_BROAD,price,2023-09-19,121.1645,2023-09-20,252,-0.0016481725257810886,0.010809271692616251,0.021873568578255176,-0.0117715997672585,-0.007621869441957085,0.001986555467979434,-0.02273025514899174,0.027253857359210043,68.0,195.0,0.04512670313790257,26.0,68.0,42.0,25.0,114.0,93.0,182.0,True,True,682.0,0.05696497268458235,0.02816548710999429,0.0,0.06177042995247384,0.048844273807076226,0.06666666666666667,0.05245558409056893,0.03845617259203433,0.03333333333333333,0.04660741217992059,0.03322435720391384,0.023809523809523808,,,,,,,,,,,,,,
T10_2022_PAUSE_START,T10_2022,2022,PAUSE_START,2023-09-20,DGS2,rate,2023-09-19,5.08,2023-09-20,252,,,,,,,,,,,,,,,,,,,,,,,,,,,,,,,,,,-153.00000000000003,11.000000000000032,252.0,19.0,4.0000000000000036,-4.0000000000000036,11.000000000000032,-71.0,-46.99999999999997,-153.00000000000003,93.76998734305018,127.51602092764804,116.0946115180607,107.22748280048864
T10_2022_PAUSE_START,T10_2022,2022,PAUSE_START,2023-09-20,DGS10,rate,2023-09-19,4.37,2023-09-20,252,,,,,,,,,,,,,,,,,,,,,,,,,,,,,,,,,,-74.00000000000003,61.00000000000003,248.0,21.0,-2.000000000000046,18.99999999999995,54.0,-45.000000000000014,-17.99999999999997,-64.00000000000001,128.66652122526102,133.3171953510544,114.59565744775132,102.85781002755864
T10_2022_PAUSE_START,T10_2022,2022,PAUSE_START,2023-09-20,DFII10,rate,2023-09-19,2.0,2023-09-20,252,,,,,,,,,,,,,,,,,,,,,,,,,,,,,,,,,,-47.0,52.0,249.0,25.0,0.0,23.0,47.00000000000002,-30.000000000000004,-11.00000000000001,-41.99999999999999,117.47756784751903,118.59602417093309,98.07311198344658,84.05376765245987
T10_2022_PAUSE_START,T10_2022,2022,PAUSE_START,2023-09-20,T5YIE,rate,2023-09-19,2.3,2023-09-20,252,,,,,,,,,,,,,,,,,,,,,,,,,,,,,,,,,,-43.99999999999997,22.00000000000002,242.0,21.0,-2.9999999999999805,-9.999999999999964,5.000000000000027,-11.999999999999966,7.000000000000028,-27.99999999999998,50.69257186319563,66.05637038012763,54.46061717910848,50.962684575319464
T10_2022_FIRST_CUT,T10_2022,2022,FIRST_CUT,2024-09-18,GOLD,price,2024-09-17,2592.39990234375,2024-09-18,252,0.002391681664119183,0.032633891700028395,0.033366765645144625,0.06337758641310853,0.126716560860463,0.4341151785520889,-0.008601992565783978,0.43693112096187114,43.0,251.0,0.08236930418092558,31.0,43.0,12.0,5.0,50.0,48.0,93.0,True,True,464.0,0.11442628050843452,0.06644241448483491,0.0,0.16307498500248074,0.12734757630142132,0.06666666666666667,0.155379882881923,0.11412023192257616,0.08333333333333333,0.18444765104766164,0.12520401203865222,0.0873015873015873,,,,,,,,,,,,,,
T10_2022_FIRST_CUT,T10_2022,2022,FIRST_CUT,2024-09-18,SP500,price,2024-09-17,5634.580078125,2024-09-18,252,-0.002896455862498093,0.017454734211351797,0.03206622055145658,0.07979474194124236,-0.006261384690310456,0.18276069749263835,-0.11568032569530018,0.18276069749263835,139.0,252.0,0.1890220618428401,105.0,139.0,34.0,15.0,55.0,154.0,194.0,True,True,365.0,0.10701481096027458,0.05759219820058566,0.0,0.1080359260518395,0.0651559371327283,0.016666666666666666,0.13724446743212929,0.10476222750807401,0.075,0.18615935127062963,0.12728768254066847,0.07539682539682539,,,,,,,,,,,,,,
T10_2022_FIRST_CUT,T10_2022,2022,FIRST_CUT,2024-09-18,NASDAQ,price,2024-09-17,17628.06,2024-09-18,252,-0.003106411028780398,0.02532666668935768,0.03900202291119936,0.13653402586558006,0.0011566786135286389,0.2838327076263638,-0.13388597497399035,0.2838327076263638,139.0,252.0,0.2431846312238245,63.0,139.0,76.0,17.0,55.0,156.0,194.0,True,True,365.0,0.14664150286033997,0.08104541145035266,0.0,0.1547632521948508,0.09721134242277941,0.03333333333333333,0.19629126666061975,0.15146362966946678,0.08333333333333333,0.23993648036887547,0.16242134624207544,0.07936507936507936,,,,,,,,,,,,,,
T10_2022_FIRST_CUT,T10_2022,2022,FIRST_CUT,2024-09-18,WTI,price,2024-09-17,72.16,2024-09-18,252,-0.004018847006651782,0.0024944567627496195,-0.016491130820399102,-0.008592017738359048,-0.06554878048780477,-0.11640798226164073,-0.18930155210643007,0.1187638580931265,155.0,80.0,0.2753623188405797,80.0,155.0,75.0,28.0,207.0,183.0,362.0,True,True,345.0,0.4424930294572591,0.3303884018852679,0.1,0.3570883358852141,0.27230300243464084,0.05,0.30669373994945226,0.22932873515332663,0.025,0.3324801909476462,0.2501475465453822,0.031746031746031744,,,,,,,,,,,,,,
T10_2022_FIRST_CUT,T10_2022,2022,FIRST_CUT,2024-09-18,USD_BROAD,price,2024-09-17,121.6031,2024-09-18,252,-0.0003396294995768878,-0.0038979269442966924,0.0190817503830083,0.04692725761103134,0.03618328809051752,-0.014944520328840305,-0.020298002271323723,0.06939132308304652,249.0,79.0,0.08386950914824753,79.0,249.0,170.0,,,,,False,False,252.0,0.034090161347669894,0.016503521947612676,0.0,0.04714124871235045,0.024755122694418017,0.03333333333333333,0.05325306966093828,0.03755431832933991,0.09166666666666666,0.0536863803533836,0.04069668150932701,0.09523809523809523,,,,,,,,,,,,,,
T10_2022_FIRST_CUT,T10_2022,2022,FIRST_CUT,2024-09-18,DGS2,rate,2024-09-17,3.59,2024-09-18,252,,,,,,,,,,,,,,,,,,,,,,,,,,,,,,,,,,-9.999999999999964,81.00000000000006,5.0,78.0,2.0000000000000018,-9.999999999999964,34.00000000000003,66.00000000000001,35.00000000000001,2.0000000000000018,109.51048976431925,87.95923555058944,82.84233785436332,90.24579097578253
T10_2022_FIRST_CUT,T10_2022,2022,FIRST_CUT,2024-09-18,DGS10,rate,2024-09-17,3.65,2024-09-18,252,,,,,,,,,,,,,,,,,,,,,,,,,,,,,,,,,,5.000000000000027,114.00000000000001,1.0,79.0,5.000000000000027,9.00000000000003,36.999999999999964,75.00000000000004,61.999999999999964,50.00000000000004,72.15575258826523,86.92983728369397,87.14247967957938,85.59880477253215
T10_2022_FIRST_CUT,T10_2022,2022,FIRST_CUT,2024-09-18,DFII10,rate,2024-09-17,1.53,2024-09-18,252,,,,,,,,,,,,,,,,,,,,,,,,,,,,,,,,,,2.0000000000000018,80.99999999999999,5.0,78.0,5.000000000000004,2.0000000000000018,21.999999999999996,53.99999999999998,44.99999999999999,25.0,64.10090729302877,69.94438468635306,71.20331287732252,72.61849774774637
T10_2022_FIRST_CUT,T10_2022,2022,FIRST_CUT,2024-09-18,T5YIE,rate,2024-09-17,1.97,2024-09-18,252,,,,,,,,,,,,,,,,,,,,,,,,,,,,,,,,,,1.0000000000000009,69.00000000000001,1.0,100.0,1.0000000000000009,9.000000000000007,21.999999999999996,42.99999999999999,51.0,44.99999999999999,42.75117726910851,53.82051149540596,49.07599149458392,50.16923550578643
