event_id,cycle_id,cycle_start_year,event_type,event_date,event_time_obs,date,normalized_price,cum_return
T07_1999_FIRST_CUT,T07_1999,1999,FIRST_CUT,2001-01-03,-60,2000-10-04,1.0070789640077904,0.0070789640077904
T07_1999_FIRST_CUT,T07_1999,1999,FIRST_CUT,2001-01-03,-59,2000-10-05,1.0081967669786154,0.008196766978615377
T07_1999_FIRST_CUT,T07_1999,1999,FIRST_CUT,2001-01-03,-58,2000-10-06,1.0033531815087577,0.003353181508757741
T07_1999_FIRST_CUT,T07_1999,1999,FIRST_CUT,2001-01-03,-57,2000-10-09,1.006333875729099,0.006333875729098937
T07_1999_FIRST_CUT,T07_1999,1999,FIRST_CUT,2001-01-03,-56,2000-10-10,1.0149031299961306,0.014903129996130637
T07_1999_FIRST_CUT,T07_1999,1999,FIRST_CUT,2001-01-03,-55,2000-10-11,1.0078241659883402,0.007824165988340237
T07_1999_FIRST_CUT,T07_1999,1999,FIRST_CUT,2001-01-03,-54,2000-10-12,1.0298062599922615,0.029806259992261497
T07_1999_FIRST_CUT,T07_1999,1999,FIRST_CUT,2001-01-03,-53,2000-10-13,1.0149031299961306,0.014903129996130637
T07_1999_FIRST_CUT,T07_1999,1999,FIRST_CUT,2001-01-03,-52,2000-10-16,1.0115499484873731,0.011549948487373118
T07_1999_FIRST_CUT,T07_1999,1999,FIRST_CUT,2001-01-03,-51,2000-10-17,1.0100596582281316,0.010059658228131596
T07_1999_FIRST_CUT,T07_1999,1999,FIRST_CUT,2001-01-03,-50,2000-10-18,1.0070789640077904,0.0070789640077904
T07_1999_FIRST_CUT,T07_1999,1999,FIRST_CUT,2001-01-03,-49,2000-10-19,1.006333875729099,0.006333875729098937
T07_1999_FIRST_CUT,T07_1999,1999,FIRST_CUT,2001-01-03,-48,2000-10-20,1.0104322592184065,0.010432259218406514
T07_1999_FIRST_CUT,T07_1999,1999,FIRST_CUT,2001-01-03,-47,2000-10-23,1.006333875729099,0.006333875729098937
T07_1999_FIRST_CUT,T07_1999,1999,FIRST_CUT,2001-01-03,-46,2000-10-24,1.006333875729099,0.006333875729098937
T07_1999_FIRST_CUT,T07_1999,1999,FIRST_CUT,2001-01-03,-45,2000-10-25,0.9918033467232432,-0.008196653276756782
T07_1999_FIRST_CUT,T07_1999,1999,FIRST_CUT,2001-01-03,-44,2000-10-26,0.9869597612533856,-0.013040238746614419
T07_1999_FIRST_CUT,T07_1999,1999,FIRST_CUT,2001-01-03,-43,2000-10-27,0.9850968700038693,-0.014903129996130748
T07_1999_FIRST_CUT,T07_1999,1999,FIRST_CUT,2001-01-03,-42,2000-10-30,0.9847242690135943,-0.015275730986405667
T07_1999_FIRST_CUT,T07_1999,1999,FIRST_CUT,2001-01-03,-41,2000-10-31,0.9869597612533856,-0.013040238746614419
T07_1999_FIRST_CUT,T07_1999,1999,FIRST_CUT,2001-01-03,-40,2000-11-01,0.9832339787543529,-0.016766021245647078
T07_1999_FIRST_CUT,T07_1999,1999,FIRST_CUT,2001-01-03,-39,2000-11-02,0.9850968700038693,-0.014903129996130748
T07_1999_FIRST_CUT,T07_1999,1999,FIRST_CUT,2001-01-03,-38,2000-11-03,0.9858420719844192,-0.0141579280155808
T07_1999_FIRST_CUT,T07_1999,1999,FIRST_CUT,2001-01-03,-37,2000-11-06,0.9854694709941443,-0.014530529005855719
T07_1999_FIRST_CUT,T07_1999,1999,FIRST_CUT,2001-01-03,-36,2000-11-07,0.9847242690135943,-0.015275730986405667
T07_1999_FIRST_CUT,T07_1999,1999,FIRST_CUT,2001-01-03,-35,2000-11-08,0.9873323622436606,-0.01266763775633939
T07_1999_FIRST_CUT,T07_1999,1999,FIRST_CUT,2001-01-03,-34,2000-11-09,0.9903129427621433,-0.009687057237856678
T07_1999_FIRST_CUT,T07_1999,1999,FIRST_CUT,2001-01-03,-33,2000-11-10,0.9854694709941443,-0.014530529005855719
T07_1999_FIRST_CUT,T07_1999,1999,FIRST_CUT,2001-01-03,-32,2000-11-13,0.9847242690135943,-0.015275730986405667
T07_1999_FIRST_CUT,T07_1999,1999,FIRST_CUT,2001-01-03,-31,2000-11-14,0.9869597612533856,-0.013040238746614419
T07_1999_FIRST_CUT,T07_1999,1999,FIRST_CUT,2001-01-03,-30,2000-11-15,0.9877049632339355,-0.012295036766064471
T07_1999_FIRST_CUT,T07_1999,1999,FIRST_CUT,2001-01-03,-29,2000-11-16,0.9903129427621433,-0.009687057237856678
T07_1999_FIRST_CUT,T07_1999,1999,FIRST_CUT,2001-01-03,-28,2000-11-17,0.9899404554737269,-0.010059544526273112
T07_1999_FIRST_CUT,T07_1999,1999,FIRST_CUT,2001-01-03,-27,2000-11-20,0.9921758340116597,-0.007824165988340348
T07_1999_FIRST_CUT,T07_1999,1999,FIRST_CUT,2001-01-03,-26,2000-11-21,0.9899404554737269,-0.010059544526273112
T07_1999_FIRST_CUT,T07_1999,1999,FIRST_CUT,2001-01-03,-25,2000-11-22,0.9921758340116597,-0.007824165988340348
T07_1999_FIRST_CUT,T07_1999,1999,FIRST_CUT,2001-01-03,-24,2000-11-27,1.006333875729099,0.006333875729098937
T07_1999_FIRST_CUT,T07_1999,1999,FIRST_CUT,2001-01-03,-23,2000-11-28,1.005216072758274,0.00521607275827396
T07_1999_FIRST_CUT,T07_1999,1999,FIRST_CUT,2001-01-03,-22,2000-11-29,0.9925484350019347,-0.007451564998065319
T07_1999_FIRST_CUT,T07_1999,1999,FIRST_CUT,2001-01-03,-21,2000-11-30,1.006333875729099,0.006333875729098937
T07_1999_FIRST_CUT,T07_1999,1999,FIRST_CUT,2001-01-03,-20,2000-12-01,1.001117802970825,0.001117802970824977
T07_1999_FIRST_CUT,T07_1999,1999,FIRST_CUT,2001-01-03,-19,2000-12-04,1.0085693679688903,0.008569367968890296
T07_1999_FIRST_CUT,T07_1999,1999,FIRST_CUT,2001-01-03,-18,2000-12-05,1.0074515649980653,0.007451564998065319
T07_1999_FIRST_CUT,T07_1999,1999,FIRST_CUT,2001-01-03,-17,2000-12-06,1.021982094003921,0.021982094003921038
T07_1999_FIRST_CUT,T07_1999,1999,FIRST_CUT,2001-01-03,-16,2000-12-07,1.017883824216472,0.017883824216472055
T07_1999_FIRST_CUT,T07_1999,1999,FIRST_CUT,2001-01-03,-15,2000-12-08,1.0141580417174392,0.014158041717439174
T07_1999_FIRST_CUT,T07_1999,1999,FIRST_CUT,2001-01-03,-14,2000-12-11,1.0067064767193739,0.006706476719373855
T07_1999_FIRST_CUT,T07_1999,1999,FIRST_CUT,2001-01-03,-13,2000-12-12,1.0070789640077904,0.0070789640077904
T07_1999_FIRST_CUT,T07_1999,1999,FIRST_CUT,2001-01-03,-12,2000-12-13,1.0007452019805498,0.0007452019805498367
T07_1999_FIRST_CUT,T07_1999,1999,FIRST_CUT,2001-01-03,-11,2000-12-14,1.0022354922397914,0.002235492239791359
T07_1999_FIRST_CUT,T07_1999,1999,FIRST_CUT,2001-01-03,-10,2000-12-15,1.0074515649980653,0.007451564998065319
T07_1999_FIRST_CUT,T07_1999,1999,FIRST_CUT,2001-01-03,-9,2000-12-18,1.0048435854698576,0.004843585469857636
T07_1999_FIRST_CUT,T07_1999,1999,FIRST_CUT,2001-01-03,-8,2000-12-19,1.0048435854698576,0.004843585469857636
T07_1999_FIRST_CUT,T07_1999,1999,FIRST_CUT,2001-01-03,-7,2000-12-20,1.0152757309864058,0.015275730986405778
T07_1999_FIRST_CUT,T07_1999,1999,FIRST_CUT,2001-01-03,-6,2000-12-21,1.0197467154659883,0.019746715465988274
T07_1999_FIRST_CUT,T07_1999,1999,FIRST_CUT,2001-01-03,-5,2000-12-22,1.0197467154659883,0.019746715465988274
T07_1999_FIRST_CUT,T07_1999,1999,FIRST_CUT,2001-01-03,-4,2000-12-26,1.0212370057252296,0.021237005725229574
T07_1999_FIRST_CUT,T07_1999,1999,FIRST_CUT,2001-01-03,-3,2000-12-27,1.0253353892145374,0.025335389214537374
T07_1999_FIRST_CUT,T07_1999,1999,FIRST_CUT,2001-01-03,-2,2000-12-28,1.012295150467923,0.012295150467922955
T07_1999_FIRST_CUT,T07_1999,1999,FIRST_CUT,2001-01-03,-1,2000-12-29,1.0134128397368893,0.013412839736889337
T07_1999_FIRST_CUT,T07_1999,1999,FIRST_CUT,2001-01-03,0,2001-01-02,1.0,0.0
T07_1999_FIRST_CUT,T07_1999,1999,FIRST_CUT,2001-01-03,1,2001-01-03,0.9985097097407586,-0.0014902902592414113
T07_1999_FIRST_CUT,T07_1999,1999,FIRST_CUT,2001-01-03,2,2001-01-04,0.9959016165106923,-0.004098383489307689
T07_1999_FIRST_CUT,T07_1999,1999,FIRST_CUT,2001-01-03,3,2001-01-05,0.9985097097407586,-0.0014902902592414113
T07_1999_FIRST_CUT,T07_1999,1999,FIRST_CUT,2001-01-03,4,2001-01-08,0.9985097097407586,-0.0014902902592414113
T07_1999_FIRST_CUT,T07_1999,1999,FIRST_CUT,2001-01-03,5,2001-01-09,0.9966468184912423,-0.003353181508757741
T07_1999_FIRST_CUT,T07_1999,1999,FIRST_CUT,2001-01-03,6,2001-01-10,0.9862146729746942,-0.013785327025305771
T07_1999_FIRST_CUT,T07_1999,1999,FIRST_CUT,2001-01-03,7,2001-01-11,0.983606579744628,-0.01639342025537205
T07_1999_FIRST_CUT,T07_1999,1999,FIRST_CUT,2001-01-03,8,2001-01-12,0.9832339787543529,-0.016766021245647078
T07_1999_FIRST_CUT,T07_1999,1999,FIRST_CUT,2001-01-03,9,2001-01-16,0.9809984865145617,-0.019001513485438326
T07_1999_FIRST_CUT,T07_1999,1999,FIRST_CUT,2001-01-03,10,2001-01-17,0.9806259992261451,-0.01937400077385487
T07_1999_FIRST_CUT,T07_1999,1999,FIRST_CUT,2001-01-03,11,2001-01-18,0.9843517817251778,-0.015648218274822212
T07_1999_FIRST_CUT,T07_1999,1999,FIRST_CUT,2001-01-03,12,2001-01-19,0.9847242690135943,-0.015275730986405667
T07_1999_FIRST_CUT,T07_1999,1999,FIRST_CUT,2001-01-03,13,2001-01-22,0.9925484350019347,-0.007451564998065319
T07_1999_FIRST_CUT,T07_1999,1999,FIRST_CUT,2001-01-03,14,2001-01-23,0.9914307457329682,-0.008569254267031812
T07_1999_FIRST_CUT,T07_1999,1999,FIRST_CUT,2001-01-03,15,2001-01-24,0.9847242690135943,-0.015275730986405667
T07_1999_FIRST_CUT,T07_1999,1999,FIRST_CUT,2001-01-03,16,2001-01-25,0.9854694709941443,-0.014530529005855719
T07_1999_FIRST_CUT,T07_1999,1999,FIRST_CUT,2001-01-03,17,2001-01-26,0.9791355952650452,-0.020864404734954767
T07_1999_FIRST_CUT,T07_1999,1999,FIRST_CUT,2001-01-03,18,2001-01-29,0.9791355952650452,-0.020864404734954767
T07_1999_FIRST_CUT,T07_1999,1999,FIRST_CUT,2001-01-03,19,2001-01-30,0.9891952534931769,-0.01080474650682306
T07_1999_FIRST_CUT,T07_1999,1999,FIRST_CUT,2001-01-03,20,2001-01-31,0.9895678544834519,-0.010432145516548141
T07_1999_FIRST_CUT,T07_1999,1999,FIRST_CUT,2001-01-03,21,2001-02-01,1.000372600990275,0.00037260099027491833
T07_1999_FIRST_CUT,T07_1999,1999,FIRST_CUT,2001-01-03,22,2001-02-02,0.995156528232001,-0.004843471767999041
T07_1999_FIRST_CUT,T07_1999,1999,FIRST_CUT,2001-01-03,23,2001-02-05,0.9880775642242106,-0.011922435775789442
T07_1999_FIRST_CUT,T07_1999,1999,FIRST_CUT,2001-01-03,24,2001-02-06,0.9809984865145617,-0.019001513485438326
T07_1999_FIRST_CUT,T07_1999,1999,FIRST_CUT,2001-01-03,25,2001-02-07,0.9791355952650452,-0.020864404734954767
T07_1999_FIRST_CUT,T07_1999,1999,FIRST_CUT,2001-01-03,26,2001-02-08,0.9690760507387721,-0.03092394926122788
T07_1999_FIRST_CUT,T07_1999,1999,FIRST_CUT,2001-01-03,27,2001-02-09,0.9683308487582222,-0.031669151241777826
T07_1999_FIRST_CUT,T07_1999,1999,FIRST_CUT,2001-01-03,28,2001-02-12,0.9713115429785635,-0.02868845702143652
T07_1999_FIRST_CUT,T07_1999,1999,FIRST_CUT,2001-01-03,29,2001-02-13,0.9698211390174636,-0.030178860982536415
T07_1999_FIRST_CUT,T07_1999,1999,FIRST_CUT,2001-01-03,30,2001-02-14,0.9664679575087058,-0.033532042491294156
T07_1999_FIRST_CUT,T07_1999,1999,FIRST_CUT,2001-01-03,31,2001-02-15,0.9504471382436087,-0.04955286175639129
T07_1999_FIRST_CUT,T07_1999,1999,FIRST_CUT,2001-01-03,32,2001-02-16,0.9619970867309817,-0.03800291326901828
T07_1999_FIRST_CUT,T07_1999,1999,FIRST_CUT,2001-01-03,33,2001-02-20,0.9541729207426414,-0.04582707925735863
T07_1999_FIRST_CUT,T07_1999,1999,FIRST_CUT,2001-01-03,34,2001-02-21,0.9619970867309817,-0.03800291326901828
T07_1999_FIRST_CUT,T07_1999,1999,FIRST_CUT,2001-01-03,35,2001-02-22,0.9631147759999481,-0.0368852240000519
T07_1999_FIRST_CUT,T07_1999,1999,FIRST_CUT,2001-01-03,36,2001-02-23,0.9720566312572549,-0.027943368742745056
T07_1999_FIRST_CUT,T07_1999,1999,FIRST_CUT,2001-01-03,37,2001-02-26,0.9903129427621433,-0.009687057237856678
T07_1999_FIRST_CUT,T07_1999,1999,FIRST_CUT,2001-01-03,38,2001-02-27,0.9962742175009673,-0.0037257824990326593
T07_1999_FIRST_CUT,T07_1999,1999,FIRST_CUT,2001-01-03,39,2001-02-28,0.994038725261176,-0.005961274738824018
T07_1999_FIRST_CUT,T07_1999,1999,FIRST_CUT,2001-01-03,40,2001-03-01,0.9880775642242106,-0.011922435775789442
T07_1999_FIRST_CUT,T07_1999,1999,FIRST_CUT,2001-01-03,41,2001-03-02,0.9765276157368376,-0.02347238426316245
T07_1999_FIRST_CUT,T07_1999,1999,FIRST_CUT,2001-01-03,42,2001-03-05,0.9780179059960789,-0.02198209400392115
T07_1999_FIRST_CUT,T07_1999,1999,FIRST_CUT,2001-01-03,43,2001-03-06,0.9683308487582222,-0.031669151241777826
T07_1999_FIRST_CUT,T07_1999,1999,FIRST_CUT,2001-01-03,44,2001-03-07,0.9739195225067713,-0.026080477493228726
T07_1999_FIRST_CUT,T07_1999,1999,FIRST_CUT,2001-01-03,45,2001-03-08,0.9888226525029019,-0.011177347497098089
T07_1999_FIRST_CUT,T07_1999,1999,FIRST_CUT,2001-01-03,46,2001-03-09,1.0089418552573068,0.008941855257306841
T07_1999_FIRST_CUT,T07_1999,1999,FIRST_CUT,2001-01-03,47,2001-03-12,1.011922549477648,0.011922549477648037
T07_1999_FIRST_CUT,T07_1999,1999,FIRST_CUT,2001-01-03,48,2001-03-13,0.994038725261176,-0.005961274738824018
T07_1999_FIRST_CUT,T07_1999,1999,FIRST_CUT,2001-01-03,49,2001-03-14,0.9780179059960789,-0.02198209400392115
T07_1999_FIRST_CUT,T07_1999,1999,FIRST_CUT,2001-01-03,50,2001-03-15,0.9687034497484972,-0.0312965502515028
T07_1999_FIRST_CUT,T07_1999,1999,FIRST_CUT,2001-01-03,51,2001-03-16,0.9616244857407068,-0.0383755142592932
T07_1999_FIRST_CUT,T07_1999,1999,FIRST_CUT,2001-01-03,52,2001-03-19,0.9679582477679473,-0.032041752232052745
T07_1999_FIRST_CUT,T07_1999,1999,FIRST_CUT,2001-01-03,53,2001-03-20,0.9705663409980135,-0.029433659001986467
T07_1999_FIRST_CUT,T07_1999,1999,FIRST_CUT,2001-01-03,54,2001-03-21,0.9757824137562876,-0.024217586243712397
T07_1999_FIRST_CUT,T07_1999,1999,FIRST_CUT,2001-01-03,55,2001-03-22,0.9728018332378048,-0.02719816676219522
T07_1999_FIRST_CUT,T07_1999,1999,FIRST_CUT,2001-01-03,56,2001-03-23,0.9742921234970462,-0.025707876502953808
T07_1999_FIRST_CUT,T07_1999,1999,FIRST_CUT,2001-01-03,57,2001-03-26,0.9757824137562876,-0.024217586243712397
T07_1999_FIRST_CUT,T07_1999,1999,FIRST_CUT,2001-01-03,58,2001-03-27,0.9724292322475299,-0.027570767752470138
T07_1999_FIRST_CUT,T07_1999,1999,FIRST_CUT,2001-01-03,59,2001-03-28,0.9675857604795308,-0.03241423952046918
T07_1999_FIRST_CUT,T07_1999,1999,FIRST_CUT,2001-01-03,60,2001-03-29,0.9642324652689146,-0.035767534731085404
T07_1999_FIRST_CUT,T07_1999,1999,FIRST_CUT,2001-01-03,61,2001-03-30,0.9608792837601569,-0.039120716239843145
T07_1999_FIRST_CUT,T07_1999,1999,FIRST_CUT,2001-01-03,62,2001-04-02,0.952310029493125,-0.04768997050687496
T07_1999_FIRST_CUT,T07_1999,1999,FIRST_CUT,2001-01-03,63,2001-04-03,0.9567809002708492,-0.043219099729150834
T07_1999_FIRST_CUT,T07_1999,1999,FIRST_CUT,2001-01-03,64,2001-04-04,0.9627421750096732,-0.037257824990326815
T07_1999_FIRST_CUT,T07_1999,1999,FIRST_CUT,2001-01-03,65,2001-04-05,0.9616244857407068,-0.0383755142592932
T07_1999_FIRST_CUT,T07_1999,1999,FIRST_CUT,2001-01-03,66,2001-04-06,0.9687034497484972,-0.0312965502515028
T07_1999_FIRST_CUT,T07_1999,1999,FIRST_CUT,2001-01-03,67,2001-04-09,0.9623695740193983,-0.037630425980601734
T07_1999_FIRST_CUT,T07_1999,1999,FIRST_CUT,2001-01-03,68,2001-04-10,0.9586437915203655,-0.041356208479634504
T07_1999_FIRST_CUT,T07_1999,1999,FIRST_CUT,2001-01-03,69,2001-04-11,0.963859977980498,-0.03614002201950195
T07_1999_FIRST_CUT,T07_1999,1999,FIRST_CUT,2001-01-03,70,2001-04-12,0.9690760507387721,-0.03092394926122788
T07_1999_FIRST_CUT,T07_1999,1999,FIRST_CUT,2001-01-03,71,2001-04-16,0.9809984865145617,-0.019001513485438326
T07_1999_FIRST_CUT,T07_1999,1999,FIRST_CUT,2001-01-03,72,2001-04-17,0.9728018332378048,-0.02719816676219522
T07_1999_FIRST_CUT,T07_1999,1999,FIRST_CUT,2001-01-03,73,2001-04-18,0.9735469215164962,-0.026453078483503756
T07_1999_FIRST_CUT,T07_1999,1999,FIRST_CUT,2001-01-03,74,2001-04-19,0.988450051512627,-0.011549948487373007
T07_1999_FIRST_CUT,T07_1999,1999,FIRST_CUT,2001-01-03,75,2001-04-20,0.9865871602631107,-0.013412839736889337
T07_1999_FIRST_CUT,T07_1999,1999,FIRST_CUT,2001-01-03,76,2001-04-23,0.9824888904756615,-0.01751110952433854
T07_1999_FIRST_CUT,T07_1999,1999,FIRST_CUT,2001-01-03,77,2001-04-24,0.9839791807349029,-0.01602081926509713
T07_1999_FIRST_CUT,T07_1999,1999,FIRST_CUT,2001-01-03,78,2001-04-25,0.9776453050058039,-0.022354694994196067
T07_1999_FIRST_CUT,T07_1999,1999,FIRST_CUT,2001-01-03,79,2001-04-26,0.9850968700038693,-0.014903129996130748
T07_1999_FIRST_CUT,T07_1999,1999,FIRST_CUT,2001-01-03,80,2001-04-27,0.9832339787543529,-0.016766021245647078
T07_1999_FIRST_CUT,T07_1999,1999,FIRST_CUT,2001-01-03,81,2001-04-30,0.983606579744628,-0.01639342025537205
T07_1999_FIRST_CUT,T07_1999,1999,FIRST_CUT,2001-01-03,82,2001-05-01,0.9850968700038693,-0.014903129996130748
T07_1999_FIRST_CUT,T07_1999,1999,FIRST_CUT,2001-01-03,83,2001-05-02,0.9888226525029019,-0.011177347497098089
T07_1999_FIRST_CUT,T07_1999,1999,FIRST_CUT,2001-01-03,84,2001-05-03,0.9921758340116597,-0.007824165988340348
T07_1999_FIRST_CUT,T07_1999,1999,FIRST_CUT,2001-01-03,85,2001-05-04,0.9914307457329682,-0.008569254267031812
T07_1999_FIRST_CUT,T07_1999,1999,FIRST_CUT,2001-01-03,86,2001-05-07,0.9914307457329682,-0.008569254267031812
T07_1999_FIRST_CUT,T07_1999,1999,FIRST_CUT,2001-01-03,87,2001-05-08,0.9877049632339355,-0.012295036766064471
T07_1999_FIRST_CUT,T07_1999,1999,FIRST_CUT,2001-01-03,88,2001-05-09,1.005961274738824,0.005961274738824018
T07_1999_FIRST_CUT,T07_1999,1999,FIRST_CUT,2001-01-03,89,2001-05-10,1.0026080932300663,0.0026080932300662774
T07_1999_FIRST_CUT,T07_1999,1999,FIRST_CUT,2001-01-03,90,2001-05-11,0.9981371087504837,-0.0018628912495163297
T07_1999_FIRST_CUT,T07_1999,1999,FIRST_CUT,2001-01-03,91,2001-05-14,0.9996273990097251,-0.00037260099027491833
T07_1999_FIRST_CUT,T07_1999,1999,FIRST_CUT,2001-01-03,92,2001-05-15,0.9988823107310336,-0.001117689268966382
T07_1999_FIRST_CUT,T07_1999,1999,FIRST_CUT,2001-01-03,93,2001-05-16,1.0134128397368893,0.013412839736889337
T07_1999_FIRST_CUT,T07_1999,1999,FIRST_CUT,2001-01-03,94,2001-05-17,1.0193741144757134,0.019374114475713355
T07_1999_FIRST_CUT,T07_1999,1999,FIRST_CUT,2001-01-03,95,2001-05-18,1.070789867481621,0.07078986748162097
T07_1999_FIRST_CUT,T07_1999,1999,FIRST_CUT,2001-01-03,96,2001-05-21,1.0633383024835557,0.06333830248355565
T07_1999_FIRST_CUT,T07_1999,1999,FIRST_CUT,2001-01-03,97,2001-05-22,1.0622206132145893,0.06222061321458927
T07_1999_FIRST_CUT,T07_1999,1999,FIRST_CUT,2001-01-03,98,2001-05-23,1.0566319394660402,0.05663193946604017
T07_1999_FIRST_CUT,T07_1999,1999,FIRST_CUT,2001-01-03,99,2001-05-24,1.039865918220393,0.03986591822039309
T07_1999_FIRST_CUT,T07_1999,1999,FIRST_CUT,2001-01-03,100,2001-05-25,1.0353949337408104,0.035394933740810375
T07_1999_FIRST_CUT,T07_1999,1999,FIRST_CUT,2001-01-03,101,2001-05-29,1.0201192027544048,0.02011920275440482
T07_1999_FIRST_CUT,T07_1999,1999,FIRST_CUT,2001-01-03,102,2001-05-30,0.9899404554737269,-0.010059544526273112
T07_1999_FIRST_CUT,T07_1999,1999,FIRST_CUT,2001-01-03,103,2001-05-31,0.988450051512627,-0.011549948487373007
T07_1999_FIRST_CUT,T07_1999,1999,FIRST_CUT,2001-01-03,104,2001-06-01,0.9925484350019347,-0.007451564998065319
T07_1999_FIRST_CUT,T07_1999,1999,FIRST_CUT,2001-01-03,105,2001-06-04,0.9869597612533856,-0.013040238746614419
T07_1999_FIRST_CUT,T07_1999,1999,FIRST_CUT,2001-01-03,106,2001-06-05,0.9899404554737269,-0.010059544526273112
T07_1999_FIRST_CUT,T07_1999,1999,FIRST_CUT,2001-01-03,107,2001-06-06,0.9899404554737269,-0.010059544526273112
T07_1999_FIRST_CUT,T07_1999,1999,FIRST_CUT,2001-01-03,108,2001-06-07,0.9910581447426933,-0.00894185525730673
T07_1999_FIRST_CUT,T07_1999,1999,FIRST_CUT,2001-01-03,109,2001-06-08,1.0186289124951633,0.018628912495163297
T07_1999_FIRST_CUT,T07_1999,1999,FIRST_CUT,2001-01-03,110,2001-06-11,0.9981371087504837,-0.0018628912495163297
T07_1999_FIRST_CUT,T07_1999,1999,FIRST_CUT,2001-01-03,111,2001-06-12,1.0115499484873731,0.011549948487373118
T07_1999_FIRST_CUT,T07_1999,1999,FIRST_CUT,2001-01-03,112,2001-06-13,1.0134128397368893,0.013412839736889337
T07_1999_FIRST_CUT,T07_1999,1999,FIRST_CUT,2001-01-03,113,2001-06-14,1.0257078765029537,0.025707876502953697
T07_1999_FIRST_CUT,T07_1999,1999,FIRST_CUT,2001-01-03,114,2001-06-15,1.0104322592184065,0.010432259218406514
T07_1999_FIRST_CUT,T07_1999,1999,FIRST_CUT,2001-01-03,115,2001-06-18,1.0149031299961306,0.014903129996130637
T07_1999_FIRST_CUT,T07_1999,1999,FIRST_CUT,2001-01-03,116,2001-06-19,1.0186289124951633,0.018628912495163297
T07_1999_FIRST_CUT,T07_1999,1999,FIRST_CUT,2001-01-03,117,2001-06-20,1.0149031299961306,0.014903129996130637
T07_1999_FIRST_CUT,T07_1999,1999,FIRST_CUT,2001-01-03,118,2001-06-21,1.0156483319766807,0.015648331976680696
T07_1999_FIRST_CUT,T07_1999,1999,FIRST_CUT,2001-01-03,119,2001-06-22,1.0145305290058557,0.014530529005855719
T07_1999_FIRST_CUT,T07_1999,1999,FIRST_CUT,2001-01-03,120,2001-06-25,1.0197467154659883,0.019746715465988274
T07_1999_FIRST_CUT,T07_1999,1999,FIRST_CUT,2001-01-03,121,2001-06-26,1.02906117171357,0.029061171713570033
T07_1999_FIRST_CUT,T07_1999,1999,FIRST_CUT,2001-01-03,122,2001-06-27,1.0137854407271643,0.013785440727164255
T07_1999_FIRST_CUT,T07_1999,1999,FIRST_CUT,2001-01-03,123,2001-06-28,1.0033531815087577,0.003353181508757741
T07_1999_FIRST_CUT,T07_1999,1999,FIRST_CUT,2001-01-03,124,2001-06-29,1.0081967669786154,0.008196766978615377
T07_1999_FIRST_CUT,T07_1999,1999,FIRST_CUT,2001-01-03,125,2001-07-02,1.0037257824990327,0.0037257824990326593
T07_1999_FIRST_CUT,T07_1999,1999,FIRST_CUT,2001-01-03,126,2001-07-03,0.9970194194815173,-0.0029805805184827117
T07_1999_FIRST_CUT,T07_1999,1999,FIRST_CUT,2001-01-03,127,2001-07-05,0.9877049632339355,-0.012295036766064471
T07_1999_FIRST_CUT,T07_1999,1999,FIRST_CUT,2001-01-03,128,2001-07-06,0.9906855437524184,-0.009314456247581648
T07_1999_FIRST_CUT,T07_1999,1999,FIRST_CUT,2001-01-03,129,2001-07-09,0.9929210359922096,-0.0070789640077904
T07_1999_FIRST_CUT,T07_1999,1999,FIRST_CUT,2001-01-03,130,2001-07-10,0.9918033467232432,-0.008196653276756782
T07_1999_FIRST_CUT,T07_1999,1999,FIRST_CUT,2001-01-03,131,2001-07-11,0.9996273990097251,-0.00037260099027491833
T07_1999_FIRST_CUT,T07_1999,1999,FIRST_CUT,2001-01-03,132,2001-07-12,0.9932936369824845,-0.006706363017515482
T07_1999_FIRST_CUT,T07_1999,1999,FIRST_CUT,2001-01-03,133,2001-07-13,0.995156528232001,-0.004843471767999041
T07_1999_FIRST_CUT,T07_1999,1999,FIRST_CUT,2001-01-03,134,2001-07-16,0.994411326251451,-0.005588673748548989
T07_1999_FIRST_CUT,T07_1999,1999,FIRST_CUT,2001-01-03,135,2001-07-17,0.9988823107310336,-0.001117689268966382
T07_1999_FIRST_CUT,T07_1999,1999,FIRST_CUT,2001-01-03,136,2001-07-18,1.0074515649980653,0.007451564998065319
T07_1999_FIRST_CUT,T07_1999,1999,FIRST_CUT,2001-01-03,137,2001-07-19,1.0037257824990327,0.0037257824990326593
T07_1999_FIRST_CUT,T07_1999,1999,FIRST_CUT,2001-01-03,138,2001-07-20,1.005588673748549,0.0055886737485491
T07_1999_FIRST_CUT,T07_1999,1999,FIRST_CUT,2001-01-03,139,2001-07-23,1.0014902902592413,0.0014902902592413003
T07_1999_FIRST_CUT,T07_1999,1999,FIRST_CUT,2001-01-03,140,2001-07-24,1.0048435854698576,0.004843585469857636
T07_1999_FIRST_CUT,T07_1999,1999,FIRST_CUT,2001-01-03,141,2001-07-25,0.9973920204717922,-0.0026079795282077933
T07_1999_FIRST_CUT,T07_1999,1999,FIRST_CUT,2001-01-03,142,2001-07-26,0.9918033467232432,-0.008196653276756782
T07_1999_FIRST_CUT,T07_1999,1999,FIRST_CUT,2001-01-03,143,2001-07-27,0.9962742175009673,-0.0037257824990326593
T07_1999_FIRST_CUT,T07_1999,1999,FIRST_CUT,2001-01-03,144,2001-07-30,0.9858420719844192,-0.0141579280155808
T07_1999_FIRST_CUT,T07_1999,1999,FIRST_CUT,2001-01-03,145,2001-07-31,0.9918033467232432,-0.008196653276756782
T07_1999_FIRST_CUT,T07_1999,1999,FIRST_CUT,2001-01-03,146,2001-08-01,0.9962742175009673,-0.0037257824990326593
T07_1999_FIRST_CUT,T07_1999,1999,FIRST_CUT,2001-01-03,147,2001-08-02,0.9962742175009673,-0.0037257824990326593
T07_1999_FIRST_CUT,T07_1999,1999,FIRST_CUT,2001-01-03,148,2001-08-03,0.9981371087504837,-0.0018628912495163297
T07_1999_FIRST_CUT,T07_1999,1999,FIRST_CUT,2001-01-03,149,2001-08-06,0.995156528232001,-0.004843471767999041
T07_1999_FIRST_CUT,T07_1999,1999,FIRST_CUT,2001-01-03,150,2001-08-07,0.9955291292222759,-0.004470870777724123
T07_1999_FIRST_CUT,T07_1999,1999,FIRST_CUT,2001-01-03,151,2001-08-08,0.9981371087504837,-0.0018628912495163297
T07_1999_FIRST_CUT,T07_1999,1999,FIRST_CUT,2001-01-03,152,2001-08-09,1.0186289124951633,0.018628912495163297
T07_1999_FIRST_CUT,T07_1999,1999,FIRST_CUT,2001-01-03,153,2001-08-10,1.0204918037446797,0.020491803744679737
T07_1999_FIRST_CUT,T07_1999,1999,FIRST_CUT,2001-01-03,154,2001-08-13,1.0271982804640536,0.027198280464053592
T07_1999_FIRST_CUT,T07_1999,1999,FIRST_CUT,2001-01-03,155,2001-08-14,1.0294336590019866,0.02943365900198658
T07_1999_FIRST_CUT,T07_1999,1999,FIRST_CUT,2001-01-03,156,2001-08-15,1.0271982804640536,0.027198280464053592
T07_1999_FIRST_CUT,T07_1999,1999,FIRST_CUT,2001-01-03,157,2001-08-16,1.0253353892145374,0.025335389214537374
T07_1999_FIRST_CUT,T07_1999,1999,FIRST_CUT,2001-01-03,158,2001-08-17,1.0406110064990846,0.040611006499084557
T07_1999_FIRST_CUT,T07_1999,1999,FIRST_CUT,2001-01-03,159,2001-08-20,1.0286885707232951,0.028688570723295115
T07_1999_FIRST_CUT,T07_1999,1999,FIRST_CUT,2001-01-03,160,2001-08-21,1.0245901872339873,0.024590187233987315
T07_1999_FIRST_CUT,T07_1999,1999,FIRST_CUT,2001-01-03,161,2001-08-22,1.0242175862437124,0.024217586243712397
T07_1999_FIRST_CUT,T07_1999,1999,FIRST_CUT,2001-01-03,162,2001-08-23,1.0257078765029537,0.025707876502953697
T07_1999_FIRST_CUT,T07_1999,1999,FIRST_CUT,2001-01-03,163,2001-08-24,1.0152757309864058,0.015275730986405778
T07_1999_FIRST_CUT,T07_1999,1999,FIRST_CUT,2001-01-03,164,2001-08-27,1.0156483319766807,0.015648331976680696
T07_1999_FIRST_CUT,T07_1999,1999,FIRST_CUT,2001-01-03,165,2001-08-28,1.0145305290058557,0.014530529005855719
T07_1999_FIRST_CUT,T07_1999,1999,FIRST_CUT,2001-01-03,166,2001-08-29,1.0197467154659883,0.019746715465988274
T07_1999_FIRST_CUT,T07_1999,1999,FIRST_CUT,2001-01-03,167,2001-08-30,1.0260804774932288,0.026080477493228837
T07_1999_FIRST_CUT,T07_1999,1999,FIRST_CUT,2001-01-03,168,2001-08-31,1.0223546949941962,0.022354694994196178
T07_1999_FIRST_CUT,T07_1999,1999,FIRST_CUT,2001-01-03,169,2001-09-04,1.011922549477648,0.011922549477648037
T07_1999_FIRST_CUT,T07_1999,1999,FIRST_CUT,2001-01-03,170,2001-09-05,1.0134128397368893,0.013412839736889337
T07_1999_FIRST_CUT,T07_1999,1999,FIRST_CUT,2001-01-03,171,2001-09-06,1.017138622235922,0.017138622235921996
T07_1999_FIRST_CUT,T07_1999,1999,FIRST_CUT,2001-01-03,172,2001-09-07,1.017511223226197,0.017511223226196915
T07_1999_FIRST_CUT,T07_1999,1999,FIRST_CUT,2001-01-03,173,2001-09-10,1.011922549477648,0.011922549477648037
T07_1999_FIRST_CUT,T07_1999,1999,FIRST_CUT,2001-01-03,174,2001-09-14,1.0812221267000275,0.08122212670002749
T07_1999_FIRST_CUT,T07_1999,1999,FIRST_CUT,2001-01-03,175,2001-09-17,1.0797317227389276,0.07973172273892759
T07_1999_FIRST_CUT,T07_1999,1999,FIRST_CUT,2001-01-03,176,2001-09-18,1.0733979607116872,0.07339796071168725
T07_1999_FIRST_CUT,T07_1999,1999,FIRST_CUT,2001-01-03,177,2001-09-19,1.0860655984680267,0.08606559846802675
T07_1999_FIRST_CUT,T07_1999,1999,FIRST_CUT,2001-01-03,178,2001-09-20,1.076751142220445,0.07675114222044499
T07_1999_FIRST_CUT,T07_1999,1999,FIRST_CUT,2001-01-03,179,2001-09-21,1.087555888727268,0.08755588872726805
T07_1999_FIRST_CUT,T07_1999,1999,FIRST_CUT,2001-01-03,180,2001-09-24,1.0793592354505113,0.07935923545051127
T07_1999_FIRST_CUT,T07_1999,1999,FIRST_CUT,2001-01-03,181,2001-09-25,1.0823398159689939,0.08233981596899387
T07_1999_FIRST_CUT,T07_1999,1999,FIRST_CUT,2001-01-03,182,2001-09-26,1.092771961485542,0.09277196148554201
T07_1999_FIRST_CUT,T07_1999,1999,FIRST_CUT,2001-01-03,183,2001-09-27,1.0868108004485766,0.08681080044857659
T07_1999_FIRST_CUT,T07_1999,1999,FIRST_CUT,2001-01-03,184,2001-09-28,1.0894187799767843,0.08941877997678427
T07_1999_FIRST_CUT,T07_1999,1999,FIRST_CUT,2001-01-03,185,2001-10-01,1.0886736916980928,0.0886736916980928
T07_1999_FIRST_CUT,T07_1999,1999,FIRST_CUT,2001-01-03,186,2001-10-02,1.0801043237292027,0.08010432372920273
T07_1999_FIRST_CUT,T07_1999,1999,FIRST_CUT,2001-01-03,187,2001-10-03,1.0823398159689939,0.08233981596899387
T07_1999_FIRST_CUT,T07_1999,1999,FIRST_CUT,2001-01-03,188,2001-10-04,1.0823398159689939,0.08233981596899387
T07_1999_FIRST_CUT,T07_1999,1999,FIRST_CUT,2001-01-03,189,2001-10-05,1.0856929974777516,0.08569299747775161
T07_1999_FIRST_CUT,T07_1999,1999,FIRST_CUT,2001-01-03,190,2001-10-08,1.0894187799767843,0.08941877997678427
T07_1999_FIRST_CUT,T07_1999,1999,FIRST_CUT,2001-01-03,191,2001-10-09,1.07637854123017,0.07637854123017007
T07_1999_FIRST_CUT,T07_1999,1999,FIRST_CUT,2001-01-03,192,2001-10-10,1.0644561054543804,0.06445610545438041
T07_1999_FIRST_CUT,T07_1999,1999,FIRST_CUT,2001-01-03,193,2001-10-11,1.0499254627466663,0.049925462746666316
T07_1999_FIRST_CUT,T07_1999,1999,FIRST_CUT,2001-01-03,194,2001-10-12,1.0614754112340392,0.06147541123403921
T07_1999_FIRST_CUT,T07_1999,1999,FIRST_CUT,2001-01-03,195,2001-10-15,1.051043265717491,0.05104326571749107
T07_1999_FIRST_CUT,T07_1999,1999,FIRST_CUT,2001-01-03,196,2001-10-16,1.0517883539961825,0.051788353996182535
T07_1999_FIRST_CUT,T07_1999,1999,FIRST_CUT,2001-01-03,197,2001-10-17,1.0558867374854901,0.05588673748549011
T07_1999_FIRST_CUT,T07_1999,1999,FIRST_CUT,2001-01-03,198,2001-10-18,1.040238519210668,0.04023851921066801
T07_1999_FIRST_CUT,T07_1999,1999,FIRST_CUT,2001-01-03,199,2001-10-19,1.0435917007194258,0.04359170071942575
T07_1999_FIRST_CUT,T07_1999,1999,FIRST_CUT,2001-01-03,200,2001-10-22,1.0264530784835038,0.026453078483503756
T07_1999_FIRST_CUT,T07_1999,1999,FIRST_CUT,2001-01-03,201,2001-10-23,1.0286885707232951,0.028688570723295115
T07_1999_FIRST_CUT,T07_1999,1999,FIRST_CUT,2001-01-03,202,2001-10-24,1.027943368742745,0.027943368742745056
T07_1999_FIRST_CUT,T07_1999,1999,FIRST_CUT,2001-01-03,203,2001-10-25,1.0350223327505355,0.035022332750535456
T07_1999_FIRST_CUT,T07_1999,1999,FIRST_CUT,2001-01-03,204,2001-10-26,1.0353949337408104,0.035394933740810375
T07_1999_FIRST_CUT,T07_1999,1999,FIRST_CUT,2001-01-03,205,2001-10-29,1.039865918220393,0.03986591822039309
T07_1999_FIRST_CUT,T07_1999,1999,FIRST_CUT,2001-01-03,206,2001-10-30,1.0454545919689422,0.04545459196894219
T07_1999_FIRST_CUT,T07_1999,1999,FIRST_CUT,2001-01-03,207,2001-10-31,1.0413562084796344,0.04135620847963439
T07_1999_FIRST_CUT,T07_1999,1999,FIRST_CUT,2001-01-03,208,2001-11-01,1.0421014104601845,0.04210141046018445
T07_1999_FIRST_CUT,T07_1999,1999,FIRST_CUT,2001-01-03,209,2001-11-02,1.0424738977486008,0.042473897748600775
T07_1999_FIRST_CUT,T07_1999,1999,FIRST_CUT,2001-01-03,210,2001-11-05,1.0376304259806017,0.037630425980601734
T07_1999_FIRST_CUT,T07_1999,1999,FIRST_CUT,2001-01-03,211,2001-11-06,1.0421014104601845,0.04210141046018445
T07_1999_FIRST_CUT,T07_1999,1999,FIRST_CUT,2001-01-03,212,2001-11-07,1.0469448822281835,0.04694488222818349
T07_1999_FIRST_CUT,T07_1999,1999,FIRST_CUT,2001-01-03,213,2001-11-08,1.0312965502515028,0.0312965502515028
T07_1999_FIRST_CUT,T07_1999,1999,FIRST_CUT,2001-01-03,214,2001-11-09,1.0335320424912942,0.033532042491294156
T07_1999_FIRST_CUT,T07_1999,1999,FIRST_CUT,2001-01-03,215,2001-11-12,1.036885224000052,0.0368852240000519
T07_1999_FIRST_CUT,T07_1999,1999,FIRST_CUT,2001-01-03,216,2001-11-13,1.0350223327505355,0.035022332750535456
T07_1999_FIRST_CUT,T07_1999,1999,FIRST_CUT,2001-01-03,217,2001-11-14,1.0350223327505355,0.035022332750535456
T07_1999_FIRST_CUT,T07_1999,1999,FIRST_CUT,2001-01-03,218,2001-11-15,1.0249627882242625,0.024962788224262455
T07_1999_FIRST_CUT,T07_1999,1999,FIRST_CUT,2001-01-03,219,2001-11-16,1.023472497965021,0.023472497965020933
T07_1999_FIRST_CUT,T07_1999,1999,FIRST_CUT,2001-01-03,220,2001-11-19,1.0160209329669556,0.016020932966955614
T07_1999_FIRST_CUT,T07_1999,1999,FIRST_CUT,2001-01-03,221,2001-11-20,1.017138622235922,0.017138622235921996
T07_1999_FIRST_CUT,T07_1999,1999,FIRST_CUT,2001-01-03,222,2001-11-21,1.016766021245647,0.016766021245647078
T07_1999_FIRST_CUT,T07_1999,1999,FIRST_CUT,2001-01-03,223,2001-11-26,1.0145305290058557,0.014530529005855719
T07_1999_FIRST_CUT,T07_1999,1999,FIRST_CUT,2001-01-03,224,2001-11-27,1.017883824216472,0.017883824216472055
T07_1999_FIRST_CUT,T07_1999,1999,FIRST_CUT,2001-01-03,225,2001-11-28,1.0212370057252296,0.021237005725229574
T07_1999_FIRST_CUT,T07_1999,1999,FIRST_CUT,2001-01-03,226,2001-11-29,1.0190015134854384,0.019001513485438437
T07_1999_FIRST_CUT,T07_1999,1999,FIRST_CUT,2001-01-03,227,2001-11-30,1.0204918037446797,0.020491803744679737
T07_1999_FIRST_CUT,T07_1999,1999,FIRST_CUT,2001-01-03,228,2001-12-03,1.0316691512417777,0.031669151241777715
T07_1999_FIRST_CUT,T07_1999,1999,FIRST_CUT,2001-01-03,229,2001-12-04,1.0260804774932288,0.026080477493228837
T07_1999_FIRST_CUT,T07_1999,1999,FIRST_CUT,2001-01-03,230,2001-12-05,1.0197467154659883,0.019746715465988274
T07_1999_FIRST_CUT,T07_1999,1999,FIRST_CUT,2001-01-03,231,2001-12-06,1.0216096067155047,0.021609606715504714
T07_1999_FIRST_CUT,T07_1999,1999,FIRST_CUT,2001-01-03,232,2001-12-07,1.0204918037446797,0.020491803744679737
T07_1999_FIRST_CUT,T07_1999,1999,FIRST_CUT,2001-01-03,233,2001-12-10,1.0141580417174392,0.014158041717439174
T07_1999_FIRST_CUT,T07_1999,1999,FIRST_CUT,2001-01-03,234,2001-12-11,1.0141580417174392,0.014158041717439174
T07_1999_FIRST_CUT,T07_1999,1999,FIRST_CUT,2001-01-03,235,2001-12-12,1.0201192027544048,0.02011920275440482
T07_1999_FIRST_CUT,T07_1999,1999,FIRST_CUT,2001-01-03,236,2001-12-13,1.0204918037446797,0.020491803744679737
T07_1999_FIRST_CUT,T07_1999,1999,FIRST_CUT,2001-01-03,237,2001-12-14,1.0357675347310855,0.035767534731085515
T07_1999_FIRST_CUT,T07_1999,1999,FIRST_CUT,2001-01-03,238,2001-12-17,1.0346498454621191,0.03464984546211913
T07_1999_FIRST_CUT,T07_1999,1999,FIRST_CUT,2001-01-03,239,2001-12-18,1.0447093899883921,0.044709389988392134
T07_1999_FIRST_CUT,T07_1999,1999,FIRST_CUT,2001-01-03,240,2001-12-19,1.0264530784835038,0.026453078483503756
T07_1999_FIRST_CUT,T07_1999,1999,FIRST_CUT,2001-01-03,241,2001-12-20,1.02831596973302,0.028315969733019974
T07_1999_FIRST_CUT,T07_1999,1999,FIRST_CUT,2001-01-03,242,2001-12-21,1.0357675347310855,0.035767534731085515
T07_1999_FIRST_CUT,T07_1999,1999,FIRST_CUT,2001-01-03,243,2001-12-26,1.0421014104601845,0.04210141046018445
T07_1999_FIRST_CUT,T07_1999,1999,FIRST_CUT,2001-01-03,244,2001-12-27,1.0335320424912942,0.033532042491294156
T07_1999_FIRST_CUT,T07_1999,1999,FIRST_CUT,2001-01-03,245,2001-12-28,1.0301788609825364,0.030178860982536415
T07_1999_FIRST_CUT,T07_1999,1999,FIRST_CUT,2001-01-03,246,2001-12-31,1.0383756279611518,0.03837562796115179
T07_1999_FIRST_CUT,T07_1999,1999,FIRST_CUT,2001-01-03,247,2002-01-02,1.0391207162398433,0.039120716239843256
T07_1999_FIRST_CUT,T07_1999,1999,FIRST_CUT,2001-01-03,248,2002-01-03,1.0365127367116354,0.03651273671163535
T07_1999_FIRST_CUT,T07_1999,1999,FIRST_CUT,2001-01-03,249,2002-01-04,1.0391207162398433,0.039120716239843256
T07_1999_FIRST_CUT,T07_1999,1999,FIRST_CUT,2001-01-03,250,2002-01-07,1.0380030269708767,0.03800302697087665
T07_1999_FIRST_CUT,T07_1999,1999,FIRST_CUT,2001-01-03,251,2002-01-08,1.0391207162398433,0.039120716239843256
T07_1999_FIRST_CUT,T07_1999,1999,FIRST_CUT,2001-01-03,252,2002-01-09,1.0558867374854901,0.05588673748549011
T08_2004_FIRST_HIKE,T08_2004,2004,FIRST_HIKE,2004-06-30,-60,2004-04-01,1.0899362746317676,0.08993627463176757
T08_2004_FIRST_HIKE,T08_2004,2004,FIRST_HIKE,2004-06-30,-59,2004-04-02,1.0741401429388933,0.07414014293889326
T08_2004_FIRST_HIKE,T08_2004,2004,FIRST_HIKE,2004-06-30,-58,2004-04-05,1.0583439334942277,0.05834393349422773
T08_2004_FIRST_HIKE,T08_2004,2004,FIRST_HIKE,2004-06-30,-57,2004-04-06,1.067261130946457,0.06726113094645703
T08_2004_FIRST_HIKE,T08_2004,2004,FIRST_HIKE,2004-06-30,-56,2004-04-07,1.0771974211285829,0.07719742112858285
T08_2004_FIRST_HIKE,T08_2004,2004,FIRST_HIKE,2004-06-30,-55,2004-04-08,1.069808901647094,0.06980890164709397
T08_2004_FIRST_HIKE,T08_2004,2004,FIRST_HIKE,2004-06-30,-54,2004-04-12,1.0703184868879378,0.07031848688793785
T08_2004_FIRST_HIKE,T08_2004,2004,FIRST_HIKE,2004-06-30,-53,2004-04-13,1.0369426751592357,0.03694267515923566
T08_2004_FIRST_HIKE,T08_2004,2004,FIRST_HIKE,2004-06-30,-52,2004-04-14,1.0185986950139332,0.018598695013933186
T08_2004_FIRST_HIKE,T08_2004,2004,FIRST_HIKE,2004-06-30,-51,2004-04-15,1.0132484387440286,0.01324843874402859
T08_2004_FIRST_HIKE,T08_2004,2004,FIRST_HIKE,2004-06-30,-50,2004-04-16,1.021656050955414,0.021656050955414008
T08_2004_FIRST_HIKE,T08_2004,2004,FIRST_HIKE,2004-06-30,-49,2004-04-19,1.0206369582255175,0.020636958225517477
T08_2004_FIRST_HIKE,T08_2004,2004,FIRST_HIKE,2004-06-30,-48,2004-04-20,1.0132484387440286,0.01324843874402859
T08_2004_FIRST_HIKE,T08_2004,2004,FIRST_HIKE,2004-06-30,-47,2004-04-21,0.9956687587082006,-0.004331241291799404
T08_2004_FIRST_HIKE,T08_2004,2004,FIRST_HIKE,2004-06-30,-46,2004-04-22,1.002038185459793,0.0020381854597930626
T08_2004_FIRST_HIKE,T08_2004,2004,FIRST_HIKE,2004-06-30,-45,2004-04-23,1.0066242193720143,0.006624219372014295
T08_2004_FIRST_HIKE,T08_2004,2004,FIRST_HIKE,2004-06-30,-44,2004-04-26,1.0089171974522293,0.008917197452229297
T08_2004_FIRST_HIKE,T08_2004,2004,FIRST_HIKE,2004-06-30,-43,2004-04-27,1.0155414168242436,0.015541416824243592
T08_2004_FIRST_HIKE,T08_2004,2004,FIRST_HIKE,2004-06-30,-42,2004-04-28,0.9819108124751195,-0.018089187524880534
T08_2004_FIRST_HIKE,T08_2004,2004,FIRST_HIKE,2004-06-30,-41,2004-04-29,0.9849681684166003,-0.015031831583399713
T08_2004_FIRST_HIKE,T08_2004,2004,FIRST_HIKE,2004-06-30,-40,2004-04-30,0.9859872611464968,-0.014012738853503182
T08_2004_FIRST_HIKE,T08_2004,2004,FIRST_HIKE,2004-06-30,-39,2004-05-03,0.9859872611464968,-0.014012738853503182
T08_2004_FIRST_HIKE,T08_2004,2004,FIRST_HIKE,2004-06-30,-38,2004-05-04,0.9971974366789411,-0.002802563321058882
T08_2004_FIRST_HIKE,T08_2004,2004,FIRST_HIKE,2004-06-30,-37,2004-05-05,1.002292978080215,0.0022929780802150024
T08_2004_FIRST_HIKE,T08_2004,2004,FIRST_HIKE,2004-06-30,-36,2004-05-06,0.9885350318471338,-0.01146496815286624
T08_2004_FIRST_HIKE,T08_2004,2004,FIRST_HIKE,2004-06-30,-35,2004-05-07,0.9648407954319268,-0.0351592045680732
T08_2004_FIRST_HIKE,T08_2004,2004,FIRST_HIKE,2004-06-30,-34,2004-05-10,0.9638216249502388,-0.03617837504976118
T08_2004_FIRST_HIKE,T08_2004,2004,FIRST_HIKE,2004-06-30,-33,2004-05-11,0.9602547615197055,-0.03974523848029454
T08_2004_FIRST_HIKE,T08_2004,2004,FIRST_HIKE,2004-06-30,-32,2004-05-12,0.9615286468700239,-0.03847135312997607
T08_2004_FIRST_HIKE,T08_2004,2004,FIRST_HIKE,2004-06-30,-31,2004-05-13,0.9549044274980095,-0.04509557250199048
T08_2004_FIRST_HIKE,T08_2004,2004,FIRST_HIKE,2004-06-30,-30,2004-05-14,0.9605095541401274,-0.0394904458598726
T08_2004_FIRST_HIKE,T08_2004,2004,FIRST_HIKE,2004-06-30,-29,2004-05-17,0.9668789808917198,-0.03312101910828025
T08_2004_FIRST_HIKE,T08_2004,2004,FIRST_HIKE,2004-06-30,-28,2004-05-18,0.9574521981986465,-0.042547801801353535
T08_2004_FIRST_HIKE,T08_2004,2004,FIRST_HIKE,2004-06-30,-27,2004-05-19,0.9755413857235271,-0.02445861427647289
T08_2004_FIRST_HIKE,T08_2004,2004,FIRST_HIKE,2004-06-30,-26,2004-05-20,0.9640764175706609,-0.03592358242933913
T08_2004_FIRST_HIKE,T08_2004,2004,FIRST_HIKE,2004-06-30,-25,2004-05-21,0.9803821345043789,-0.019617865495621056
T08_2004_FIRST_HIKE,T08_2004,2004,FIRST_HIKE,2004-06-30,-24,2004-05-24,0.9824203977159633,-0.017579602284036655
T08_2004_FIRST_HIKE,T08_2004,2004,FIRST_HIKE,2004-06-30,-23,2004-05-25,0.9892993319566082,-0.010700668043391759
T08_2004_FIRST_HIKE,T08_2004,2004,FIRST_HIKE,2004-06-30,-22,2004-05-26,0.9892993319566082,-0.010700668043391759
T08_2004_FIRST_HIKE,T08_2004,2004,FIRST_HIKE,2004-06-30,-21,2004-05-27,1.0061146341311704,0.0061146341311704155
T08_2004_FIRST_HIKE,T08_2004,2004,FIRST_HIKE,2004-06-30,-20,2004-05-28,1.0038216560509554,0.003821656050955413
T08_2004_FIRST_HIKE,T08_2004,2004,FIRST_HIKE,2004-06-30,-19,2004-06-01,1.0053503340216958,0.005350334021695824
T08_2004_FIRST_HIKE,T08_2004,2004,FIRST_HIKE,2004-06-30,-18,2004-06-02,0.9954140438395701,-0.004585956160429894
T08_2004_FIRST_HIKE,T08_2004,2004,FIRST_HIKE,2004-06-30,-17,2004-06-03,0.9887898244675557,-0.0112101755324443
T08_2004_FIRST_HIKE,T08_2004,2004,FIRST_HIKE,2004-06-30,-16,2004-06-04,0.9959235513286226,-0.004076448671377353
T08_2004_FIRST_HIKE,T08_2004,2004,FIRST_HIKE,2004-06-30,-15,2004-06-07,1.0033120708101115,0.0033120708101115337
T08_2004_FIRST_HIKE,T08_2004,2004,FIRST_HIKE,2004-06-30,-14,2004-06-08,0.9961783439490446,-0.003821656050955413
T08_2004_FIRST_HIKE,T08_2004,2004,FIRST_HIKE,2004-06-30,-13,2004-06-09,0.9796178343949045,-0.020382165605095537
T08_2004_FIRST_HIKE,T08_2004,2004,FIRST_HIKE,2004-06-30,-12,2004-06-10,0.9831846978254379,-0.016815302174562063
T08_2004_FIRST_HIKE,T08_2004,2004,FIRST_HIKE,2004-06-30,-11,2004-06-14,0.9773248563146895,-0.02267514368531054
T08_2004_FIRST_HIKE,T08_2004,2004,FIRST_HIKE,2004-06-30,-10,2004-06-15,0.9887898244675557,-0.0112101755324443
T08_2004_FIRST_HIKE,T08_2004,2004,FIRST_HIKE,2004-06-30,-9,2004-06-16,0.9798726270153264,-0.020127372984673597
T08_2004_FIRST_HIKE,T08_2004,2004,FIRST_HIKE,2004-06-30,-8,2004-06-17,0.9908280099273488,-0.009171990072651237
T08_2004_FIRST_HIKE,T08_2004,2004,FIRST_HIKE,2004-06-30,-7,2004-06-18,1.0066242193720143,0.006624219372014295
T08_2004_FIRST_HIKE,T08_2004,2004,FIRST_HIKE,2004-06-30,-6,2004-06-21,1.0038216560509554,0.003821656050955413
T08_2004_FIRST_HIKE,T08_2004,2004,FIRST_HIKE,2004-06-30,-5,2004-06-22,1.0063694267515924,0.006369426751592355
T08_2004_FIRST_HIKE,T08_2004,2004,FIRST_HIKE,2004-06-30,-4,2004-06-23,1.0063694267515924,0.006369426751592355
T08_2004_FIRST_HIKE,T08_2004,2004,FIRST_HIKE,2004-06-30,-3,2004-06-24,1.0270063849771098,0.027006384977109832
T08_2004_FIRST_HIKE,T08_2004,2004,FIRST_HIKE,2004-06-30,-2,2004-06-25,1.026496799736266,0.026496799736265952
T08_2004_FIRST_HIKE,T08_2004,2004,FIRST_HIKE,2004-06-30,-1,2004-06-28,1.021656050955414,0.021656050955414008
T08_2004_FIRST_HIKE,T08_2004,2004,FIRST_HIKE,2004-06-30,0,2004-06-29,1.0,0.0
T08_2004_FIRST_HIKE,T08_2004,2004,FIRST_HIKE,2004-06-30,1,2004-06-30,1.000254792620422,0.00025479262042193973
T08_2004_FIRST_HIKE,T08_2004,2004,FIRST_HIKE,2004-06-30,2,2004-07-01,1.0089171974522293,0.008917197452229297
T08_2004_FIRST_HIKE,T08_2004,2004,FIRST_HIKE,2004-06-30,3,2004-07-02,1.0147770389629778,0.014777038962977773
T08_2004_FIRST_HIKE,T08_2004,2004,FIRST_HIKE,2004-06-30,4,2004-07-06,1.000254792620422,0.00025479262042193973
T08_2004_FIRST_HIKE,T08_2004,2004,FIRST_HIKE,2004-06-30,5,2004-07-07,1.0249681217655255,0.02496812176552554
T08_2004_FIRST_HIKE,T08_2004,2004,FIRST_HIKE,2004-06-30,6,2004-07-08,1.0389808606190287,0.03898086061902872
T08_2004_FIRST_HIKE,T08_2004,2004,FIRST_HIKE,2004-06-30,7,2004-07-09,1.0382165605095541,0.03821656050955413
T08_2004_FIRST_HIKE,T08_2004,2004,FIRST_HIKE,2004-06-30,8,2004-07-12,1.0397452384802945,0.03974523848029454
T08_2004_FIRST_HIKE,T08_2004,2004,FIRST_HIKE,2004-06-30,9,2004-07-13,1.024203821656051,0.02420382165605095
T08_2004_FIRST_HIKE,T08_2004,2004,FIRST_HIKE,2004-06-30,10,2004-07-14,1.0328662264878583,0.03286622648785831
T08_2004_FIRST_HIKE,T08_2004,2004,FIRST_HIKE,2004-06-30,11,2004-07-15,1.0298089482981687,0.029808948298168714
T08_2004_FIRST_HIKE,T08_2004,2004,FIRST_HIKE,2004-06-30,12,2004-07-16,1.0359235824293391,0.03592358242933913
T08_2004_FIRST_HIKE,T08_2004,2004,FIRST_HIKE,2004-06-30,13,2004-07-19,1.0333758117287022,0.03337581172870219
T08_2004_FIRST_HIKE,T08_2004,2004,FIRST_HIKE,2004-06-30,14,2004-07-20,1.023949029035629,0.02394902903562901
T08_2004_FIRST_HIKE,T08_2004,2004,FIRST_HIKE,2004-06-30,15,2004-07-21,1.0117197607732882,0.01171976077328818
T08_2004_FIRST_HIKE,T08_2004,2004,FIRST_HIKE,2004-06-30,16,2004-07-22,1.0068790119924362,0.006879011992436235
T08_2004_FIRST_HIKE,T08_2004,2004,FIRST_HIKE,2004-06-30,17,2004-07-23,0.9949044585987261,-0.005095541401273884
T08_2004_FIRST_HIKE,T08_2004,2004,FIRST_HIKE,2004-06-30,18,2004-07-26,0.9943948733578821,-0.005605126642117875
T08_2004_FIRST_HIKE,T08_2004,2004,FIRST_HIKE,2004-06-30,19,2004-07-27,0.9859872611464968,-0.014012738853503182
T08_2004_FIRST_HIKE,T08_2004,2004,FIRST_HIKE,2004-06-30,20,2004-07-28,0.9910828025477707,-0.008917197452229297
T08_2004_FIRST_HIKE,T08_2004,2004,FIRST_HIKE,2004-06-30,21,2004-07-29,0.9859872611464968,-0.014012738853503182
T08_2004_FIRST_HIKE,T08_2004,2004,FIRST_HIKE,2004-06-30,22,2004-07-30,0.9961783439490446,-0.003821656050955413
T08_2004_FIRST_HIKE,T08_2004,2004,FIRST_HIKE,2004-06-30,23,2004-08-02,0.997961814540207,-0.0020381854597929516
T08_2004_FIRST_HIKE,T08_2004,2004,FIRST_HIKE,2004-06-30,24,2004-08-03,1.0038216560509554,0.003821656050955413
T08_2004_FIRST_HIKE,T08_2004,2004,FIRST_HIKE,2004-06-30,25,2004-08-04,0.9992356998905255,-0.0007643001094744806
T08_2004_FIRST_HIKE,T08_2004,2004,FIRST_HIKE,2004-06-30,26,2004-08-05,0.999490414759156,-0.0005095852408439905
T08_2004_FIRST_HIKE,T08_2004,2004,FIRST_HIKE,2004-06-30,27,2004-08-06,1.0185986950139332,0.018598695013933186
T08_2004_FIRST_HIKE,T08_2004,2004,FIRST_HIKE,2004-06-30,28,2004-08-09,1.0208917508459394,0.020891750845939416
T08_2004_FIRST_HIKE,T08_2004,2004,FIRST_HIKE,2004-06-30,29,2004-08-10,1.019108280254777,0.019108280254777066
T08_2004_FIRST_HIKE,T08_2004,2004,FIRST_HIKE,2004-06-30,30,2004-08-11,1.0076433121019108,0.007643312101910826
T08_2004_FIRST_HIKE,T08_2004,2004,FIRST_HIKE,2004-06-30,31,2004-08-12,1.00458595616043,0.004585956160430005
T08_2004_FIRST_HIKE,T08_2004,2004,FIRST_HIKE,2004-06-30,32,2004-08-13,1.0163057169337182,0.016305716933718184
T08_2004_FIRST_HIKE,T08_2004,2004,FIRST_HIKE,2004-06-30,33,2004-08-16,1.026496799736266,0.026496799736265952
T08_2004_FIRST_HIKE,T08_2004,2004,FIRST_HIKE,2004-06-30,34,2004-08-17,1.0303184557872214,0.030318455787221366
T08_2004_FIRST_HIKE,T08_2004,2004,FIRST_HIKE,2004-06-30,35,2004-08-18,1.0300636631667994,0.030063663166799426
T08_2004_FIRST_HIKE,T08_2004,2004,FIRST_HIKE,2004-06-30,36,2004-08-19,1.0371974677796576,0.0371974677796576
T08_2004_FIRST_HIKE,T08_2004,2004,FIRST_HIKE,2004-06-30,37,2004-08-20,1.0527388846039012,0.05273888460390119
T08_2004_FIRST_HIKE,T08_2004,2004,FIRST_HIKE,2004-06-30,38,2004-08-23,1.045859872611465,0.04585987261146496
T08_2004_FIRST_HIKE,T08_2004,2004,FIRST_HIKE,2004-06-30,39,2004-08-24,1.026751592356688,0.026751592356687892
T08_2004_FIRST_HIKE,T08_2004,2004,FIRST_HIKE,2004-06-30,40,2004-08-25,1.0392356532394507,0.03923565323945066
T08_2004_FIRST_HIKE,T08_2004,2004,FIRST_HIKE,2004-06-30,41,2004-08-26,1.0379617678891322,0.03796176788913219
T08_2004_FIRST_HIKE,T08_2004,2004,FIRST_HIKE,2004-06-30,42,2004-08-27,1.0275158924661625,0.027515892466162484
T08_2004_FIRST_HIKE,T08_2004,2004,FIRST_HIKE,2004-06-30,43,2004-08-30,1.0389808606190287,0.03898086061902872
T08_2004_FIRST_HIKE,T08_2004,2004,FIRST_HIKE,2004-06-30,44,2004-08-31,1.045605079991043,0.04560507999104302
T08_2004_FIRST_HIKE,T08_2004,2004,FIRST_HIKE,2004-06-30,45,2004-09-01,1.0415286313196657,0.041528631319665665
T08_2004_FIRST_HIKE,T08_2004,2004,FIRST_HIKE,2004-06-30,46,2004-09-02,1.0343949044585987,0.03439490445859872
T08_2004_FIRST_HIKE,T08_2004,2004,FIRST_HIKE,2004-06-30,47,2004-09-03,1.0203821656050955,0.020382165605095537
T08_2004_FIRST_HIKE,T08_2004,2004,FIRST_HIKE,2004-06-30,48,2004-09-07,1.0124840608827628,0.01248406088276277
T08_2004_FIRST_HIKE,T08_2004,2004,FIRST_HIKE,2004-06-30,49,2004-09-08,1.0175796022840367,0.017579602284036655
T08_2004_FIRST_HIKE,T08_2004,2004,FIRST_HIKE,2004-06-30,50,2004-09-09,1.0152866242038217,0.015286624203821653
T08_2004_FIRST_HIKE,T08_2004,2004,FIRST_HIKE,2004-06-30,51,2004-09-10,1.023949029035629,0.02394902903562901
T08_2004_FIRST_HIKE,T08_2004,2004,FIRST_HIKE,2004-06-30,52,2004-09-13,1.0295541556777468,0.029554155677746774
T08_2004_FIRST_HIKE,T08_2004,2004,FIRST_HIKE,2004-06-30,53,2004-09-14,1.0336306043491241,0.03363060434912413
T08_2004_FIRST_HIKE,T08_2004,2004,FIRST_HIKE,2004-06-30,54,2004-09-15,1.0318471337579618,0.031847133757961776
T08_2004_FIRST_HIKE,T08_2004,2004,FIRST_HIKE,2004-06-30,55,2004-09-16,1.0310828336484872,0.031082833648487185
T08_2004_FIRST_HIKE,T08_2004,2004,FIRST_HIKE,2004-06-30,56,2004-09-17,1.0338853192177548,0.03388531921775484
T08_2004_FIRST_HIKE,T08_2004,2004,FIRST_HIKE,2004-06-30,57,2004-09-20,1.0326114338674364,0.03261143386743637
T08_2004_FIRST_HIKE,T08_2004,2004,FIRST_HIKE,2004-06-30,58,2004-09-21,1.0402547459693472,0.040254745969347194
T08_2004_FIRST_HIKE,T08_2004,2004,FIRST_HIKE,2004-06-30,59,2004-09-22,1.0374522604000795,0.03745226040007954
T08_2004_FIRST_HIKE,T08_2004,2004,FIRST_HIKE,2004-06-30,60,2004-09-23,1.0468789653413615,0.04687896534136149
T08_2004_FIRST_HIKE,T08_2004,2004,FIRST_HIKE,2004-06-30,61,2004-09-24,1.0397452384802945,0.03974523848029454
T08_2004_FIRST_HIKE,T08_2004,2004,FIRST_HIKE,2004-06-30,62,2004-09-27,1.0422930091809315,0.042293009180931485
T08_2004_FIRST_HIKE,T08_2004,2004,FIRST_HIKE,2004-06-30,63,2004-09-28,1.0509554140127388,0.05095541401273884
T08_2004_FIRST_HIKE,T08_2004,2004,FIRST_HIKE,2004-06-30,64,2004-09-29,1.0522292993630573,0.05222929936305731
T08_2004_FIRST_HIKE,T08_2004,2004,FIRST_HIKE,2004-06-30,65,2004-09-30,1.0667516234574044,0.06675162345740437
T08_2004_FIRST_HIKE,T08_2004,2004,FIRST_HIKE,2004-06-30,66,2004-10-01,1.0687898089171974,0.06878980891719744
T08_2004_FIRST_HIKE,T08_2004,2004,FIRST_HIKE,2004-06-30,67,2004-10-04,1.0547770700636943,0.054777070063694255
T08_2004_FIRST_HIKE,T08_2004,2004,FIRST_HIKE,2004-06-30,68,2004-10-05,1.065477738107086,0.0654777381070859
T08_2004_FIRST_HIKE,T08_2004,2004,FIRST_HIKE,2004-06-30,69,2004-10-06,1.0659872455961386,0.06598724559613856
T08_2004_FIRST_HIKE,T08_2004,2004,FIRST_HIKE,2004-06-30,70,2004-10-07,1.064968152866242,0.06496815286624202
T08_2004_FIRST_HIKE,T08_2004,2004,FIRST_HIKE,2004-06-30,71,2004-10-08,1.0779617989898487,0.07796179898984867
T08_2004_FIRST_HIKE,T08_2004,2004,FIRST_HIKE,2004-06-30,72,2004-10-11,1.0751592356687898,0.07515923566878979
T08_2004_FIRST_HIKE,T08_2004,2004,FIRST_HIKE,2004-06-30,73,2004-10-12,1.0575796333847531,0.05757963338475314
T08_2004_FIRST_HIKE,T08_2004,2004,FIRST_HIKE,2004-06-30,74,2004-10-13,1.0527388846039012,0.05273888460390119
T08_2004_FIRST_HIKE,T08_2004,2004,FIRST_HIKE,2004-06-30,75,2004-10-14,1.065222945486664,0.06522294548666396
T08_2004_FIRST_HIKE,T08_2004,2004,FIRST_HIKE,2004-06-30,76,2004-10-15,1.0667516234574044,0.06675162345740437
T08_2004_FIRST_HIKE,T08_2004,2004,FIRST_HIKE,2004-06-30,77,2004-10-18,1.060382196705812,0.06038219670581202
T08_2004_FIRST_HIKE,T08_2004,2004,FIRST_HIKE,2004-06-30,78,2004-10-19,1.0708279943769905,0.0708279943769905
T08_2004_FIRST_HIKE,T08_2004,2004,FIRST_HIKE,2004-06-30,79,2004-10-20,1.0789808917197452,0.0789808917197452
T08_2004_FIRST_HIKE,T08_2004,2004,FIRST_HIKE,2004-06-30,80,2004-10-21,1.0812738697999602,0.08127386979996021
T08_2004_FIRST_HIKE,T08_2004,2004,FIRST_HIKE,2004-06-30,81,2004-10-22,1.081783455040804,0.08178345504080409
T08_2004_FIRST_HIKE,T08_2004,2004,FIRST_HIKE,2004-06-30,82,2004-10-25,1.0929936305732484,0.09299363057324839
T08_2004_FIRST_HIKE,T08_2004,2004,FIRST_HIKE,2004-06-30,83,2004-10-26,1.0873885039311306,0.08738850393113062
T08_2004_FIRST_HIKE,T08_2004,2004,FIRST_HIKE,2004-06-30,84,2004-10-27,1.0822929625298567,0.08229296252985674
T08_2004_FIRST_HIKE,T08_2004,2004,FIRST_HIKE,2004-06-30,85,2004-10-28,1.0830573403911226,0.08305734039112256
T08_2004_FIRST_HIKE,T08_2004,2004,FIRST_HIKE,2004-06-30,86,2004-10-29,1.09171974522293,0.09171974522292992
T08_2004_FIRST_HIKE,T08_2004,2004,FIRST_HIKE,2004-06-30,87,2004-11-01,1.088662389281449,0.0886623892814491
T08_2004_FIRST_HIKE,T08_2004,2004,FIRST_HIKE,2004-06-30,88,2004-11-02,1.070063694267516,0.07006369426751591
T08_2004_FIRST_HIKE,T08_2004,2004,FIRST_HIKE,2004-06-30,89,2004-11-03,1.081783455040804,0.08178345504080409
T08_2004_FIRST_HIKE,T08_2004,2004,FIRST_HIKE,2004-06-30,90,2004-11-04,1.0957961938943073,0.09579619389430727
T08_2004_FIRST_HIKE,T08_2004,2004,FIRST_HIKE,2004-06-30,91,2004-11-05,1.1047133913465366,0.10471339134653657
T08_2004_FIRST_HIKE,T08_2004,2004,FIRST_HIKE,2004-06-30,92,2004-11-08,1.1024204132663216,0.10242041326632156
T08_2004_FIRST_HIKE,T08_2004,2004,FIRST_HIKE,2004-06-30,93,2004-11-09,1.1100637253682324,0.11006372536823239
T08_2004_FIRST_HIKE,T08_2004,2004,FIRST_HIKE,2004-06-30,94,2004-11-10,1.105732484076433,0.1057324840764331
T08_2004_FIRST_HIKE,T08_2004,2004,FIRST_HIKE,2004-06-30,95,2004-11-11,1.108025462156648,0.1080254621566481
T08_2004_FIRST_HIKE,T08_2004,2004,FIRST_HIKE,2004-06-30,96,2004-11-12,1.115668774258559,0.11566877425855893
T08_2004_FIRST_HIKE,T08_2004,2004,FIRST_HIKE,2004-06-30,97,2004-11-15,1.113375796178344,0.11337579617834392
T08_2004_FIRST_HIKE,T08_2004,2004,FIRST_HIKE,2004-06-30,98,2004-11-16,1.1215286935210986,0.12152869352109863
T08_2004_FIRST_HIKE,T08_2004,2004,FIRST_HIKE,2004-06-30,99,2004-11-17,1.1332483765425956,0.13324837654259558
T08_2004_FIRST_HIKE,T08_2004,2004,FIRST_HIKE,2004-06-30,100,2004-11-18,1.127643327652269,0.12764332765226905
T08_2004_FIRST_HIKE,T08_2004,2004,FIRST_HIKE,2004-06-30,101,2004-11-19,1.1383439179438695,0.13834391794386947
T08_2004_FIRST_HIKE,T08_2004,2004,FIRST_HIKE,2004-06-30,102,2004-11-22,1.1434394593451433,0.14343945934514335
T08_2004_FIRST_HIKE,T08_2004,2004,FIRST_HIKE,2004-06-30,103,2004-11-23,1.1408916886445064,0.1408916886445064
T08_2004_FIRST_HIKE,T08_2004,2004,FIRST_HIKE,2004-06-30,104,2004-11-24,1.1447133446954618,0.14471334469546182
T08_2004_FIRST_HIKE,T08_2004,2004,FIRST_HIKE,2004-06-30,105,2004-11-29,1.1559235979796973,0.15592359797969735
T08_2004_FIRST_HIKE,T08_2004,2004,FIRST_HIKE,2004-06-30,106,2004-11-30,1.1498088860967357,0.1498088860967357
T08_2004_FIRST_HIKE,T08_2004,2004,FIRST_HIKE,2004-06-30,107,2004-12-01,1.156687898089172,0.15668789808917194
T08_2004_FIRST_HIKE,T08_2004,2004,FIRST_HIKE,2004-06-30,108,2004-12-02,1.1475159080165207,0.1475159080165207
T08_2004_FIRST_HIKE,T08_2004,2004,FIRST_HIKE,2004-06-30,109,2004-12-03,1.1617834394904458,0.16178343949044582
T08_2004_FIRST_HIKE,T08_2004,2004,FIRST_HIKE,2004-06-30,110,2004-12-06,1.1571974833300158,0.15719748333001582
T08_2004_FIRST_HIKE,T08_2004,2004,FIRST_HIKE,2004-06-30,111,2004-12-07,1.151592356687898,0.15159235668789806
T08_2004_FIRST_HIKE,T08_2004,2004,FIRST_HIKE,2004-06-30,112,2004-12-08,1.1138853814191878,0.1138853814191878
T08_2004_FIRST_HIKE,T08_2004,2004,FIRST_HIKE,2004-06-30,113,2004-12-09,1.110318440236863,0.1103184402368631
T08_2004_FIRST_HIKE,T08_2004,2004,FIRST_HIKE,2004-06-30,114,2004-12-10,1.1054776914560112,0.10547769145601116
T08_2004_FIRST_HIKE,T08_2004,2004,FIRST_HIKE,2004-06-30,115,2004-12-13,1.1182165449591959,0.11821654495919587
T08_2004_FIRST_HIKE,T08_2004,2004,FIRST_HIKE,2004-06-30,116,2004-12-14,1.110573232857285,0.11057323285728504
T08_2004_FIRST_HIKE,T08_2004,2004,FIRST_HIKE,2004-06-30,117,2004-12-15,1.1230572937400478,0.12305729374004781
T08_2004_FIRST_HIKE,T08_2004,2004,FIRST_HIKE,2004-06-30,118,2004-12-16,1.113121003557922,0.11312100355792198
T08_2004_FIRST_HIKE,T08_2004,2004,FIRST_HIKE,2004-06-30,119,2004-12-17,1.125095556951632,0.1250955569516321
T08_2004_FIRST_HIKE,T08_2004,2004,FIRST_HIKE,2004-06-30,120,2004-12-20,1.1271337424114252,0.12713374241142517
T08_2004_FIRST_HIKE,T08_2004,2004,FIRST_HIKE,2004-06-30,121,2004-12-21,1.1256050644406848,0.12560506444068475
T08_2004_FIRST_HIKE,T08_2004,2004,FIRST_HIKE,2004-06-30,122,2004-12-22,1.1217834083897293,0.12178340838972934
T08_2004_FIRST_HIKE,T08_2004,2004,FIRST_HIKE,2004-06-30,123,2004-12-23,1.1258598570611067,0.1258598570611067
T08_2004_FIRST_HIKE,T08_2004,2004,FIRST_HIKE,2004-06-30,124,2004-12-27,1.1342675470242833,0.13426754702428334
T08_2004_FIRST_HIKE,T08_2004,2004,FIRST_HIKE,2004-06-30,125,2004-12-28,1.131974491192277,0.1319744911922771
T08_2004_FIRST_HIKE,T08_2004,2004,FIRST_HIKE,2004-06-30,126,2004-12-29,1.110828025477707,0.11082802547770698
T08_2004_FIRST_HIKE,T08_2004,2004,FIRST_HIKE,2004-06-30,127,2004-12-30,1.1146496815286624,0.1146496815286624
T08_2004_FIRST_HIKE,T08_2004,2004,FIRST_HIKE,2004-06-30,128,2005-01-03,1.0922293304637738,0.0922293304637738
T08_2004_FIRST_HIKE,T08_2004,2004,FIRST_HIKE,2004-06-30,129,2005-01-04,1.09171974522293,0.09171974522292992
T08_2004_FIRST_HIKE,T08_2004,2004,FIRST_HIKE,2004-06-30,130,2005-01-05,1.086878996442078,0.08687899644207797
T08_2004_FIRST_HIKE,T08_2004,2004,FIRST_HIKE,2004-06-30,131,2005-01-06,1.0726114649681529,0.07261146496815285
T08_2004_FIRST_HIKE,T08_2004,2004,FIRST_HIKE,2004-06-30,132,2005-01-07,1.067261130946457,0.06726113094645703
T08_2004_FIRST_HIKE,T08_2004,2004,FIRST_HIKE,2004-06-30,133,2005-01-10,1.067770716187301,0.0677707161873009
T08_2004_FIRST_HIKE,T08_2004,2004,FIRST_HIKE,2004-06-30,134,2005-01-11,1.0749044430483679,0.07490444304836785
T08_2004_FIRST_HIKE,T08_2004,2004,FIRST_HIKE,2004-06-30,135,2005-01-12,1.0856051110917595,0.0856051110917595
T08_2004_FIRST_HIKE,T08_2004,2004,FIRST_HIKE,2004-06-30,136,2005-01-13,1.0815286624203821,0.08152866242038215
T08_2004_FIRST_HIKE,T08_2004,2004,FIRST_HIKE,2004-06-30,137,2005-01-14,1.0769427062599521,0.07694270625995214
T08_2004_FIRST_HIKE,T08_2004,2004,FIRST_HIKE,2004-06-30,138,2005-01-18,1.0782165916102706,0.07821659161027061
T08_2004_FIRST_HIKE,T08_2004,2004,FIRST_HIKE,2004-06-30,139,2005-01-19,1.0777070063694267,0.07770700636942673
T08_2004_FIRST_HIKE,T08_2004,2004,FIRST_HIKE,2004-06-30,140,2005-01-20,1.0761783283986863,0.07617832839868632
T08_2004_FIRST_HIKE,T08_2004,2004,FIRST_HIKE,2004-06-30,141,2005-01-21,1.0871337890625,0.08713378906249991
T08_2004_FIRST_HIKE,T08_2004,2004,FIRST_HIKE,2004-06-30,142,2005-01-24,1.0876432965515526,0.08764329655155256
T08_2004_FIRST_HIKE,T08_2004,2004,FIRST_HIKE,2004-06-30,143,2005-01-25,1.0751592356687898,0.07515923566878979
T08_2004_FIRST_HIKE,T08_2004,2004,FIRST_HIKE,2004-06-30,144,2005-01-26,1.0876432965515526,0.08764329655155256
T08_2004_FIRST_HIKE,T08_2004,2004,FIRST_HIKE,2004-06-30,145,2005-01-27,1.0861146185808122,0.08611461858081215
T08_2004_FIRST_HIKE,T08_2004,2004,FIRST_HIKE,2004-06-30,146,2005-01-28,1.0848407332304937,0.08484073323049368
T08_2004_FIRST_HIKE,T08_2004,2004,FIRST_HIKE,2004-06-30,147,2005-01-31,1.074649650427946,0.07464965042794591
T08_2004_FIRST_HIKE,T08_2004,2004,FIRST_HIKE,2004-06-30,148,2005-02-01,1.072101879727309,0.07210187972730897
T08_2004_FIRST_HIKE,T08_2004,2004,FIRST_HIKE,2004-06-30,149,2005-02-02,1.0728662575885748,0.07286625758857479
T08_2004_FIRST_HIKE,T08_2004,2004,FIRST_HIKE,2004-06-30,150,2005-02-03,1.0614012894357086,0.06140128943570855
T08_2004_FIRST_HIKE,T08_2004,2004,FIRST_HIKE,2004-06-30,151,2005-02-04,1.0547770700636943,0.054777070063694255
T08_2004_FIRST_HIKE,T08_2004,2004,FIRST_HIKE,2004-06-30,152,2005-02-07,1.0537579773337977,0.053757977333797724
T08_2004_FIRST_HIKE,T08_2004,2004,FIRST_HIKE,2004-06-30,153,2005-02-08,1.0512102066331608,0.05121020663316078
T08_2004_FIRST_HIKE,T08_2004,2004,FIRST_HIKE,2004-06-30,154,2005-02-09,1.0519745067426354,0.051974506742635374
T08_2004_FIRST_HIKE,T08_2004,2004,FIRST_HIKE,2004-06-30,155,2005-02-10,1.062929967406449,0.06292996740644896
T08_2004_FIRST_HIKE,T08_2004,2004,FIRST_HIKE,2004-06-30,156,2005-02-11,1.0713375796178344,0.07133757961783438
T08_2004_FIRST_HIKE,T08_2004,2004,FIRST_HIKE,2004-06-30,157,2005-02-14,1.0848407332304937,0.08484073323049368
T08_2004_FIRST_HIKE,T08_2004,2004,FIRST_HIKE,2004-06-30,158,2005-02-15,1.0850955258509156,0.08509552585091562
T08_2004_FIRST_HIKE,T08_2004,2004,FIRST_HIKE,2004-06-30,159,2005-02-16,1.084076433121019,0.08407643312101909
T08_2004_FIRST_HIKE,T08_2004,2004,FIRST_HIKE,2004-06-30,160,2005-02-17,1.088662389281449,0.0886623892814491
T08_2004_FIRST_HIKE,T08_2004,2004,FIRST_HIKE,2004-06-30,161,2005-02-18,1.0881528817923964,0.08815288179239644
T08_2004_FIRST_HIKE,T08_2004,2004,FIRST_HIKE,2004-06-30,162,2005-02-22,1.1070063694267516,0.10700636942675157
T08_2004_FIRST_HIKE,T08_2004,2004,FIRST_HIKE,2004-06-30,163,2005-02-23,1.108025462156648,0.1080254621566481
T08_2004_FIRST_HIKE,T08_2004,2004,FIRST_HIKE,2004-06-30,164,2005-02-24,1.1070063694267516,0.10700636942675157
T08_2004_FIRST_HIKE,T08_2004,2004,FIRST_HIKE,2004-06-30,165,2005-02-25,1.108025462156648,0.1080254621566481
T08_2004_FIRST_HIKE,T08_2004,2004,FIRST_HIKE,2004-06-30,166,2005-02-28,1.1121019108280255,0.11210191082802545
T08_2004_FIRST_HIKE,T08_2004,2004,FIRST_HIKE,2004-06-30,167,2005-03-01,1.1029299207553742,0.10292992075537422
T08_2004_FIRST_HIKE,T08_2004,2004,FIRST_HIKE,2004-06-30,168,2005-03-02,1.1026751281349523,0.10267512813495228
T08_2004_FIRST_HIKE,T08_2004,2004,FIRST_HIKE,2004-06-30,169,2005-03-03,1.0952866086534634,0.09528660865346339
T08_2004_FIRST_HIKE,T08_2004,2004,FIRST_HIKE,2004-06-30,170,2005-03-04,1.106242069317277,0.10624206931727698
T08_2004_FIRST_HIKE,T08_2004,2004,FIRST_HIKE,2004-06-30,171,2005-03-07,1.10828025477707,0.10828025477707004
T08_2004_FIRST_HIKE,T08_2004,2004,FIRST_HIKE,2004-06-30,172,2005-03-08,1.1217834083897293,0.12178340838972934
T08_2004_FIRST_HIKE,T08_2004,2004,FIRST_HIKE,2004-06-30,173,2005-03-09,1.1263694423019506,0.12636944230195057
T08_2004_FIRST_HIKE,T08_2004,2004,FIRST_HIKE,2004-06-30,174,2005-03-10,1.1281528351413217,0.1281528351413217
T08_2004_FIRST_HIKE,T08_2004,2004,FIRST_HIKE,2004-06-30,175,2005-03-11,1.1368153177249203,0.13681531772492028
T08_2004_FIRST_HIKE,T08_2004,2004,FIRST_HIKE,2004-06-30,176,2005-03-14,1.1238216716013136,0.12382167160131363
T08_2004_FIRST_HIKE,T08_2004,2004,FIRST_HIKE,2004-06-30,177,2005-03-15,1.1233120863604698,0.12331208636046975
T08_2004_FIRST_HIKE,T08_2004,2004,FIRST_HIKE,2004-06-30,178,2005-03-16,1.130445890973328,0.13044589097332793
T08_2004_FIRST_HIKE,T08_2004,2004,FIRST_HIKE,2004-06-30,179,2005-03-17,1.1177070374701432,0.11770703747014322
T08_2004_FIRST_HIKE,T08_2004,2004,FIRST_HIKE,2004-06-30,180,2005-03-18,1.1192356376890924,0.1192356376890924
T08_2004_FIRST_HIKE,T08_2004,2004,FIRST_HIKE,2004-06-30,181,2005-03-21,1.0983439645949442,0.09834396459494421
T08_2004_FIRST_HIKE,T08_2004,2004,FIRST_HIKE,2004-06-30,182,2005-03-22,1.0988534720839969,0.09885347208399686
T08_2004_FIRST_HIKE,T08_2004,2004,FIRST_HIKE,2004-06-30,183,2005-03-23,1.0833121330115445,0.0833121330115445
T08_2004_FIRST_HIKE,T08_2004,2004,FIRST_HIKE,2004-06-30,184,2005-03-24,1.082038247661226,0.08203824766122603
T08_2004_FIRST_HIKE,T08_2004,2004,FIRST_HIKE,2004-06-30,185,2005-03-28,1.0850955258509156,0.08509552585091562
T08_2004_FIRST_HIKE,T08_2004,2004,FIRST_HIKE,2004-06-30,186,2005-03-29,1.0853503184713376,0.08535031847133756
T08_2004_FIRST_HIKE,T08_2004,2004,FIRST_HIKE,2004-06-30,187,2005-03-31,1.0922293304637738,0.0922293304637738
T08_2004_FIRST_HIKE,T08_2004,2004,FIRST_HIKE,2004-06-30,188,2005-04-01,1.0850955258509156,0.08509552585091562
T08_2004_FIRST_HIKE,T08_2004,2004,FIRST_HIKE,2004-06-30,189,2005-04-04,1.0799999844496417,0.07999998444964174
T08_2004_FIRST_HIKE,T08_2004,2004,FIRST_HIKE,2004-06-30,190,2005-04-05,1.0815286624203821,0.08152866242038215
T08_2004_FIRST_HIKE,T08_2004,2004,FIRST_HIKE,2004-06-30,191,2005-04-06,1.0881528817923964,0.08815288179239644
T08_2004_FIRST_HIKE,T08_2004,2004,FIRST_HIKE,2004-06-30,192,2005-04-07,1.086624203821656,0.08662420382165603
T08_2004_FIRST_HIKE,T08_2004,2004,FIRST_HIKE,2004-06-30,193,2005-04-08,1.0876432965515526,0.08764329655155256
T08_2004_FIRST_HIKE,T08_2004,2004,FIRST_HIKE,2004-06-30,194,2005-04-11,1.0919745378433519,0.09197453784335186
T08_2004_FIRST_HIKE,T08_2004,2004,FIRST_HIKE,2004-06-30,195,2005-04-12,1.089426767142715,0.08942676714271491
T08_2004_FIRST_HIKE,T08_2004,2004,FIRST_HIKE,2004-06-30,196,2005-04-13,1.093757930682723,0.09375793068272298
T08_2004_FIRST_HIKE,T08_2004,2004,FIRST_HIKE,2004-06-30,197,2005-04-14,1.0802547770700637,0.08025477707006368
T08_2004_FIRST_HIKE,T08_2004,2004,FIRST_HIKE,2004-06-30,198,2005-04-15,1.0825477551502787,0.08254775515027868
T08_2004_FIRST_HIKE,T08_2004,2004,FIRST_HIKE,2004-06-30,199,2005-04-18,1.089171974522293,0.08917197452229297
T08_2004_FIRST_HIKE,T08_2004,2004,FIRST_HIKE,2004-06-30,200,2005-04-19,1.1029299207553742,0.10292992075537422
T08_2004_FIRST_HIKE,T08_2004,2004,FIRST_HIKE,2004-06-30,201,2005-04-20,1.1090445548865446,0.10904455488654463
T08_2004_FIRST_HIKE,T08_2004,2004,FIRST_HIKE,2004-06-30,202,2005-04-21,1.1031847133757962,0.10318471337579616
T08_2004_FIRST_HIKE,T08_2004,2004,FIRST_HIKE,2004-06-30,203,2005-04-22,1.1064967841859077,0.10649678418590769
T08_2004_FIRST_HIKE,T08_2004,2004,FIRST_HIKE,2004-06-30,204,2005-04-25,1.1072611620471735,0.10726116204717351
T08_2004_FIRST_HIKE,T08_2004,2004,FIRST_HIKE,2004-06-30,205,2005-04-26,1.115668774258559,0.11566877425855893
T08_2004_FIRST_HIKE,T08_2004,2004,FIRST_HIKE,2004-06-30,206,2005-04-27,1.1031847133757962,0.10318471337579616
T08_2004_FIRST_HIKE,T08_2004,2004,FIRST_HIKE,2004-06-30,207,2005-04-29,1.10828025477707,0.10828025477707004
T08_2004_FIRST_HIKE,T08_2004,2004,FIRST_HIKE,2004-06-30,208,2005-05-02,1.0942675159235669,0.09426751592356686
T08_2004_FIRST_HIKE,T08_2004,2004,FIRST_HIKE,2004-06-30,209,2005-05-03,1.0871337890625,0.08713378906249991
T08_2004_FIRST_HIKE,T08_2004,2004,FIRST_HIKE,2004-06-30,210,2005-05-04,1.0929936305732484,0.09299363057324839
T08_2004_FIRST_HIKE,T08_2004,2004,FIRST_HIKE,2004-06-30,211,2005-05-05,1.0950318160330414,0.09503181603304145
T08_2004_FIRST_HIKE,T08_2004,2004,FIRST_HIKE,2004-06-30,212,2005-05-06,1.0856051110917595,0.0856051110917595
T08_2004_FIRST_HIKE,T08_2004,2004,FIRST_HIKE,2004-06-30,213,2005-05-09,1.0858599037121814,0.08585990371218144
T08_2004_FIRST_HIKE,T08_2004,2004,FIRST_HIKE,2004-06-30,214,2005-05-10,1.0884076744128184,0.08840767441281838
T08_2004_FIRST_HIKE,T08_2004,2004,FIRST_HIKE,2004-06-30,215,2005-05-11,1.0884076744128184,0.08840767441281838
T08_2004_FIRST_HIKE,T08_2004,2004,FIRST_HIKE,2004-06-30,216,2005-05-12,1.0741401429388933,0.07414014293889326
T08_2004_FIRST_HIKE,T08_2004,2004,FIRST_HIKE,2004-06-30,217,2005-05-13,1.0705732795083598,0.07057327950835979
T08_2004_FIRST_HIKE,T08_2004,2004,FIRST_HIKE,2004-06-30,218,2005-05-16,1.067261130946457,0.06726113094645703
T08_2004_FIRST_HIKE,T08_2004,2004,FIRST_HIKE,2004-06-30,219,2005-05-17,1.0685350162967755,0.0685350162967755
T08_2004_FIRST_HIKE,T08_2004,2004,FIRST_HIKE,2004-06-30,220,2005-05-18,1.0738853503184713,0.07388535031847132
T08_2004_FIRST_HIKE,T08_2004,2004,FIRST_HIKE,2004-06-30,221,2005-05-19,1.0713375796178344,0.07133757961783438
T08_2004_FIRST_HIKE,T08_2004,2004,FIRST_HIKE,2004-06-30,222,2005-05-20,1.0634394748955016,0.06343947489550161
T08_2004_FIRST_HIKE,T08_2004,2004,FIRST_HIKE,2004-06-30,223,2005-05-23,1.0614012894357086,0.06140128943570855
T08_2004_FIRST_HIKE,T08_2004,2004,FIRST_HIKE,2004-06-30,224,2005-05-24,1.0636942675159236,0.06369426751592355
T08_2004_FIRST_HIKE,T08_2004,2004,FIRST_HIKE,2004-06-30,225,2005-05-25,1.067006338326035,0.06700633832603509
T08_2004_FIRST_HIKE,T08_2004,2004,FIRST_HIKE,2004-06-30,226,2005-05-26,1.064968152866242,0.06496815286624202
T08_2004_FIRST_HIKE,T08_2004,2004,FIRST_HIKE,2004-06-30,227,2005-05-27,1.069554109026672,0.06955410902667203
T08_2004_FIRST_HIKE,T08_2004,2004,FIRST_HIKE,2004-06-30,228,2005-05-31,1.0606369115744427,0.06063691157444273
T08_2004_FIRST_HIKE,T08_2004,2004,FIRST_HIKE,2004-06-30,229,2005-06-01,1.0580891408738058,0.05808914087380579
T08_2004_FIRST_HIKE,T08_2004,2004,FIRST_HIKE,2004-06-30,230,2005-06-02,1.0769427062599521,0.07694270625995214
T08_2004_FIRST_HIKE,T08_2004,2004,FIRST_HIKE,2004-06-30,231,2005-06-03,1.079490476960589,0.07949047696058908
T08_2004_FIRST_HIKE,T08_2004,2004,FIRST_HIKE,2004-06-30,232,2005-06-06,1.086624203821656,0.08662420382165603
T08_2004_FIRST_HIKE,T08_2004,2004,FIRST_HIKE,2004-06-30,233,2005-06-07,1.0822929625298567,0.08229296252985674
T08_2004_FIRST_HIKE,T08_2004,2004,FIRST_HIKE,2004-06-30,234,2005-06-08,1.082038247661226,0.08203824766122603
T08_2004_FIRST_HIKE,T08_2004,2004,FIRST_HIKE,2004-06-30,235,2005-06-09,1.0807643623109076,0.08076436231090756
T08_2004_FIRST_HIKE,T08_2004,2004,FIRST_HIKE,2004-06-30,236,2005-06-10,1.088917181901871,0.08891718190187103
T08_2004_FIRST_HIKE,T08_2004,2004,FIRST_HIKE,2004-06-30,237,2005-06-13,1.093757930682723,0.09375793068272298
T08_2004_FIRST_HIKE,T08_2004,2004,FIRST_HIKE,2004-06-30,238,2005-06-14,1.089171974522293,0.08917197452229297
T08_2004_FIRST_HIKE,T08_2004,2004,FIRST_HIKE,2004-06-30,239,2005-06-15,1.0932484231936703,0.09324842319367033
T08_2004_FIRST_HIKE,T08_2004,2004,FIRST_HIKE,2004-06-30,240,2005-06-16,1.1113376107185509,0.11133761071855086
T08_2004_FIRST_HIKE,T08_2004,2004,FIRST_HIKE,2004-06-30,241,2005-06-17,1.1166878669884555,0.11668786698845546
T08_2004_FIRST_HIKE,T08_2004,2004,FIRST_HIKE,2004-06-30,242,2005-06-20,1.1169426596088774,0.1169426596088774
T08_2004_FIRST_HIKE,T08_2004,2004,FIRST_HIKE,2004-06-30,243,2005-06-21,1.1182165449591959,0.11821654495919587
T08_2004_FIRST_HIKE,T08_2004,2004,FIRST_HIKE,2004-06-30,244,2005-06-22,1.1161783594994028,0.1161783594994028
T08_2004_FIRST_HIKE,T08_2004,2004,FIRST_HIKE,2004-06-30,245,2005-06-23,1.125350349572054,0.12535034957205404
T08_2004_FIRST_HIKE,T08_2004,2004,FIRST_HIKE,2004-06-30,246,2005-06-24,1.1222929936305732,0.12229299363057322
T08_2004_FIRST_HIKE,T08_2004,2004,FIRST_HIKE,2004-06-30,247,2005-06-27,1.1217834083897293,0.12178340838972934
T08_2004_FIRST_HIKE,T08_2004,2004,FIRST_HIKE,2004-06-30,248,2005-06-28,1.1118471182076035,0.11184711820760351
T08_2004_FIRST_HIKE,T08_2004,2004,FIRST_HIKE,2004-06-30,249,2005-06-30,1.110573232857285,0.11057323285728504
T08_2004_FIRST_HIKE,T08_2004,2004,FIRST_HIKE,2004-06-30,250,2005-07-01,1.0899362746317676,0.08993627463176757
T08_2004_FIRST_HIKE,T08_2004,2004,FIRST_HIKE,2004-06-30,251,2005-07-05,1.0774522137490048,0.0774522137490048
T08_2004_FIRST_HIKE,T08_2004,2004,FIRST_HIKE,2004-06-30,252,2005-07-06,1.0789808917197452,0.0789808917197452
T08_2004_TIGHTENING_CYCLE_START,T08_2004,2004,TIGHTENING_CYCLE_START,2004-06-30,-60,2004-04-01,1.0899362746317676,0.08993627463176757
T08_2004_TIGHTENING_CYCLE_START,T08_2004,2004,TIGHTENING_CYCLE_START,2004-06-30,-59,2004-04-02,1.0741401429388933,0.07414014293889326
T08_2004_TIGHTENING_CYCLE_START,T08_2004,2004,TIGHTENING_CYCLE_START,2004-06-30,-58,2004-04-05,1.0583439334942277,0.05834393349422773
T08_2004_TIGHTENING_CYCLE_START,T08_2004,2004,TIGHTENING_CYCLE_START,2004-06-30,-57,2004-04-06,1.067261130946457,0.06726113094645703
T08_2004_TIGHTENING_CYCLE_START,T08_2004,2004,TIGHTENING_CYCLE_START,2004-06-30,-56,2004-04-07,1.0771974211285829,0.07719742112858285
T08_2004_TIGHTENING_CYCLE_START,T08_2004,2004,TIGHTENING_CYCLE_START,2004-06-30,-55,2004-04-08,1.069808901647094,0.06980890164709397
T08_2004_TIGHTENING_CYCLE_START,T08_2004,2004,TIGHTENING_CYCLE_START,2004-06-30,-54,2004-04-12,1.0703184868879378,0.07031848688793785
T08_2004_TIGHTENING_CYCLE_START,T08_2004,2004,TIGHTENING_CYCLE_START,2004-06-30,-53,2004-04-13,1.0369426751592357,0.03694267515923566
T08_2004_TIGHTENING_CYCLE_START,T08_2004,2004,TIGHTENING_CYCLE_START,2004-06-30,-52,2004-04-14,1.0185986950139332,0.018598695013933186
T08_2004_TIGHTENING_CYCLE_START,T08_2004,2004,TIGHTENING_CYCLE_START,2004-06-30,-51,2004-04-15,1.0132484387440286,0.01324843874402859
T08_2004_TIGHTENING_CYCLE_START,T08_2004,2004,TIGHTENING_CYCLE_START,2004-06-30,-50,2004-04-16,1.021656050955414,0.021656050955414008
T08_2004_TIGHTENING_CYCLE_START,T08_2004,2004,TIGHTENING_CYCLE_START,2004-06-30,-49,2004-04-19,1.0206369582255175,0.020636958225517477
T08_2004_TIGHTENING_CYCLE_START,T08_2004,2004,TIGHTENING_CYCLE_START,2004-06-30,-48,2004-04-20,1.0132484387440286,0.01324843874402859
T08_2004_TIGHTENING_CYCLE_START,T08_2004,2004,TIGHTENING_CYCLE_START,2004-06-30,-47,2004-04-21,0.9956687587082006,-0.004331241291799404
T08_2004_TIGHTENING_CYCLE_START,T08_2004,2004,TIGHTENING_CYCLE_START,2004-06-30,-46,2004-04-22,1.002038185459793,0.0020381854597930626
T08_2004_TIGHTENING_CYCLE_START,T08_2004,2004,TIGHTENING_CYCLE_START,2004-06-30,-45,2004-04-23,1.0066242193720143,0.006624219372014295
T08_2004_TIGHTENING_CYCLE_START,T08_2004,2004,TIGHTENING_CYCLE_START,2004-06-30,-44,2004-04-26,1.0089171974522293,0.008917197452229297
T08_2004_TIGHTENING_CYCLE_START,T08_2004,2004,TIGHTENING_CYCLE_START,2004-06-30,-43,2004-04-27,1.0155414168242436,0.015541416824243592
T08_2004_TIGHTENING_CYCLE_START,T08_2004,2004,TIGHTENING_CYCLE_START,2004-06-30,-42,2004-04-28,0.9819108124751195,-0.018089187524880534
T08_2004_TIGHTENING_CYCLE_START,T08_2004,2004,TIGHTENING_CYCLE_START,2004-06-30,-41,2004-04-29,0.9849681684166003,-0.015031831583399713
T08_2004_TIGHTENING_CYCLE_START,T08_2004,2004,TIGHTENING_CYCLE_START,2004-06-30,-40,2004-04-30,0.9859872611464968,-0.014012738853503182
T08_2004_TIGHTENING_CYCLE_START,T08_2004,2004,TIGHTENING_CYCLE_START,2004-06-30,-39,2004-05-03,0.9859872611464968,-0.014012738853503182
T08_2004_TIGHTENING_CYCLE_START,T08_2004,2004,TIGHTENING_CYCLE_START,2004-06-30,-38,2004-05-04,0.9971974366789411,-0.002802563321058882
T08_2004_TIGHTENING_CYCLE_START,T08_2004,2004,TIGHTENING_CYCLE_START,2004-06-30,-37,2004-05-05,1.002292978080215,0.0022929780802150024
T08_2004_TIGHTENING_CYCLE_START,T08_2004,2004,TIGHTENING_CYCLE_START,2004-06-30,-36,2004-05-06,0.9885350318471338,-0.01146496815286624
T08_2004_TIGHTENING_CYCLE_START,T08_2004,2004,TIGHTENING_CYCLE_START,2004-06-30,-35,2004-05-07,0.9648407954319268,-0.0351592045680732
T08_2004_TIGHTENING_CYCLE_START,T08_2004,2004,TIGHTENING_CYCLE_START,2004-06-30,-34,2004-05-10,0.9638216249502388,-0.03617837504976118
T08_2004_TIGHTENING_CYCLE_START,T08_2004,2004,TIGHTENING_CYCLE_START,2004-06-30,-33,2004-05-11,0.9602547615197055,-0.03974523848029454
T08_2004_TIGHTENING_CYCLE_START,T08_2004,2004,TIGHTENING_CYCLE_START,2004-06-30,-32,2004-05-12,0.9615286468700239,-0.03847135312997607
T08_2004_TIGHTENING_CYCLE_START,T08_2004,2004,TIGHTENING_CYCLE_START,2004-06-30,-31,2004-05-13,0.9549044274980095,-0.04509557250199048
T08_2004_TIGHTENING_CYCLE_START,T08_2004,2004,TIGHTENING_CYCLE_START,2004-06-30,-30,2004-05-14,0.9605095541401274,-0.0394904458598726
T08_2004_TIGHTENING_CYCLE_START,T08_2004,2004,TIGHTENING_CYCLE_START,2004-06-30,-29,2004-05-17,0.9668789808917198,-0.03312101910828025
T08_2004_TIGHTENING_CYCLE_START,T08_2004,2004,TIGHTENING_CYCLE_START,2004-06-30,-28,2004-05-18,0.9574521981986465,-0.042547801801353535
T08_2004_TIGHTENING_CYCLE_START,T08_2004,2004,TIGHTENING_CYCLE_START,2004-06-30,-27,2004-05-19,0.9755413857235271,-0.02445861427647289
T08_2004_TIGHTENING_CYCLE_START,T08_2004,2004,TIGHTENING_CYCLE_START,2004-06-30,-26,2004-05-20,0.9640764175706609,-0.03592358242933913
T08_2004_TIGHTENING_CYCLE_START,T08_2004,2004,TIGHTENING_CYCLE_START,2004-06-30,-25,2004-05-21,0.9803821345043789,-0.019617865495621056
T08_2004_TIGHTENING_CYCLE_START,T08_2004,2004,TIGHTENING_CYCLE_START,2004-06-30,-24,2004-05-24,0.9824203977159633,-0.017579602284036655
T08_2004_TIGHTENING_CYCLE_START,T08_2004,2004,TIGHTENING_CYCLE_START,2004-06-30,-23,2004-05-25,0.9892993319566082,-0.010700668043391759
T08_2004_TIGHTENING_CYCLE_START,T08_2004,2004,TIGHTENING_CYCLE_START,2004-06-30,-22,2004-05-26,0.9892993319566082,-0.010700668043391759
T08_2004_TIGHTENING_CYCLE_START,T08_2004,2004,TIGHTENING_CYCLE_START,2004-06-30,-21,2004-05-27,1.0061146341311704,0.0061146341311704155
T08_2004_TIGHTENING_CYCLE_START,T08_2004,2004,TIGHTENING_CYCLE_START,2004-06-30,-20,2004-05-28,1.0038216560509554,0.003821656050955413
T08_2004_TIGHTENING_CYCLE_START,T08_2004,2004,TIGHTENING_CYCLE_START,2004-06-30,-19,2004-06-01,1.0053503340216958,0.005350334021695824
T08_2004_TIGHTENING_CYCLE_START,T08_2004,2004,TIGHTENING_CYCLE_START,2004-06-30,-18,2004-06-02,0.9954140438395701,-0.004585956160429894
T08_2004_TIGHTENING_CYCLE_START,T08_2004,2004,TIGHTENING_CYCLE_START,2004-06-30,-17,2004-06-03,0.9887898244675557,-0.0112101755324443
T08_2004_TIGHTENING_CYCLE_START,T08_2004,2004,TIGHTENING_CYCLE_START,2004-06-30,-16,2004-06-04,0.9959235513286226,-0.004076448671377353
T08_2004_TIGHTENING_CYCLE_START,T08_2004,2004,TIGHTENING_CYCLE_START,2004-06-30,-15,2004-06-07,1.0033120708101115,0.0033120708101115337
T08_2004_TIGHTENING_CYCLE_START,T08_2004,2004,TIGHTENING_CYCLE_START,2004-06-30,-14,2004-06-08,0.9961783439490446,-0.003821656050955413
T08_2004_TIGHTENING_CYCLE_START,T08_2004,2004,TIGHTENING_CYCLE_START,2004-06-30,-13,2004-06-09,0.9796178343949045,-0.020382165605095537
T08_2004_TIGHTENING_CYCLE_START,T08_2004,2004,TIGHTENING_CYCLE_START,2004-06-30,-12,2004-06-10,0.9831846978254379,-0.016815302174562063
T08_2004_TIGHTENING_CYCLE_START,T08_2004,2004,TIGHTENING_CYCLE_START,2004-06-30,-11,2004-06-14,0.9773248563146895,-0.02267514368531054
T08_2004_TIGHTENING_CYCLE_START,T08_2004,2004,TIGHTENING_CYCLE_START,2004-06-30,-10,2004-06-15,0.9887898244675557,-0.0112101755324443
T08_2004_TIGHTENING_CYCLE_START,T08_2004,2004,TIGHTENING_CYCLE_START,2004-06-30,-9,2004-06-16,0.9798726270153264,-0.020127372984673597
T08_2004_TIGHTENING_CYCLE_START,T08_2004,2004,TIGHTENING_CYCLE_START,2004-06-30,-8,2004-06-17,0.9908280099273488,-0.009171990072651237
T08_2004_TIGHTENING_CYCLE_START,T08_2004,2004,TIGHTENING_CYCLE_START,2004-06-30,-7,2004-06-18,1.0066242193720143,0.006624219372014295
T08_2004_TIGHTENING_CYCLE_START,T08_2004,2004,TIGHTENING_CYCLE_START,2004-06-30,-6,2004-06-21,1.0038216560509554,0.003821656050955413
T08_2004_TIGHTENING_CYCLE_START,T08_2004,2004,TIGHTENING_CYCLE_START,2004-06-30,-5,2004-06-22,1.0063694267515924,0.006369426751592355
T08_2004_TIGHTENING_CYCLE_START,T08_2004,2004,TIGHTENING_CYCLE_START,2004-06-30,-4,2004-06-23,1.0063694267515924,0.006369426751592355
T08_2004_TIGHTENING_CYCLE_START,T08_2004,2004,TIGHTENING_CYCLE_START,2004-06-30,-3,2004-06-24,1.0270063849771098,0.027006384977109832
T08_2004_TIGHTENING_CYCLE_START,T08_2004,2004,TIGHTENING_CYCLE_START,2004-06-30,-2,2004-06-25,1.026496799736266,0.026496799736265952
T08_2004_TIGHTENING_CYCLE_START,T08_2004,2004,TIGHTENING_CYCLE_START,2004-06-30,-1,2004-06-28,1.021656050955414,0.021656050955414008
T08_2004_TIGHTENING_CYCLE_START,T08_2004,2004,TIGHTENING_CYCLE_START,2004-06-30,0,2004-06-29,1.0,0.0
T08_2004_TIGHTENING_CYCLE_START,T08_2004,2004,TIGHTENING_CYCLE_START,2004-06-30,1,2004-06-30,1.000254792620422,0.00025479262042193973
T08_2004_TIGHTENING_CYCLE_START,T08_2004,2004,TIGHTENING_CYCLE_START,2004-06-30,2,2004-07-01,1.0089171974522293,0.008917197452229297
T08_2004_TIGHTENING_CYCLE_START,T08_2004,2004,TIGHTENING_CYCLE_START,2004-06-30,3,2004-07-02,1.0147770389629778,0.014777038962977773
T08_2004_TIGHTENING_CYCLE_START,T08_2004,2004,TIGHTENING_CYCLE_START,2004-06-30,4,2004-07-06,1.000254792620422,0.00025479262042193973
T08_2004_TIGHTENING_CYCLE_START,T08_2004,2004,TIGHTENING_CYCLE_START,2004-06-30,5,2004-07-07,1.0249681217655255,0.02496812176552554
T08_2004_TIGHTENING_CYCLE_START,T08_2004,2004,TIGHTENING_CYCLE_START,2004-06-30,6,2004-07-08,1.0389808606190287,0.03898086061902872
T08_2004_TIGHTENING_CYCLE_START,T08_2004,2004,TIGHTENING_CYCLE_START,2004-06-30,7,2004-07-09,1.0382165605095541,0.03821656050955413
T08_2004_TIGHTENING_CYCLE_START,T08_2004,2004,TIGHTENING_CYCLE_START,2004-06-30,8,2004-07-12,1.0397452384802945,0.03974523848029454
T08_2004_TIGHTENING_CYCLE_START,T08_2004,2004,TIGHTENING_CYCLE_START,2004-06-30,9,2004-07-13,1.024203821656051,0.02420382165605095
T08_2004_TIGHTENING_CYCLE_START,T08_2004,2004,TIGHTENING_CYCLE_START,2004-06-30,10,2004-07-14,1.0328662264878583,0.03286622648785831
T08_2004_TIGHTENING_CYCLE_START,T08_2004,2004,TIGHTENING_CYCLE_START,2004-06-30,11,2004-07-15,1.0298089482981687,0.029808948298168714
T08_2004_TIGHTENING_CYCLE_START,T08_2004,2004,TIGHTENING_CYCLE_START,2004-06-30,12,2004-07-16,1.0359235824293391,0.03592358242933913
T08_2004_TIGHTENING_CYCLE_START,T08_2004,2004,TIGHTENING_CYCLE_START,2004-06-30,13,2004-07-19,1.0333758117287022,0.03337581172870219
T08_2004_TIGHTENING_CYCLE_START,T08_2004,2004,TIGHTENING_CYCLE_START,2004-06-30,14,2004-07-20,1.023949029035629,0.02394902903562901
T08_2004_TIGHTENING_CYCLE_START,T08_2004,2004,TIGHTENING_CYCLE_START,2004-06-30,15,2004-07-21,1.0117197607732882,0.01171976077328818
T08_2004_TIGHTENING_CYCLE_START,T08_2004,2004,TIGHTENING_CYCLE_START,2004-06-30,16,2004-07-22,1.0068790119924362,0.006879011992436235
T08_2004_TIGHTENING_CYCLE_START,T08_2004,2004,TIGHTENING_CYCLE_START,2004-06-30,17,2004-07-23,0.9949044585987261,-0.005095541401273884
T08_2004_TIGHTENING_CYCLE_START,T08_2004,2004,TIGHTENING_CYCLE_START,2004-06-30,18,2004-07-26,0.9943948733578821,-0.005605126642117875
T08_2004_TIGHTENING_CYCLE_START,T08_2004,2004,TIGHTENING_CYCLE_START,2004-06-30,19,2004-07-27,0.9859872611464968,-0.014012738853503182
T08_2004_TIGHTENING_CYCLE_START,T08_2004,2004,TIGHTENING_CYCLE_START,2004-06-30,20,2004-07-28,0.9910828025477707,-0.008917197452229297
T08_2004_TIGHTENING_CYCLE_START,T08_2004,2004,TIGHTENING_CYCLE_START,2004-06-30,21,2004-07-29,0.9859872611464968,-0.014012738853503182
T08_2004_TIGHTENING_CYCLE_START,T08_2004,2004,TIGHTENING_CYCLE_START,2004-06-30,22,2004-07-30,0.9961783439490446,-0.003821656050955413
T08_2004_TIGHTENING_CYCLE_START,T08_2004,2004,TIGHTENING_CYCLE_START,2004-06-30,23,2004-08-02,0.997961814540207,-0.0020381854597929516
T08_2004_TIGHTENING_CYCLE_START,T08_2004,2004,TIGHTENING_CYCLE_START,2004-06-30,24,2004-08-03,1.0038216560509554,0.003821656050955413
T08_2004_TIGHTENING_CYCLE_START,T08_2004,2004,TIGHTENING_CYCLE_START,2004-06-30,25,2004-08-04,0.9992356998905255,-0.0007643001094744806
T08_2004_TIGHTENING_CYCLE_START,T08_2004,2004,TIGHTENING_CYCLE_START,2004-06-30,26,2004-08-05,0.999490414759156,-0.0005095852408439905
T08_2004_TIGHTENING_CYCLE_START,T08_2004,2004,TIGHTENING_CYCLE_START,2004-06-30,27,2004-08-06,1.0185986950139332,0.018598695013933186
T08_2004_TIGHTENING_CYCLE_START,T08_2004,2004,TIGHTENING_CYCLE_START,2004-06-30,28,2004-08-09,1.0208917508459394,0.020891750845939416
T08_2004_TIGHTENING_CYCLE_START,T08_2004,2004,TIGHTENING_CYCLE_START,2004-06-30,29,2004-08-10,1.019108280254777,0.019108280254777066
T08_2004_TIGHTENING_CYCLE_START,T08_2004,2004,TIGHTENING_CYCLE_START,2004-06-30,30,2004-08-11,1.0076433121019108,0.007643312101910826
T08_2004_TIGHTENING_CYCLE_START,T08_2004,2004,TIGHTENING_CYCLE_START,2004-06-30,31,2004-08-12,1.00458595616043,0.004585956160430005
T08_2004_TIGHTENING_CYCLE_START,T08_2004,2004,TIGHTENING_CYCLE_START,2004-06-30,32,2004-08-13,1.0163057169337182,0.016305716933718184
T08_2004_TIGHTENING_CYCLE_START,T08_2004,2004,TIGHTENING_CYCLE_START,2004-06-30,33,2004-08-16,1.026496799736266,0.026496799736265952
T08_2004_TIGHTENING_CYCLE_START,T08_2004,2004,TIGHTENING_CYCLE_START,2004-06-30,34,2004-08-17,1.0303184557872214,0.030318455787221366
T08_2004_TIGHTENING_CYCLE_START,T08_2004,2004,TIGHTENING_CYCLE_START,2004-06-30,35,2004-08-18,1.0300636631667994,0.030063663166799426
T08_2004_TIGHTENING_CYCLE_START,T08_2004,2004,TIGHTENING_CYCLE_START,2004-06-30,36,2004-08-19,1.0371974677796576,0.0371974677796576
T08_2004_TIGHTENING_CYCLE_START,T08_2004,2004,TIGHTENING_CYCLE_START,2004-06-30,37,2004-08-20,1.0527388846039012,0.05273888460390119
T08_2004_TIGHTENING_CYCLE_START,T08_2004,2004,TIGHTENING_CYCLE_START,2004-06-30,38,2004-08-23,1.045859872611465,0.04585987261146496
T08_2004_TIGHTENING_CYCLE_START,T08_2004,2004,TIGHTENING_CYCLE_START,2004-06-30,39,2004-08-24,1.026751592356688,0.026751592356687892
T08_2004_TIGHTENING_CYCLE_START,T08_2004,2004,TIGHTENING_CYCLE_START,2004-06-30,40,2004-08-25,1.0392356532394507,0.03923565323945066
T08_2004_TIGHTENING_CYCLE_START,T08_2004,2004,TIGHTENING_CYCLE_START,2004-06-30,41,2004-08-26,1.0379617678891322,0.03796176788913219
T08_2004_TIGHTENING_CYCLE_START,T08_2004,2004,TIGHTENING_CYCLE_START,2004-06-30,42,2004-08-27,1.0275158924661625,0.027515892466162484
T08_2004_TIGHTENING_CYCLE_START,T08_2004,2004,TIGHTENING_CYCLE_START,2004-06-30,43,2004-08-30,1.0389808606190287,0.03898086061902872
T08_2004_TIGHTENING_CYCLE_START,T08_2004,2004,TIGHTENING_CYCLE_START,2004-06-30,44,2004-08-31,1.045605079991043,0.04560507999104302
T08_2004_TIGHTENING_CYCLE_START,T08_2004,2004,TIGHTENING_CYCLE_START,2004-06-30,45,2004-09-01,1.0415286313196657,0.041528631319665665
T08_2004_TIGHTENING_CYCLE_START,T08_2004,2004,TIGHTENING_CYCLE_START,2004-06-30,46,2004-09-02,1.0343949044585987,0.03439490445859872
T08_2004_TIGHTENING_CYCLE_START,T08_2004,2004,TIGHTENING_CYCLE_START,2004-06-30,47,2004-09-03,1.0203821656050955,0.020382165605095537
T08_2004_TIGHTENING_CYCLE_START,T08_2004,2004,TIGHTENING_CYCLE_START,2004-06-30,48,2004-09-07,1.0124840608827628,0.01248406088276277
T08_2004_TIGHTENING_CYCLE_START,T08_2004,2004,TIGHTENING_CYCLE_START,2004-06-30,49,2004-09-08,1.0175796022840367,0.017579602284036655
T08_2004_TIGHTENING_CYCLE_START,T08_2004,2004,TIGHTENING_CYCLE_START,2004-06-30,50,2004-09-09,1.0152866242038217,0.015286624203821653
T08_2004_TIGHTENING_CYCLE_START,T08_2004,2004,TIGHTENING_CYCLE_START,2004-06-30,51,2004-09-10,1.023949029035629,0.02394902903562901
T08_2004_TIGHTENING_CYCLE_START,T08_2004,2004,TIGHTENING_CYCLE_START,2004-06-30,52,2004-09-13,1.0295541556777468,0.029554155677746774
T08_2004_TIGHTENING_CYCLE_START,T08_2004,2004,TIGHTENING_CYCLE_START,2004-06-30,53,2004-09-14,1.0336306043491241,0.03363060434912413
T08_2004_TIGHTENING_CYCLE_START,T08_2004,2004,TIGHTENING_CYCLE_START,2004-06-30,54,2004-09-15,1.0318471337579618,0.031847133757961776
T08_2004_TIGHTENING_CYCLE_START,T08_2004,2004,TIGHTENING_CYCLE_START,2004-06-30,55,2004-09-16,1.0310828336484872,0.031082833648487185
T08_2004_TIGHTENING_CYCLE_START,T08_2004,2004,TIGHTENING_CYCLE_START,2004-06-30,56,2004-09-17,1.0338853192177548,0.03388531921775484
T08_2004_TIGHTENING_CYCLE_START,T08_2004,2004,TIGHTENING_CYCLE_START,2004-06-30,57,2004-09-20,1.0326114338674364,0.03261143386743637
T08_2004_TIGHTENING_CYCLE_START,T08_2004,2004,TIGHTENING_CYCLE_START,2004-06-30,58,2004-09-21,1.0402547459693472,0.040254745969347194
T08_2004_TIGHTENING_CYCLE_START,T08_2004,2004,TIGHTENING_CYCLE_START,2004-06-30,59,2004-09-22,1.0374522604000795,0.03745226040007954
T08_2004_TIGHTENING_CYCLE_START,T08_2004,2004,TIGHTENING_CYCLE_START,2004-06-30,60,2004-09-23,1.0468789653413615,0.04687896534136149
T08_2004_TIGHTENING_CYCLE_START,T08_2004,2004,TIGHTENING_CYCLE_START,2004-06-30,61,2004-09-24,1.0397452384802945,0.03974523848029454
T08_2004_TIGHTENING_CYCLE_START,T08_2004,2004,TIGHTENING_CYCLE_START,2004-06-30,62,2004-09-27,1.0422930091809315,0.042293009180931485
T08_2004_TIGHTENING_CYCLE_START,T08_2004,2004,TIGHTENING_CYCLE_START,2004-06-30,63,2004-09-28,1.0509554140127388,0.05095541401273884
T08_2004_TIGHTENING_CYCLE_START,T08_2004,2004,TIGHTENING_CYCLE_START,2004-06-30,64,2004-09-29,1.0522292993630573,0.05222929936305731
T08_2004_TIGHTENING_CYCLE_START,T08_2004,2004,TIGHTENING_CYCLE_START,2004-06-30,65,2004-09-30,1.0667516234574044,0.06675162345740437
T08_2004_TIGHTENING_CYCLE_START,T08_2004,2004,TIGHTENING_CYCLE_START,2004-06-30,66,2004-10-01,1.0687898089171974,0.06878980891719744
T08_2004_TIGHTENING_CYCLE_START,T08_2004,2004,TIGHTENING_CYCLE_START,2004-06-30,67,2004-10-04,1.0547770700636943,0.054777070063694255
T08_2004_TIGHTENING_CYCLE_START,T08_2004,2004,TIGHTENING_CYCLE_START,2004-06-30,68,2004-10-05,1.065477738107086,0.0654777381070859
T08_2004_TIGHTENING_CYCLE_START,T08_2004,2004,TIGHTENING_CYCLE_START,2004-06-30,69,2004-10-06,1.0659872455961386,0.06598724559613856
T08_2004_TIGHTENING_CYCLE_START,T08_2004,2004,TIGHTENING_CYCLE_START,2004-06-30,70,2004-10-07,1.064968152866242,0.06496815286624202
T08_2004_TIGHTENING_CYCLE_START,T08_2004,2004,TIGHTENING_CYCLE_START,2004-06-30,71,2004-10-08,1.0779617989898487,0.07796179898984867
T08_2004_TIGHTENING_CYCLE_START,T08_2004,2004,TIGHTENING_CYCLE_START,2004-06-30,72,2004-10-11,1.0751592356687898,0.07515923566878979
T08_2004_TIGHTENING_CYCLE_START,T08_2004,2004,TIGHTENING_CYCLE_START,2004-06-30,73,2004-10-12,1.0575796333847531,0.05757963338475314
T08_2004_TIGHTENING_CYCLE_START,T08_2004,2004,TIGHTENING_CYCLE_START,2004-06-30,74,2004-10-13,1.0527388846039012,0.05273888460390119
T08_2004_TIGHTENING_CYCLE_START,T08_2004,2004,TIGHTENING_CYCLE_START,2004-06-30,75,2004-10-14,1.065222945486664,0.06522294548666396
T08_2004_TIGHTENING_CYCLE_START,T08_2004,2004,TIGHTENING_CYCLE_START,2004-06-30,76,2004-10-15,1.0667516234574044,0.06675162345740437
T08_2004_TIGHTENING_CYCLE_START,T08_2004,2004,TIGHTENING_CYCLE_START,2004-06-30,77,2004-10-18,1.060382196705812,0.06038219670581202
T08_2004_TIGHTENING_CYCLE_START,T08_2004,2004,TIGHTENING_CYCLE_START,2004-06-30,78,2004-10-19,1.0708279943769905,0.0708279943769905
T08_2004_TIGHTENING_CYCLE_START,T08_2004,2004,TIGHTENING_CYCLE_START,2004-06-30,79,2004-10-20,1.0789808917197452,0.0789808917197452
T08_2004_TIGHTENING_CYCLE_START,T08_2004,2004,TIGHTENING_CYCLE_START,2004-06-30,80,2004-10-21,1.0812738697999602,0.08127386979996021
T08_2004_TIGHTENING_CYCLE_START,T08_2004,2004,TIGHTENING_CYCLE_START,2004-06-30,81,2004-10-22,1.081783455040804,0.08178345504080409
T08_2004_TIGHTENING_CYCLE_START,T08_2004,2004,TIGHTENING_CYCLE_START,2004-06-30,82,2004-10-25,1.0929936305732484,0.09299363057324839
T08_2004_TIGHTENING_CYCLE_START,T08_2004,2004,TIGHTENING_CYCLE_START,2004-06-30,83,2004-10-26,1.0873885039311306,0.08738850393113062
T08_2004_TIGHTENING_CYCLE_START,T08_2004,2004,TIGHTENING_CYCLE_START,2004-06-30,84,2004-10-27,1.0822929625298567,0.08229296252985674
T08_2004_TIGHTENING_CYCLE_START,T08_2004,2004,TIGHTENING_CYCLE_START,2004-06-30,85,2004-10-28,1.0830573403911226,0.08305734039112256
T08_2004_TIGHTENING_CYCLE_START,T08_2004,2004,TIGHTENING_CYCLE_START,2004-06-30,86,2004-10-29,1.09171974522293,0.09171974522292992
T08_2004_TIGHTENING_CYCLE_START,T08_2004,2004,TIGHTENING_CYCLE_START,2004-06-30,87,2004-11-01,1.088662389281449,0.0886623892814491
T08_2004_TIGHTENING_CYCLE_START,T08_2004,2004,TIGHTENING_CYCLE_START,2004-06-30,88,2004-11-02,1.070063694267516,0.07006369426751591
T08_2004_TIGHTENING_CYCLE_START,T08_2004,2004,TIGHTENING_CYCLE_START,2004-06-30,89,2004-11-03,1.081783455040804,0.08178345504080409
T08_2004_TIGHTENING_CYCLE_START,T08_2004,2004,TIGHTENING_CYCLE_START,2004-06-30,90,2004-11-04,1.0957961938943073,0.09579619389430727
T08_2004_TIGHTENING_CYCLE_START,T08_2004,2004,TIGHTENING_CYCLE_START,2004-06-30,91,2004-11-05,1.1047133913465366,0.10471339134653657
T08_2004_TIGHTENING_CYCLE_START,T08_2004,2004,TIGHTENING_CYCLE_START,2004-06-30,92,2004-11-08,1.1024204132663216,0.10242041326632156
T08_2004_TIGHTENING_CYCLE_START,T08_2004,2004,TIGHTENING_CYCLE_START,2004-06-30,93,2004-11-09,1.1100637253682324,0.11006372536823239
T08_2004_TIGHTENING_CYCLE_START,T08_2004,2004,TIGHTENING_CYCLE_START,2004-06-30,94,2004-11-10,1.105732484076433,0.1057324840764331
T08_2004_TIGHTENING_CYCLE_START,T08_2004,2004,TIGHTENING_CYCLE_START,2004-06-30,95,2004-11-11,1.108025462156648,0.1080254621566481
T08_2004_TIGHTENING_CYCLE_START,T08_2004,2004,TIGHTENING_CYCLE_START,2004-06-30,96,2004-11-12,1.115668774258559,0.11566877425855893
T08_2004_TIGHTENING_CYCLE_START,T08_2004,2004,TIGHTENING_CYCLE_START,2004-06-30,97,2004-11-15,1.113375796178344,0.11337579617834392
T08_2004_TIGHTENING_CYCLE_START,T08_2004,2004,TIGHTENING_CYCLE_START,2004-06-30,98,2004-11-16,1.1215286935210986,0.12152869352109863
T08_2004_TIGHTENING_CYCLE_START,T08_2004,2004,TIGHTENING_CYCLE_START,2004-06-30,99,2004-11-17,1.1332483765425956,0.13324837654259558
T08_2004_TIGHTENING_CYCLE_START,T08_2004,2004,TIGHTENING_CYCLE_START,2004-06-30,100,2004-11-18,1.127643327652269,0.12764332765226905
T08_2004_TIGHTENING_CYCLE_START,T08_2004,2004,TIGHTENING_CYCLE_START,2004-06-30,101,2004-11-19,1.1383439179438695,0.13834391794386947
T08_2004_TIGHTENING_CYCLE_START,T08_2004,2004,TIGHTENING_CYCLE_START,2004-06-30,102,2004-11-22,1.1434394593451433,0.14343945934514335
T08_2004_TIGHTENING_CYCLE_START,T08_2004,2004,TIGHTENING_CYCLE_START,2004-06-30,103,2004-11-23,1.1408916886445064,0.1408916886445064
T08_2004_TIGHTENING_CYCLE_START,T08_2004,2004,TIGHTENING_CYCLE_START,2004-06-30,104,2004-11-24,1.1447133446954618,0.14471334469546182
T08_2004_TIGHTENING_CYCLE_START,T08_2004,2004,TIGHTENING_CYCLE_START,2004-06-30,105,2004-11-29,1.1559235979796973,0.15592359797969735
T08_2004_TIGHTENING_CYCLE_START,T08_2004,2004,TIGHTENING_CYCLE_START,2004-06-30,106,2004-11-30,1.1498088860967357,0.1498088860967357
T08_2004_TIGHTENING_CYCLE_START,T08_2004,2004,TIGHTENING_CYCLE_START,2004-06-30,107,2004-12-01,1.156687898089172,0.15668789808917194
T08_2004_TIGHTENING_CYCLE_START,T08_2004,2004,TIGHTENING_CYCLE_START,2004-06-30,108,2004-12-02,1.1475159080165207,0.1475159080165207
T08_2004_TIGHTENING_CYCLE_START,T08_2004,2004,TIGHTENING_CYCLE_START,2004-06-30,109,2004-12-03,1.1617834394904458,0.16178343949044582
T08_2004_TIGHTENING_CYCLE_START,T08_2004,2004,TIGHTENING_CYCLE_START,2004-06-30,110,2004-12-06,1.1571974833300158,0.15719748333001582
T08_2004_TIGHTENING_CYCLE_START,T08_2004,2004,TIGHTENING_CYCLE_START,2004-06-30,111,2004-12-07,1.151592356687898,0.15159235668789806
T08_2004_TIGHTENING_CYCLE_START,T08_2004,2004,TIGHTENING_CYCLE_START,2004-06-30,112,2004-12-08,1.1138853814191878,0.1138853814191878
T08_2004_TIGHTENING_CYCLE_START,T08_2004,2004,TIGHTENING_CYCLE_START,2004-06-30,113,2004-12-09,1.110318440236863,0.1103184402368631
T08_2004_TIGHTENING_CYCLE_START,T08_2004,2004,TIGHTENING_CYCLE_START,2004-06-30,114,2004-12-10,1.1054776914560112,0.10547769145601116
T08_2004_TIGHTENING_CYCLE_START,T08_2004,2004,TIGHTENING_CYCLE_START,2004-06-30,115,2004-12-13,1.1182165449591959,0.11821654495919587
T08_2004_TIGHTENING_CYCLE_START,T08_2004,2004,TIGHTENING_CYCLE_START,2004-06-30,116,2004-12-14,1.110573232857285,0.11057323285728504
T08_2004_TIGHTENING_CYCLE_START,T08_2004,2004,TIGHTENING_CYCLE_START,2004-06-30,117,2004-12-15,1.1230572937400478,0.12305729374004781
T08_2004_TIGHTENING_CYCLE_START,T08_2004,2004,TIGHTENING_CYCLE_START,2004-06-30,118,2004-12-16,1.113121003557922,0.11312100355792198
T08_2004_TIGHTENING_CYCLE_START,T08_2004,2004,TIGHTENING_CYCLE_START,2004-06-30,119,2004-12-17,1.125095556951632,0.1250955569516321
T08_2004_TIGHTENING_CYCLE_START,T08_2004,2004,TIGHTENING_CYCLE_START,2004-06-30,120,2004-12-20,1.1271337424114252,0.12713374241142517
T08_2004_TIGHTENING_CYCLE_START,T08_2004,2004,TIGHTENING_CYCLE_START,2004-06-30,121,2004-12-21,1.1256050644406848,0.12560506444068475
T08_2004_TIGHTENING_CYCLE_START,T08_2004,2004,TIGHTENING_CYCLE_START,2004-06-30,122,2004-12-22,1.1217834083897293,0.12178340838972934
T08_2004_TIGHTENING_CYCLE_START,T08_2004,2004,TIGHTENING_CYCLE_START,2004-06-30,123,2004-12-23,1.1258598570611067,0.1258598570611067
T08_2004_TIGHTENING_CYCLE_START,T08_2004,2004,TIGHTENING_CYCLE_START,2004-06-30,124,2004-12-27,1.1342675470242833,0.13426754702428334
T08_2004_TIGHTENING_CYCLE_START,T08_2004,2004,TIGHTENING_CYCLE_START,2004-06-30,125,2004-12-28,1.131974491192277,0.1319744911922771
T08_2004_TIGHTENING_CYCLE_START,T08_2004,2004,TIGHTENING_CYCLE_START,2004-06-30,126,2004-12-29,1.110828025477707,0.11082802547770698
T08_2004_TIGHTENING_CYCLE_START,T08_2004,2004,TIGHTENING_CYCLE_START,2004-06-30,127,2004-12-30,1.1146496815286624,0.1146496815286624
T08_2004_TIGHTENING_CYCLE_START,T08_2004,2004,TIGHTENING_CYCLE_START,2004-06-30,128,2005-01-03,1.0922293304637738,0.0922293304637738
T08_2004_TIGHTENING_CYCLE_START,T08_2004,2004,TIGHTENING_CYCLE_START,2004-06-30,129,2005-01-04,1.09171974522293,0.09171974522292992
T08_2004_TIGHTENING_CYCLE_START,T08_2004,2004,TIGHTENING_CYCLE_START,2004-06-30,130,2005-01-05,1.086878996442078,0.08687899644207797
T08_2004_TIGHTENING_CYCLE_START,T08_2004,2004,TIGHTENING_CYCLE_START,2004-06-30,131,2005-01-06,1.0726114649681529,0.07261146496815285
T08_2004_TIGHTENING_CYCLE_START,T08_2004,2004,TIGHTENING_CYCLE_START,2004-06-30,132,2005-01-07,1.067261130946457,0.06726113094645703
T08_2004_TIGHTENING_CYCLE_START,T08_2004,2004,TIGHTENING_CYCLE_START,2004-06-30,133,2005-01-10,1.067770716187301,0.0677707161873009
T08_2004_TIGHTENING_CYCLE_START,T08_2004,2004,TIGHTENING_CYCLE_START,2004-06-30,134,2005-01-11,1.0749044430483679,0.07490444304836785
T08_2004_TIGHTENING_CYCLE_START,T08_2004,2004,TIGHTENING_CYCLE_START,2004-06-30,135,2005-01-12,1.0856051110917595,0.0856051110917595
T08_2004_TIGHTENING_CYCLE_START,T08_2004,2004,TIGHTENING_CYCLE_START,2004-06-30,136,2005-01-13,1.0815286624203821,0.08152866242038215
T08_2004_TIGHTENING_CYCLE_START,T08_2004,2004,TIGHTENING_CYCLE_START,2004-06-30,137,2005-01-14,1.0769427062599521,0.07694270625995214
T08_2004_TIGHTENING_CYCLE_START,T08_2004,2004,TIGHTENING_CYCLE_START,2004-06-30,138,2005-01-18,1.0782165916102706,0.07821659161027061
T08_2004_TIGHTENING_CYCLE_START,T08_2004,2004,TIGHTENING_CYCLE_START,2004-06-30,139,2005-01-19,1.0777070063694267,0.07770700636942673
T08_2004_TIGHTENING_CYCLE_START,T08_2004,2004,TIGHTENING_CYCLE_START,2004-06-30,140,2005-01-20,1.0761783283986863,0.07617832839868632
T08_2004_TIGHTENING_CYCLE_START,T08_2004,2004,TIGHTENING_CYCLE_START,2004-06-30,141,2005-01-21,1.0871337890625,0.08713378906249991
T08_2004_TIGHTENING_CYCLE_START,T08_2004,2004,TIGHTENING_CYCLE_START,2004-06-30,142,2005-01-24,1.0876432965515526,0.08764329655155256
T08_2004_TIGHTENING_CYCLE_START,T08_2004,2004,TIGHTENING_CYCLE_START,2004-06-30,143,2005-01-25,1.0751592356687898,0.07515923566878979
T08_2004_TIGHTENING_CYCLE_START,T08_2004,2004,TIGHTENING_CYCLE_START,2004-06-30,144,2005-01-26,1.0876432965515526,0.08764329655155256
T08_2004_TIGHTENING_CYCLE_START,T08_2004,2004,TIGHTENING_CYCLE_START,2004-06-30,145,2005-01-27,1.0861146185808122,0.08611461858081215
T08_2004_TIGHTENING_CYCLE_START,T08_2004,2004,TIGHTENING_CYCLE_START,2004-06-30,146,2005-01-28,1.0848407332304937,0.08484073323049368
T08_2004_TIGHTENING_CYCLE_START,T08_2004,2004,TIGHTENING_CYCLE_START,2004-06-30,147,2005-01-31,1.074649650427946,0.07464965042794591
T08_2004_TIGHTENING_CYCLE_START,T08_2004,2004,TIGHTENING_CYCLE_START,2004-06-30,148,2005-02-01,1.072101879727309,0.07210187972730897
T08_2004_TIGHTENING_CYCLE_START,T08_2004,2004,TIGHTENING_CYCLE_START,2004-06-30,149,2005-02-02,1.0728662575885748,0.07286625758857479
T08_2004_TIGHTENING_CYCLE_START,T08_2004,2004,TIGHTENING_CYCLE_START,2004-06-30,150,2005-02-03,1.0614012894357086,0.06140128943570855
T08_2004_TIGHTENING_CYCLE_START,T08_2004,2004,TIGHTENING_CYCLE_START,2004-06-30,151,2005-02-04,1.0547770700636943,0.054777070063694255
T08_2004_TIGHTENING_CYCLE_START,T08_2004,2004,TIGHTENING_CYCLE_START,2004-06-30,152,2005-02-07,1.0537579773337977,0.053757977333797724
T08_2004_TIGHTENING_CYCLE_START,T08_2004,2004,TIGHTENING_CYCLE_START,2004-06-30,153,2005-02-08,1.0512102066331608,0.05121020663316078
T08_2004_TIGHTENING_CYCLE_START,T08_2004,2004,TIGHTENING_CYCLE_START,2004-06-30,154,2005-02-09,1.0519745067426354,0.051974506742635374
T08_2004_TIGHTENING_CYCLE_START,T08_2004,2004,TIGHTENING_CYCLE_START,2004-06-30,155,2005-02-10,1.062929967406449,0.06292996740644896
T08_2004_TIGHTENING_CYCLE_START,T08_2004,2004,TIGHTENING_CYCLE_START,2004-06-30,156,2005-02-11,1.0713375796178344,0.07133757961783438
T08_2004_TIGHTENING_CYCLE_START,T08_2004,2004,TIGHTENING_CYCLE_START,2004-06-30,157,2005-02-14,1.0848407332304937,0.08484073323049368
T08_2004_TIGHTENING_CYCLE_START,T08_2004,2004,TIGHTENING_CYCLE_START,2004-06-30,158,2005-02-15,1.0850955258509156,0.08509552585091562
T08_2004_TIGHTENING_CYCLE_START,T08_2004,2004,TIGHTENING_CYCLE_START,2004-06-30,159,2005-02-16,1.084076433121019,0.08407643312101909
T08_2004_TIGHTENING_CYCLE_START,T08_2004,2004,TIGHTENING_CYCLE_START,2004-06-30,160,2005-02-17,1.088662389281449,0.0886623892814491
T08_2004_TIGHTENING_CYCLE_START,T08_2004,2004,TIGHTENING_CYCLE_START,2004-06-30,161,2005-02-18,1.0881528817923964,0.08815288179239644
T08_2004_TIGHTENING_CYCLE_START,T08_2004,2004,TIGHTENING_CYCLE_START,2004-06-30,162,2005-02-22,1.1070063694267516,0.10700636942675157
T08_2004_TIGHTENING_CYCLE_START,T08_2004,2004,TIGHTENING_CYCLE_START,2004-06-30,163,2005-02-23,1.108025462156648,0.1080254621566481
T08_2004_TIGHTENING_CYCLE_START,T08_2004,2004,TIGHTENING_CYCLE_START,2004-06-30,164,2005-02-24,1.1070063694267516,0.10700636942675157
T08_2004_TIGHTENING_CYCLE_START,T08_2004,2004,TIGHTENING_CYCLE_START,2004-06-30,165,2005-02-25,1.108025462156648,0.1080254621566481
T08_2004_TIGHTENING_CYCLE_START,T08_2004,2004,TIGHTENING_CYCLE_START,2004-06-30,166,2005-02-28,1.1121019108280255,0.11210191082802545
T08_2004_TIGHTENING_CYCLE_START,T08_2004,2004,TIGHTENING_CYCLE_START,2004-06-30,167,2005-03-01,1.1029299207553742,0.10292992075537422
T08_2004_TIGHTENING_CYCLE_START,T08_2004,2004,TIGHTENING_CYCLE_START,2004-06-30,168,2005-03-02,1.1026751281349523,0.10267512813495228
T08_2004_TIGHTENING_CYCLE_START,T08_2004,2004,TIGHTENING_CYCLE_START,2004-06-30,169,2005-03-03,1.0952866086534634,0.09528660865346339
T08_2004_TIGHTENING_CYCLE_START,T08_2004,2004,TIGHTENING_CYCLE_START,2004-06-30,170,2005-03-04,1.106242069317277,0.10624206931727698
T08_2004_TIGHTENING_CYCLE_START,T08_2004,2004,TIGHTENING_CYCLE_START,2004-06-30,171,2005-03-07,1.10828025477707,0.10828025477707004
T08_2004_TIGHTENING_CYCLE_START,T08_2004,2004,TIGHTENING_CYCLE_START,2004-06-30,172,2005-03-08,1.1217834083897293,0.12178340838972934
T08_2004_TIGHTENING_CYCLE_START,T08_2004,2004,TIGHTENING_CYCLE_START,2004-06-30,173,2005-03-09,1.1263694423019506,0.12636944230195057
T08_2004_TIGHTENING_CYCLE_START,T08_2004,2004,TIGHTENING_CYCLE_START,2004-06-30,174,2005-03-10,1.1281528351413217,0.1281528351413217
T08_2004_TIGHTENING_CYCLE_START,T08_2004,2004,TIGHTENING_CYCLE_START,2004-06-30,175,2005-03-11,1.1368153177249203,0.13681531772492028
T08_2004_TIGHTENING_CYCLE_START,T08_2004,2004,TIGHTENING_CYCLE_START,2004-06-30,176,2005-03-14,1.1238216716013136,0.12382167160131363
T08_2004_TIGHTENING_CYCLE_START,T08_2004,2004,TIGHTENING_CYCLE_START,2004-06-30,177,2005-03-15,1.1233120863604698,0.12331208636046975
T08_2004_TIGHTENING_CYCLE_START,T08_2004,2004,TIGHTENING_CYCLE_START,2004-06-30,178,2005-03-16,1.130445890973328,0.13044589097332793
T08_2004_TIGHTENING_CYCLE_START,T08_2004,2004,TIGHTENING_CYCLE_START,2004-06-30,179,2005-03-17,1.1177070374701432,0.11770703747014322
T08_2004_TIGHTENING_CYCLE_START,T08_2004,2004,TIGHTENING_CYCLE_START,2004-06-30,180,2005-03-18,1.1192356376890924,0.1192356376890924
T08_2004_TIGHTENING_CYCLE_START,T08_2004,2004,TIGHTENING_CYCLE_START,2004-06-30,181,2005-03-21,1.0983439645949442,0.09834396459494421
T08_2004_TIGHTENING_CYCLE_START,T08_2004,2004,TIGHTENING_CYCLE_START,2004-06-30,182,2005-03-22,1.0988534720839969,0.09885347208399686
T08_2004_TIGHTENING_CYCLE_START,T08_2004,2004,TIGHTENING_CYCLE_START,2004-06-30,183,2005-03-23,1.0833121330115445,0.0833121330115445
T08_2004_TIGHTENING_CYCLE_START,T08_2004,2004,TIGHTENING_CYCLE_START,2004-06-30,184,2005-03-24,1.082038247661226,0.08203824766122603
T08_2004_TIGHTENING_CYCLE_START,T08_2004,2004,TIGHTENING_CYCLE_START,2004-06-30,185,2005-03-28,1.0850955258509156,0.08509552585091562
T08_2004_TIGHTENING_CYCLE_START,T08_2004,2004,TIGHTENING_CYCLE_START,2004-06-30,186,2005-03-29,1.0853503184713376,0.08535031847133756
T08_2004_TIGHTENING_CYCLE_START,T08_2004,2004,TIGHTENING_CYCLE_START,2004-06-30,187,2005-03-31,1.0922293304637738,0.0922293304637738
T08_2004_TIGHTENING_CYCLE_START,T08_2004,2004,TIGHTENING_CYCLE_START,2004-06-30,188,2005-04-01,1.0850955258509156,0.08509552585091562
T08_2004_TIGHTENING_CYCLE_START,T08_2004,2004,TIGHTENING_CYCLE_START,2004-06-30,189,2005-04-04,1.0799999844496417,0.07999998444964174
T08_2004_TIGHTENING_CYCLE_START,T08_2004,2004,TIGHTENING_CYCLE_START,2004-06-30,190,2005-04-05,1.0815286624203821,0.08152866242038215
T08_2004_TIGHTENING_CYCLE_START,T08_2004,2004,TIGHTENING_CYCLE_START,2004-06-30,191,2005-04-06,1.0881528817923964,0.08815288179239644
T08_2004_TIGHTENING_CYCLE_START,T08_2004,2004,TIGHTENING_CYCLE_START,2004-06-30,192,2005-04-07,1.086624203821656,0.08662420382165603
T08_2004_TIGHTENING_CYCLE_START,T08_2004,2004,TIGHTENING_CYCLE_START,2004-06-30,193,2005-04-08,1.0876432965515526,0.08764329655155256
T08_2004_TIGHTENING_CYCLE_START,T08_2004,2004,TIGHTENING_CYCLE_START,2004-06-30,194,2005-04-11,1.0919745378433519,0.09197453784335186
T08_2004_TIGHTENING_CYCLE_START,T08_2004,2004,TIGHTENING_CYCLE_START,2004-06-30,195,2005-04-12,1.089426767142715,0.08942676714271491
T08_2004_TIGHTENING_CYCLE_START,T08_2004,2004,TIGHTENING_CYCLE_START,2004-06-30,196,2005-04-13,1.093757930682723,0.09375793068272298
T08_2004_TIGHTENING_CYCLE_START,T08_2004,2004,TIGHTENING_CYCLE_START,2004-06-30,197,2005-04-14,1.0802547770700637,0.08025477707006368
T08_2004_TIGHTENING_CYCLE_START,T08_2004,2004,TIGHTENING_CYCLE_START,2004-06-30,198,2005-04-15,1.0825477551502787,0.08254775515027868
T08_2004_TIGHTENING_CYCLE_START,T08_2004,2004,TIGHTENING_CYCLE_START,2004-06-30,199,2005-04-18,1.089171974522293,0.08917197452229297
T08_2004_TIGHTENING_CYCLE_START,T08_2004,2004,TIGHTENING_CYCLE_START,2004-06-30,200,2005-04-19,1.1029299207553742,0.10292992075537422
T08_2004_TIGHTENING_CYCLE_START,T08_2004,2004,TIGHTENING_CYCLE_START,2004-06-30,201,2005-04-20,1.1090445548865446,0.10904455488654463
T08_2004_TIGHTENING_CYCLE_START,T08_2004,2004,TIGHTENING_CYCLE_START,2004-06-30,202,2005-04-21,1.1031847133757962,0.10318471337579616
T08_2004_TIGHTENING_CYCLE_START,T08_2004,2004,TIGHTENING_CYCLE_START,2004-06-30,203,2005-04-22,1.1064967841859077,0.10649678418590769
T08_2004_TIGHTENING_CYCLE_START,T08_2004,2004,TIGHTENING_CYCLE_START,2004-06-30,204,2005-04-25,1.1072611620471735,0.10726116204717351
T08_2004_TIGHTENING_CYCLE_START,T08_2004,2004,TIGHTENING_CYCLE_START,2004-06-30,205,2005-04-26,1.115668774258559,0.11566877425855893
T08_2004_TIGHTENING_CYCLE_START,T08_2004,2004,TIGHTENING_CYCLE_START,2004-06-30,206,2005-04-27,1.1031847133757962,0.10318471337579616
T08_2004_TIGHTENING_CYCLE_START,T08_2004,2004,TIGHTENING_CYCLE_START,2004-06-30,207,2005-04-29,1.10828025477707,0.10828025477707004
T08_2004_TIGHTENING_CYCLE_START,T08_2004,2004,TIGHTENING_CYCLE_START,2004-06-30,208,2005-05-02,1.0942675159235669,0.09426751592356686
T08_2004_TIGHTENING_CYCLE_START,T08_2004,2004,TIGHTENING_CYCLE_START,2004-06-30,209,2005-05-03,1.0871337890625,0.08713378906249991
T08_2004_TIGHTENING_CYCLE_START,T08_2004,2004,TIGHTENING_CYCLE_START,2004-06-30,210,2005-05-04,1.0929936305732484,0.09299363057324839
T08_2004_TIGHTENING_CYCLE_START,T08_2004,2004,TIGHTENING_CYCLE_START,2004-06-30,211,2005-05-05,1.0950318160330414,0.09503181603304145
T08_2004_TIGHTENING_CYCLE_START,T08_2004,2004,TIGHTENING_CYCLE_START,2004-06-30,212,2005-05-06,1.0856051110917595,0.0856051110917595
T08_2004_TIGHTENING_CYCLE_START,T08_2004,2004,TIGHTENING_CYCLE_START,2004-06-30,213,2005-05-09,1.0858599037121814,0.08585990371218144
T08_2004_TIGHTENING_CYCLE_START,T08_2004,2004,TIGHTENING_CYCLE_START,2004-06-30,214,2005-05-10,1.0884076744128184,0.08840767441281838
T08_2004_TIGHTENING_CYCLE_START,T08_2004,2004,TIGHTENING_CYCLE_START,2004-06-30,215,2005-05-11,1.0884076744128184,0.08840767441281838
T08_2004_TIGHTENING_CYCLE_START,T08_2004,2004,TIGHTENING_CYCLE_START,2004-06-30,216,2005-05-12,1.0741401429388933,0.07414014293889326
T08_2004_TIGHTENING_CYCLE_START,T08_2004,2004,TIGHTENING_CYCLE_START,2004-06-30,217,2005-05-13,1.0705732795083598,0.07057327950835979
T08_2004_TIGHTENING_CYCLE_START,T08_2004,2004,TIGHTENING_CYCLE_START,2004-06-30,218,2005-05-16,1.067261130946457,0.06726113094645703
T08_2004_TIGHTENING_CYCLE_START,T08_2004,2004,TIGHTENING_CYCLE_START,2004-06-30,219,2005-05-17,1.0685350162967755,0.0685350162967755
T08_2004_TIGHTENING_CYCLE_START,T08_2004,2004,TIGHTENING_CYCLE_START,2004-06-30,220,2005-05-18,1.0738853503184713,0.07388535031847132
T08_2004_TIGHTENING_CYCLE_START,T08_2004,2004,TIGHTENING_CYCLE_START,2004-06-30,221,2005-05-19,1.0713375796178344,0.07133757961783438
T08_2004_TIGHTENING_CYCLE_START,T08_2004,2004,TIGHTENING_CYCLE_START,2004-06-30,222,2005-05-20,1.0634394748955016,0.06343947489550161
T08_2004_TIGHTENING_CYCLE_START,T08_2004,2004,TIGHTENING_CYCLE_START,2004-06-30,223,2005-05-23,1.0614012894357086,0.06140128943570855
T08_2004_TIGHTENING_CYCLE_START,T08_2004,2004,TIGHTENING_CYCLE_START,2004-06-30,224,2005-05-24,1.0636942675159236,0.06369426751592355
T08_2004_TIGHTENING_CYCLE_START,T08_2004,2004,TIGHTENING_CYCLE_START,2004-06-30,225,2005-05-25,1.067006338326035,0.06700633832603509
T08_2004_TIGHTENING_CYCLE_START,T08_2004,2004,TIGHTENING_CYCLE_START,2004-06-30,226,2005-05-26,1.064968152866242,0.06496815286624202
T08_2004_TIGHTENING_CYCLE_START,T08_2004,2004,TIGHTENING_CYCLE_START,2004-06-30,227,2005-05-27,1.069554109026672,0.06955410902667203
T08_2004_TIGHTENING_CYCLE_START,T08_2004,2004,TIGHTENING_CYCLE_START,2004-06-30,228,2005-05-31,1.0606369115744427,0.06063691157444273
T08_2004_TIGHTENING_CYCLE_START,T08_2004,2004,TIGHTENING_CYCLE_START,2004-06-30,229,2005-06-01,1.0580891408738058,0.05808914087380579
T08_2004_TIGHTENING_CYCLE_START,T08_2004,2004,TIGHTENING_CYCLE_START,2004-06-30,230,2005-06-02,1.0769427062599521,0.07694270625995214
T08_2004_TIGHTENING_CYCLE_START,T08_2004,2004,TIGHTENING_CYCLE_START,2004-06-30,231,2005-06-03,1.079490476960589,0.07949047696058908
T08_2004_TIGHTENING_CYCLE_START,T08_2004,2004,TIGHTENING_CYCLE_START,2004-06-30,232,2005-06-06,1.086624203821656,0.08662420382165603
T08_2004_TIGHTENING_CYCLE_START,T08_2004,2004,TIGHTENING_CYCLE_START,2004-06-30,233,2005-06-07,1.0822929625298567,0.08229296252985674
T08_2004_TIGHTENING_CYCLE_START,T08_2004,2004,TIGHTENING_CYCLE_START,2004-06-30,234,2005-06-08,1.082038247661226,0.08203824766122603
T08_2004_TIGHTENING_CYCLE_START,T08_2004,2004,TIGHTENING_CYCLE_START,2004-06-30,235,2005-06-09,1.0807643623109076,0.08076436231090756
T08_2004_TIGHTENING_CYCLE_START,T08_2004,2004,TIGHTENING_CYCLE_START,2004-06-30,236,2005-06-10,1.088917181901871,0.08891718190187103
T08_2004_TIGHTENING_CYCLE_START,T08_2004,2004,TIGHTENING_CYCLE_START,2004-06-30,237,2005-06-13,1.093757930682723,0.09375793068272298
T08_2004_TIGHTENING_CYCLE_START,T08_2004,2004,TIGHTENING_CYCLE_START,2004-06-30,238,2005-06-14,1.089171974522293,0.08917197452229297
T08_2004_TIGHTENING_CYCLE_START,T08_2004,2004,TIGHTENING_CYCLE_START,2004-06-30,239,2005-06-15,1.0932484231936703,0.09324842319367033
T08_2004_TIGHTENING_CYCLE_START,T08_2004,2004,TIGHTENING_CYCLE_START,2004-06-30,240,2005-06-16,1.1113376107185509,0.11133761071855086
T08_2004_TIGHTENING_CYCLE_START,T08_2004,2004,TIGHTENING_CYCLE_START,2004-06-30,241,2005-06-17,1.1166878669884555,0.11668786698845546
T08_2004_TIGHTENING_CYCLE_START,T08_2004,2004,TIGHTENING_CYCLE_START,2004-06-30,242,2005-06-20,1.1169426596088774,0.1169426596088774
T08_2004_TIGHTENING_CYCLE_START,T08_2004,2004,TIGHTENING_CYCLE_START,2004-06-30,243,2005-06-21,1.1182165449591959,0.11821654495919587
T08_2004_TIGHTENING_CYCLE_START,T08_2004,2004,TIGHTENING_CYCLE_START,2004-06-30,244,2005-06-22,1.1161783594994028,0.1161783594994028
T08_2004_TIGHTENING_CYCLE_START,T08_2004,2004,TIGHTENING_CYCLE_START,2004-06-30,245,2005-06-23,1.125350349572054,0.12535034957205404
T08_2004_TIGHTENING_CYCLE_START,T08_2004,2004,TIGHTENING_CYCLE_START,2004-06-30,246,2005-06-24,1.1222929936305732,0.12229299363057322
T08_2004_TIGHTENING_CYCLE_START,T08_2004,2004,TIGHTENING_CYCLE_START,2004-06-30,247,2005-06-27,1.1217834083897293,0.12178340838972934
T08_2004_TIGHTENING_CYCLE_START,T08_2004,2004,TIGHTENING_CYCLE_START,2004-06-30,248,2005-06-28,1.1118471182076035,0.11184711820760351
T08_2004_TIGHTENING_CYCLE_START,T08_2004,2004,TIGHTENING_CYCLE_START,2004-06-30,249,2005-06-30,1.110573232857285,0.11057323285728504
T08_2004_TIGHTENING_CYCLE_START,T08_2004,2004,TIGHTENING_CYCLE_START,2004-06-30,250,2005-07-01,1.0899362746317676,0.08993627463176757
T08_2004_TIGHTENING_CYCLE_START,T08_2004,2004,TIGHTENING_CYCLE_START,2004-06-30,251,2005-07-05,1.0774522137490048,0.0774522137490048
T08_2004_TIGHTENING_CYCLE_START,T08_2004,2004,TIGHTENING_CYCLE_START,2004-06-30,252,2005-07-06,1.0789808917197452,0.0789808917197452
T08_2004_LAST_HIKE,T08_2004,2004,LAST_HIKE,2006-06-29,-60,2006-04-03,1.0191942535974383,0.019194253597438315
T08_2004_LAST_HIKE,T08_2004,2004,LAST_HIKE,2006-06-29,-59,2006-04-04,1.0133149098557268,0.013314909855726809
T08_2004_LAST_HIKE,T08_2004,2004,LAST_HIKE,2006-06-29,-58,2006-04-05,1.0166004441012206,0.016600444101220635
T08_2004_LAST_HIKE,T08_2004,2004,LAST_HIKE,2006-06-29,-57,2006-04-06,1.0292236292076713,0.029223629207671298
T08_2004_LAST_HIKE,T08_2004,2004,LAST_HIKE,2006-06-29,-56,2006-04-07,1.0174650472666265,0.017465047266626454
T08_2004_LAST_HIKE,T08_2004,2004,LAST_HIKE,2006-06-29,-55,2006-04-10,1.0333736610761923,0.03337366107619233
T08_2004_LAST_HIKE,T08_2004,2004,LAST_HIKE,2006-06-29,-54,2006-04-11,1.0292236292076713,0.029223629207671298
T08_2004_LAST_HIKE,T08_2004,2004,LAST_HIKE,2006-06-29,-53,2006-04-12,1.0332007826600627,0.033200782660062655
T08_2004_LAST_HIKE,T08_2004,2004,LAST_HIKE,2006-06-29,-52,2006-04-13,1.0314715763292508,0.031471576329250794
T08_2004_LAST_HIKE,T08_2004,2004,LAST_HIKE,2006-06-29,-51,2006-04-17,1.0641536181985456,0.06415361819854559
T08_2004_LAST_HIKE,T08_2004,2004,LAST_HIKE,2006-06-29,-50,2006-04-18,1.0721079251033285,0.07210792510332853
T08_2004_LAST_HIKE,T08_2004,2004,LAST_HIKE,2006-06-29,-49,2006-04-19,1.0938958826546061,0.09389588265460613
T08_2004_LAST_HIKE,T08_2004,2004,LAST_HIKE,2006-06-29,-48,2006-04-20,1.0717620627286906,0.07176206272869057
T08_2004_LAST_HIKE,T08_2004,2004,LAST_HIKE,2006-06-29,-47,2006-04-21,1.0932042634477086,0.0932042634477086
T08_2004_LAST_HIKE,T08_2004,2004,LAST_HIKE,2006-06-29,-46,2006-04-24,1.0731454066848642,0.07314540668486424
T08_2004_LAST_HIKE,T08_2004,2004,LAST_HIKE,2006-06-29,-45,2006-04-25,1.0911291947422586,0.09112919474225856
T08_2004_LAST_HIKE,T08_2004,2004,LAST_HIKE,2006-06-29,-44,2006-04-26,1.104616983014115,0.10461698301411504
T08_2004_LAST_HIKE,T08_2004,2004,LAST_HIKE,2006-06-29,-43,2006-04-27,1.0951063481946501,0.09510634819465014
T08_2004_LAST_HIKE,T08_2004,2004,LAST_HIKE,2006-06-29,-42,2006-04-28,1.1270966653146688,0.1270966653146688
T08_2004_LAST_HIKE,T08_2004,2004,LAST_HIKE,2006-06-29,-41,2006-05-01,1.1369531625087719,0.13695316250877188
T08_2004_LAST_HIKE,T08_2004,2004,LAST_HIKE,2006-06-29,-40,2006-05-02,1.1494034691990926,0.14940346919909264
T08_2004_LAST_HIKE,T08_2004,2004,LAST_HIKE,2006-06-29,-39,2006-05-03,1.1514785379045427,0.1514785379045427
T08_2004_LAST_HIKE,T08_2004,2004,LAST_HIKE,2006-06-29,-38,2006-05-04,1.165830929341805,0.165830929341805
T08_2004_LAST_HIKE,T08_2004,2004,LAST_HIKE,2006-06-29,-37,2006-05-05,1.1796645799882997,0.17966457998829966
T08_2004_LAST_HIKE,T08_2004,2004,LAST_HIKE,2006-06-29,-36,2006-05-08,1.172056029915776,0.17205602991577607
T08_2004_LAST_HIKE,T08_2004,2004,LAST_HIKE,2006-06-29,-35,2006-05-09,1.2094069499867386,0.2094069499867386
T08_2004_LAST_HIKE,T08_2004,2004,LAST_HIKE,2006-06-29,-34,2006-05-10,1.2168425161007537,0.21684251610075367
T08_2004_LAST_HIKE,T08_2004,2004,LAST_HIKE,2006-06-29,-33,2006-05-11,1.2446826958098727,0.24468269580987267
T08_2004_LAST_HIKE,T08_2004,2004,LAST_HIKE,2006-06-29,-32,2006-05-12,1.2282552356671603,0.22825523566716033
T08_2004_LAST_HIKE,T08_2004,2004,LAST_HIKE,2006-06-29,-31,2006-05-15,1.182085405526009,0.18208540552600905
T08_2004_LAST_HIKE,T08_2004,2004,LAST_HIKE,2006-06-29,-30,2006-05-16,1.1957461777563738,0.19574617775637382
T08_2004_LAST_HIKE,T08_2004,2004,LAST_HIKE,2006-06-29,-29,2006-05-17,1.194016971425562,0.19401697142556196
T08_2004_LAST_HIKE,T08_2004,2004,LAST_HIKE,2006-06-29,-28,2006-05-18,1.1751685802027616,0.1751685802027616
T08_2004_LAST_HIKE,T08_2004,2004,LAST_HIKE,2006-06-29,-27,2006-05-19,1.1355698185525982,0.1355698185525982
T08_2004_LAST_HIKE,T08_2004,2004,LAST_HIKE,2006-06-29,-26,2006-05-22,1.136088559343366,0.13608855934336606
T08_2004_LAST_HIKE,T08_2004,2004,LAST_HIKE,2006-06-29,-25,2006-05-23,1.1637558606363552,0.16375586063635517
T08_2004_LAST_HIKE,T08_2004,2004,LAST_HIKE,2006-06-29,-24,2006-05-24,1.1015044327271295,0.1015044327271295
T08_2004_LAST_HIKE,T08_2004,2004,LAST_HIKE,2006-06-29,-23,2006-05-25,1.1212174271153357,0.12121742711533567
T08_2004_LAST_HIKE,T08_2004,2004,LAST_HIKE,2006-06-29,-22,2006-05-26,1.1255404429423652,0.12554044294236522
T08_2004_LAST_HIKE,T08_2004,2004,LAST_HIKE,2006-06-29,-21,2006-05-30,1.1307280619348008,0.1307280619348008
T08_2004_LAST_HIKE,T08_2004,2004,LAST_HIKE,2006-06-29,-20,2006-05-31,1.1110150675465946,0.11101506754659463
T08_2004_LAST_HIKE,T08_2004,2004,LAST_HIKE,2006-06-29,-19,2006-06-01,1.085249851000547,0.08524985100054705
T08_2004_LAST_HIKE,T08_2004,2004,LAST_HIKE,2006-06-29,-18,2006-06-02,1.0989106232309118,0.09891062323091182
T08_2004_LAST_HIKE,T08_2004,2004,LAST_HIKE,2006-06-29,-17,2006-06-05,1.1122255330866386,0.11222553308663863
T08_2004_LAST_HIKE,T08_2004,2004,LAST_HIKE,2006-06-29,-16,2006-06-06,1.0883625068299112,0.0883625068299112
T08_2004_LAST_HIKE,T08_2004,2004,LAST_HIKE,2006-06-29,-15,2006-06-07,1.0849040941682875,0.08490409416828748
T08_2004_LAST_HIKE,T08_2004,2004,LAST_HIKE,2006-06-29,-14,2006-06-08,1.0532595338805284,0.0532595338805284
T08_2004_LAST_HIKE,T08_2004,2004,LAST_HIKE,2006-06-29,-13,2006-06-09,1.0517033115082248,0.051703311508224825
T08_2004_LAST_HIKE,T08_2004,2004,LAST_HIKE,2006-06-29,-12,2006-06-12,1.0492823804281368,0.04928238042813682
T08_2004_LAST_HIKE,T08_2004,2004,LAST_HIKE,2006-06-29,-11,2006-06-13,0.972678561081649,-0.027321438918351038
T08_2004_LAST_HIKE,T08_2004,2004,LAST_HIKE,2006-06-29,-10,2006-06-14,0.9723326987070109,-0.02766730129298911
T08_2004_LAST_HIKE,T08_2004,2004,LAST_HIKE,2006-06-29,-9,2006-06-15,0.9795953864048962,-0.020404613595103815
T08_2004_LAST_HIKE,T08_2004,2004,LAST_HIKE,2006-06-29,-8,2006-06-16,0.9994812592092321,-0.0005187407907678576
T08_2004_LAST_HIKE,T08_2004,2004,LAST_HIKE,2006-06-29,-7,2006-06-19,0.9835725398572877,-0.016427460142712347
T08_2004_LAST_HIKE,T08_2004,2004,LAST_HIKE,2006-06-29,-6,2006-06-20,0.9975791744622906,-0.0024208255377093923
T08_2004_LAST_HIKE,T08_2004,2004,LAST_HIKE,2006-06-29,-5,2006-06-21,1.0159087193519445,0.01590871935194449
T08_2004_LAST_HIKE,T08_2004,2004,LAST_HIKE,2006-06-29,-4,2006-06-22,1.0067439469071175,0.006743946907117548
T08_2004_LAST_HIKE,T08_2004,2004,LAST_HIKE,2006-06-29,-3,2006-06-23,1.0112398411502768,0.011239841150276764
T08_2004_LAST_HIKE,T08_2004,2004,LAST_HIKE,2006-06-29,-2,2006-06-26,1.0112398411502768,0.011239841150276764
T08_2004_LAST_HIKE,T08_2004,2004,LAST_HIKE,2006-06-29,-1,2006-06-27,1.0057063597832032,0.005706359783203219
T08_2004_LAST_HIKE,T08_2004,2004,LAST_HIKE,2006-06-29,0,2006-06-28,1.0,0.0
T08_2004_LAST_HIKE,T08_2004,2004,LAST_HIKE,2006-06-29,1,2006-06-29,1.0141795130211326,0.014179513021132628
T08_2004_LAST_HIKE,T08_2004,2004,LAST_HIKE,2006-06-29,2,2006-06-30,1.0608680839530518,0.060868083953051766
T08_2004_LAST_HIKE,T08_2004,2004,LAST_HIKE,2006-06-29,3,2006-07-05,1.0847311102097792,0.08473111020977919
T08_2004_LAST_HIKE,T08_2004,2004,LAST_HIKE,2006-06-29,4,2006-07-06,1.0964896921508238,0.09648969215082381
T08_2004_LAST_HIKE,T08_2004,2004,LAST_HIKE,2006-06-29,5,2006-07-07,1.0942417450292443,0.09424174502924432
T08_2004_LAST_HIKE,T08_2004,2004,LAST_HIKE,2006-06-29,6,2006-07-10,1.0791976288427056,0.07919762884270565
T08_2004_LAST_HIKE,T08_2004,2004,LAST_HIKE,2006-06-29,7,2006-07-11,1.108767120425015,0.10876712042501491
T08_2004_LAST_HIKE,T08_2004,2004,LAST_HIKE,2006-06-29,8,2006-07-12,1.1229466334461475,0.12294663344614754
T08_2004_LAST_HIKE,T08_2004,2004,LAST_HIKE,2006-06-29,9,2006-07-13,1.128998855603989,0.12899885560398894
T08_2004_LAST_HIKE,T08_2004,2004,LAST_HIKE,2006-06-29,10,2006-07-14,1.152688897902208,0.15268889790220808
T08_2004_LAST_HIKE,T08_2004,2004,LAST_HIKE,2006-06-29,11,2006-07-17,1.125021596609219,0.12502159660921897
T08_2004_LAST_HIKE,T08_2004,2004,LAST_HIKE,2006-06-29,12,2006-07-18,1.086460316540591,0.08646031654059105
T08_2004_LAST_HIKE,T08_2004,2004,LAST_HIKE,2006-06-29,13,2006-07-19,1.1094587396319124,0.10945873963191244
T08_2004_LAST_HIKE,T08_2004,2004,LAST_HIKE,2006-06-29,14,2006-07-20,1.0923396602823026,0.09233966028230256
T08_2004_LAST_HIKE,T08_2004,2004,LAST_HIKE,2006-06-29,15,2006-07-21,1.0714162003540524,0.07141620035405238
T08_2004_LAST_HIKE,T08_2004,2004,LAST_HIKE,2006-06-29,16,2006-07-24,1.059484739996878,0.05948473999687809
T08_2004_LAST_HIKE,T08_2004,2004,LAST_HIKE,2006-06-29,17,2006-07-25,1.0679577876924289,0.06795778769242888
T08_2004_LAST_HIKE,T08_2004,2004,LAST_HIKE,2006-06-29,18,2006-07-26,1.074874613015676,0.0748746130156761
T08_2004_LAST_HIKE,T08_2004,2004,LAST_HIKE,2006-06-29,19,2006-07-27,1.0935501258223466,0.09355012582234656
T08_2004_LAST_HIKE,T08_2004,2004,LAST_HIKE,2006-06-29,20,2006-07-28,1.0977001576908678,0.09770015769086782
T08_2004_LAST_HIKE,T08_2004,2004,LAST_HIKE,2006-06-29,21,2006-07-31,1.096662676109332,0.0966626761093321
T08_2004_LAST_HIKE,T08_2004,2004,LAST_HIKE,2006-06-29,22,2006-08-01,1.1175860304952039,0.11758603049520389
T08_2004_LAST_HIKE,T08_2004,2004,LAST_HIKE,2006-06-29,23,2006-08-02,1.1267508029400306,0.1267508029400306
T08_2004_LAST_HIKE,T08_2004,2004,LAST_HIKE,2006-06-29,24,2006-08-03,1.1151652049574945,0.1151652049574945
T08_2004_LAST_HIKE,T08_2004,2004,LAST_HIKE,2006-06-29,25,2006-08-04,1.1136088770428123,0.1136088770428123
T08_2004_LAST_HIKE,T08_2004,2004,LAST_HIKE,2006-06-29,26,2006-08-07,1.1201798399914216,0.12017983999142157
T08_2004_LAST_HIKE,T08_2004,2004,LAST_HIKE,2006-06-29,27,2006-08-08,1.1165485489136682,0.11654854891366817
T08_2004_LAST_HIKE,T08_2004,2004,LAST_HIKE,2006-06-29,28,2006-08-09,1.124848718193089,0.12484871819308907
T08_2004_LAST_HIKE,T08_2004,2004,LAST_HIKE,2006-06-29,29,2006-08-10,1.097873141649376,0.0978731416493761
T08_2004_LAST_HIKE,T08_2004,2004,LAST_HIKE,2006-06-29,30,2006-08-11,1.095452210569288,0.0954522105692881
T08_2004_LAST_HIKE,T08_2004,2004,LAST_HIKE,2006-06-29,31,2006-08-14,1.086806178915229,0.08680617891522902
T08_2004_LAST_HIKE,T08_2004,2004,LAST_HIKE,2006-06-29,32,2006-08-15,1.076430940930358,0.07643094093035807
T08_2004_LAST_HIKE,T08_2004,2004,LAST_HIKE,2006-06-29,33,2006-08-16,1.0871520412898672,0.0871520412898672
T08_2004_LAST_HIKE,T08_2004,2004,LAST_HIKE,2006-06-29,34,2006-08-17,1.0641536181985456,0.06415361819854559
T08_2004_LAST_HIKE,T08_2004,2004,LAST_HIKE,2006-06-29,35,2006-08-18,1.0584471528729638,0.05844715287296376
T08_2004_LAST_HIKE,T08_2004,2004,LAST_HIKE,2006-06-29,36,2006-08-21,1.0819644222974316,0.08196442229743162
T08_2004_LAST_HIKE,T08_2004,2004,LAST_HIKE,2006-06-29,37,2006-08-22,1.0800622320081115,0.08006223200811147
T08_2004_LAST_HIKE,T08_2004,2004,LAST_HIKE,2006-06-29,38,2006-08-23,1.0785060096358081,0.07850600963580812
T08_2004_LAST_HIKE,T08_2004,2004,LAST_HIKE,2006-06-29,39,2006-08-24,1.0712433219379227,0.07124332193792271
T08_2004_LAST_HIKE,T08_2004,2004,LAST_HIKE,2006-06-29,40,2006-08-25,1.0755663377649523,0.07556633776495225
T08_2004_LAST_HIKE,T08_2004,2004,LAST_HIKE,2006-06-29,41,2006-08-28,1.0639806342400373,0.0639806342400373
T08_2004_LAST_HIKE,T08_2004,2004,LAST_HIKE,2006-06-29,42,2006-08-29,1.0560263273352544,0.05602632733525437
T08_2004_LAST_HIKE,T08_2004,2004,LAST_HIKE,2006-06-29,43,2006-08-30,1.0681307716509372,0.06813077165093717
T08_2004_LAST_HIKE,T08_2004,2004,LAST_HIKE,2006-06-29,44,2006-08-31,1.0823102846720698,0.0823102846720698
T08_2004_LAST_HIKE,T08_2004,2004,LAST_HIKE,2006-06-29,45,2006-09-01,1.0797164751758521,0.07971647517585212
T08_2004_LAST_HIKE,T08_2004,2004,LAST_HIKE,2006-06-29,46,2006-09-04,1.0797164751758521,0.07971647517585212
T08_2004_LAST_HIKE,T08_2004,2004,LAST_HIKE,2006-06-29,47,2006-09-05,1.1040982422233474,0.1040982422233474
T08_2004_LAST_HIKE,T08_2004,2004,LAST_HIKE,2006-06-29,48,2006-09-06,1.095452210569288,0.0954522105692881
T08_2004_LAST_HIKE,T08_2004,2004,LAST_HIKE,2006-06-29,49,2006-09-07,1.0669203061108932,0.06692030611089317
T08_2004_LAST_HIKE,T08_2004,2004,LAST_HIKE,2006-06-29,50,2006-09-08,1.0541241370459342,0.05412413704593422
T08_2004_LAST_HIKE,T08_2004,2004,LAST_HIKE,2006-06-29,51,2006-09-11,1.020231735178974,0.02023173517897403
T08_2004_LAST_HIKE,T08_2004,2004,LAST_HIKE,2006-06-29,52,2006-09-12,1.0148712377704088,0.014871237770408774
T08_2004_LAST_HIKE,T08_2004,2004,LAST_HIKE,2006-06-29,53,2006-09-13,1.0186754072642918,0.018675407264291843
T08_2004_LAST_HIKE,T08_2004,2004,LAST_HIKE,2006-06-29,54,2006-09-14,1.0017292063308119,0.001729206330811861
T08_2004_LAST_HIKE,T08_2004,2004,LAST_HIKE,2006-06-29,55,2006-09-15,0.9967145712968847,-0.003285428703115323
T08_2004_LAST_HIKE,T08_2004,2004,LAST_HIKE,2006-06-29,56,2006-09-18,1.0136607722303648,0.01366077223036477
T08_2004_LAST_HIKE,T08_2004,2004,LAST_HIKE,2006-06-29,57,2006-09-19,0.9974061905037823,-0.0025938094962176805
T08_2004_LAST_HIKE,T08_2004,2004,LAST_HIKE,2006-06-29,58,2006-09-20,1.0029396718708559,0.0029396718708558645
T08_2004_LAST_HIKE,T08_2004,2004,LAST_HIKE,2006-06-29,59,2006-09-21,1.0067439469071175,0.006743946907117548
T08_2004_LAST_HIKE,T08_2004,2004,LAST_HIKE,2006-06-29,60,2006-09-22,1.0191942535974383,0.019194253597438315
T08_2004_LAST_HIKE,T08_2004,2004,LAST_HIKE,2006-06-29,61,2006-09-25,1.0200588567628444,0.020058856762844357
T08_2004_LAST_HIKE,T08_2004,2004,LAST_HIKE,2006-06-29,62,2006-09-26,1.0223068038844239,0.022306803884423854
T08_2004_LAST_HIKE,T08_2004,2004,LAST_HIKE,2006-06-29,63,2006-09-27,1.0328549202854247,0.032854920285424694
T08_2004_LAST_HIKE,T08_2004,2004,LAST_HIKE,2006-06-29,64,2006-09-28,1.0461698301411513,0.04616983014115128
T08_2004_LAST_HIKE,T08_2004,2004,LAST_HIKE,2006-06-29,65,2006-09-29,1.0351028674070042,0.03510286740700419
T08_2004_LAST_HIKE,T08_2004,2004,LAST_HIKE,2006-06-29,66,2006-10-02,1.0335466450347008,0.03354664503470084
T08_2004_LAST_HIKE,T08_2004,2004,LAST_HIKE,2006-06-29,67,2006-10-03,0.9965415873383764,-0.003458412661623611
T08_2004_LAST_HIKE,T08_2004,2004,LAST_HIKE,2006-06-29,68,2006-10-04,0.971813957916243,-0.028186042083756968
T08_2004_LAST_HIKE,T08_2004,2004,LAST_HIKE,2006-06-29,69,2006-10-05,0.9873768148935494,-0.012623185106450552
T08_2004_LAST_HIKE,T08_2004,2004,LAST_HIKE,2006-06-29,70,2006-10-06,0.9897977459736375,-0.010202254026362545
T08_2004_LAST_HIKE,T08_2004,2004,LAST_HIKE,2006-06-29,71,2006-10-09,1.0001729839585083,0.00017298395850828818
T08_2004_LAST_HIKE,T08_2004,2004,LAST_HIKE,2006-06-29,72,2006-10-10,0.9889331428082315,-0.011066857191768475
T08_2004_LAST_HIKE,T08_2004,2004,LAST_HIKE,2006-06-29,73,2006-10-11,0.9896247620151291,-0.010375237984870944
T08_2004_LAST_HIKE,T08_2004,2004,LAST_HIKE,2006-06-29,74,2006-10-12,0.9965415873383764,-0.003458412661623611
T08_2004_LAST_HIKE,T08_2004,2004,LAST_HIKE,2006-06-29,75,2006-10-13,1.0181566664735242,0.018156666473524208
T08_2004_LAST_HIKE,T08_2004,2004,LAST_HIKE,2006-06-29,76,2006-10-16,1.0283590260422653,0.028359026042265256
T08_2004_LAST_HIKE,T08_2004,2004,LAST_HIKE,2006-06-29,77,2006-10-17,1.0197129943882062,0.019712994388206173
T08_2004_LAST_HIKE,T08_2004,2004,LAST_HIKE,2006-06-29,78,2006-10-18,1.0183296504320325,0.018329650432032496
T08_2004_LAST_HIKE,T08_2004,2004,LAST_HIKE,2006-06-29,79,2006-10-19,1.0357945921562803,0.035794592156280336
T08_2004_LAST_HIKE,T08_2004,2004,LAST_HIKE,2006-06-29,80,2006-10-20,1.0254193541714094,0.025419354171409392
T08_2004_LAST_HIKE,T08_2004,2004,LAST_HIKE,2006-06-29,81,2006-10-23,1.002420931080088,0.002420931080088007
T08_2004_LAST_HIKE,T08_2004,2004,LAST_HIKE,2006-06-29,82,2006-10-24,1.0105482219433792,0.010548221943379232
T08_2004_LAST_HIKE,T08_2004,2004,LAST_HIKE,2006-06-29,83,2006-10-25,1.0160815977680742,0.016081597768074163
T08_2004_LAST_HIKE,T08_2004,2004,LAST_HIKE,2006-06-29,84,2006-10-26,1.0319903171200187,0.03199031712001865
T08_2004_LAST_HIKE,T08_2004,2004,LAST_HIKE,2006-06-29,85,2006-10-27,1.0344112482001067,0.03441124820010666
T08_2004_LAST_HIKE,T08_2004,2004,LAST_HIKE,2006-06-29,86,2006-10-30,1.0456510893503834,0.04565108935038342
T08_2004_LAST_HIKE,T08_2004,2004,LAST_HIKE,2006-06-29,87,2006-10-31,1.0446135022264693,0.044613502226469315
T08_2004_LAST_HIKE,T08_2004,2004,LAST_HIKE,2006-06-29,88,2006-11-01,1.066228581361617,0.06622858136161702
T08_2004_LAST_HIKE,T08_2004,2004,LAST_HIKE,2006-06-29,89,2006-11-02,1.081445681506664,0.08144568150666398
T08_2004_LAST_HIKE,T08_2004,2004,LAST_HIKE,2006-06-29,90,2006-11-03,1.0840394910028817,0.08403949100288166
T08_2004_LAST_HIKE,T08_2004,2004,LAST_HIKE,2006-06-29,91,2006-11-06,1.0821373007135615,0.08213730071356151
T08_2004_LAST_HIKE,T08_2004,2004,LAST_HIKE,2006-06-29,92,2006-11-07,1.0819644222974316,0.08196442229743162
T08_2004_LAST_HIKE,T08_2004,2004,LAST_HIKE,2006-06-29,93,2006-11-08,1.0658828245293575,0.06588282452935745
T08_2004_LAST_HIKE,T08_2004,2004,LAST_HIKE,2006-06-29,94,2006-11-09,1.098046020065506,0.098046020065506
T08_2004_LAST_HIKE,T08_2004,2004,LAST_HIKE,2006-06-29,95,2006-11-10,1.0866333004990993,0.08663330049909934
T08_2004_LAST_HIKE,T08_2004,2004,LAST_HIKE,2006-06-29,96,2006-11-13,1.079370612801214,0.07937061280121394
T08_2004_LAST_HIKE,T08_2004,2004,LAST_HIKE,2006-06-29,97,2006-11-14,1.0786788880519378,0.07867888805193779
T08_2004_LAST_HIKE,T08_2004,2004,LAST_HIKE,2006-06-29,98,2006-11-15,1.076430940930358,0.07643094093035807
T08_2004_LAST_HIKE,T08_2004,2004,LAST_HIKE,2006-06-29,99,2006-11-16,1.0731454066848642,0.07314540668486424
T08_2004_LAST_HIKE,T08_2004,2004,LAST_HIKE,2006-06-29,100,2006-11-17,1.0747017345995464,0.07470173459954643
T08_2004_LAST_HIKE,T08_2004,2004,LAST_HIKE,2006-06-29,101,2006-11-20,1.0741829938087786,0.07418299380877857
T08_2004_LAST_HIKE,T08_2004,2004,LAST_HIKE,2006-06-29,102,2006-11-21,1.0862874381244614,0.08628743812446138
T08_2004_LAST_HIKE,T08_2004,2004,LAST_HIKE,2006-06-29,103,2006-11-22,1.0871520412898672,0.0871520412898672
T08_2004_LAST_HIKE,T08_2004,2004,LAST_HIKE,2006-06-29,104,2006-11-24,1.0871520412898672,0.0871520412898672
T08_2004_LAST_HIKE,T08_2004,2004,LAST_HIKE,2006-06-29,105,2006-11-28,1.1018502951017677,0.10185029510176768
T08_2004_LAST_HIKE,T08_2004,2004,LAST_HIKE,2006-06-29,106,2006-11-29,1.0989106232309118,0.09891062323091182
T08_2004_LAST_HIKE,T08_2004,2004,LAST_HIKE,2006-06-29,107,2006-11-30,1.118623617619118,0.118623617619118
T08_2004_LAST_HIKE,T08_2004,2004,LAST_HIKE,2006-06-29,108,2006-12-01,1.1148193425828563,0.11481934258285631
T08_2004_LAST_HIKE,T08_2004,2004,LAST_HIKE,2006-06-29,109,2006-12-04,1.1156839457482621,0.11568394574826213
T08_2004_LAST_HIKE,T08_2004,2004,LAST_HIKE,2006-06-29,110,2006-12-05,1.1106692051719564,0.11066920517195644
T08_2004_LAST_HIKE,T08_2004,2004,LAST_HIKE,2006-06-29,111,2006-12-06,1.0902645915768527,0.09026459157685274
T08_2004_LAST_HIKE,T08_2004,2004,LAST_HIKE,2006-06-29,112,2006-12-07,1.0926855226569407,0.09268552265694074
T08_2004_LAST_HIKE,T08_2004,2004,LAST_HIKE,2006-06-29,113,2006-12-08,1.0826560415043294,0.08265604150432937
T08_2004_LAST_HIKE,T08_2004,2004,LAST_HIKE,2006-06-29,114,2006-12-11,1.089399988411447,0.08939998841144692
T08_2004_LAST_HIKE,T08_2004,2004,LAST_HIKE,2006-06-29,115,2006-12-12,1.0842123694190113,0.08421236941901133
T08_2004_LAST_HIKE,T08_2004,2004,LAST_HIKE,2006-06-29,116,2006-12-13,1.0857686973336935,0.08576869733369352
T08_2004_LAST_HIKE,T08_2004,2004,LAST_HIKE,2006-06-29,117,2006-12-14,1.0835206446697352,0.08352064466973519
T08_2004_LAST_HIKE,T08_2004,2004,LAST_HIKE,2006-06-29,118,2006-12-15,1.0634618934492694,0.06346189344926945
T08_2004_LAST_HIKE,T08_2004,2004,LAST_HIKE,2006-06-29,119,2006-12-18,1.0617326871184578,0.06173268711845781
T08_2004_LAST_HIKE,T08_2004,2004,LAST_HIKE,2006-06-29,120,2006-12-19,1.074874613015676,0.0748746130156761
T08_2004_LAST_HIKE,T08_2004,2004,LAST_HIKE,2006-06-29,121,2006-12-20,1.0731454066848642,0.07314540668486424
T08_2004_LAST_HIKE,T08_2004,2004,LAST_HIKE,2006-06-29,122,2006-12-21,1.068995374816343,0.06899537481634299
T08_2004_LAST_HIKE,T08_2004,2004,LAST_HIKE,2006-06-29,123,2006-12-22,1.0705515971886466,0.07055159718864656
T08_2004_LAST_HIKE,T08_2004,2004,LAST_HIKE,2006-06-29,124,2006-12-26,1.0785060096358081,0.07850600963580812
T08_2004_LAST_HIKE,T08_2004,2004,LAST_HIKE,2006-06-29,125,2006-12-27,1.0845582317936495,0.08455823179364952
T08_2004_LAST_HIKE,T08_2004,2004,LAST_HIKE,2006-06-29,126,2006-12-28,1.0964896921508238,0.09648969215082381
T08_2004_LAST_HIKE,T08_2004,2004,LAST_HIKE,2006-06-29,127,2006-12-29,1.098391882440144,0.09839188244014396
T08_2004_LAST_HIKE,T08_2004,2004,LAST_HIKE,2006-06-29,128,2007-01-02,1.098391882440144,0.09839188244014396
T08_2004_LAST_HIKE,T08_2004,2004,LAST_HIKE,2006-06-29,129,2007-01-03,1.084385247835141,0.08438524783514101
T08_2004_LAST_HIKE,T08_2004,2004,LAST_HIKE,2006-06-29,130,2007-01-04,1.078851872010446,0.07885187201044608
T08_2004_LAST_HIKE,T08_2004,2004,LAST_HIKE,2006-06-29,131,2007-01-05,1.0459969517250216,0.045996951725021606
T08_2004_LAST_HIKE,T08_2004,2004,LAST_HIKE,2006-06-29,132,2007-01-08,1.0504928459681808,0.05049284596818082
T08_2004_LAST_HIKE,T08_2004,2004,LAST_HIKE,2006-06-29,133,2007-01-09,1.0601763592037756,0.06017635920377562
T08_2004_LAST_HIKE,T08_2004,2004,LAST_HIKE,2006-06-29,134,2007-01-10,1.057582549707558,0.05758254970755794
T08_2004_LAST_HIKE,T08_2004,2004,LAST_HIKE,2006-06-29,135,2007-01-11,1.0589659992061102,0.05896599920611023
T08_2004_LAST_HIKE,T08_2004,2004,LAST_HIKE,2006-06-29,136,2007-01-12,1.0816185599227937,0.08161855992279365
T08_2004_LAST_HIKE,T08_2004,2004,LAST_HIKE,2006-06-29,137,2007-01-16,1.0800622320081115,0.08006223200811147
T08_2004_LAST_HIKE,T08_2004,2004,LAST_HIKE,2006-06-29,138,2007-01-17,1.0930312794892003,0.09303127948920031
T08_2004_LAST_HIKE,T08_2004,2004,LAST_HIKE,2006-06-29,139,2007-01-18,1.084385247835141,0.08438524783514101
T08_2004_LAST_HIKE,T08_2004,2004,LAST_HIKE,2006-06-29,140,2007-01-19,1.0989106232309118,0.09891062323091182
T08_2004_LAST_HIKE,T08_2004,2004,LAST_HIKE,2006-06-29,141,2007-01-22,1.0951063481946501,0.09510634819465014
T08_2004_LAST_HIKE,T08_2004,2004,LAST_HIKE,2006-06-29,142,2007-01-23,1.1156839457482621,0.11568394574826213
T08_2004_LAST_HIKE,T08_2004,2004,LAST_HIKE,2006-06-29,143,2007-01-24,1.1198339776167834,0.11983397761678338
T08_2004_LAST_HIKE,T08_2004,2004,LAST_HIKE,2006-06-29,144,2007-01-25,1.1201798399914216,0.12017983999142157
T08_2004_LAST_HIKE,T08_2004,2004,LAST_HIKE,2006-06-29,145,2007-01-26,1.1144734802082181,0.11447348020821813
T08_2004_LAST_HIKE,T08_2004,2004,LAST_HIKE,2006-06-29,146,2007-01-29,1.1120525491281303,0.11205254912813034
T08_2004_LAST_HIKE,T08_2004,2004,LAST_HIKE,2006-06-29,147,2007-01-30,1.1139547394174505,0.11395473941745049
T08_2004_LAST_HIKE,T08_2004,2004,LAST_HIKE,2006-06-29,148,2007-01-31,1.127442527689307,0.12744252768930697
T08_2004_LAST_HIKE,T08_2004,2004,LAST_HIKE,2006-06-29,149,2007-02-01,1.1367802840926422,0.1367802840926422
T08_2004_LAST_HIKE,T08_2004,2004,LAST_HIKE,2006-06-29,150,2007-02-02,1.117413152079074,0.11741315207907399
T08_2004_LAST_HIKE,T08_2004,2004,LAST_HIKE,2006-06-29,151,2007-02-05,1.1255404429423652,0.12554044294236522
T08_2004_LAST_HIKE,T08_2004,2004,LAST_HIKE,2006-06-29,152,2007-02-06,1.1302092156016543,0.13020921560165433
T08_2004_LAST_HIKE,T08_2004,2004,LAST_HIKE,2006-06-29,153,2007-02-07,1.1279612684800746,0.1279612684800746
T08_2004_LAST_HIKE,T08_2004,2004,LAST_HIKE,2006-06-29,154,2007-02-08,1.1378177656741777,0.1378177656741777
T08_2004_LAST_HIKE,T08_2004,2004,LAST_HIKE,2006-06-29,155,2007-02-09,1.15424522581689,0.15424522581689004
T08_2004_LAST_HIKE,T08_2004,2004,LAST_HIKE,2006-06-29,156,2007-02-12,1.1457720725789606,0.14577207257896063
T08_2004_LAST_HIKE,T08_2004,2004,LAST_HIKE,2006-06-29,157,2007-02-13,1.148020125242919,0.14802012524291897
T08_2004_LAST_HIKE,T08_2004,2004,LAST_HIKE,2006-06-29,158,2007-02-14,1.1540723474007604,0.15407234740076037
T08_2004_LAST_HIKE,T08_2004,2004,LAST_HIKE,2006-06-29,159,2007-02-15,1.153899363442252,0.15389936344225208
T08_2004_LAST_HIKE,T08_2004,2004,LAST_HIKE,2006-06-29,160,2007-02-16,1.1564931729384698,0.15649317293846976
T08_2004_LAST_HIKE,T08_2004,2004,LAST_HIKE,2006-06-29,161,2007-02-20,1.1362614377594957,0.13626143775949573
T08_2004_LAST_HIKE,T08_2004,2004,LAST_HIKE,2006-06-29,162,2007-02-21,1.176206167326676,0.17620616732667593
T08_2004_LAST_HIKE,T08_2004,2004,LAST_HIKE,2006-06-29,163,2007-02-22,1.1748228233705023,0.17482282337050226
T08_2004_LAST_HIKE,T08_2004,2004,LAST_HIKE,2006-06-29,164,2007-02-23,1.181220802360603,0.181220802360603
T08_2004_LAST_HIKE,T08_2004,2004,LAST_HIKE,2006-06-29,165,2007-02-26,1.1871001461023147,0.18710014610231473
T08_2004_LAST_HIKE,T08_2004,2004,LAST_HIKE,2006-06-29,166,2007-02-27,1.1826042518591553,0.1826042518591553
T08_2004_LAST_HIKE,T08_2004,2004,LAST_HIKE,2006-06-29,167,2007-02-28,1.157530760062384,0.1575307600623841
T08_2004_LAST_HIKE,T08_2004,2004,LAST_HIKE,2006-06-29,168,2007-03-01,1.145253331788193,0.145253331788193
T08_2004_LAST_HIKE,T08_2004,2004,LAST_HIKE,2006-06-29,169,2007-03-02,1.1092858612157828,0.10928586121578276
T08_2004_LAST_HIKE,T08_2004,2004,LAST_HIKE,2006-06-29,170,2007-03-05,1.1009856919363616,0.10098569193636164
T08_2004_LAST_HIKE,T08_2004,2004,LAST_HIKE,2006-06-29,171,2007-03-06,1.1132630146681743,0.11326301466817434
T08_2004_LAST_HIKE,T08_2004,2004,LAST_HIKE,2006-06-29,172,2007-03-07,1.125021596609219,0.12502159660921897
T08_2004_LAST_HIKE,T08_2004,2004,LAST_HIKE,2006-06-29,173,2007-03-08,1.1298634587693948,0.12986345876939476
T08_2004_LAST_HIKE,T08_2004,2004,LAST_HIKE,2006-06-29,174,2007-03-09,1.1239841150276833,0.12398411502768325
T08_2004_LAST_HIKE,T08_2004,2004,LAST_HIKE,2006-06-29,175,2007-03-12,1.1212174271153357,0.12121742711533567
T08_2004_LAST_HIKE,T08_2004,2004,LAST_HIKE,2006-06-29,176,2007-03-13,1.1198339776167834,0.11983397761678338
T08_2004_LAST_HIKE,T08_2004,2004,LAST_HIKE,2006-06-29,177,2007-03-14,1.108248379634247,0.10824837963424705
T08_2004_LAST_HIKE,T08_2004,2004,LAST_HIKE,2006-06-29,178,2007-03-15,1.1165485489136682,0.11654854891366817
T08_2004_LAST_HIKE,T08_2004,2004,LAST_HIKE,2006-06-29,179,2007-03-16,1.1284800092708425,0.12848000927084247
T08_2004_LAST_HIKE,T08_2004,2004,LAST_HIKE,2006-06-29,180,2007-03-19,1.1293446124362485,0.1293446124362485
T08_2004_LAST_HIKE,T08_2004,2004,LAST_HIKE,2006-06-29,181,2007-03-20,1.137644887258048,0.13764488725804802
T08_2004_LAST_HIKE,T08_2004,2004,LAST_HIKE,2006-06-29,182,2007-03-21,1.1395469720049896,0.13954697200498956
T08_2004_LAST_HIKE,T08_2004,2004,LAST_HIKE,2006-06-29,183,2007-03-22,1.1471555220775131,0.14715552207751315
T08_2004_LAST_HIKE,T08_2004,2004,LAST_HIKE,2006-06-29,184,2007-03-23,1.1355698185525982,0.1355698185525982
T08_2004_LAST_HIKE,T08_2004,2004,LAST_HIKE,2006-06-29,185,2007-03-26,1.1471555220775131,0.14715552207751315
T08_2004_LAST_HIKE,T08_2004,2004,LAST_HIKE,2006-06-29,186,2007-03-27,1.1449074694135548,0.1449074694135548
T08_2004_LAST_HIKE,T08_2004,2004,LAST_HIKE,2006-06-29,187,2007-03-28,1.1525160194860782,0.15251601948607818
T08_2004_LAST_HIKE,T08_2004,2004,LAST_HIKE,2006-06-29,188,2007-03-29,1.143869987832019,0.1438699878320191
T08_2004_LAST_HIKE,T08_2004,2004,LAST_HIKE,2006-06-29,189,2007-03-30,1.146463797328237,0.146463797328237
T08_2004_LAST_HIKE,T08_2004,2004,LAST_HIKE,2006-06-29,190,2007-04-02,1.1511326755299045,0.1511326755299045
T08_2004_LAST_HIKE,T08_2004,2004,LAST_HIKE,2006-06-29,191,2007-04-03,1.1481930036590486,0.14819300365904864
T08_2004_LAST_HIKE,T08_2004,2004,LAST_HIKE,2006-06-29,192,2007-04-04,1.162199532721673,0.16219953272167298
T08_2004_LAST_HIKE,T08_2004,2004,LAST_HIKE,2006-06-29,193,2007-04-05,1.165830929341805,0.165830929341805
T08_2004_LAST_HIKE,T08_2004,2004,LAST_HIKE,2006-06-29,194,2007-04-09,1.1618537758894136,0.16185377588941363
T08_2004_LAST_HIKE,T08_2004,2004,LAST_HIKE,2006-06-29,195,2007-04-10,1.1698080827941966,0.16980808279419657
T08_2004_LAST_HIKE,T08_2004,2004,LAST_HIKE,2006-06-29,196,2007-04-11,1.1703268235849642,0.1703268235849642
T08_2004_LAST_HIKE,T08_2004,2004,LAST_HIKE,2006-06-29,197,2007-04-12,1.1673871517141086,0.16738715171410856
T08_2004_LAST_HIKE,T08_2004,2004,LAST_HIKE,2006-06-29,198,2007-04-13,1.1851980613553732,0.1851980613553732
T08_2004_LAST_HIKE,T08_2004,2004,LAST_HIKE,2006-06-29,199,2007-04-16,1.1933252466762858,0.1933252466762858
T08_2004_LAST_HIKE,T08_2004,2004,LAST_HIKE,2006-06-29,200,2007-04-17,1.1900398179731706,0.1900398179731706
T08_2004_LAST_HIKE,T08_2004,2004,LAST_HIKE,2006-06-29,201,2007-04-18,1.191596040345474,0.19159604034547395
T08_2004_LAST_HIKE,T08_2004,2004,LAST_HIKE,2006-06-29,202,2007-04-19,1.183295871066053,0.18329587106605305
T08_2004_LAST_HIKE,T08_2004,2004,LAST_HIKE,2006-06-29,203,2007-04-20,1.1966107809217796,0.19661078092177964
T08_2004_LAST_HIKE,T08_2004,2004,LAST_HIKE,2006-06-29,204,2007-04-23,1.1941898498416916,0.19418984984169163
T08_2004_LAST_HIKE,T08_2004,2004,LAST_HIKE,2006-06-29,205,2007-04-24,1.1831229926499232,0.18312299264992316
T08_2004_LAST_HIKE,T08_2004,2004,LAST_HIKE,2006-06-29,206,2007-04-25,1.1829500086914149,0.18295000869141487
T08_2004_LAST_HIKE,T08_2004,2004,LAST_HIKE,2006-06-29,207,2007-04-26,1.167041394881849,0.167041394881849
T08_2004_LAST_HIKE,T08_2004,2004,LAST_HIKE,2006-06-29,208,2007-04-27,1.1736123578304583,0.17361235783045825
T08_2004_LAST_HIKE,T08_2004,2004,LAST_HIKE,2006-06-29,209,2007-04-30,1.1767249081174438,0.1767249081174438
T08_2004_LAST_HIKE,T08_2004,2004,LAST_HIKE,2006-06-29,210,2007-05-01,1.1661767917164432,0.16617679171644317
T08_2004_LAST_HIKE,T08_2004,2004,LAST_HIKE,2006-06-29,211,2007-05-02,1.1625453950963112,0.16254539509631116
T08_2004_LAST_HIKE,T08_2004,2004,LAST_HIKE,2006-06-29,212,2007-05-03,1.1789728552390235,0.1789728552390235
T08_2004_LAST_HIKE,T08_2004,2004,LAST_HIKE,2006-06-29,213,2007-05-04,1.1883106116423587,0.18831061164235874
T08_2004_LAST_HIKE,T08_2004,2004,LAST_HIKE,2006-06-29,214,2007-05-07,1.1896939555985324,0.18969395559853242
T08_2004_LAST_HIKE,T08_2004,2004,LAST_HIKE,2006-06-29,215,2007-05-08,1.1846792150222267,0.18467921502222673
T08_2004_LAST_HIKE,T08_2004,2004,LAST_HIKE,2006-06-29,216,2007-05-09,1.1763790457428056,0.1763790457428056
T08_2004_LAST_HIKE,T08_2004,2004,LAST_HIKE,2006-06-29,217,2007-05-10,1.1500950884059904,0.1500950884059904
T08_2004_LAST_HIKE,T08_2004,2004,LAST_HIKE,2006-06-29,218,2007-05-11,1.1596057232254553,0.1596057232254553
T08_2004_LAST_HIKE,T08_2004,2004,LAST_HIKE,2006-06-29,219,2007-05-14,1.155974432147702,0.1559744321477019
T08_2004_LAST_HIKE,T08_2004,2004,LAST_HIKE,2006-06-29,220,2007-05-15,1.1637558606363552,0.16375586063635517
T08_2004_LAST_HIKE,T08_2004,2004,LAST_HIKE,2006-06-29,221,2007-05-16,1.1416220407104396,0.1416220407104396
T08_2004_LAST_HIKE,T08_2004,2004,LAST_HIKE,2006-06-29,222,2007-05-17,1.1347052153871922,0.13470521538719216
T08_2004_LAST_HIKE,T08_2004,2004,LAST_HIKE,2006-06-29,223,2007-05-18,1.1430053846666133,0.14300538466661328
T08_2004_LAST_HIKE,T08_2004,2004,LAST_HIKE,2006-06-29,224,2007-05-21,1.146290918912107,0.1462909189121071
T08_2004_LAST_HIKE,T08_2004,2004,LAST_HIKE,2006-06-29,225,2007-05-22,1.1397198504211195,0.13971985042111945
T08_2004_LAST_HIKE,T08_2004,2004,LAST_HIKE,2006-06-29,226,2007-05-23,1.1445617125812952,0.14456171258129524
T08_2004_LAST_HIKE,T08_2004,2004,LAST_HIKE,2006-06-29,227,2007-05-24,1.1291717340201186,0.1291717340201186
T08_2004_LAST_HIKE,T08_2004,2004,LAST_HIKE,2006-06-29,228,2007-05-25,1.132803025097872,0.132803025097872
T08_2004_LAST_HIKE,T08_2004,2004,LAST_HIKE,2006-06-29,229,2007-05-29,1.1362614377594957,0.13626143775949573
T08_2004_LAST_HIKE,T08_2004,2004,LAST_HIKE,2006-06-29,230,2007-05-30,1.1293446124362485,0.1293446124362485
T08_2004_LAST_HIKE,T08_2004,2004,LAST_HIKE,2006-06-29,231,2007-05-31,1.1430053846666133,0.14300538466661328
T08_2004_LAST_HIKE,T08_2004,2004,LAST_HIKE,2006-06-29,232,2007-06-01,1.1606433103493696,0.16064331034936963
T08_2004_LAST_HIKE,T08_2004,2004,LAST_HIKE,2006-06-29,233,2007-06-04,1.1597787071839636,0.1597787071839636
T08_2004_LAST_HIKE,T08_2004,2004,LAST_HIKE,2006-06-29,234,2007-06-05,1.1578765168946434,0.15787651689464344
T08_2004_LAST_HIKE,T08_2004,2004,LAST_HIKE,2006-06-29,235,2007-06-06,1.1573577761038756,0.15735777610387558
T08_2004_LAST_HIKE,T08_2004,2004,LAST_HIKE,2006-06-29,236,2007-06-07,1.141449056751931,0.1414490567519311
T08_2004_LAST_HIKE,T08_2004,2004,LAST_HIKE,2006-06-29,237,2007-06-08,1.11620268653903,0.11620268653902999
T08_2004_LAST_HIKE,T08_2004,2004,LAST_HIKE,2006-06-29,238,2007-06-11,1.1314196811416983,0.13141968114169833
T08_2004_LAST_HIKE,T08_2004,2004,LAST_HIKE,2006-06-29,239,2007-06-12,1.1213903055314656,0.12139030553146557
T08_2004_LAST_HIKE,T08_2004,2004,LAST_HIKE,2006-06-29,240,2007-06-13,1.1208715647406977,0.12087156474069771
T08_2004_LAST_HIKE,T08_2004,2004,LAST_HIKE,2006-06-29,241,2007-06-14,1.1267508029400306,0.1267508029400306
T08_2004_LAST_HIKE,T08_2004,2004,LAST_HIKE,2006-06-29,242,2007-06-15,1.1317655435163365,0.13176554351633651
T08_2004_LAST_HIKE,T08_2004,2004,LAST_HIKE,2006-06-29,243,2007-06-18,1.134013490637916,0.134013490637916
T08_2004_LAST_HIKE,T08_2004,2004,LAST_HIKE,2006-06-29,244,2007-06-19,1.1424866438758454,0.14248664387584542
T08_2004_LAST_HIKE,T08_2004,2004,LAST_HIKE,2006-06-29,245,2007-06-20,1.1345322314286839,0.13453223142868387
T08_2004_LAST_HIKE,T08_2004,2004,LAST_HIKE,2006-06-29,246,2007-06-21,1.125021596609219,0.12502159660921897
T08_2004_LAST_HIKE,T08_2004,2004,LAST_HIKE,2006-06-29,247,2007-06-22,1.1300363371855247,0.13003633718552465
T08_2004_LAST_HIKE,T08_2004,2004,LAST_HIKE,2006-06-29,248,2007-06-25,1.126232062149263,0.12623206214926297
T08_2004_LAST_HIKE,T08_2004,2004,LAST_HIKE,2006-06-29,249,2007-06-26,1.1103233427973185,0.11032334279731848
T08_2004_LAST_HIKE,T08_2004,2004,LAST_HIKE,2006-06-29,250,2007-06-27,1.109631723590421,0.10963172359042095
T08_2004_LAST_HIKE,T08_2004,2004,LAST_HIKE,2006-06-29,251,2007-06-28,1.1196610992006537,0.11966109920065371
T08_2004_LAST_HIKE,T08_2004,2004,LAST_HIKE,2006-06-29,252,2007-06-29,1.1206985807821894,0.12069858078218942
T08_2004_TIGHTENING_CYCLE_END,T08_2004,2004,TIGHTENING_CYCLE_END,2006-06-29,-60,2006-04-03,1.0191942535974383,0.019194253597438315
T08_2004_TIGHTENING_CYCLE_END,T08_2004,2004,TIGHTENING_CYCLE_END,2006-06-29,-59,2006-04-04,1.0133149098557268,0.013314909855726809
T08_2004_TIGHTENING_CYCLE_END,T08_2004,2004,TIGHTENING_CYCLE_END,2006-06-29,-58,2006-04-05,1.0166004441012206,0.016600444101220635
T08_2004_TIGHTENING_CYCLE_END,T08_2004,2004,TIGHTENING_CYCLE_END,2006-06-29,-57,2006-04-06,1.0292236292076713,0.029223629207671298
T08_2004_TIGHTENING_CYCLE_END,T08_2004,2004,TIGHTENING_CYCLE_END,2006-06-29,-56,2006-04-07,1.0174650472666265,0.017465047266626454
T08_2004_TIGHTENING_CYCLE_END,T08_2004,2004,TIGHTENING_CYCLE_END,2006-06-29,-55,2006-04-10,1.0333736610761923,0.03337366107619233
T08_2004_TIGHTENING_CYCLE_END,T08_2004,2004,TIGHTENING_CYCLE_END,2006-06-29,-54,2006-04-11,1.0292236292076713,0.029223629207671298
T08_2004_TIGHTENING_CYCLE_END,T08_2004,2004,TIGHTENING_CYCLE_END,2006-06-29,-53,2006-04-12,1.0332007826600627,0.033200782660062655
T08_2004_TIGHTENING_CYCLE_END,T08_2004,2004,TIGHTENING_CYCLE_END,2006-06-29,-52,2006-04-13,1.0314715763292508,0.031471576329250794
T08_2004_TIGHTENING_CYCLE_END,T08_2004,2004,TIGHTENING_CYCLE_END,2006-06-29,-51,2006-04-17,1.0641536181985456,0.06415361819854559
T08_2004_TIGHTENING_CYCLE_END,T08_2004,2004,TIGHTENING_CYCLE_END,2006-06-29,-50,2006-04-18,1.0721079251033285,0.07210792510332853
T08_2004_TIGHTENING_CYCLE_END,T08_2004,2004,TIGHTENING_CYCLE_END,2006-06-29,-49,2006-04-19,1.0938958826546061,0.09389588265460613
T08_2004_TIGHTENING_CYCLE_END,T08_2004,2004,TIGHTENING_CYCLE_END,2006-06-29,-48,2006-04-20,1.0717620627286906,0.07176206272869057
T08_2004_TIGHTENING_CYCLE_END,T08_2004,2004,TIGHTENING_CYCLE_END,2006-06-29,-47,2006-04-21,1.0932042634477086,0.0932042634477086
T08_2004_TIGHTENING_CYCLE_END,T08_2004,2004,TIGHTENING_CYCLE_END,2006-06-29,-46,2006-04-24,1.0731454066848642,0.07314540668486424
T08_2004_TIGHTENING_CYCLE_END,T08_2004,2004,TIGHTENING_CYCLE_END,2006-06-29,-45,2006-04-25,1.0911291947422586,0.09112919474225856
T08_2004_TIGHTENING_CYCLE_END,T08_2004,2004,TIGHTENING_CYCLE_END,2006-06-29,-44,2006-04-26,1.104616983014115,0.10461698301411504
T08_2004_TIGHTENING_CYCLE_END,T08_2004,2004,TIGHTENING_CYCLE_END,2006-06-29,-43,2006-04-27,1.0951063481946501,0.09510634819465014
T08_2004_TIGHTENING_CYCLE_END,T08_2004,2004,TIGHTENING_CYCLE_END,2006-06-29,-42,2006-04-28,1.1270966653146688,0.1270966653146688
T08_2004_TIGHTENING_CYCLE_END,T08_2004,2004,TIGHTENING_CYCLE_END,2006-06-29,-41,2006-05-01,1.1369531625087719,0.13695316250877188
T08_2004_TIGHTENING_CYCLE_END,T08_2004,2004,TIGHTENING_CYCLE_END,2006-06-29,-40,2006-05-02,1.1494034691990926,0.14940346919909264
T08_2004_TIGHTENING_CYCLE_END,T08_2004,2004,TIGHTENING_CYCLE_END,2006-06-29,-39,2006-05-03,1.1514785379045427,0.1514785379045427
T08_2004_TIGHTENING_CYCLE_END,T08_2004,2004,TIGHTENING_CYCLE_END,2006-06-29,-38,2006-05-04,1.165830929341805,0.165830929341805
T08_2004_TIGHTENING_CYCLE_END,T08_2004,2004,TIGHTENING_CYCLE_END,2006-06-29,-37,2006-05-05,1.1796645799882997,0.17966457998829966
T08_2004_TIGHTENING_CYCLE_END,T08_2004,2004,TIGHTENING_CYCLE_END,2006-06-29,-36,2006-05-08,1.172056029915776,0.17205602991577607
T08_2004_TIGHTENING_CYCLE_END,T08_2004,2004,TIGHTENING_CYCLE_END,2006-06-29,-35,2006-05-09,1.2094069499867386,0.2094069499867386
T08_2004_TIGHTENING_CYCLE_END,T08_2004,2004,TIGHTENING_CYCLE_END,2006-06-29,-34,2006-05-10,1.2168425161007537,0.21684251610075367
T08_2004_TIGHTENING_CYCLE_END,T08_2004,2004,TIGHTENING_CYCLE_END,2006-06-29,-33,2006-05-11,1.2446826958098727,0.24468269580987267
T08_2004_TIGHTENING_CYCLE_END,T08_2004,2004,TIGHTENING_CYCLE_END,2006-06-29,-32,2006-05-12,1.2282552356671603,0.22825523566716033
T08_2004_TIGHTENING_CYCLE_END,T08_2004,2004,TIGHTENING_CYCLE_END,2006-06-29,-31,2006-05-15,1.182085405526009,0.18208540552600905
T08_2004_TIGHTENING_CYCLE_END,T08_2004,2004,TIGHTENING_CYCLE_END,2006-06-29,-30,2006-05-16,1.1957461777563738,0.19574617775637382
T08_2004_TIGHTENING_CYCLE_END,T08_2004,2004,TIGHTENING_CYCLE_END,2006-06-29,-29,2006-05-17,1.194016971425562,0.19401697142556196
T08_2004_TIGHTENING_CYCLE_END,T08_2004,2004,TIGHTENING_CYCLE_END,2006-06-29,-28,2006-05-18,1.1751685802027616,0.1751685802027616
T08_2004_TIGHTENING_CYCLE_END,T08_2004,2004,TIGHTENING_CYCLE_END,2006-06-29,-27,2006-05-19,1.1355698185525982,0.1355698185525982
T08_2004_TIGHTENING_CYCLE_END,T08_2004,2004,TIGHTENING_CYCLE_END,2006-06-29,-26,2006-05-22,1.136088559343366,0.13608855934336606
T08_2004_TIGHTENING_CYCLE_END,T08_2004,2004,TIGHTENING_CYCLE_END,2006-06-29,-25,2006-05-23,1.1637558606363552,0.16375586063635517
T08_2004_TIGHTENING_CYCLE_END,T08_2004,2004,TIGHTENING_CYCLE_END,2006-06-29,-24,2006-05-24,1.1015044327271295,0.1015044327271295
T08_2004_TIGHTENING_CYCLE_END,T08_2004,2004,TIGHTENING_CYCLE_END,2006-06-29,-23,2006-05-25,1.1212174271153357,0.12121742711533567
T08_2004_TIGHTENING_CYCLE_END,T08_2004,2004,TIGHTENING_CYCLE_END,2006-06-29,-22,2006-05-26,1.1255404429423652,0.12554044294236522
T08_2004_TIGHTENING_CYCLE_END,T08_2004,2004,TIGHTENING_CYCLE_END,2006-06-29,-21,2006-05-30,1.1307280619348008,0.1307280619348008
T08_2004_TIGHTENING_CYCLE_END,T08_2004,2004,TIGHTENING_CYCLE_END,2006-06-29,-20,2006-05-31,1.1110150675465946,0.11101506754659463
T08_2004_TIGHTENING_CYCLE_END,T08_2004,2004,TIGHTENING_CYCLE_END,2006-06-29,-19,2006-06-01,1.085249851000547,0.08524985100054705
T08_2004_TIGHTENING_CYCLE_END,T08_2004,2004,TIGHTENING_CYCLE_END,2006-06-29,-18,2006-06-02,1.0989106232309118,0.09891062323091182
T08_2004_TIGHTENING_CYCLE_END,T08_2004,2004,TIGHTENING_CYCLE_END,2006-06-29,-17,2006-06-05,1.1122255330866386,0.11222553308663863
T08_2004_TIGHTENING_CYCLE_END,T08_2004,2004,TIGHTENING_CYCLE_END,2006-06-29,-16,2006-06-06,1.0883625068299112,0.0883625068299112
T08_2004_TIGHTENING_CYCLE_END,T08_2004,2004,TIGHTENING_CYCLE_END,2006-06-29,-15,2006-06-07,1.0849040941682875,0.08490409416828748
T08_2004_TIGHTENING_CYCLE_END,T08_2004,2004,TIGHTENING_CYCLE_END,2006-06-29,-14,2006-06-08,1.0532595338805284,0.0532595338805284
T08_2004_TIGHTENING_CYCLE_END,T08_2004,2004,TIGHTENING_CYCLE_END,2006-06-29,-13,2006-06-09,1.0517033115082248,0.051703311508224825
T08_2004_TIGHTENING_CYCLE_END,T08_2004,2004,TIGHTENING_CYCLE_END,2006-06-29,-12,2006-06-12,1.0492823804281368,0.04928238042813682
T08_2004_TIGHTENING_CYCLE_END,T08_2004,2004,TIGHTENING_CYCLE_END,2006-06-29,-11,2006-06-13,0.972678561081649,-0.027321438918351038
T08_2004_TIGHTENING_CYCLE_END,T08_2004,2004,TIGHTENING_CYCLE_END,2006-06-29,-10,2006-06-14,0.9723326987070109,-0.02766730129298911
T08_2004_TIGHTENING_CYCLE_END,T08_2004,2004,TIGHTENING_CYCLE_END,2006-06-29,-9,2006-06-15,0.9795953864048962,-0.020404613595103815
T08_2004_TIGHTENING_CYCLE_END,T08_2004,2004,TIGHTENING_CYCLE_END,2006-06-29,-8,2006-06-16,0.9994812592092321,-0.0005187407907678576
T08_2004_TIGHTENING_CYCLE_END,T08_2004,2004,TIGHTENING_CYCLE_END,2006-06-29,-7,2006-06-19,0.9835725398572877,-0.016427460142712347
T08_2004_TIGHTENING_CYCLE_END,T08_2004,2004,TIGHTENING_CYCLE_END,2006-06-29,-6,2006-06-20,0.9975791744622906,-0.0024208255377093923
T08_2004_TIGHTENING_CYCLE_END,T08_2004,2004,TIGHTENING_CYCLE_END,2006-06-29,-5,2006-06-21,1.0159087193519445,0.01590871935194449
T08_2004_TIGHTENING_CYCLE_END,T08_2004,2004,TIGHTENING_CYCLE_END,2006-06-29,-4,2006-06-22,1.0067439469071175,0.006743946907117548
T08_2004_TIGHTENING_CYCLE_END,T08_2004,2004,TIGHTENING_CYCLE_END,2006-06-29,-3,2006-06-23,1.0112398411502768,0.011239841150276764
T08_2004_TIGHTENING_CYCLE_END,T08_2004,2004,TIGHTENING_CYCLE_END,2006-06-29,-2,2006-06-26,1.0112398411502768,0.011239841150276764
T08_2004_TIGHTENING_CYCLE_END,T08_2004,2004,TIGHTENING_CYCLE_END,2006-06-29,-1,2006-06-27,1.0057063597832032,0.005706359783203219
T08_2004_TIGHTENING_CYCLE_END,T08_2004,2004,TIGHTENING_CYCLE_END,2006-06-29,0,2006-06-28,1.0,0.0
T08_2004_TIGHTENING_CYCLE_END,T08_2004,2004,TIGHTENING_CYCLE_END,2006-06-29,1,2006-06-29,1.0141795130211326,0.014179513021132628
T08_2004_TIGHTENING_CYCLE_END,T08_2004,2004,TIGHTENING_CYCLE_END,2006-06-29,2,2006-06-30,1.0608680839530518,0.060868083953051766
T08_2004_TIGHTENING_CYCLE_END,T08_2004,2004,TIGHTENING_CYCLE_END,2006-06-29,3,2006-07-05,1.0847311102097792,0.08473111020977919
T08_2004_TIGHTENING_CYCLE_END,T08_2004,2004,TIGHTENING_CYCLE_END,2006-06-29,4,2006-07-06,1.0964896921508238,0.09648969215082381
T08_2004_TIGHTENING_CYCLE_END,T08_2004,2004,TIGHTENING_CYCLE_END,2006-06-29,5,2006-07-07,1.0942417450292443,0.09424174502924432
T08_2004_TIGHTENING_CYCLE_END,T08_2004,2004,TIGHTENING_CYCLE_END,2006-06-29,6,2006-07-10,1.0791976288427056,0.07919762884270565
T08_2004_TIGHTENING_CYCLE_END,T08_2004,2004,TIGHTENING_CYCLE_END,2006-06-29,7,2006-07-11,1.108767120425015,0.10876712042501491
T08_2004_TIGHTENING_CYCLE_END,T08_2004,2004,TIGHTENING_CYCLE_END,2006-06-29,8,2006-07-12,1.1229466334461475,0.12294663344614754
T08_2004_TIGHTENING_CYCLE_END,T08_2004,2004,TIGHTENING_CYCLE_END,2006-06-29,9,2006-07-13,1.128998855603989,0.12899885560398894
T08_2004_TIGHTENING_CYCLE_END,T08_2004,2004,TIGHTENING_CYCLE_END,2006-06-29,10,2006-07-14,1.152688897902208,0.15268889790220808
T08_2004_TIGHTENING_CYCLE_END,T08_2004,2004,TIGHTENING_CYCLE_END,2006-06-29,11,2006-07-17,1.125021596609219,0.12502159660921897
T08_2004_TIGHTENING_CYCLE_END,T08_2004,2004,TIGHTENING_CYCLE_END,2006-06-29,12,2006-07-18,1.086460316540591,0.08646031654059105
T08_2004_TIGHTENING_CYCLE_END,T08_2004,2004,TIGHTENING_CYCLE_END,2006-06-29,13,2006-07-19,1.1094587396319124,0.10945873963191244
T08_2004_TIGHTENING_CYCLE_END,T08_2004,2004,TIGHTENING_CYCLE_END,2006-06-29,14,2006-07-20,1.0923396602823026,0.09233966028230256
T08_2004_TIGHTENING_CYCLE_END,T08_2004,2004,TIGHTENING_CYCLE_END,2006-06-29,15,2006-07-21,1.0714162003540524,0.07141620035405238
T08_2004_TIGHTENING_CYCLE_END,T08_2004,2004,TIGHTENING_CYCLE_END,2006-06-29,16,2006-07-24,1.059484739996878,0.05948473999687809
T08_2004_TIGHTENING_CYCLE_END,T08_2004,2004,TIGHTENING_CYCLE_END,2006-06-29,17,2006-07-25,1.0679577876924289,0.06795778769242888
T08_2004_TIGHTENING_CYCLE_END,T08_2004,2004,TIGHTENING_CYCLE_END,2006-06-29,18,2006-07-26,1.074874613015676,0.0748746130156761
T08_2004_TIGHTENING_CYCLE_END,T08_2004,2004,TIGHTENING_CYCLE_END,2006-06-29,19,2006-07-27,1.0935501258223466,0.09355012582234656
T08_2004_TIGHTENING_CYCLE_END,T08_2004,2004,TIGHTENING_CYCLE_END,2006-06-29,20,2006-07-28,1.0977001576908678,0.09770015769086782
T08_2004_TIGHTENING_CYCLE_END,T08_2004,2004,TIGHTENING_CYCLE_END,2006-06-29,21,2006-07-31,1.096662676109332,0.0966626761093321
T08_2004_TIGHTENING_CYCLE_END,T08_2004,2004,TIGHTENING_CYCLE_END,2006-06-29,22,2006-08-01,1.1175860304952039,0.11758603049520389
T08_2004_TIGHTENING_CYCLE_END,T08_2004,2004,TIGHTENING_CYCLE_END,2006-06-29,23,2006-08-02,1.1267508029400306,0.1267508029400306
T08_2004_TIGHTENING_CYCLE_END,T08_2004,2004,TIGHTENING_CYCLE_END,2006-06-29,24,2006-08-03,1.1151652049574945,0.1151652049574945
T08_2004_TIGHTENING_CYCLE_END,T08_2004,2004,TIGHTENING_CYCLE_END,2006-06-29,25,2006-08-04,1.1136088770428123,0.1136088770428123
T08_2004_TIGHTENING_CYCLE_END,T08_2004,2004,TIGHTENING_CYCLE_END,2006-06-29,26,2006-08-07,1.1201798399914216,0.12017983999142157
T08_2004_TIGHTENING_CYCLE_END,T08_2004,2004,TIGHTENING_CYCLE_END,2006-06-29,27,2006-08-08,1.1165485489136682,0.11654854891366817
T08_2004_TIGHTENING_CYCLE_END,T08_2004,2004,TIGHTENING_CYCLE_END,2006-06-29,28,2006-08-09,1.124848718193089,0.12484871819308907
T08_2004_TIGHTENING_CYCLE_END,T08_2004,2004,TIGHTENING_CYCLE_END,2006-06-29,29,2006-08-10,1.097873141649376,0.0978731416493761
T08_2004_TIGHTENING_CYCLE_END,T08_2004,2004,TIGHTENING_CYCLE_END,2006-06-29,30,2006-08-11,1.095452210569288,0.0954522105692881
T08_2004_TIGHTENING_CYCLE_END,T08_2004,2004,TIGHTENING_CYCLE_END,2006-06-29,31,2006-08-14,1.086806178915229,0.08680617891522902
T08_2004_TIGHTENING_CYCLE_END,T08_2004,2004,TIGHTENING_CYCLE_END,2006-06-29,32,2006-08-15,1.076430940930358,0.07643094093035807
T08_2004_TIGHTENING_CYCLE_END,T08_2004,2004,TIGHTENING_CYCLE_END,2006-06-29,33,2006-08-16,1.0871520412898672,0.0871520412898672
T08_2004_TIGHTENING_CYCLE_END,T08_2004,2004,TIGHTENING_CYCLE_END,2006-06-29,34,2006-08-17,1.0641536181985456,0.06415361819854559
T08_2004_TIGHTENING_CYCLE_END,T08_2004,2004,TIGHTENING_CYCLE_END,2006-06-29,35,2006-08-18,1.0584471528729638,0.05844715287296376
T08_2004_TIGHTENING_CYCLE_END,T08_2004,2004,TIGHTENING_CYCLE_END,2006-06-29,36,2006-08-21,1.0819644222974316,0.08196442229743162
T08_2004_TIGHTENING_CYCLE_END,T08_2004,2004,TIGHTENING_CYCLE_END,2006-06-29,37,2006-08-22,1.0800622320081115,0.08006223200811147
T08_2004_TIGHTENING_CYCLE_END,T08_2004,2004,TIGHTENING_CYCLE_END,2006-06-29,38,2006-08-23,1.0785060096358081,0.07850600963580812
T08_2004_TIGHTENING_CYCLE_END,T08_2004,2004,TIGHTENING_CYCLE_END,2006-06-29,39,2006-08-24,1.0712433219379227,0.07124332193792271
T08_2004_TIGHTENING_CYCLE_END,T08_2004,2004,TIGHTENING_CYCLE_END,2006-06-29,40,2006-08-25,1.0755663377649523,0.07556633776495225
T08_2004_TIGHTENING_CYCLE_END,T08_2004,2004,TIGHTENING_CYCLE_END,2006-06-29,41,2006-08-28,1.0639806342400373,0.0639806342400373
T08_2004_TIGHTENING_CYCLE_END,T08_2004,2004,TIGHTENING_CYCLE_END,2006-06-29,42,2006-08-29,1.0560263273352544,0.05602632733525437
T08_2004_TIGHTENING_CYCLE_END,T08_2004,2004,TIGHTENING_CYCLE_END,2006-06-29,43,2006-08-30,1.0681307716509372,0.06813077165093717
T08_2004_TIGHTENING_CYCLE_END,T08_2004,2004,TIGHTENING_CYCLE_END,2006-06-29,44,2006-08-31,1.0823102846720698,0.0823102846720698
T08_2004_TIGHTENING_CYCLE_END,T08_2004,2004,TIGHTENING_CYCLE_END,2006-06-29,45,2006-09-01,1.0797164751758521,0.07971647517585212
T08_2004_TIGHTENING_CYCLE_END,T08_2004,2004,TIGHTENING_CYCLE_END,2006-06-29,46,2006-09-04,1.0797164751758521,0.07971647517585212
T08_2004_TIGHTENING_CYCLE_END,T08_2004,2004,TIGHTENING_CYCLE_END,2006-06-29,47,2006-09-05,1.1040982422233474,0.1040982422233474
T08_2004_TIGHTENING_CYCLE_END,T08_2004,2004,TIGHTENING_CYCLE_END,2006-06-29,48,2006-09-06,1.095452210569288,0.0954522105692881
T08_2004_TIGHTENING_CYCLE_END,T08_2004,2004,TIGHTENING_CYCLE_END,2006-06-29,49,2006-09-07,1.0669203061108932,0.06692030611089317
T08_2004_TIGHTENING_CYCLE_END,T08_2004,2004,TIGHTENING_CYCLE_END,2006-06-29,50,2006-09-08,1.0541241370459342,0.05412413704593422
T08_2004_TIGHTENING_CYCLE_END,T08_2004,2004,TIGHTENING_CYCLE_END,2006-06-29,51,2006-09-11,1.020231735178974,0.02023173517897403
T08_2004_TIGHTENING_CYCLE_END,T08_2004,2004,TIGHTENING_CYCLE_END,2006-06-29,52,2006-09-12,1.0148712377704088,0.014871237770408774
T08_2004_TIGHTENING_CYCLE_END,T08_2004,2004,TIGHTENING_CYCLE_END,2006-06-29,53,2006-09-13,1.0186754072642918,0.018675407264291843
T08_2004_TIGHTENING_CYCLE_END,T08_2004,2004,TIGHTENING_CYCLE_END,2006-06-29,54,2006-09-14,1.0017292063308119,0.001729206330811861
T08_2004_TIGHTENING_CYCLE_END,T08_2004,2004,TIGHTENING_CYCLE_END,2006-06-29,55,2006-09-15,0.9967145712968847,-0.003285428703115323
T08_2004_TIGHTENING_CYCLE_END,T08_2004,2004,TIGHTENING_CYCLE_END,2006-06-29,56,2006-09-18,1.0136607722303648,0.01366077223036477
T08_2004_TIGHTENING_CYCLE_END,T08_2004,2004,TIGHTENING_CYCLE_END,2006-06-29,57,2006-09-19,0.9974061905037823,-0.0025938094962176805
T08_2004_TIGHTENING_CYCLE_END,T08_2004,2004,TIGHTENING_CYCLE_END,2006-06-29,58,2006-09-20,1.0029396718708559,0.0029396718708558645
T08_2004_TIGHTENING_CYCLE_END,T08_2004,2004,TIGHTENING_CYCLE_END,2006-06-29,59,2006-09-21,1.0067439469071175,0.006743946907117548
T08_2004_TIGHTENING_CYCLE_END,T08_2004,2004,TIGHTENING_CYCLE_END,2006-06-29,60,2006-09-22,1.0191942535974383,0.019194253597438315
T08_2004_TIGHTENING_CYCLE_END,T08_2004,2004,TIGHTENING_CYCLE_END,2006-06-29,61,2006-09-25,1.0200588567628444,0.020058856762844357
T08_2004_TIGHTENING_CYCLE_END,T08_2004,2004,TIGHTENING_CYCLE_END,2006-06-29,62,2006-09-26,1.0223068038844239,0.022306803884423854
T08_2004_TIGHTENING_CYCLE_END,T08_2004,2004,TIGHTENING_CYCLE_END,2006-06-29,63,2006-09-27,1.0328549202854247,0.032854920285424694
T08_2004_TIGHTENING_CYCLE_END,T08_2004,2004,TIGHTENING_CYCLE_END,2006-06-29,64,2006-09-28,1.0461698301411513,0.04616983014115128
T08_2004_TIGHTENING_CYCLE_END,T08_2004,2004,TIGHTENING_CYCLE_END,2006-06-29,65,2006-09-29,1.0351028674070042,0.03510286740700419
T08_2004_TIGHTENING_CYCLE_END,T08_2004,2004,TIGHTENING_CYCLE_END,2006-06-29,66,2006-10-02,1.0335466450347008,0.03354664503470084
T08_2004_TIGHTENING_CYCLE_END,T08_2004,2004,TIGHTENING_CYCLE_END,2006-06-29,67,2006-10-03,0.9965415873383764,-0.003458412661623611
T08_2004_TIGHTENING_CYCLE_END,T08_2004,2004,TIGHTENING_CYCLE_END,2006-06-29,68,2006-10-04,0.971813957916243,-0.028186042083756968
T08_2004_TIGHTENING_CYCLE_END,T08_2004,2004,TIGHTENING_CYCLE_END,2006-06-29,69,2006-10-05,0.9873768148935494,-0.012623185106450552
T08_2004_TIGHTENING_CYCLE_END,T08_2004,2004,TIGHTENING_CYCLE_END,2006-06-29,70,2006-10-06,0.9897977459736375,-0.010202254026362545
T08_2004_TIGHTENING_CYCLE_END,T08_2004,2004,TIGHTENING_CYCLE_END,2006-06-29,71,2006-10-09,1.0001729839585083,0.00017298395850828818
T08_2004_TIGHTENING_CYCLE_END,T08_2004,2004,TIGHTENING_CYCLE_END,2006-06-29,72,2006-10-10,0.9889331428082315,-0.011066857191768475
T08_2004_TIGHTENING_CYCLE_END,T08_2004,2004,TIGHTENING_CYCLE_END,2006-06-29,73,2006-10-11,0.9896247620151291,-0.010375237984870944
T08_2004_TIGHTENING_CYCLE_END,T08_2004,2004,TIGHTENING_CYCLE_END,2006-06-29,74,2006-10-12,0.9965415873383764,-0.003458412661623611
T08_2004_TIGHTENING_CYCLE_END,T08_2004,2004,TIGHTENING_CYCLE_END,2006-06-29,75,2006-10-13,1.0181566664735242,0.018156666473524208
T08_2004_TIGHTENING_CYCLE_END,T08_2004,2004,TIGHTENING_CYCLE_END,2006-06-29,76,2006-10-16,1.0283590260422653,0.028359026042265256
T08_2004_TIGHTENING_CYCLE_END,T08_2004,2004,TIGHTENING_CYCLE_END,2006-06-29,77,2006-10-17,1.0197129943882062,0.019712994388206173
T08_2004_TIGHTENING_CYCLE_END,T08_2004,2004,TIGHTENING_CYCLE_END,2006-06-29,78,2006-10-18,1.0183296504320325,0.018329650432032496
T08_2004_TIGHTENING_CYCLE_END,T08_2004,2004,TIGHTENING_CYCLE_END,2006-06-29,79,2006-10-19,1.0357945921562803,0.035794592156280336
T08_2004_TIGHTENING_CYCLE_END,T08_2004,2004,TIGHTENING_CYCLE_END,2006-06-29,80,2006-10-20,1.0254193541714094,0.025419354171409392
T08_2004_TIGHTENING_CYCLE_END,T08_2004,2004,TIGHTENING_CYCLE_END,2006-06-29,81,2006-10-23,1.002420931080088,0.002420931080088007
T08_2004_TIGHTENING_CYCLE_END,T08_2004,2004,TIGHTENING_CYCLE_END,2006-06-29,82,2006-10-24,1.0105482219433792,0.010548221943379232
T08_2004_TIGHTENING_CYCLE_END,T08_2004,2004,TIGHTENING_CYCLE_END,2006-06-29,83,2006-10-25,1.0160815977680742,0.016081597768074163
T08_2004_TIGHTENING_CYCLE_END,T08_2004,2004,TIGHTENING_CYCLE_END,2006-06-29,84,2006-10-26,1.0319903171200187,0.03199031712001865
T08_2004_TIGHTENING_CYCLE_END,T08_2004,2004,TIGHTENING_CYCLE_END,2006-06-29,85,2006-10-27,1.0344112482001067,0.03441124820010666
T08_2004_TIGHTENING_CYCLE_END,T08_2004,2004,TIGHTENING_CYCLE_END,2006-06-29,86,2006-10-30,1.0456510893503834,0.04565108935038342
T08_2004_TIGHTENING_CYCLE_END,T08_2004,2004,TIGHTENING_CYCLE_END,2006-06-29,87,2006-10-31,1.0446135022264693,0.044613502226469315
T08_2004_TIGHTENING_CYCLE_END,T08_2004,2004,TIGHTENING_CYCLE_END,2006-06-29,88,2006-11-01,1.066228581361617,0.06622858136161702
T08_2004_TIGHTENING_CYCLE_END,T08_2004,2004,TIGHTENING_CYCLE_END,2006-06-29,89,2006-11-02,1.081445681506664,0.08144568150666398
T08_2004_TIGHTENING_CYCLE_END,T08_2004,2004,TIGHTENING_CYCLE_END,2006-06-29,90,2006-11-03,1.0840394910028817,0.08403949100288166
T08_2004_TIGHTENING_CYCLE_END,T08_2004,2004,TIGHTENING_CYCLE_END,2006-06-29,91,2006-11-06,1.0821373007135615,0.08213730071356151
T08_2004_TIGHTENING_CYCLE_END,T08_2004,2004,TIGHTENING_CYCLE_END,2006-06-29,92,2006-11-07,1.0819644222974316,0.08196442229743162
T08_2004_TIGHTENING_CYCLE_END,T08_2004,2004,TIGHTENING_CYCLE_END,2006-06-29,93,2006-11-08,1.0658828245293575,0.06588282452935745
T08_2004_TIGHTENING_CYCLE_END,T08_2004,2004,TIGHTENING_CYCLE_END,2006-06-29,94,2006-11-09,1.098046020065506,0.098046020065506
T08_2004_TIGHTENING_CYCLE_END,T08_2004,2004,TIGHTENING_CYCLE_END,2006-06-29,95,2006-11-10,1.0866333004990993,0.08663330049909934
T08_2004_TIGHTENING_CYCLE_END,T08_2004,2004,TIGHTENING_CYCLE_END,2006-06-29,96,2006-11-13,1.079370612801214,0.07937061280121394
T08_2004_TIGHTENING_CYCLE_END,T08_2004,2004,TIGHTENING_CYCLE_END,2006-06-29,97,2006-11-14,1.0786788880519378,0.07867888805193779
T08_2004_TIGHTENING_CYCLE_END,T08_2004,2004,TIGHTENING_CYCLE_END,2006-06-29,98,2006-11-15,1.076430940930358,0.07643094093035807
T08_2004_TIGHTENING_CYCLE_END,T08_2004,2004,TIGHTENING_CYCLE_END,2006-06-29,99,2006-11-16,1.0731454066848642,0.07314540668486424
T08_2004_TIGHTENING_CYCLE_END,T08_2004,2004,TIGHTENING_CYCLE_END,2006-06-29,100,2006-11-17,1.0747017345995464,0.07470173459954643
T08_2004_TIGHTENING_CYCLE_END,T08_2004,2004,TIGHTENING_CYCLE_END,2006-06-29,101,2006-11-20,1.0741829938087786,0.07418299380877857
T08_2004_TIGHTENING_CYCLE_END,T08_2004,2004,TIGHTENING_CYCLE_END,2006-06-29,102,2006-11-21,1.0862874381244614,0.08628743812446138
T08_2004_TIGHTENING_CYCLE_END,T08_2004,2004,TIGHTENING_CYCLE_END,2006-06-29,103,2006-11-22,1.0871520412898672,0.0871520412898672
T08_2004_TIGHTENING_CYCLE_END,T08_2004,2004,TIGHTENING_CYCLE_END,2006-06-29,104,2006-11-24,1.0871520412898672,0.0871520412898672
T08_2004_TIGHTENING_CYCLE_END,T08_2004,2004,TIGHTENING_CYCLE_END,2006-06-29,105,2006-11-28,1.1018502951017677,0.10185029510176768
T08_2004_TIGHTENING_CYCLE_END,T08_2004,2004,TIGHTENING_CYCLE_END,2006-06-29,106,2006-11-29,1.0989106232309118,0.09891062323091182
T08_2004_TIGHTENING_CYCLE_END,T08_2004,2004,TIGHTENING_CYCLE_END,2006-06-29,107,2006-11-30,1.118623617619118,0.118623617619118
T08_2004_TIGHTENING_CYCLE_END,T08_2004,2004,TIGHTENING_CYCLE_END,2006-06-29,108,2006-12-01,1.1148193425828563,0.11481934258285631
T08_2004_TIGHTENING_CYCLE_END,T08_2004,2004,TIGHTENING_CYCLE_END,2006-06-29,109,2006-12-04,1.1156839457482621,0.11568394574826213
T08_2004_TIGHTENING_CYCLE_END,T08_2004,2004,TIGHTENING_CYCLE_END,2006-06-29,110,2006-12-05,1.1106692051719564,0.11066920517195644
T08_2004_TIGHTENING_CYCLE_END,T08_2004,2004,TIGHTENING_CYCLE_END,2006-06-29,111,2006-12-06,1.0902645915768527,0.09026459157685274
T08_2004_TIGHTENING_CYCLE_END,T08_2004,2004,TIGHTENING_CYCLE_END,2006-06-29,112,2006-12-07,1.0926855226569407,0.09268552265694074
T08_2004_TIGHTENING_CYCLE_END,T08_2004,2004,TIGHTENING_CYCLE_END,2006-06-29,113,2006-12-08,1.0826560415043294,0.08265604150432937
T08_2004_TIGHTENING_CYCLE_END,T08_2004,2004,TIGHTENING_CYCLE_END,2006-06-29,114,2006-12-11,1.089399988411447,0.08939998841144692
T08_2004_TIGHTENING_CYCLE_END,T08_2004,2004,TIGHTENING_CYCLE_END,2006-06-29,115,2006-12-12,1.0842123694190113,0.08421236941901133
T08_2004_TIGHTENING_CYCLE_END,T08_2004,2004,TIGHTENING_CYCLE_END,2006-06-29,116,2006-12-13,1.0857686973336935,0.08576869733369352
T08_2004_TIGHTENING_CYCLE_END,T08_2004,2004,TIGHTENING_CYCLE_END,2006-06-29,117,2006-12-14,1.0835206446697352,0.08352064466973519
T08_2004_TIGHTENING_CYCLE_END,T08_2004,2004,TIGHTENING_CYCLE_END,2006-06-29,118,2006-12-15,1.0634618934492694,0.06346189344926945
T08_2004_TIGHTENING_CYCLE_END,T08_2004,2004,TIGHTENING_CYCLE_END,2006-06-29,119,2006-12-18,1.0617326871184578,0.06173268711845781
T08_2004_TIGHTENING_CYCLE_END,T08_2004,2004,TIGHTENING_CYCLE_END,2006-06-29,120,2006-12-19,1.074874613015676,0.0748746130156761
T08_2004_TIGHTENING_CYCLE_END,T08_2004,2004,TIGHTENING_CYCLE_END,2006-06-29,121,2006-12-20,1.0731454066848642,0.07314540668486424
T08_2004_TIGHTENING_CYCLE_END,T08_2004,2004,TIGHTENING_CYCLE_END,2006-06-29,122,2006-12-21,1.068995374816343,0.06899537481634299
T08_2004_TIGHTENING_CYCLE_END,T08_2004,2004,TIGHTENING_CYCLE_END,2006-06-29,123,2006-12-22,1.0705515971886466,0.07055159718864656
T08_2004_TIGHTENING_CYCLE_END,T08_2004,2004,TIGHTENING_CYCLE_END,2006-06-29,124,2006-12-26,1.0785060096358081,0.07850600963580812
T08_2004_TIGHTENING_CYCLE_END,T08_2004,2004,TIGHTENING_CYCLE_END,2006-06-29,125,2006-12-27,1.0845582317936495,0.08455823179364952
T08_2004_TIGHTENING_CYCLE_END,T08_2004,2004,TIGHTENING_CYCLE_END,2006-06-29,126,2006-12-28,1.0964896921508238,0.09648969215082381
T08_2004_TIGHTENING_CYCLE_END,T08_2004,2004,TIGHTENING_CYCLE_END,2006-06-29,127,2006-12-29,1.098391882440144,0.09839188244014396
T08_2004_TIGHTENING_CYCLE_END,T08_2004,2004,TIGHTENING_CYCLE_END,2006-06-29,128,2007-01-02,1.098391882440144,0.09839188244014396
T08_2004_TIGHTENING_CYCLE_END,T08_2004,2004,TIGHTENING_CYCLE_END,2006-06-29,129,2007-01-03,1.084385247835141,0.08438524783514101
T08_2004_TIGHTENING_CYCLE_END,T08_2004,2004,TIGHTENING_CYCLE_END,2006-06-29,130,2007-01-04,1.078851872010446,0.07885187201044608
T08_2004_TIGHTENING_CYCLE_END,T08_2004,2004,TIGHTENING_CYCLE_END,2006-06-29,131,2007-01-05,1.0459969517250216,0.045996951725021606
T08_2004_TIGHTENING_CYCLE_END,T08_2004,2004,TIGHTENING_CYCLE_END,2006-06-29,132,2007-01-08,1.0504928459681808,0.05049284596818082
T08_2004_TIGHTENING_CYCLE_END,T08_2004,2004,TIGHTENING_CYCLE_END,2006-06-29,133,2007-01-09,1.0601763592037756,0.06017635920377562
T08_2004_TIGHTENING_CYCLE_END,T08_2004,2004,TIGHTENING_CYCLE_END,2006-06-29,134,2007-01-10,1.057582549707558,0.05758254970755794
T08_2004_TIGHTENING_CYCLE_END,T08_2004,2004,TIGHTENING_CYCLE_END,2006-06-29,135,2007-01-11,1.0589659992061102,0.05896599920611023
T08_2004_TIGHTENING_CYCLE_END,T08_2004,2004,TIGHTENING_CYCLE_END,2006-06-29,136,2007-01-12,1.0816185599227937,0.08161855992279365
T08_2004_TIGHTENING_CYCLE_END,T08_2004,2004,TIGHTENING_CYCLE_END,2006-06-29,137,2007-01-16,1.0800622320081115,0.08006223200811147
T08_2004_TIGHTENING_CYCLE_END,T08_2004,2004,TIGHTENING_CYCLE_END,2006-06-29,138,2007-01-17,1.0930312794892003,0.09303127948920031
T08_2004_TIGHTENING_CYCLE_END,T08_2004,2004,TIGHTENING_CYCLE_END,2006-06-29,139,2007-01-18,1.084385247835141,0.08438524783514101
T08_2004_TIGHTENING_CYCLE_END,T08_2004,2004,TIGHTENING_CYCLE_END,2006-06-29,140,2007-01-19,1.0989106232309118,0.09891062323091182
T08_2004_TIGHTENING_CYCLE_END,T08_2004,2004,TIGHTENING_CYCLE_END,2006-06-29,141,2007-01-22,1.0951063481946501,0.09510634819465014
T08_2004_TIGHTENING_CYCLE_END,T08_2004,2004,TIGHTENING_CYCLE_END,2006-06-29,142,2007-01-23,1.1156839457482621,0.11568394574826213
T08_2004_TIGHTENING_CYCLE_END,T08_2004,2004,TIGHTENING_CYCLE_END,2006-06-29,143,2007-01-24,1.1198339776167834,0.11983397761678338
T08_2004_TIGHTENING_CYCLE_END,T08_2004,2004,TIGHTENING_CYCLE_END,2006-06-29,144,2007-01-25,1.1201798399914216,0.12017983999142157
T08_2004_TIGHTENING_CYCLE_END,T08_2004,2004,TIGHTENING_CYCLE_END,2006-06-29,145,2007-01-26,1.1144734802082181,0.11447348020821813
T08_2004_TIGHTENING_CYCLE_END,T08_2004,2004,TIGHTENING_CYCLE_END,2006-06-29,146,2007-01-29,1.1120525491281303,0.11205254912813034
T08_2004_TIGHTENING_CYCLE_END,T08_2004,2004,TIGHTENING_CYCLE_END,2006-06-29,147,2007-01-30,1.1139547394174505,0.11395473941745049
T08_2004_TIGHTENING_CYCLE_END,T08_2004,2004,TIGHTENING_CYCLE_END,2006-06-29,148,2007-01-31,1.127442527689307,0.12744252768930697
T08_2004_TIGHTENING_CYCLE_END,T08_2004,2004,TIGHTENING_CYCLE_END,2006-06-29,149,2007-02-01,1.1367802840926422,0.1367802840926422
T08_2004_TIGHTENING_CYCLE_END,T08_2004,2004,TIGHTENING_CYCLE_END,2006-06-29,150,2007-02-02,1.117413152079074,0.11741315207907399
T08_2004_TIGHTENING_CYCLE_END,T08_2004,2004,TIGHTENING_CYCLE_END,2006-06-29,151,2007-02-05,1.1255404429423652,0.12554044294236522
T08_2004_TIGHTENING_CYCLE_END,T08_2004,2004,TIGHTENING_CYCLE_END,2006-06-29,152,2007-02-06,1.1302092156016543,0.13020921560165433
T08_2004_TIGHTENING_CYCLE_END,T08_2004,2004,TIGHTENING_CYCLE_END,2006-06-29,153,2007-02-07,1.1279612684800746,0.1279612684800746
T08_2004_TIGHTENING_CYCLE_END,T08_2004,2004,TIGHTENING_CYCLE_END,2006-06-29,154,2007-02-08,1.1378177656741777,0.1378177656741777
T08_2004_TIGHTENING_CYCLE_END,T08_2004,2004,TIGHTENING_CYCLE_END,2006-06-29,155,2007-02-09,1.15424522581689,0.15424522581689004
T08_2004_TIGHTENING_CYCLE_END,T08_2004,2004,TIGHTENING_CYCLE_END,2006-06-29,156,2007-02-12,1.1457720725789606,0.14577207257896063
T08_2004_TIGHTENING_CYCLE_END,T08_2004,2004,TIGHTENING_CYCLE_END,2006-06-29,157,2007-02-13,1.148020125242919,0.14802012524291897
T08_2004_TIGHTENING_CYCLE_END,T08_2004,2004,TIGHTENING_CYCLE_END,2006-06-29,158,2007-02-14,1.1540723474007604,0.15407234740076037
T08_2004_TIGHTENING_CYCLE_END,T08_2004,2004,TIGHTENING_CYCLE_END,2006-06-29,159,2007-02-15,1.153899363442252,0.15389936344225208
T08_2004_TIGHTENING_CYCLE_END,T08_2004,2004,TIGHTENING_CYCLE_END,2006-06-29,160,2007-02-16,1.1564931729384698,0.15649317293846976
T08_2004_TIGHTENING_CYCLE_END,T08_2004,2004,TIGHTENING_CYCLE_END,2006-06-29,161,2007-02-20,1.1362614377594957,0.13626143775949573
T08_2004_TIGHTENING_CYCLE_END,T08_2004,2004,TIGHTENING_CYCLE_END,2006-06-29,162,2007-02-21,1.176206167326676,0.17620616732667593
T08_2004_TIGHTENING_CYCLE_END,T08_2004,2004,TIGHTENING_CYCLE_END,2006-06-29,163,2007-02-22,1.1748228233705023,0.17482282337050226
T08_2004_TIGHTENING_CYCLE_END,T08_2004,2004,TIGHTENING_CYCLE_END,2006-06-29,164,2007-02-23,1.181220802360603,0.181220802360603
T08_2004_TIGHTENING_CYCLE_END,T08_2004,2004,TIGHTENING_CYCLE_END,2006-06-29,165,2007-02-26,1.1871001461023147,0.18710014610231473
T08_2004_TIGHTENING_CYCLE_END,T08_2004,2004,TIGHTENING_CYCLE_END,2006-06-29,166,2007-02-27,1.1826042518591553,0.1826042518591553
T08_2004_TIGHTENING_CYCLE_END,T08_2004,2004,TIGHTENING_CYCLE_END,2006-06-29,167,2007-02-28,1.157530760062384,0.1575307600623841
T08_2004_TIGHTENING_CYCLE_END,T08_2004,2004,TIGHTENING_CYCLE_END,2006-06-29,168,2007-03-01,1.145253331788193,0.145253331788193
T08_2004_TIGHTENING_CYCLE_END,T08_2004,2004,TIGHTENING_CYCLE_END,2006-06-29,169,2007-03-02,1.1092858612157828,0.10928586121578276
T08_2004_TIGHTENING_CYCLE_END,T08_2004,2004,TIGHTENING_CYCLE_END,2006-06-29,170,2007-03-05,1.1009856919363616,0.10098569193636164
T08_2004_TIGHTENING_CYCLE_END,T08_2004,2004,TIGHTENING_CYCLE_END,2006-06-29,171,2007-03-06,1.1132630146681743,0.11326301466817434
T08_2004_TIGHTENING_CYCLE_END,T08_2004,2004,TIGHTENING_CYCLE_END,2006-06-29,172,2007-03-07,1.125021596609219,0.12502159660921897
T08_2004_TIGHTENING_CYCLE_END,T08_2004,2004,TIGHTENING_CYCLE_END,2006-06-29,173,2007-03-08,1.1298634587693948,0.12986345876939476
T08_2004_TIGHTENING_CYCLE_END,T08_2004,2004,TIGHTENING_CYCLE_END,2006-06-29,174,2007-03-09,1.1239841150276833,0.12398411502768325
T08_2004_TIGHTENING_CYCLE_END,T08_2004,2004,TIGHTENING_CYCLE_END,2006-06-29,175,2007-03-12,1.1212174271153357,0.12121742711533567
T08_2004_TIGHTENING_CYCLE_END,T08_2004,2004,TIGHTENING_CYCLE_END,2006-06-29,176,2007-03-13,1.1198339776167834,0.11983397761678338
T08_2004_TIGHTENING_CYCLE_END,T08_2004,2004,TIGHTENING_CYCLE_END,2006-06-29,177,2007-03-14,1.108248379634247,0.10824837963424705
T08_2004_TIGHTENING_CYCLE_END,T08_2004,2004,TIGHTENING_CYCLE_END,2006-06-29,178,2007-03-15,1.1165485489136682,0.11654854891366817
T08_2004_TIGHTENING_CYCLE_END,T08_2004,2004,TIGHTENING_CYCLE_END,2006-06-29,179,2007-03-16,1.1284800092708425,0.12848000927084247
T08_2004_TIGHTENING_CYCLE_END,T08_2004,2004,TIGHTENING_CYCLE_END,2006-06-29,180,2007-03-19,1.1293446124362485,0.1293446124362485
T08_2004_TIGHTENING_CYCLE_END,T08_2004,2004,TIGHTENING_CYCLE_END,2006-06-29,181,2007-03-20,1.137644887258048,0.13764488725804802
T08_2004_TIGHTENING_CYCLE_END,T08_2004,2004,TIGHTENING_CYCLE_END,2006-06-29,182,2007-03-21,1.1395469720049896,0.13954697200498956
T08_2004_TIGHTENING_CYCLE_END,T08_2004,2004,TIGHTENING_CYCLE_END,2006-06-29,183,2007-03-22,1.1471555220775131,0.14715552207751315
T08_2004_TIGHTENING_CYCLE_END,T08_2004,2004,TIGHTENING_CYCLE_END,2006-06-29,184,2007-03-23,1.1355698185525982,0.1355698185525982
T08_2004_TIGHTENING_CYCLE_END,T08_2004,2004,TIGHTENING_CYCLE_END,2006-06-29,185,2007-03-26,1.1471555220775131,0.14715552207751315
T08_2004_TIGHTENING_CYCLE_END,T08_2004,2004,TIGHTENING_CYCLE_END,2006-06-29,186,2007-03-27,1.1449074694135548,0.1449074694135548
T08_2004_TIGHTENING_CYCLE_END,T08_2004,2004,TIGHTENING_CYCLE_END,2006-06-29,187,2007-03-28,1.1525160194860782,0.15251601948607818
T08_2004_TIGHTENING_CYCLE_END,T08_2004,2004,TIGHTENING_CYCLE_END,2006-06-29,188,2007-03-29,1.143869987832019,0.1438699878320191
T08_2004_TIGHTENING_CYCLE_END,T08_2004,2004,TIGHTENING_CYCLE_END,2006-06-29,189,2007-03-30,1.146463797328237,0.146463797328237
T08_2004_TIGHTENING_CYCLE_END,T08_2004,2004,TIGHTENING_CYCLE_END,2006-06-29,190,2007-04-02,1.1511326755299045,0.1511326755299045
T08_2004_TIGHTENING_CYCLE_END,T08_2004,2004,TIGHTENING_CYCLE_END,2006-06-29,191,2007-04-03,1.1481930036590486,0.14819300365904864
T08_2004_TIGHTENING_CYCLE_END,T08_2004,2004,TIGHTENING_CYCLE_END,2006-06-29,192,2007-04-04,1.162199532721673,0.16219953272167298
T08_2004_TIGHTENING_CYCLE_END,T08_2004,2004,TIGHTENING_CYCLE_END,2006-06-29,193,2007-04-05,1.165830929341805,0.165830929341805
T08_2004_TIGHTENING_CYCLE_END,T08_2004,2004,TIGHTENING_CYCLE_END,2006-06-29,194,2007-04-09,1.1618537758894136,0.16185377588941363
T08_2004_TIGHTENING_CYCLE_END,T08_2004,2004,TIGHTENING_CYCLE_END,2006-06-29,195,2007-04-10,1.1698080827941966,0.16980808279419657
T08_2004_TIGHTENING_CYCLE_END,T08_2004,2004,TIGHTENING_CYCLE_END,2006-06-29,196,2007-04-11,1.1703268235849642,0.1703268235849642
T08_2004_TIGHTENING_CYCLE_END,T08_2004,2004,TIGHTENING_CYCLE_END,2006-06-29,197,2007-04-12,1.1673871517141086,0.16738715171410856
T08_2004_TIGHTENING_CYCLE_END,T08_2004,2004,TIGHTENING_CYCLE_END,2006-06-29,198,2007-04-13,1.1851980613553732,0.1851980613553732
T08_2004_TIGHTENING_CYCLE_END,T08_2004,2004,TIGHTENING_CYCLE_END,2006-06-29,199,2007-04-16,1.1933252466762858,0.1933252466762858
T08_2004_TIGHTENING_CYCLE_END,T08_2004,2004,TIGHTENING_CYCLE_END,2006-06-29,200,2007-04-17,1.1900398179731706,0.1900398179731706
T08_2004_TIGHTENING_CYCLE_END,T08_2004,2004,TIGHTENING_CYCLE_END,2006-06-29,201,2007-04-18,1.191596040345474,0.19159604034547395
T08_2004_TIGHTENING_CYCLE_END,T08_2004,2004,TIGHTENING_CYCLE_END,2006-06-29,202,2007-04-19,1.183295871066053,0.18329587106605305
T08_2004_TIGHTENING_CYCLE_END,T08_2004,2004,TIGHTENING_CYCLE_END,2006-06-29,203,2007-04-20,1.1966107809217796,0.19661078092177964
T08_2004_TIGHTENING_CYCLE_END,T08_2004,2004,TIGHTENING_CYCLE_END,2006-06-29,204,2007-04-23,1.1941898498416916,0.19418984984169163
T08_2004_TIGHTENING_CYCLE_END,T08_2004,2004,TIGHTENING_CYCLE_END,2006-06-29,205,2007-04-24,1.1831229926499232,0.18312299264992316
T08_2004_TIGHTENING_CYCLE_END,T08_2004,2004,TIGHTENING_CYCLE_END,2006-06-29,206,2007-04-25,1.1829500086914149,0.18295000869141487
T08_2004_TIGHTENING_CYCLE_END,T08_2004,2004,TIGHTENING_CYCLE_END,2006-06-29,207,2007-04-26,1.167041394881849,0.167041394881849
T08_2004_TIGHTENING_CYCLE_END,T08_2004,2004,TIGHTENING_CYCLE_END,2006-06-29,208,2007-04-27,1.1736123578304583,0.17361235783045825
T08_2004_TIGHTENING_CYCLE_END,T08_2004,2004,TIGHTENING_CYCLE_END,2006-06-29,209,2007-04-30,1.1767249081174438,0.1767249081174438
T08_2004_TIGHTENING_CYCLE_END,T08_2004,2004,TIGHTENING_CYCLE_END,2006-06-29,210,2007-05-01,1.1661767917164432,0.16617679171644317
T08_2004_TIGHTENING_CYCLE_END,T08_2004,2004,TIGHTENING_CYCLE_END,2006-06-29,211,2007-05-02,1.1625453950963112,0.16254539509631116
T08_2004_TIGHTENING_CYCLE_END,T08_2004,2004,TIGHTENING_CYCLE_END,2006-06-29,212,2007-05-03,1.1789728552390235,0.1789728552390235
T08_2004_TIGHTENING_CYCLE_END,T08_2004,2004,TIGHTENING_CYCLE_END,2006-06-29,213,2007-05-04,1.1883106116423587,0.18831061164235874
T08_2004_TIGHTENING_CYCLE_END,T08_2004,2004,TIGHTENING_CYCLE_END,2006-06-29,214,2007-05-07,1.1896939555985324,0.18969395559853242
T08_2004_TIGHTENING_CYCLE_END,T08_2004,2004,TIGHTENING_CYCLE_END,2006-06-29,215,2007-05-08,1.1846792150222267,0.18467921502222673
T08_2004_TIGHTENING_CYCLE_END,T08_2004,2004,TIGHTENING_CYCLE_END,2006-06-29,216,2007-05-09,1.1763790457428056,0.1763790457428056
T08_2004_TIGHTENING_CYCLE_END,T08_2004,2004,TIGHTENING_CYCLE_END,2006-06-29,217,2007-05-10,1.1500950884059904,0.1500950884059904
T08_2004_TIGHTENING_CYCLE_END,T08_2004,2004,TIGHTENING_CYCLE_END,2006-06-29,218,2007-05-11,1.1596057232254553,0.1596057232254553
T08_2004_TIGHTENING_CYCLE_END,T08_2004,2004,TIGHTENING_CYCLE_END,2006-06-29,219,2007-05-14,1.155974432147702,0.1559744321477019
T08_2004_TIGHTENING_CYCLE_END,T08_2004,2004,TIGHTENING_CYCLE_END,2006-06-29,220,2007-05-15,1.1637558606363552,0.16375586063635517
T08_2004_TIGHTENING_CYCLE_END,T08_2004,2004,TIGHTENING_CYCLE_END,2006-06-29,221,2007-05-16,1.1416220407104396,0.1416220407104396
T08_2004_TIGHTENING_CYCLE_END,T08_2004,2004,TIGHTENING_CYCLE_END,2006-06-29,222,2007-05-17,1.1347052153871922,0.13470521538719216
T08_2004_TIGHTENING_CYCLE_END,T08_2004,2004,TIGHTENING_CYCLE_END,2006-06-29,223,2007-05-18,1.1430053846666133,0.14300538466661328
T08_2004_TIGHTENING_CYCLE_END,T08_2004,2004,TIGHTENING_CYCLE_END,2006-06-29,224,2007-05-21,1.146290918912107,0.1462909189121071
T08_2004_TIGHTENING_CYCLE_END,T08_2004,2004,TIGHTENING_CYCLE_END,2006-06-29,225,2007-05-22,1.1397198504211195,0.13971985042111945
T08_2004_TIGHTENING_CYCLE_END,T08_2004,2004,TIGHTENING_CYCLE_END,2006-06-29,226,2007-05-23,1.1445617125812952,0.14456171258129524
T08_2004_TIGHTENING_CYCLE_END,T08_2004,2004,TIGHTENING_CYCLE_END,2006-06-29,227,2007-05-24,1.1291717340201186,0.1291717340201186
T08_2004_TIGHTENING_CYCLE_END,T08_2004,2004,TIGHTENING_CYCLE_END,2006-06-29,228,2007-05-25,1.132803025097872,0.132803025097872
T08_2004_TIGHTENING_CYCLE_END,T08_2004,2004,TIGHTENING_CYCLE_END,2006-06-29,229,2007-05-29,1.1362614377594957,0.13626143775949573
T08_2004_TIGHTENING_CYCLE_END,T08_2004,2004,TIGHTENING_CYCLE_END,2006-06-29,230,2007-05-30,1.1293446124362485,0.1293446124362485
T08_2004_TIGHTENING_CYCLE_END,T08_2004,2004,TIGHTENING_CYCLE_END,2006-06-29,231,2007-05-31,1.1430053846666133,0.14300538466661328
T08_2004_TIGHTENING_CYCLE_END,T08_2004,2004,TIGHTENING_CYCLE_END,2006-06-29,232,2007-06-01,1.1606433103493696,0.16064331034936963
T08_2004_TIGHTENING_CYCLE_END,T08_2004,2004,TIGHTENING_CYCLE_END,2006-06-29,233,2007-06-04,1.1597787071839636,0.1597787071839636
T08_2004_TIGHTENING_CYCLE_END,T08_2004,2004,TIGHTENING_CYCLE_END,2006-06-29,234,2007-06-05,1.1578765168946434,0.15787651689464344
T08_2004_TIGHTENING_CYCLE_END,T08_2004,2004,TIGHTENING_CYCLE_END,2006-06-29,235,2007-06-06,1.1573577761038756,0.15735777610387558
T08_2004_TIGHTENING_CYCLE_END,T08_2004,2004,TIGHTENING_CYCLE_END,2006-06-29,236,2007-06-07,1.141449056751931,0.1414490567519311
T08_2004_TIGHTENING_CYCLE_END,T08_2004,2004,TIGHTENING_CYCLE_END,2006-06-29,237,2007-06-08,1.11620268653903,0.11620268653902999
T08_2004_TIGHTENING_CYCLE_END,T08_2004,2004,TIGHTENING_CYCLE_END,2006-06-29,238,2007-06-11,1.1314196811416983,0.13141968114169833
T08_2004_TIGHTENING_CYCLE_END,T08_2004,2004,TIGHTENING_CYCLE_END,2006-06-29,239,2007-06-12,1.1213903055314656,0.12139030553146557
T08_2004_TIGHTENING_CYCLE_END,T08_2004,2004,TIGHTENING_CYCLE_END,2006-06-29,240,2007-06-13,1.1208715647406977,0.12087156474069771
T08_2004_TIGHTENING_CYCLE_END,T08_2004,2004,TIGHTENING_CYCLE_END,2006-06-29,241,2007-06-14,1.1267508029400306,0.1267508029400306
T08_2004_TIGHTENING_CYCLE_END,T08_2004,2004,TIGHTENING_CYCLE_END,2006-06-29,242,2007-06-15,1.1317655435163365,0.13176554351633651
T08_2004_TIGHTENING_CYCLE_END,T08_2004,2004,TIGHTENING_CYCLE_END,2006-06-29,243,2007-06-18,1.134013490637916,0.134013490637916
T08_2004_TIGHTENING_CYCLE_END,T08_2004,2004,TIGHTENING_CYCLE_END,2006-06-29,244,2007-06-19,1.1424866438758454,0.14248664387584542
T08_2004_TIGHTENING_CYCLE_END,T08_2004,2004,TIGHTENING_CYCLE_END,2006-06-29,245,2007-06-20,1.1345322314286839,0.13453223142868387
T08_2004_TIGHTENING_CYCLE_END,T08_2004,2004,TIGHTENING_CYCLE_END,2006-06-29,246,2007-06-21,1.125021596609219,0.12502159660921897
T08_2004_TIGHTENING_CYCLE_END,T08_2004,2004,TIGHTENING_CYCLE_END,2006-06-29,247,2007-06-22,1.1300363371855247,0.13003633718552465
T08_2004_TIGHTENING_CYCLE_END,T08_2004,2004,TIGHTENING_CYCLE_END,2006-06-29,248,2007-06-25,1.126232062149263,0.12623206214926297
T08_2004_TIGHTENING_CYCLE_END,T08_2004,2004,TIGHTENING_CYCLE_END,2006-06-29,249,2007-06-26,1.1103233427973185,0.11032334279731848
T08_2004_TIGHTENING_CYCLE_END,T08_2004,2004,TIGHTENING_CYCLE_END,2006-06-29,250,2007-06-27,1.109631723590421,0.10963172359042095
T08_2004_TIGHTENING_CYCLE_END,T08_2004,2004,TIGHTENING_CYCLE_END,2006-06-29,251,2007-06-28,1.1196610992006537,0.11966109920065371
T08_2004_TIGHTENING_CYCLE_END,T08_2004,2004,TIGHTENING_CYCLE_END,2006-06-29,252,2007-06-29,1.1206985807821894,0.12069858078218942
T08_2004_PAUSE_START,T08_2004,2004,PAUSE_START,2006-08-08,-60,2006-05-10,1.0862921047660279,0.08629210476602789
T08_2004_PAUSE_START,T08_2004,2004,PAUSE_START,2006-08-08,-59,2006-05-11,1.111145417346026,0.11114541734602601
T08_2004_PAUSE_START,T08_2004,2004,PAUSE_START,2006-08-08,-58,2006-05-12,1.0964803970017587,0.0964803970017587
T08_2004_PAUSE_START,T08_2004,2004,PAUSE_START,2006-08-08,-57,2006-05-15,1.0552639525587797,0.055263952558779694
T08_2004_PAUSE_START,T08_2004,2004,PAUSE_START,2006-08-08,-56,2006-05-16,1.067459112427457,0.06745911242745706
T08_2004_PAUSE_START,T08_2004,2004,PAUSE_START,2006-08-08,-55,2006-05-17,1.065915426075429,0.0659154260754291
T08_2004_PAUSE_START,T08_2004,2004,PAUSE_START,2006-08-08,-54,2006-05-18,1.0490892071506672,0.049089207150667225
T08_2004_PAUSE_START,T08_2004,2004,PAUSE_START,2006-08-08,-53,2006-05-19,1.0137388462207055,0.013738846220705536
T08_2004_PAUSE_START,T08_2004,2004,PAUSE_START,2006-08-08,-52,2006-05-22,1.0142019332824863,0.014201933282486312
T08_2004_PAUSE_START,T08_2004,2004,PAUSE_START,2006-08-08,-51,2006-05-23,1.0389009149149366,0.038900914914936635
T08_2004_PAUSE_START,T08_2004,2004,PAUSE_START,2006-08-08,-50,2006-05-24,0.9833282062419236,-0.01667179375807637
T08_2004_PAUSE_START,T08_2004,2004,PAUSE_START,2006-08-08,-49,2006-05-25,1.0009262683426996,0.0009262683426995988
T08_2004_PAUSE_START,T08_2004,2004,PAUSE_START,2006-08-08,-48,2006-05-26,1.00478548422277,0.00478548422276992
T08_2004_PAUSE_START,T08_2004,2004,PAUSE_START,2006-08-08,-47,2006-05-30,1.0094165432788542,0.009416543278854217
T08_2004_PAUSE_START,T08_2004,2004,PAUSE_START,2006-08-08,-46,2006-05-31,0.9918184811780784,-0.00818151882192164
T08_2004_PAUSE_START,T08_2004,2004,PAUSE_START,2006-08-08,-45,2006-06-01,0.9688175168452041,-0.03118248315479588
T08_2004_PAUSE_START,T08_2004,2004,PAUSE_START,2006-08-08,-44,2006-06-02,0.9810126767138815,-0.018987323286118518
T08_2004_PAUSE_START,T08_2004,2004,PAUSE_START,2006-08-08,-43,2006-06-05,0.9928990804683256,-0.0071009195316743545
T08_2004_PAUSE_START,T08_2004,2004,PAUSE_START,2006-08-08,-42,2006-06-06,0.9715962276541649,-0.028403772345835132
T08_2004_PAUSE_START,T08_2004,2004,PAUSE_START,2006-08-08,-41,2006-06-07,0.9685088549501086,-0.03149114504989137
T08_2004_PAUSE_START,T08_2004,2004,PAUSE_START,2006-08-08,-40,2006-06-08,0.9402593193326836,-0.059740680667316415
T08_2004_PAUSE_START,T08_2004,2004,PAUSE_START,2006-08-08,-39,2006-06-09,0.9388700581473408,-0.061129941852659186
T08_2004_PAUSE_START,T08_2004,2004,PAUSE_START,2006-08-08,-38,2006-06-12,0.9367088595668464,-0.06329114043315365
T08_2004_PAUSE_START,T08_2004,2004,PAUSE_START,2006-08-08,-37,2006-06-13,0.8683235730158274,-0.1316764269841726
T08_2004_PAUSE_START,T08_2004,2004,PAUSE_START,2006-08-08,-36,2006-06-14,0.8680148169015942,-0.1319851830984058
T08_2004_PAUSE_START,T08_2004,2004,PAUSE_START,2006-08-08,-35,2006-06-15,0.87449831842394,-0.12550168157606
T08_2004_PAUSE_START,T08_2004,2004,PAUSE_START,2006-08-08,-34,2006-06-16,0.8922507114722635,-0.10774928852773646
T08_2004_PAUSE_START,T08_2004,2004,PAUSE_START,2006-08-08,-33,2006-06-19,0.8780487781897771,-0.12195122181022289
T08_2004_PAUSE_START,T08_2004,2004,PAUSE_START,2006-08-08,-32,2006-06-20,0.8905526941726877,-0.10944730582731232
T08_2004_PAUSE_START,T08_2004,2004,PAUSE_START,2006-08-08,-31,2006-06-21,0.9069157318165308,-0.09308426818346915
T08_2004_PAUSE_START,T08_2004,2004,PAUSE_START,2006-08-08,-30,2006-06-22,0.8987342129946092,-0.1012657870053908
T08_2004_PAUSE_START,T08_2004,2004,PAUSE_START,2006-08-08,-29,2006-06-23,0.9027477598222273,-0.09725224017777268
T08_2004_PAUSE_START,T08_2004,2004,PAUSE_START,2006-08-08,-28,2006-06-26,0.9027477598222273,-0.09725224017777268
T08_2004_PAUSE_START,T08_2004,2004,PAUSE_START,2006-08-08,-27,2006-06-27,0.8978079446519097,-0.10219205534809028
T08_2004_PAUSE_START,T08_2004,2004,PAUSE_START,2006-08-08,-26,2006-06-28,0.8927137985340444,-0.10728620146595558
T08_2004_PAUSE_START,T08_2004,2004,PAUSE_START,2006-08-08,-25,2006-06-29,0.9053720454645027,-0.09462795453549733
T08_2004_PAUSE_START,T08_2004,2004,PAUSE_START,2006-08-08,-24,2006-06-30,0.9470515769692625,-0.052948423030737546
T08_2004_PAUSE_START,T08_2004,2004,PAUSE_START,2006-08-08,-23,2006-07-05,0.9683544297834232,-0.03164557021657677
T08_2004_PAUSE_START,T08_2004,2004,PAUSE_START,2006-08-08,-22,2006-07-06,0.978851478133387,-0.02114852186661298
T08_2004_PAUSE_START,T08_2004,2004,PAUSE_START,2006-08-08,-21,2006-07-07,0.976844704719578,-0.02315529528042204
T08_2004_PAUSE_START,T08_2004,2004,PAUSE_START,2006-08-08,-20,2006-07-10,0.9634146146131056,-0.036585385386894376
T08_2004_PAUSE_START,T08_2004,2004,PAUSE_START,2006-08-08,-19,2006-07-11,0.9898117077642694,-0.01018829223573059
T08_2004_PAUSE_START,T08_2004,2004,PAUSE_START,2006-08-08,-18,2006-07-12,1.0024699546947275,0.0024699546947275497
T08_2004_PAUSE_START,T08_2004,2004,PAUSE_START,2006-08-08,-17,2006-07-13,1.007872856926826,0.007872856926826044
T08_2004_PAUSE_START,T08_2004,2004,PAUSE_START,2006-08-08,-16,2006-07-14,1.0290212845743014,0.02902128457430142
T08_2004_PAUSE_START,T08_2004,2004,PAUSE_START,2006-08-08,-15,2006-07-17,1.0043223029418513,0.004322302941851319
T08_2004_PAUSE_START,T08_2004,2004,PAUSE_START,2006-08-08,-14,2006-07-18,0.9698981161354513,-0.030101883864548706
T08_2004_PAUSE_START,T08_2004,2004,PAUSE_START,2006-08-08,-13,2006-07-19,0.990429125773598,-0.009570874226402015
T08_2004_PAUSE_START,T08_2004,2004,PAUSE_START,2006-08-08,-12,2006-07-20,0.9751466874200021,-0.0248533125799979
T08_2004_PAUSE_START,T08_2004,2004,PAUSE_START,2006-08-08,-11,2006-07-21,0.956468026028979,-0.04353197397102104
T08_2004_PAUSE_START,T08_2004,2004,PAUSE_START,2006-08-08,-10,2006-07-24,0.9458166467314675,-0.05418335326853252
T08_2004_PAUSE_START,T08_2004,2004,PAUSE_START,2006-08-08,-9,2006-07-25,0.9533806533249227,-0.04661934667507728
T08_2004_PAUSE_START,T08_2004,2004,PAUSE_START,2006-08-08,-8,2006-07-26,0.9595553987330353,-0.0404446012669647
T08_2004_PAUSE_START,T08_2004,2004,PAUSE_START,2006-08-08,-7,2006-07-27,0.9762272867102493,-0.023772713289750724
T08_2004_PAUSE_START,T08_2004,2004,PAUSE_START,2006-08-08,-6,2006-07-28,0.9799320774236342,-0.020067922576365804
T08_2004_PAUSE_START,T08_2004,2004,PAUSE_START,2006-08-08,-5,2006-07-31,0.9790059033000724,-0.020994096699927578
T08_2004_PAUSE_START,T08_2004,2004,PAUSE_START,2006-08-08,-4,2006-08-01,0.9976844704719577,-0.0023155295280422594
T08_2004_PAUSE_START,T08_2004,2004,PAUSE_START,2006-08-08,-3,2006-08-02,1.0058659892938795,0.005865989293879492
T08_2004_PAUSE_START,T08_2004,2004,PAUSE_START,2006-08-08,-2,2006-08-03,0.995523366110601,-0.0044766338893990065
T08_2004_PAUSE_START,T08_2004,2004,PAUSE_START,2006-08-08,-1,2006-08-04,0.9941340107061206,-0.005865989293879381
T08_2004_PAUSE_START,T08_2004,2004,PAUSE_START,2006-08-08,0,2006-08-07,1.0,0.0
T08_2004_PAUSE_START,T08_2004,2004,PAUSE_START,2006-08-08,1,2006-08-08,0.996758296348396,-0.003241703651604033
T08_2004_PAUSE_START,T08_2004,2004,PAUSE_START,2006-08-08,2,2006-08-09,1.0041679719943035,0.004167971994303521
T08_2004_PAUSE_START,T08_2004,2004,PAUSE_START,2006-08-08,3,2006-08-10,0.9800865025903196,-0.019913497409680403
T08_2004_PAUSE_START,T08_2004,2004,PAUSE_START,2006-08-08,4,2006-08-11,0.9779253040098251,-0.022074695990174864
T08_2004_PAUSE_START,T08_2004,2004,PAUSE_START,2006-08-08,5,2006-08-14,0.9702068722496845,-0.029793127750315507
T08_2004_PAUSE_START,T08_2004,2004,PAUSE_START,2006-08-08,6,2006-08-15,0.9609447541375157,-0.03905524586248432
T08_2004_PAUSE_START,T08_2004,2004,PAUSE_START,2006-08-08,7,2006-08-16,0.9705156283639177,-0.029484371636082307
T08_2004_PAUSE_START,T08_2004,2004,PAUSE_START,2006-08-08,8,2006-08-17,0.949984618725771,-0.050015381274229
T08_2004_PAUSE_START,T08_2004,2004,PAUSE_START,2006-08-08,9,2006-08-18,0.944890378388768,-0.05510962161123201
T08_2004_PAUSE_START,T08_2004,2004,PAUSE_START,2006-08-08,10,2006-08-21,0.9658845693078333,-0.034115430692166715
T08_2004_PAUSE_START,T08_2004,2004,PAUSE_START,2006-08-08,11,2006-08-22,0.9641864577891197,-0.03581354221088029
T08_2004_PAUSE_START,T08_2004,2004,PAUSE_START,2006-08-08,12,2006-08-23,0.9627971966037769,-0.03720280339622306
T08_2004_PAUSE_START,T08_2004,2004,PAUSE_START,2006-08-08,13,2006-08-24,0.9563136950814313,-0.04368630491856873
T08_2004_PAUSE_START,T08_2004,2004,PAUSE_START,2006-08-08,14,2006-08-25,0.9601729109615016,-0.03982708903849841
T08_2004_PAUSE_START,T08_2004,2004,PAUSE_START,2006-08-08,15,2006-08-28,0.9498301935590855,-0.05016980644091451
T08_2004_PAUSE_START,T08_2004,2004,PAUSE_START,2006-08-08,16,2006-08-29,0.9427292740274111,-0.057270725972588865
T08_2004_PAUSE_START,T08_2004,2004,PAUSE_START,2006-08-08,17,2006-08-30,0.9535350784916081,-0.046464921508391877
T08_2004_PAUSE_START,T08_2004,2004,PAUSE_START,2006-08-08,18,2006-08-31,0.9661933254220664,-0.033806674577933626
T08_2004_PAUSE_START,T08_2004,2004,PAUSE_START,2006-08-08,19,2006-09-01,0.9638777958940242,-0.036122204105975775
T08_2004_PAUSE_START,T08_2004,2004,PAUSE_START,2006-08-08,20,2006-09-04,0.9638777958940242,-0.036122204105975775
T08_2004_PAUSE_START,T08_2004,2004,PAUSE_START,2006-08-08,21,2006-09-05,0.9856437357699659,-0.01435626423003411
T08_2004_PAUSE_START,T08_2004,2004,PAUSE_START,2006-08-08,22,2006-09-06,0.9779253040098251,-0.022074695990174864
T08_2004_PAUSE_START,T08_2004,2004,PAUSE_START,2006-08-08,23,2006-09-07,0.952454479201361,-0.04754552079863905
T08_2004_PAUSE_START,T08_2004,2004,PAUSE_START,2006-08-08,24,2006-09-08,0.9410311625086976,-0.05896883749130244
T08_2004_PAUSE_START,T08_2004,2004,PAUSE_START,2006-08-08,25,2006-09-11,0.9107749476966012,-0.08922505230339883
T08_2004_PAUSE_START,T08_2004,2004,PAUSE_START,2006-08-08,26,2006-09-12,0.9059895576929691,-0.09401044230703093
T08_2004_PAUSE_START,T08_2004,2004,PAUSE_START,2006-08-08,27,2006-09-13,0.9093855922921208,-0.09061440770787921
T08_2004_PAUSE_START,T08_2004,2004,PAUSE_START,2006-08-08,28,2006-09-14,0.8942574848860726,-0.1057425151139274
T08_2004_PAUSE_START,T08_2004,2004,PAUSE_START,2006-08-08,29,2006-09-15,0.8897808509966736,-0.11021914900332641
T08_2004_PAUSE_START,T08_2004,2004,PAUSE_START,2006-08-08,30,2006-09-18,0.9049089584027218,-0.09509104159727821
T08_2004_PAUSE_START,T08_2004,2004,PAUSE_START,2006-08-08,31,2006-09-19,0.8903982690060023,-0.10960173099399773
T08_2004_PAUSE_START,T08_2004,2004,PAUSE_START,2006-08-08,32,2006-09-20,0.8953380841763198,-0.10466191582368023
T08_2004_PAUSE_START,T08_2004,2004,PAUSE_START,2006-08-08,33,2006-09-21,0.8987342129946092,-0.1012657870053908
T08_2004_PAUSE_START,T08_2004,2004,PAUSE_START,2006-08-08,34,2006-09-22,0.9098487735730394,-0.0901512264269606
T08_2004_PAUSE_START,T08_2004,2004,PAUSE_START,2006-08-08,35,2006-09-25,0.9106206167490535,-0.08937938325094652
T08_2004_PAUSE_START,T08_2004,2004,PAUSE_START,2006-08-08,36,2006-09-26,0.9126273901628625,-0.08737260983713746
T08_2004_PAUSE_START,T08_2004,2004,PAUSE_START,2006-08-08,37,2006-09-27,0.922043839222579,-0.07795616077742096
T08_2004_PAUSE_START,T08_2004,2004,PAUSE_START,2006-08-08,38,2006-09-28,0.9339302429770232,-0.0660697570229768
T08_2004_PAUSE_START,T08_2004,2004,PAUSE_START,2006-08-08,39,2006-09-29,0.9240506126363881,-0.0759493873636119
T08_2004_PAUSE_START,T08_2004,2004,PAUSE_START,2006-08-08,40,2006-10-02,0.9226613514510453,-0.07733864854895467
T08_2004_PAUSE_START,T08_2004,2004,PAUSE_START,2006-08-08,41,2006-10-03,0.8896264258299882,-0.11037357417001181
T08_2004_PAUSE_START,T08_2004,2004,PAUSE_START,2006-08-08,42,2006-10-04,0.8675517298398133,-0.13244827016018668
T08_2004_PAUSE_START,T08_2004,2004,PAUSE_START,2006-08-08,43,2006-10-05,0.8814449070080665,-0.11855509299193345
T08_2004_PAUSE_START,T08_2004,2004,PAUSE_START,2006-08-08,44,2006-10-06,0.883606105588561,-0.11639389441143899
T08_2004_PAUSE_START,T08_2004,2004,PAUSE_START,2006-08-08,45,2006-10-09,0.8928682237007298,-0.10713177629927018
T08_2004_PAUSE_START,T08_2004,2004,PAUSE_START,2006-08-08,46,2006-10-10,0.8828342624125469,-0.11716573758745308
T08_2004_PAUSE_START,T08_2004,2004,PAUSE_START,2006-08-08,47,2006-10-11,0.8834516804218756,-0.11654831957812439
T08_2004_PAUSE_START,T08_2004,2004,PAUSE_START,2006-08-08,48,2006-10-12,0.8896264258299882,-0.11037357417001181
T08_2004_PAUSE_START,T08_2004,2004,PAUSE_START,2006-08-08,49,2006-10-13,0.9089225052303399,-0.0910774947696601
T08_2004_PAUSE_START,T08_2004,2004,PAUSE_START,2006-08-08,50,2006-10-16,0.9180302923949609,-0.08196970760503908
T08_2004_PAUSE_START,T08_2004,2004,PAUSE_START,2006-08-08,51,2006-10-17,0.9103118606348203,-0.08968813936517972
T08_2004_PAUSE_START,T08_2004,2004,PAUSE_START,2006-08-08,52,2006-10-18,0.9090769303970253,-0.0909230696029747
T08_2004_PAUSE_START,T08_2004,2004,PAUSE_START,2006-08-08,53,2006-10-19,0.9246681248648544,-0.07533187513514561
T08_2004_PAUSE_START,T08_2004,2004,PAUSE_START,2006-08-08,54,2006-10-20,0.9154060067526856,-0.08459399324731443
T08_2004_PAUSE_START,T08_2004,2004,PAUSE_START,2006-08-08,55,2006-10-23,0.8948749971145389,-0.10512500288546112
T08_2004_PAUSE_START,T08_2004,2004,PAUSE_START,2006-08-08,56,2006-10-24,0.9021303418128986,-0.09786965818710136
T08_2004_PAUSE_START,T08_2004,2004,PAUSE_START,2006-08-08,57,2006-10-25,0.9070700627640785,-0.09292993723592147
T08_2004_PAUSE_START,T08_2004,2004,PAUSE_START,2006-08-08,58,2006-10-26,0.921271996046565,-0.07872800395343504
T08_2004_PAUSE_START,T08_2004,2004,PAUSE_START,2006-08-08,59,2006-10-27,0.9234331946270594,-0.07656680537294058
T08_2004_PAUSE_START,T08_2004,2004,PAUSE_START,2006-08-08,60,2006-10-30,0.9334671559152423,-0.06653284408475768
T08_2004_PAUSE_START,T08_2004,2004,PAUSE_START,2006-08-08,61,2006-10-31,0.9325408875725428,-0.06745911242745717
T08_2004_PAUSE_START,T08_2004,2004,PAUSE_START,2006-08-08,62,2006-11-01,0.9518369669728945,-0.04816303302710545
T08_2004_PAUSE_START,T08_2004,2004,PAUSE_START,2006-08-08,63,2006-11-02,0.9654214822460523,-0.03457851775394771
T08_2004_PAUSE_START,T08_2004,2004,PAUSE_START,2006-08-08,64,2006-11-03,0.9677370117740945,-0.03226298822590545
T08_2004_PAUSE_START,T08_2004,2004,PAUSE_START,2006-08-08,65,2006-11-06,0.966038900255381,-0.03396109974461903
T08_2004_PAUSE_START,T08_2004,2004,PAUSE_START,2006-08-08,66,2006-11-07,0.9658845693078333,-0.034115430692166715
T08_2004_PAUSE_START,T08_2004,2004,PAUSE_START,2006-08-08,67,2006-11-08,0.9515283050777991,-0.048471694922200936
T08_2004_PAUSE_START,T08_2004,2004,PAUSE_START,2006-08-08,68,2006-11-09,0.9802408335378674,-0.019759166462132605
T08_2004_PAUSE_START,T08_2004,2004,PAUSE_START,2006-08-08,69,2006-11-10,0.9700525413021367,-0.029947458697863305
T08_2004_PAUSE_START,T08_2004,2004,PAUSE_START,2006-08-08,70,2006-11-13,0.963569039779791,-0.036430960220208974
T08_2004_PAUSE_START,T08_2004,2004,PAUSE_START,2006-08-08,71,2006-11-14,0.9629515275513247,-0.03704847244867526
T08_2004_PAUSE_START,T08_2004,2004,PAUSE_START,2006-08-08,72,2006-11-15,0.9609447541375157,-0.03905524586248432
T08_2004_PAUSE_START,T08_2004,2004,PAUSE_START,2006-08-08,73,2006-11-16,0.9580117123810071,-0.04198828761899287
T08_2004_PAUSE_START,T08_2004,2004,PAUSE_START,2006-08-08,74,2006-11-17,0.9594010677854875,-0.040598932214512495
T08_2004_PAUSE_START,T08_2004,2004,PAUSE_START,2006-08-08,75,2006-11-20,0.9589379807237066,-0.04106201927629338
T08_2004_PAUSE_START,T08_2004,2004,PAUSE_START,2006-08-08,76,2006-11-21,0.9697437851879036,-0.030256214812096394
T08_2004_PAUSE_START,T08_2004,2004,PAUSE_START,2006-08-08,77,2006-11-22,0.9705156283639177,-0.029484371636082307
T08_2004_PAUSE_START,T08_2004,2004,PAUSE_START,2006-08-08,78,2006-11-24,0.9705156283639177,-0.029484371636082307
T08_2004_PAUSE_START,T08_2004,2004,PAUSE_START,2006-08-08,79,2006-11-28,0.9836369623561568,-0.01636303764384317
T08_2004_PAUSE_START,T08_2004,2004,PAUSE_START,2006-08-08,80,2006-11-29,0.9810126767138815,-0.018987323286118518
T08_2004_PAUSE_START,T08_2004,2004,PAUSE_START,2006-08-08,81,2006-11-30,0.9986107388146573,-0.0013892611853426606
T08_2004_PAUSE_START,T08_2004,2004,PAUSE_START,2006-08-08,82,2006-12-01,0.9952146099963679,-0.004785390003632095
T08_2004_PAUSE_START,T08_2004,2004,PAUSE_START,2006-08-08,83,2006-12-04,0.9959864531723819,-0.00401354682761812
T08_2004_PAUSE_START,T08_2004,2004,PAUSE_START,2006-08-08,84,2006-12-05,0.9915097250638453,-0.00849027493615473
T08_2004_PAUSE_START,T08_2004,2004,PAUSE_START,2006-08-08,85,2006-12-06,0.9732942449537407,-0.026705755046259272
T08_2004_PAUSE_START,T08_2004,2004,PAUSE_START,2006-08-08,86,2006-12-07,0.9754554435342352,-0.02454455646576481
T08_2004_PAUSE_START,T08_2004,2004,PAUSE_START,2006-08-08,87,2006-12-08,0.9665019873171619,-0.03349801268283814
T08_2004_PAUSE_START,T08_2004,2004,PAUSE_START,2006-08-08,88,2006-12-11,0.9725224017777266,-0.02747759822227336
T08_2004_PAUSE_START,T08_2004,2004,PAUSE_START,2006-08-08,89,2006-12-12,0.9678913427216422,-0.032108657278357766
T08_2004_PAUSE_START,T08_2004,2004,PAUSE_START,2006-08-08,90,2006-12-13,0.9692806981261227,-0.03071930187387728
T08_2004_PAUSE_START,T08_2004,2004,PAUSE_START,2006-08-08,91,2006-12-14,0.967273830493176,-0.032726169506824054
T08_2004_PAUSE_START,T08_2004,2004,PAUSE_START,2006-08-08,92,2006-12-15,0.9493671064973046,-0.0506328935026954
T08_2004_PAUSE_START,T08_2004,2004,PAUSE_START,2006-08-08,93,2006-12-18,0.9478234201452765,-0.05217657985472346
T08_2004_PAUSE_START,T08_2004,2004,PAUSE_START,2006-08-08,94,2006-12-19,0.9595553987330353,-0.0404446012669647
T08_2004_PAUSE_START,T08_2004,2004,PAUSE_START,2006-08-08,95,2006-12-20,0.9580117123810071,-0.04198828761899287
T08_2004_PAUSE_START,T08_2004,2004,PAUSE_START,2006-08-08,96,2006-12-21,0.9543069216676222,-0.04569307833237779
T08_2004_PAUSE_START,T08_2004,2004,PAUSE_START,2006-08-08,97,2006-12-22,0.9556961828529649,-0.04430381714703513
T08_2004_PAUSE_START,T08_2004,2004,PAUSE_START,2006-08-08,98,2006-12-26,0.9627971966037769,-0.03720280339622306
T08_2004_PAUSE_START,T08_2004,2004,PAUSE_START,2006-08-08,99,2006-12-27,0.9682000988358754,-0.03179990116412457
T08_2004_PAUSE_START,T08_2004,2004,PAUSE_START,2006-08-08,100,2006-12-28,0.978851478133387,-0.02114852186661298
T08_2004_PAUSE_START,T08_2004,2004,PAUSE_START,2006-08-08,101,2006-12-29,0.9805495896521006,-0.019450410347899405
T08_2004_PAUSE_START,T08_2004,2004,PAUSE_START,2006-08-08,102,2007-01-02,0.9805495896521006,-0.019450410347899405
T08_2004_PAUSE_START,T08_2004,2004,PAUSE_START,2006-08-08,103,2007-01-03,0.96804567366919,-0.03195432633080997
T08_2004_PAUSE_START,T08_2004,2004,PAUSE_START,2006-08-08,104,2007-01-04,0.9631059527180101,-0.03689404728198986
T08_2004_PAUSE_START,T08_2004,2004,PAUSE_START,2006-08-08,105,2007-01-05,0.9337759120294755,-0.06622408797052448
T08_2004_PAUSE_START,T08_2004,2004,PAUSE_START,2006-08-08,106,2007-01-08,0.9377894588570936,-0.06221054114290636
T08_2004_PAUSE_START,T08_2004,2004,PAUSE_START,2006-08-08,107,2007-01-09,0.946434064740796,-0.053565935259203945
T08_2004_PAUSE_START,T08_2004,2004,PAUSE_START,2006-08-08,108,2007-01-10,0.9441185352127539,-0.05588146478724609
T08_2004_PAUSE_START,T08_2004,2004,PAUSE_START,2006-08-08,109,2007-01-11,0.9453535596696866,-0.054646440330313406
T08_2004_PAUSE_START,T08_2004,2004,PAUSE_START,2006-08-08,110,2007-01-12,0.9655758131936001,-0.034424186806399915
T08_2004_PAUSE_START,T08_2004,2004,PAUSE_START,2006-08-08,111,2007-01-16,0.9641864577891197,-0.03581354221088029
T08_2004_PAUSE_START,T08_2004,2004,PAUSE_START,2006-08-08,112,2007-01-17,0.9757641054293307,-0.024235894570669325
T08_2004_PAUSE_START,T08_2004,2004,PAUSE_START,2006-08-08,113,2007-01-18,0.96804567366919,-0.03195432633080997
T08_2004_PAUSE_START,T08_2004,2004,PAUSE_START,2006-08-08,114,2007-01-19,0.9810126767138815,-0.018987323286118518
T08_2004_PAUSE_START,T08_2004,2004,PAUSE_START,2006-08-08,115,2007-01-22,0.977616547895592,-0.022383452104407953
T08_2004_PAUSE_START,T08_2004,2004,PAUSE_START,2006-08-08,116,2007-01-23,0.9959864531723819,-0.00401354682761812
T08_2004_PAUSE_START,T08_2004,2004,PAUSE_START,2006-08-08,117,2007-01-24,0.9996912438857668,-0.0003087561142331996
T08_2004_PAUSE_START,T08_2004,2004,PAUSE_START,2006-08-08,118,2007-01-25,1.0,0.0
T08_2004_PAUSE_START,T08_2004,2004,PAUSE_START,2006-08-08,119,2007-01-26,0.9949058538821347,-0.005094146117865295
T08_2004_PAUSE_START,T08_2004,2004,PAUSE_START,2006-08-08,120,2007-01-29,0.9927446553016402,-0.007255344698359756
T08_2004_PAUSE_START,T08_2004,2004,PAUSE_START,2006-08-08,121,2007-01-30,0.9944427668203538,-0.005557233179646182
T08_2004_PAUSE_START,T08_2004,2004,PAUSE_START,2006-08-08,122,2007-01-31,1.0064835015223457,0.006483501522345669
T08_2004_PAUSE_START,T08_2004,2004,PAUSE_START,2006-08-08,123,2007-02-01,1.0148194455109527,0.014819445510952711
T08_2004_PAUSE_START,T08_2004,2004,PAUSE_START,2006-08-08,124,2007-02-02,0.99753013952441,-0.0024698604755899467
T08_2004_PAUSE_START,T08_2004,2004,PAUSE_START,2006-08-08,125,2007-02-05,1.00478548422277,0.00478548422276992
T08_2004_PAUSE_START,T08_2004,2004,PAUSE_START,2006-08-08,126,2007-02-06,1.0089533619979356,0.008953361997935616
T08_2004_PAUSE_START,T08_2004,2004,PAUSE_START,2006-08-08,127,2007-02-07,1.0069465885841267,0.006946588584126667
T08_2004_PAUSE_START,T08_2004,2004,PAUSE_START,2006-08-08,128,2007-02-08,1.0157456196345145,0.015745619634514485
T08_2004_PAUSE_START,T08_2004,2004,PAUSE_START,2006-08-08,129,2007-02-09,1.0304106399787818,0.030410639978781795
T08_2004_PAUSE_START,T08_2004,2004,PAUSE_START,2006-08-08,130,2007-02-12,1.022846539166189,0.02284653916618895
T08_2004_PAUSE_START,T08_2004,2004,PAUSE_START,2006-08-08,131,2007-02-13,1.0248534067991357,0.024853406799135724
T08_2004_PAUSE_START,T08_2004,2004,PAUSE_START,2006-08-08,132,2007-02-14,1.0302563090312342,0.03025630903123422
T08_2004_PAUSE_START,T08_2004,2004,PAUSE_START,2006-08-08,133,2007-02-15,1.0301018838645486,0.030101883864548595
T08_2004_PAUSE_START,T08_2004,2004,PAUSE_START,2006-08-08,134,2007-02-16,1.032417413392591,0.032417413392590966
T08_2004_PAUSE_START,T08_2004,2004,PAUSE_START,2006-08-08,135,2007-02-20,1.014356264230034,0.01435626423003411
T08_2004_PAUSE_START,T08_2004,2004,PAUSE_START,2006-08-08,136,2007-02-21,1.0500154754933668,0.05001547549336682
T08_2004_PAUSE_START,T08_2004,2004,PAUSE_START,2006-08-08,137,2007-02-22,1.0487805452555718,0.04878054525557185
T08_2004_PAUSE_START,T08_2004,2004,PAUSE_START,2006-08-08,138,2007-02-23,1.0544921093827657,0.05449210938276572
T08_2004_PAUSE_START,T08_2004,2004,PAUSE_START,2006-08-08,139,2007-02-26,1.0597406806673164,0.059740680667316415
T08_2004_PAUSE_START,T08_2004,2004,PAUSE_START,2006-08-08,140,2007-02-27,1.0557271338396983,0.055727133839698295
T08_2004_PAUSE_START,T08_2004,2004,PAUSE_START,2006-08-08,141,2007-02-28,1.0333436817352903,0.03334368173529034
T08_2004_PAUSE_START,T08_2004,2004,PAUSE_START,2006-08-08,142,2007-03-01,1.022383452104408,0.022383452104407953
T08_2004_PAUSE_START,T08_2004,2004,PAUSE_START,2006-08-08,143,2007-03-02,0.9902747948260503,-0.009725205173949703
T08_2004_PAUSE_START,T08_2004,2004,PAUSE_START,2006-08-08,144,2007-03-05,0.9828651191801427,-0.017134880819857257
T08_2004_PAUSE_START,T08_2004,2004,PAUSE_START,2006-08-08,145,2007-03-06,0.9938252545918874,-0.006174745408112581
T08_2004_PAUSE_START,T08_2004,2004,PAUSE_START,2006-08-08,146,2007-03-07,1.0043223029418513,0.004322302941851319
T08_2004_PAUSE_START,T08_2004,2004,PAUSE_START,2006-08-08,147,2007-03-08,1.0086447001028402,0.008644700102840241
T08_2004_PAUSE_START,T08_2004,2004,PAUSE_START,2006-08-08,148,2007-03-09,1.0033961288182895,0.0033961288182895455
T08_2004_PAUSE_START,T08_2004,2004,PAUSE_START,2006-08-08,149,2007-03-12,1.0009262683426996,0.0009262683426995988
T08_2004_PAUSE_START,T08_2004,2004,PAUSE_START,2006-08-08,150,2007-03-13,0.9996912438857668,-0.0003087561142331996
T08_2004_PAUSE_START,T08_2004,2004,PAUSE_START,2006-08-08,151,2007-03-14,0.9893486207024885,-0.010651379297511476
T08_2004_PAUSE_START,T08_2004,2004,PAUSE_START,2006-08-08,152,2007-03-15,0.996758296348396,-0.003241703651604033
T08_2004_PAUSE_START,T08_2004,2004,PAUSE_START,2006-08-08,153,2007-03-16,1.0074096756459074,0.007409675645907443
T08_2004_PAUSE_START,T08_2004,2004,PAUSE_START,2006-08-08,154,2007-03-19,1.0081815188219216,0.00818151882192164
T08_2004_PAUSE_START,T08_2004,2004,PAUSE_START,2006-08-08,155,2007-03-20,1.015591288686967,0.015591288686966909
T08_2004_PAUSE_START,T08_2004,2004,PAUSE_START,2006-08-08,156,2007-03-21,1.0172893059865427,0.017289305986542658
T08_2004_PAUSE_START,T08_2004,2004,PAUSE_START,2006-08-08,157,2007-03-22,1.0240815636231215,0.024081563623121527
T08_2004_PAUSE_START,T08_2004,2004,PAUSE_START,2006-08-08,158,2007-03-23,1.0137388462207055,0.013738846220705536
T08_2004_PAUSE_START,T08_2004,2004,PAUSE_START,2006-08-08,159,2007-03-26,1.0240815636231215,0.024081563623121527
T08_2004_PAUSE_START,T08_2004,2004,PAUSE_START,2006-08-08,160,2007-03-27,1.0220746959901748,0.022074695990174753
T08_2004_PAUSE_START,T08_2004,2004,PAUSE_START,2006-08-08,161,2007-03-28,1.0288669536267536,0.028866953626753622
T08_2004_PAUSE_START,T08_2004,2004,PAUSE_START,2006-08-08,162,2007-03-29,1.021148521866613,0.02114852186661298
T08_2004_PAUSE_START,T08_2004,2004,PAUSE_START,2006-08-08,163,2007-03-30,1.0234640513946551,0.023464051394655128
T08_2004_PAUSE_START,T08_2004,2004,PAUSE_START,2006-08-08,164,2007-04-02,1.0276320233889586,0.02763202338895865
T08_2004_PAUSE_START,T08_2004,2004,PAUSE_START,2006-08-08,165,2007-04-03,1.0250077377466833,0.0250077377466833
T08_2004_PAUSE_START,T08_2004,2004,PAUSE_START,2006-08-08,166,2007-04-04,1.0375115595104563,0.03751155951045626
T08_2004_PAUSE_START,T08_2004,2004,PAUSE_START,2006-08-08,167,2007-04-05,1.040753357381198,0.04075335738119801
T08_2004_PAUSE_START,T08_2004,2004,PAUSE_START,2006-08-08,168,2007-04-09,1.0372028976153607,0.037202897615360664
T08_2004_PAUSE_START,T08_2004,2004,PAUSE_START,2006-08-08,169,2007-04-10,1.0443038171470351,0.04430381714703513
T08_2004_PAUSE_START,T08_2004,2004,PAUSE_START,2006-08-08,170,2007-04-11,1.044766904208816,0.044766904208815905
T08_2004_PAUSE_START,T08_2004,2004,PAUSE_START,2006-08-08,171,2007-04-12,1.0421426185665406,0.04214261856654056
T08_2004_PAUSE_START,T08_2004,2004,PAUSE_START,2006-08-08,172,2007-04-13,1.0580426633677407,0.058042663367740666
T08_2004_PAUSE_START,T08_2004,2004,PAUSE_START,2006-08-08,173,2007-04-16,1.0652979138469627,0.06529791384696271
T08_2004_PAUSE_START,T08_2004,2004,PAUSE_START,2006-08-08,174,2007-04-17,1.0623649663095918,0.06236496630959176
T08_2004_PAUSE_START,T08_2004,2004,PAUSE_START,2006-08-08,175,2007-04-18,1.0637542274949345,0.06375422749493453
T08_2004_PAUSE_START,T08_2004,2004,PAUSE_START,2006-08-08,176,2007-04-19,1.056344551849027,0.05634455184902709
T08_2004_PAUSE_START,T08_2004,2004,PAUSE_START,2006-08-08,177,2007-04-20,1.0682309556034713,0.06823095560347125
T08_2004_PAUSE_START,T08_2004,2004,PAUSE_START,2006-08-08,178,2007-04-23,1.0660697570229767,0.06606975702297668
T08_2004_PAUSE_START,T08_2004,2004,PAUSE_START,2006-08-08,179,2007-04-24,1.0561902209014793,0.05619022090147929
T08_2004_PAUSE_START,T08_2004,2004,PAUSE_START,2006-08-08,180,2007-04-25,1.056035795734794,0.05603579573479389
T08_2004_PAUSE_START,T08_2004,2004,PAUSE_START,2006-08-08,181,2007-04-26,1.0418339566714452,0.04183395667144518
T08_2004_PAUSE_START,T08_2004,2004,PAUSE_START,2006-08-08,182,2007-04-27,1.0476999459653245,0.04769994596532445
T08_2004_PAUSE_START,T08_2004,2004,PAUSE_START,2006-08-08,183,2007-04-30,1.0504785625551476,0.0504785625551476
T08_2004_PAUSE_START,T08_2004,2004,PAUSE_START,2006-08-08,184,2007-05-01,1.041062113495431,0.041062113495430985
T08_2004_PAUSE_START,T08_2004,2004,PAUSE_START,2006-08-08,185,2007-05-02,1.0378203156246895,0.03782031562468946
T08_2004_PAUSE_START,T08_2004,2004,PAUSE_START,2006-08-08,186,2007-05-03,1.0524853359689568,0.05248533596895677
T08_2004_PAUSE_START,T08_2004,2004,PAUSE_START,2006-08-08,187,2007-05-04,1.0608212799575636,0.06082127995756359
T08_2004_PAUSE_START,T08_2004,2004,PAUSE_START,2006-08-08,188,2007-05-07,1.0620562101953586,0.06205621019535856
T08_2004_PAUSE_START,T08_2004,2004,PAUSE_START,2006-08-08,189,2007-05-08,1.057579482086822,0.057579482086822065
T08_2004_PAUSE_START,T08_2004,2004,PAUSE_START,2006-08-08,190,2007-05-09,1.0501698064409144,0.0501698064409144
T08_2004_PAUSE_START,T08_2004,2004,PAUSE_START,2006-08-08,191,2007-05-10,1.0267057550462593,0.026705755046259272
T08_2004_PAUSE_START,T08_2004,2004,PAUSE_START,2006-08-08,192,2007-05-11,1.035196029982414,0.03519602998241389
T08_2004_PAUSE_START,T08_2004,2004,PAUSE_START,2006-08-08,193,2007-05-14,1.03195432633081,0.03195432633080997
T08_2004_PAUSE_START,T08_2004,2004,PAUSE_START,2006-08-08,194,2007-05-15,1.0389009149149366,0.038900914914936635
T08_2004_PAUSE_START,T08_2004,2004,PAUSE_START,2006-08-08,195,2007-05-16,1.019141748452804,0.01914174845280403
T08_2004_PAUSE_START,T08_2004,2004,PAUSE_START,2006-08-08,196,2007-05-17,1.0129670030446913,0.012967003044691339
T08_2004_PAUSE_START,T08_2004,2004,PAUSE_START,2006-08-08,197,2007-05-18,1.020376678690599,0.020376678690599004
T08_2004_PAUSE_START,T08_2004,2004,PAUSE_START,2006-08-08,198,2007-05-21,1.0233097204471076,0.02330972044710755
T08_2004_PAUSE_START,T08_2004,2004,PAUSE_START,2006-08-08,199,2007-05-22,1.0174436369340905,0.017443636934090456
T08_2004_PAUSE_START,T08_2004,2004,PAUSE_START,2006-08-08,200,2007-05-23,1.0217660340950794,0.02176603409507938
T08_2004_PAUSE_START,T08_2004,2004,PAUSE_START,2006-08-08,201,2007-05-24,1.0080271878743738,0.008027187874373842
T08_2004_PAUSE_START,T08_2004,2004,PAUSE_START,2006-08-08,202,2007-05-25,1.0112688915259778,0.011268891525977764
T08_2004_PAUSE_START,T08_2004,2004,PAUSE_START,2006-08-08,203,2007-05-29,1.014356264230034,0.01435626423003411
T08_2004_PAUSE_START,T08_2004,2004,PAUSE_START,2006-08-08,204,2007-05-30,1.0081815188219216,0.00818151882192164
T08_2004_PAUSE_START,T08_2004,2004,PAUSE_START,2006-08-08,205,2007-05-31,1.020376678690599,0.020376678690599004
T08_2004_PAUSE_START,T08_2004,2004,PAUSE_START,2006-08-08,206,2007-06-01,1.0361222983251135,0.03612229832511349
T08_2004_PAUSE_START,T08_2004,2004,PAUSE_START,2006-08-08,207,2007-06-04,1.0353504551490995,0.03535045514909951
T08_2004_PAUSE_START,T08_2004,2004,PAUSE_START,2006-08-08,208,2007-06-05,1.033652343630386,0.03365234363038594
T08_2004_PAUSE_START,T08_2004,2004,PAUSE_START,2006-08-08,209,2007-06-06,1.033189256568605,0.03318925656860494
T08_2004_PAUSE_START,T08_2004,2004,PAUSE_START,2006-08-08,210,2007-06-07,1.0189873232861186,0.01898732328611863
T08_2004_PAUSE_START,T08_2004,2004,PAUSE_START,2006-08-08,211,2007-06-08,0.9964495402341629,-0.0035504597658371218
T08_2004_PAUSE_START,T08_2004,2004,PAUSE_START,2006-08-08,212,2007-06-11,1.0100339612881828,0.010033961288182791
T08_2004_PAUSE_START,T08_2004,2004,PAUSE_START,2006-08-08,213,2007-06-12,1.0010805992902472,0.001080599290247175
T08_2004_PAUSE_START,T08_2004,2004,PAUSE_START,2006-08-08,214,2007-06-13,1.0006175122284664,0.0006175122284663992
T08_2004_PAUSE_START,T08_2004,2004,PAUSE_START,2006-08-08,215,2007-06-14,1.0058659892938795,0.005865989293879492
T08_2004_PAUSE_START,T08_2004,2004,PAUSE_START,2006-08-08,216,2007-06-15,1.010342717402416,0.01034271740241599
T08_2004_PAUSE_START,T08_2004,2004,PAUSE_START,2006-08-08,217,2007-06-18,1.0123494908162252,0.012349490816225162
T08_2004_PAUSE_START,T08_2004,2004,PAUSE_START,2006-08-08,218,2007-06-19,1.019913591628818,0.019913591628818006
T08_2004_PAUSE_START,T08_2004,2004,PAUSE_START,2006-08-08,219,2007-06-20,1.012812577878006,0.012812577878005937
T08_2004_PAUSE_START,T08_2004,2004,PAUSE_START,2006-08-08,220,2007-06-21,1.0043223029418513,0.004322302941851319
T08_2004_PAUSE_START,T08_2004,2004,PAUSE_START,2006-08-08,221,2007-06-22,1.0087990310503878,0.008799031050387818
T08_2004_PAUSE_START,T08_2004,2004,PAUSE_START,2006-08-08,222,2007-06-25,1.0054029022320985,0.005402902232098494
T08_2004_PAUSE_START,T08_2004,2004,PAUSE_START,2006-08-08,223,2007-06-26,0.9912009689496121,-0.008799031050387929
T08_2004_PAUSE_START,T08_2004,2004,PAUSE_START,2006-08-08,224,2007-06-27,0.9905835509402834,-0.009416449059716614
T08_2004_PAUSE_START,T08_2004,2004,PAUSE_START,2006-08-08,225,2007-06-28,0.9995369129382191,-0.0004630870617808869
T08_2004_PAUSE_START,T08_2004,2004,PAUSE_START,2006-08-08,226,2007-06-29,1.000463087061781,0.0004630870617809979
T08_2004_PAUSE_START,T08_2004,2004,PAUSE_START,2006-08-08,227,2007-07-02,1.0134300901064723,0.013430090106472337
T08_2004_PAUSE_START,T08_2004,2004,PAUSE_START,2006-08-08,228,2007-07-03,1.007872856926826,0.007872856926826044
T08_2004_PAUSE_START,T08_2004,2004,PAUSE_START,2006-08-08,229,2007-07-05,1.0009262683426996,0.0009262683426995988
T08_2004_PAUSE_START,T08_2004,2004,PAUSE_START,2006-08-08,230,2007-07-06,1.0075641008125928,0.007564100812592844
T08_2004_PAUSE_START,T08_2004,2004,PAUSE_START,2006-08-08,231,2007-07-09,1.0196048355145848,0.019604835514584806
T08_2004_PAUSE_START,T08_2004,2004,PAUSE_START,2006-08-08,232,2007-07-10,1.0226922082186412,0.022692208218641152
T08_2004_PAUSE_START,T08_2004,2004,PAUSE_START,2006-08-08,233,2007-07-11,1.0192960794003518,0.01929607940035183
T08_2004_PAUSE_START,T08_2004,2004,PAUSE_START,2006-08-08,234,2007-07-12,1.0291757097409868,0.02917570974098682
T08_2004_PAUSE_START,T08_2004,2004,PAUSE_START,2006-08-08,235,2007-07-13,1.0277863543365064,0.027786354336506447
T08_2004_PAUSE_START,T08_2004,2004,PAUSE_START,2006-08-08,236,2007-07-16,1.0265514240987115,0.026551424098711474
T08_2004_PAUSE_START,T08_2004,2004,PAUSE_START,2006-08-08,237,2007-07-17,1.0260883370369307,0.026088337036930698
T08_2004_PAUSE_START,T08_2004,2004,PAUSE_START,2006-08-08,238,2007-07-18,1.0382834026864702,0.038283402686470236
T08_2004_PAUSE_START,T08_2004,2004,PAUSE_START,2006-08-08,239,2007-07-19,1.0453844164372823,0.045384416437282304
T08_2004_PAUSE_START,T08_2004,2004,PAUSE_START,2006-08-08,240,2007-07-20,1.0557271338396983,0.055727133839698295
T08_2004_PAUSE_START,T08_2004,2004,PAUSE_START,2006-08-08,241,2007-07-23,1.0509416496169286,0.0509416496169286
T08_2004_PAUSE_START,T08_2004,2004,PAUSE_START,2006-08-08,242,2007-07-24,1.0561902209014793,0.05619022090147929
T08_2004_PAUSE_START,T08_2004,2004,PAUSE_START,2006-08-08,243,2007-07-25,1.0393640019767174,0.03936400197671741
T08_2004_PAUSE_START,T08_2004,2004,PAUSE_START,2006-08-08,244,2007-07-26,1.0226922082186412,0.022692208218641152
T08_2004_PAUSE_START,T08_2004,2004,PAUSE_START,2006-08-08,245,2007-07-27,1.0188329923385708,0.01883299233857083
T08_2004_PAUSE_START,T08_2004,2004,PAUSE_START,2006-08-08,246,2007-07-30,1.025162068694231,0.0251620686942311
T08_2004_PAUSE_START,T08_2004,2004,PAUSE_START,2006-08-08,247,2007-07-31,1.02948446585522,0.02948446585522002
T08_2004_PAUSE_START,T08_2004,2004,PAUSE_START,2006-08-08,248,2007-08-01,1.0243902255182171,0.024390225518217123
T08_2004_PAUSE_START,T08_2004,2004,PAUSE_START,2006-08-08,249,2007-08-02,1.025933911870245,0.025933911870245074
T08_2004_PAUSE_START,T08_2004,2004,PAUSE_START,2006-08-08,250,2007-08-03,1.0381290717389224,0.03812907173892244
T08_2004_PAUSE_START,T08_2004,2004,PAUSE_START,2006-08-08,251,2007-08-06,1.0365853853868945,0.03658538538689449
T08_2004_PAUSE_START,T08_2004,2004,PAUSE_START,2006-08-08,252,2007-08-07,1.035196029982414,0.03519602998241389
T08_2004_FIRST_CUT,T08_2004,2004,FIRST_CUT,2007-09-18,-60,2007-06-21,0.9089130856119977,-0.09108691438800232
T08_2004_FIRST_CUT,T08_2004,2004,FIRST_CUT,2007-09-18,-59,2007-06-22,0.9129645307971312,-0.08703546920286875
T08_2004_FIRST_CUT,T08_2004,2004,FIRST_CUT,2007-09-18,-58,2007-06-25,0.9098910294775594,-0.0901089705224406
T08_2004_FIRST_CUT,T08_2004,2004,FIRST_CUT,2007-09-18,-57,2007-06-26,0.8970382600392729,-0.1029617399607271
T08_2004_FIRST_CUT,T08_2004,2004,FIRST_CUT,2007-09-18,-56,2007-06-27,0.8964794958792742,-0.10352050412072578
T08_2004_FIRST_CUT,T08_2004,2004,FIRST_CUT,2007-09-18,-55,2007-06-28,0.9045823009810903,-0.09541769901890973
T08_2004_FIRST_CUT,T08_2004,2004,FIRST_CUT,2007-09-18,-54,2007-06-29,0.905420489855314,-0.09457951014468602
T08_2004_FIRST_CUT,T08_2004,2004,FIRST_CUT,2007-09-18,-53,2007-07-02,0.9171556457051517,-0.08284435429484827
T08_2004_FIRST_CUT,T08_2004,2004,FIRST_CUT,2007-09-18,-52,2007-07-03,0.9121263419229076,-0.08787365807709235
T08_2004_FIRST_CUT,T08_2004,2004,FIRST_CUT,2007-09-18,-51,2007-07-05,0.9058396695608768,-0.0941603304391232
T08_2004_FIRST_CUT,T08_2004,2004,FIRST_CUT,2007-09-18,-50,2007-07-06,0.9118469172086827,-0.08815308279131728
T08_2004_FIRST_CUT,T08_2004,2004,FIRST_CUT,2007-09-18,-49,2007-07-09,0.9227437989158458,-0.07725620108415421
T08_2004_FIRST_CUT,T08_2004,2004,FIRST_CUT,2007-09-18,-48,2007-07-10,0.9255378755211927,-0.07446212447880729
T08_2004_FIRST_CUT,T08_2004,2004,FIRST_CUT,2007-09-18,-47,2007-07-11,0.9224643742016209,-0.07753562579837914
T08_2004_FIRST_CUT,T08_2004,2004,FIRST_CUT,2007-09-18,-46,2007-07-12,0.9314054534461117,-0.0685945465538883
T08_2004_FIRST_CUT,T08_2004,2004,FIRST_CUT,2007-09-18,-45,2007-07-13,0.930148084866325,-0.06985191513367495
T08_2004_FIRST_CUT,T08_2004,2004,FIRST_CUT,2007-09-18,-44,2007-07-16,0.9290304712778765,-0.07096952872212348
T08_2004_FIRST_CUT,T08_2004,2004,FIRST_CUT,2007-09-18,-43,2007-07-17,0.9286113768407647,-0.07138862315923533
T08_2004_FIRST_CUT,T08_2004,2004,FIRST_CUT,2007-09-18,-42,2007-07-18,0.9396479282708147,-0.06035207172918533
T08_2004_FIRST_CUT,T08_2004,2004,FIRST_CUT,2007-09-18,-41,2007-07-19,0.9460743556241834,-0.053925644375816595
T08_2004_FIRST_CUT,T08_2004,2004,FIRST_CUT,2007-09-18,-40,2007-07-20,0.9554345293057861,-0.044565470694213905
T08_2004_FIRST_CUT,T08_2004,2004,FIRST_CUT,2007-09-18,-39,2007-07-23,0.9511036594064276,-0.048896340593572396
T08_2004_FIRST_CUT,T08_2004,2004,FIRST_CUT,2007-09-18,-38,2007-07-24,0.9558536237428978,-0.04414637625710216
T08_2004_FIRST_CUT,T08_2004,2004,FIRST_CUT,2007-09-18,-37,2007-07-25,0.9406258721363763,-0.05937412786362373
T08_2004_FIRST_CUT,T08_2004,2004,FIRST_CUT,2007-09-18,-36,2007-07-26,0.9255378755211927,-0.07446212447880729
T08_2004_FIRST_CUT,T08_2004,2004,FIRST_CUT,2007-09-18,-35,2007-07-27,0.922045279764509,-0.07795472023549099
T08_2004_FIRST_CUT,T08_2004,2004,FIRST_CUT,2007-09-18,-34,2007-07-30,0.9277731026980899,-0.07222689730191012
T08_2004_FIRST_CUT,T08_2004,2004,FIRST_CUT,2007-09-18,-33,2007-07-31,0.9316848781603366,-0.06831512183966337
T08_2004_FIRST_CUT,T08_2004,2004,FIRST_CUT,2007-09-18,-32,2007-08-01,0.9270745835467532,-0.0729254164532468
T08_2004_FIRST_CUT,T08_2004,2004,FIRST_CUT,2007-09-18,-31,2007-08-02,0.9284716218494267,-0.07152837815057334
T08_2004_FIRST_CUT,T08_2004,2004,FIRST_CUT,2007-09-18,-30,2007-08-03,0.9395082585479277,-0.060491741452072256
T08_2004_FIRST_CUT,T08_2004,2004,FIRST_CUT,2007-09-18,-29,2007-08-06,0.9381112202452543,-0.061888779754745715
T08_2004_FIRST_CUT,T08_2004,2004,FIRST_CUT,2007-09-18,-28,2007-08-07,0.9368538516654676,-0.06314614833453236
T08_2004_FIRST_CUT,T08_2004,2004,FIRST_CUT,2007-09-18,-27,2007-08-08,0.9423023351532748,-0.05769766484672523
T08_2004_FIRST_CUT,T08_2004,2004,FIRST_CUT,2007-09-18,-26,2007-08-09,0.9240011674956323,-0.07599883250436767
T08_2004_FIRST_CUT,T08_2004,2004,FIRST_CUT,2007-09-18,-25,2007-08-10,0.9364347572283558,-0.06356524277164421
T08_2004_FIRST_CUT,T08_2004,2004,FIRST_CUT,2007-09-18,-24,2007-08-13,0.9355965683541322,-0.06440343164586781
T08_2004_FIRST_CUT,T08_2004,2004,FIRST_CUT,2007-09-18,-23,2007-08-14,0.9340597750601206,-0.06594022493987939
T08_2004_FIRST_CUT,T08_2004,2004,FIRST_CUT,2007-09-18,-22,2007-08-15,0.9344789547656835,-0.06552104523431646
T08_2004_FIRST_CUT,T08_2004,2004,FIRST_CUT,2007-09-18,-21,2007-08-16,0.9056999145695388,-0.0943000854304612
T08_2004_FIRST_CUT,T08_2004,2004,FIRST_CUT,2007-09-18,-20,2007-08-17,0.9177144951336016,-0.0822855048663984
T08_2004_FIRST_CUT,T08_2004,2004,FIRST_CUT,2007-09-18,-19,2007-08-20,0.9174350704193767,-0.08256492958062334
T08_2004_FIRST_CUT,T08_2004,2004,FIRST_CUT,2007-09-18,-18,2007-08-21,0.9174350704193767,-0.08256492958062334
T08_2004_FIRST_CUT,T08_2004,2004,FIRST_CUT,2007-09-18,-17,2007-08-22,0.9207879111847224,-0.07921208881527764
T08_2004_FIRST_CUT,T08_2004,2004,FIRST_CUT,2007-09-18,-16,2007-08-23,0.9205085717389486,-0.07949142826105138
T08_2004_FIRST_CUT,T08_2004,2004,FIRST_CUT,2007-09-18,-15,2007-08-24,0.933221586185897,-0.06677841381410299
T08_2004_FIRST_CUT,T08_2004,2004,FIRST_CUT,2007-09-18,-14,2007-08-27,0.9315451231689986,-0.06845487683100138
T08_2004_FIRST_CUT,T08_2004,2004,FIRST_CUT,2007-09-18,-13,2007-08-28,0.9281922824036528,-0.07180771759634719
T08_2004_FIRST_CUT,T08_2004,2004,FIRST_CUT,2007-09-18,-12,2007-08-29,0.9308466040176618,-0.06915339598233816
T08_2004_FIRST_CUT,T08_2004,2004,FIRST_CUT,2007-09-18,-11,2007-08-30,0.9290304712778765,-0.07096952872212348
T08_2004_FIRST_CUT,T08_2004,2004,FIRST_CUT,2007-09-18,-10,2007-08-31,0.9402067776992645,-0.05979322230073547
T08_2004_FIRST_CUT,T08_2004,2004,FIRST_CUT,2007-09-18,-9,2007-09-04,0.9534786415746627,-0.046521358425337334
T08_2004_FIRST_CUT,T08_2004,2004,FIRST_CUT,2007-09-18,-8,2007-09-05,0.9523610279862141,-0.04763897201378586
T08_2004_FIRST_CUT,T08_2004,2004,FIRST_CUT,2007-09-18,-7,2007-09-06,0.9717798092323051,-0.028220190767694886
T08_2004_FIRST_CUT,T08_2004,2004,FIRST_CUT,2007-09-18,-6,2007-09-07,0.9790444254598976,-0.02095557454010244
T08_2004_FIRST_CUT,T08_2004,2004,FIRST_CUT,2007-09-18,-5,2007-09-10,0.9825370212165813,-0.017462978783418737
T08_2004_FIRST_CUT,T08_2004,2004,FIRST_CUT,2007-09-18,-4,2007-09-11,0.9949706962177558,-0.005029303782244199
T08_2004_FIRST_CUT,T08_2004,2004,FIRST_CUT,2007-09-18,-3,2007-09-12,0.9945516017806441,-0.005448398219355943
T08_2004_FIRST_CUT,T08_2004,2004,FIRST_CUT,2007-09-18,-2,2007-09-13,0.9911986757468472,-0.008801324253152831
T08_2004_FIRST_CUT,T08_2004,2004,FIRST_CUT,2007-09-18,-1,2007-09-14,0.9913383454697341,-0.008661654530265905
T08_2004_FIRST_CUT,T08_2004,2004,FIRST_CUT,2007-09-18,0,2007-09-17,1.0,0.0
T08_2004_FIRST_CUT,T08_2004,2004,FIRST_CUT,2007-09-18,1,2007-09-18,1.0,0.0
T08_2004_FIRST_CUT,T08_2004,2004,FIRST_CUT,2007-09-18,2,2007-09-19,1.008661654530266,0.008661654530266016
T08_2004_FIRST_CUT,T08_2004,2004,FIRST_CUT,2007-09-18,3,2007-09-20,1.0231908869854507,0.023190886985450687
T08_2004_FIRST_CUT,T08_2004,2004,FIRST_CUT,2007-09-18,4,2007-09-21,1.0217938486827773,0.02179384868277734
T08_2004_FIRST_CUT,T08_2004,2004,FIRST_CUT,2007-09-18,5,2007-09-24,1.0227717072798879,0.022771707279887865
T08_2004_FIRST_CUT,T08_2004,2004,FIRST_CUT,2007-09-18,6,2007-09-25,1.022073188128551,0.02207318812855097
T08_2004_FIRST_CUT,T08_2004,2004,FIRST_CUT,2007-09-18,7,2007-09-26,1.0174629787834186,0.017462978783418626
T08_2004_FIRST_CUT,T08_2004,2004,FIRST_CUT,2007-09-18,8,2007-09-27,1.0236099814225625,0.023609981422562543
T08_2004_FIRST_CUT,T08_2004,2004,FIRST_CUT,2007-09-18,9,2007-09-28,1.0377200341721844,0.03772003417218439
T08_2004_FIRST_CUT,T08_2004,2004,FIRST_CUT,2007-09-18,10,2007-10-01,1.0438670368113283,0.04386703681132831
T08_2004_FIRST_CUT,T08_2004,2004,FIRST_CUT,2007-09-18,11,2007-10-02,1.0195585362374289,0.01955853623742887
T08_2004_FIRST_CUT,T08_2004,2004,FIRST_CUT,2007-09-18,12,2007-10-03,1.0188600170860922,0.018860017086092196
T08_2004_FIRST_CUT,T08_2004,2004,FIRST_CUT,2007-09-18,13,2007-10-04,1.030734842658817,0.030734842658816985
T08_2004_FIRST_CUT,T08_2004,2004,FIRST_CUT,2007-09-18,14,2007-10-05,1.0356244767181741,0.03562447671817415
T08_2004_FIRST_CUT,T08_2004,2004,FIRST_CUT,2007-09-18,15,2007-10-08,1.0237496511454496,0.02374965114544958
T08_2004_FIRST_CUT,T08_2004,2004,FIRST_CUT,2007-09-18,16,2007-10-09,1.0301760784988183,0.030176078498818315
T08_2004_FIRST_CUT,T08_2004,2004,FIRST_CUT,2007-09-18,17,2007-10-10,1.0343671934068388,0.0343671934068388
T08_2004_FIRST_CUT,T08_2004,2004,FIRST_CUT,2007-09-18,18,2007-10-11,1.0495948597449092,0.04959485974490918
T08_2004_FIRST_CUT,T08_2004,2004,FIRST_CUT,2007-09-18,19,2007-10-12,1.0459625942653386,0.04596259426533855
T08_2004_FIRST_CUT,T08_2004,2004,FIRST_CUT,2007-09-18,20,2007-10-15,1.0576976648467253,0.05769766484672534
T08_2004_FIRST_CUT,T08_2004,2004,FIRST_CUT,2007-09-18,21,2007-10-16,1.0575579951238383,0.0575579951238383
T08_2004_FIRST_CUT,T08_2004,2004,FIRST_CUT,2007-09-18,22,2007-10-17,1.0582565142751752,0.0582565142751752
T08_2004_FIRST_CUT,T08_2004,2004,FIRST_CUT,2007-09-18,23,2007-10-18,1.0674769329654397,0.06747693296543966
T08_2004_FIRST_CUT,T08_2004,2004,FIRST_CUT,2007-09-18,24,2007-10-19,1.0673372632425528,0.06733726324255285
T08_2004_FIRST_CUT,T08_2004,2004,FIRST_CUT,2007-09-18,25,2007-10-22,1.05588153210694,0.05588153210693991
T08_2004_FIRST_CUT,T08_2004,2004,FIRST_CUT,2007-09-18,26,2007-10-23,1.0603520717291854,0.06035207172918544
T08_2004_FIRST_CUT,T08_2004,2004,FIRST_CUT,2007-09-18,27,2007-10-24,1.063984337208756,0.06398433720875607
T08_2004_FIRST_CUT,T08_2004,2004,FIRST_CUT,2007-09-18,28,2007-10-25,1.0719474725876852,0.07194747258768519
T08_2004_FIRST_CUT,T08_2004,2004,FIRST_CUT,2007-09-18,29,2007-10-26,1.0951383595731359,0.09513835957313588
T08_2004_FIRST_CUT,T08_2004,2004,FIRST_CUT,2007-09-18,30,2007-10-29,1.1024028905322771,0.10240289053227714
T08_2004_FIRST_CUT,T08_2004,2004,FIRST_CUT,2007-09-18,31,2007-10-30,1.0956971237331345,0.09569712373313455
T08_2004_FIRST_CUT,T08_2004,2004,FIRST_CUT,2007-09-18,32,2007-10-31,1.1064543357174108,0.10645433571741081
T08_2004_FIRST_CUT,T08_2004,2004,FIRST_CUT,2007-09-18,33,2007-11-01,1.1046382029776254,0.10463820297762538
T08_2004_FIRST_CUT,T08_2004,2004,FIRST_CUT,2007-09-18,34,2007-11-02,1.125593777517728,0.12559377751772804
T08_2004_FIRST_CUT,T08_2004,2004,FIRST_CUT,2007-09-18,35,2007-11-05,1.1289466182830736,0.12894661828307363
T08_2004_FIRST_CUT,T08_2004,2004,FIRST_CUT,2007-09-18,36,2007-11-06,1.1466890217807173,0.1466890217807173
T08_2004_FIRST_CUT,T08_2004,2004,FIRST_CUT,2007-09-18,37,2007-11-07,1.1609388295216772,0.16093882952167715
T08_2004_FIRST_CUT,T08_2004,2004,FIRST_CUT,2007-09-18,38,2007-11-08,1.1668064074465962,0.16680640744659625
T08_2004_FIRST_CUT,T08_2004,2004,FIRST_CUT,2007-09-18,39,2007-11-09,1.1630343869756874,0.1630343869756874
T08_2004_FIRST_CUT,T08_2004,2004,FIRST_CUT,2007-09-18,40,2007-11-12,1.1257334472406149,0.12573344724061486
T08_2004_FIRST_CUT,T08_2004,2004,FIRST_CUT,2007-09-18,41,2007-11-13,1.1137189519450033,0.11371895194500325
T08_2004_FIRST_CUT,T08_2004,2004,FIRST_CUT,2007-09-18,42,2007-11-14,1.1357921400735542,0.13579214007355422
T08_2004_FIRST_CUT,T08_2004,2004,FIRST_CUT,2007-09-18,43,2007-11-15,1.0979324361784828,0.0979324361784828
T08_2004_FIRST_CUT,T08_2004,2004,FIRST_CUT,2007-09-18,44,2007-11-16,1.097653011464258,0.09765301146425798
T08_2004_FIRST_CUT,T08_2004,2004,FIRST_CUT,2007-09-18,45,2007-11-19,1.0852193364630833,0.08521933646308333
T08_2004_FIRST_CUT,T08_2004,2004,FIRST_CUT,2007-09-18,46,2007-11-20,1.1040793535491757,0.10407935354917575
T08_2004_FIRST_CUT,T08_2004,2004,FIRST_CUT,2007-09-18,47,2007-11-21,1.114277716105002,0.11427771610500193
T08_2004_FIRST_CUT,T08_2004,2004,FIRST_CUT,2007-09-18,48,2007-11-23,1.1511595614029628,0.15115956140296283
T08_2004_FIRST_CUT,T08_2004,2004,FIRST_CUT,2007-09-18,49,2007-11-26,1.1539536380083097,0.15395363800830975
T08_2004_FIRST_CUT,T08_2004,2004,FIRST_CUT,2007-09-18,50,2007-11-27,1.136770083939116,0.13677008393911594
T08_2004_FIRST_CUT,T08_2004,2004,FIRST_CUT,2007-09-18,51,2007-11-28,1.1177703118616857,0.11777031186168574
T08_2004_FIRST_CUT,T08_2004,2004,FIRST_CUT,2007-09-18,52,2007-11-29,1.1110645450625432,0.11106454506254315
T08_2004_FIRST_CUT,T08_2004,2004,FIRST_CUT,2007-09-18,53,2007-11-30,1.0927633774049008,0.09276337740490082
T08_2004_FIRST_CUT,T08_2004,2004,FIRST_CUT,2007-09-18,54,2007-12-03,1.1012852769438286,0.1012852769438286
T08_2004_FIRST_CUT,T08_2004,2004,FIRST_CUT,2007-09-18,55,2007-12-04,1.1194467748785841,0.11944677487858413
T08_2004_FIRST_CUT,T08_2004,2004,FIRST_CUT,2007-09-18,56,2007-12-05,1.114138046382115,0.11413804638211511
T08_2004_FIRST_CUT,T08_2004,2004,FIRST_CUT,2007-09-18,57,2007-12-06,1.1193071051556973,0.11930710515569731
T08_2004_FIRST_CUT,T08_2004,2004,FIRST_CUT,2007-09-18,58,2007-12-07,1.1098072617512076,0.10980726175120759
T08_2004_FIRST_CUT,T08_2004,2004,FIRST_CUT,2007-09-18,59,2007-12-10,1.128387854123075,0.12838785412307496
T08_2004_FIRST_CUT,T08_2004,2004,FIRST_CUT,2007-09-18,60,2007-12-11,1.1335569128966572,0.13355691289665717
T08_2004_FIRST_CUT,T08_2004,2004,FIRST_CUT,2007-09-18,61,2007-12-12,1.1364906592248911,0.13649065922489112
T08_2004_FIRST_CUT,T08_2004,2004,FIRST_CUT,2007-09-18,62,2007-12-13,1.1162336038361254,0.11623360383612535
T08_2004_FIRST_CUT,T08_2004,2004,FIRST_CUT,2007-09-18,63,2007-12-14,1.1082704684571962,0.10827046845719623
T08_2004_FIRST_CUT,T08_2004,2004,FIRST_CUT,2007-09-18,64,2007-12-17,1.1103660259112065,0.11036602591120648
T08_2004_FIRST_CUT,T08_2004,2004,FIRST_CUT,2007-09-18,65,2007-12-18,1.1218217570468192,0.12182175704681919
T08_2004_FIRST_CUT,T08_2004,2004,FIRST_CUT,2007-09-18,66,2007-12-19,1.1191673501643593,0.11916735016435931
T08_2004_FIRST_CUT,T08_2004,2004,FIRST_CUT,2007-09-18,67,2007-12-20,1.1165130285503502,0.11651302855035017
T08_2004_FIRST_CUT,T08_2004,2004,FIRST_CUT,2007-09-18,68,2007-12-21,1.133836252342431,0.13383625234243102
T08_2004_FIRST_CUT,T08_2004,2004,FIRST_CUT,2007-09-18,69,2007-12-24,1.1355127153593294,0.1355127153593294
T08_2004_FIRST_CUT,T08_2004,2004,FIRST_CUT,2007-09-18,70,2007-12-26,1.1539536380083097,0.15395363800830975
T08_2004_FIRST_CUT,T08_2004,2004,FIRST_CUT,2007-09-18,71,2007-12-27,1.1575859034878804,0.15758590348788037
T08_2004_FIRST_CUT,T08_2004,2004,FIRST_CUT,2007-09-18,72,2007-12-28,1.172953324817289,0.17295332481728898
T08_2004_FIRST_CUT,T08_2004,2004,FIRST_CUT,2007-09-18,73,2007-12-31,1.1663873130094844,0.1663873130094844
T08_2004_FIRST_CUT,T08_2004,2004,FIRST_CUT,2007-09-18,74,2008-01-02,1.1972618253911882,0.1972618253911882
T08_2004_FIRST_CUT,T08_2004,2004,FIRST_CUT,2007-09-18,75,2008-01-03,1.2103940195436995,0.21039401954369952
T08_2004_FIRST_CUT,T08_2004,2004,FIRST_CUT,2007-09-18,76,2008-01-04,1.2057837249301162,0.2057837249301162
T08_2004_FIRST_CUT,T08_2004,2004,FIRST_CUT,2007-09-18,77,2008-01-07,1.2008940908707588,0.20089409087075882
T08_2004_FIRST_CUT,T08_2004,2004,FIRST_CUT,2007-09-18,78,2008-01-08,1.2265996297473316,0.2265996297473316
T08_2004_FIRST_CUT,T08_2004,2004,FIRST_CUT,2007-09-18,79,2008-01-09,1.2286951872013419,0.22869518720134185
T08_2004_FIRST_CUT,T08_2004,2004,FIRST_CUT,2007-09-18,80,2008-01-10,1.2457390715476488,0.24573907154764885
T08_2004_FIRST_CUT,T08_2004,2004,FIRST_CUT,2007-09-18,81,2008-01-11,1.2518859889183416,0.2518859889183416
T08_2004_FIRST_CUT,T08_2004,2004,FIRST_CUT,2007-09-18,82,2008-01-14,1.2595696995830459,0.2595696995830459
T08_2004_FIRST_CUT,T08_2004,2004,FIRST_CUT,2007-09-18,83,2008-01-15,1.2587315107088222,0.25873151070882217
T08_2004_FIRST_CUT,T08_2004,2004,FIRST_CUT,2007-09-18,84,2008-01-16,1.2302318952269022,0.23023189522690224
T08_2004_FIRST_CUT,T08_2004,2004,FIRST_CUT,2007-09-18,85,2008-01-17,1.2286951872013419,0.22869518720134185
T08_2004_FIRST_CUT,T08_2004,2004,FIRST_CUT,2007-09-18,86,2008-01-18,1.2305113199411273,0.23051131994112728
T08_2004_FIRST_CUT,T08_2004,2004,FIRST_CUT,2007-09-18,87,2008-01-22,1.242805239950964,0.24280523995096392
T08_2004_FIRST_CUT,T08_2004,2004,FIRST_CUT,2007-09-18,88,2008-01-23,1.2328863021093623,0.23288630210936234
T08_2004_FIRST_CUT,T08_2004,2004,FIRST_CUT,2007-09-18,89,2008-01-24,1.265018183070853,0.2650181830708529
T08_2004_FIRST_CUT,T08_2004,2004,FIRST_CUT,2007-09-18,90,2008-01-25,1.2720033745842203,0.2720033745842203
T08_2004_FIRST_CUT,T08_2004,2004,FIRST_CUT,2007-09-18,91,2008-01-28,1.29519417630122,0.29519417630122
T08_2004_FIRST_CUT,T08_2004,2004,FIRST_CUT,2007-09-18,92,2008-01-29,1.292400099695873,0.2924000996958731
T08_2004_FIRST_CUT,T08_2004,2004,FIRST_CUT,2007-09-18,93,2008-01-30,1.2861134273338424,0.2861134273338424
T08_2004_FIRST_CUT,T08_2004,2004,FIRST_CUT,2007-09-18,94,2008-01-31,1.2890472589305273,0.2890472589305273
T08_2004_FIRST_CUT,T08_2004,2004,FIRST_CUT,2007-09-18,95,2008-02-01,1.2694887226930982,0.2694887226930982
T08_2004_FIRST_CUT,T08_2004,2004,FIRST_CUT,2007-09-18,96,2008-02-04,1.2641799941966292,0.2641799941966292
T08_2004_FIRST_CUT,T08_2004,2004,FIRST_CUT,2007-09-18,97,2008-02-05,1.2376362664458327,0.2376362664458327
T08_2004_FIRST_CUT,T08_2004,2004,FIRST_CUT,2007-09-18,98,2008-02-06,1.2583124162717103,0.2583124162717103
T08_2004_FIRST_CUT,T08_2004,2004,FIRST_CUT,2007-09-18,99,2008-02-07,1.2658563719450766,0.2658563719450766
T08_2004_FIRST_CUT,T08_2004,2004,FIRST_CUT,2007-09-18,100,2008-02-08,1.2830400112827214,0.2830400112827214
T08_2004_FIRST_CUT,T08_2004,2004,FIRST_CUT,2007-09-18,101,2008-02-11,1.2893266836447521,0.2893266836447521
T08_2004_FIRST_CUT,T08_2004,2004,FIRST_CUT,2007-09-18,102,2008-02-12,1.267672589953313,0.267672589953313
T08_2004_FIRST_CUT,T08_2004,2004,FIRST_CUT,2007-09-18,103,2008-02-13,1.2664152213735265,0.26641522137352647
T08_2004_FIRST_CUT,T08_2004,2004,FIRST_CUT,2007-09-18,104,2008-02-14,1.267672589953313,0.267672589953313
T08_2004_FIRST_CUT,T08_2004,2004,FIRST_CUT,2007-09-18,105,2008-02-15,1.2612461625999443,0.26124616259994426
T08_2004_FIRST_CUT,T08_2004,2004,FIRST_CUT,2007-09-18,106,2008-02-19,1.2944956571498833,0.29449565714988335
T08_2004_FIRST_CUT,T08_2004,2004,FIRST_CUT,2007-09-18,107,2008-02-20,1.3056719635712712,0.30567196357127124
T08_2004_FIRST_CUT,T08_2004,2004,FIRST_CUT,2007-09-18,108,2008-02-21,1.3217379040520165,0.3217379040520165
T08_2004_FIRST_CUT,T08_2004,2004,FIRST_CUT,2007-09-18,109,2008-02-22,1.3197821015893443,0.3197821015893443
T08_2004_FIRST_CUT,T08_2004,2004,FIRST_CUT,2007-09-18,110,2008-02-25,1.3098630784792917,0.30986307847929173
T08_2004_FIRST_CUT,T08_2004,2004,FIRST_CUT,2007-09-18,111,2008-02-26,1.3217379040520165,0.3217379040520165
T08_2004_FIRST_CUT,T08_2004,2004,FIRST_CUT,2007-09-18,112,2008-02-27,1.3386421186754365,0.3386421186754365
T08_2004_FIRST_CUT,T08_2004,2004,FIRST_CUT,2007-09-18,113,2008-02-28,1.3474434429285893,0.3474434429285893
T08_2004_FIRST_CUT,T08_2004,2004,FIRST_CUT,2007-09-18,114,2008-02-29,1.3580608999215273,0.35806089992152734
T08_2004_FIRST_CUT,T08_2004,2004,FIRST_CUT,2007-09-18,115,2008-03-03,1.3711930940740387,0.37119309407403867
T08_2004_FIRST_CUT,T08_2004,2004,FIRST_CUT,2007-09-18,116,2008-03-04,1.3466052540543656,0.3466052540543656
T08_2004_FIRST_CUT,T08_2004,2004,FIRST_CUT,2007-09-18,117,2008-03-05,1.3777591911502944,0.37775919115029444
T08_2004_FIRST_CUT,T08_2004,2004,FIRST_CUT,2007-09-18,118,2008-03-06,1.362112345106661,0.362112345106661
T08_2004_FIRST_CUT,T08_2004,2004,FIRST_CUT,2007-09-18,119,2008-03-07,1.3582006549128653,0.35820065491286535
T08_2004_FIRST_CUT,T08_2004,2004,FIRST_CUT,2007-09-18,120,2008-03-10,1.3549874838704066,0.3549874838704066
T08_2004_FIRST_CUT,T08_2004,2004,FIRST_CUT,2007-09-18,121,2008-03-11,1.3609947315182125,0.3609947315182125
T08_2004_FIRST_CUT,T08_2004,2004,FIRST_CUT,2007-09-18,122,2008-03-12,1.36742107360313,0.36742107360313003
T08_2004_FIRST_CUT,T08_2004,2004,FIRST_CUT,2007-09-18,123,2008-03-13,1.3862810906892222,0.38628109068922223
T08_2004_FIRST_CUT,T08_2004,2004,FIRST_CUT,2007-09-18,124,2008-03-14,1.3945236507823764,0.3945236507823764
T08_2004_FIRST_CUT,T08_2004,2004,FIRST_CUT,2007-09-18,125,2008-03-17,1.398994190404622,0.3989941904046219
T08_2004_FIRST_CUT,T08_2004,2004,FIRST_CUT,2007-09-18,126,2008-03-18,1.4015088422957438,0.4015088422957438
T08_2004_FIRST_CUT,T08_2004,2004,FIRST_CUT,2007-09-18,127,2008-03-19,1.3197821015893443,0.3197821015893443
T08_2004_FIRST_CUT,T08_2004,2004,FIRST_CUT,2007-09-18,128,2008-03-20,1.2847163890311688,0.2847163890311688
T08_2004_FIRST_CUT,T08_2004,2004,FIRST_CUT,2007-09-18,129,2008-03-24,1.2829002562913834,0.2829002562913834
T08_2004_FIRST_CUT,T08_2004,2004,FIRST_CUT,2007-09-18,130,2008-03-25,1.3056719635712712,0.30567196357127124
T08_2004_FIRST_CUT,T08_2004,2004,FIRST_CUT,2007-09-18,131,2008-03-26,1.32578934923715,0.32578934923714997
T08_2004_FIRST_CUT,T08_2004,2004,FIRST_CUT,2007-09-18,132,2008-03-27,1.3255099245229252,0.32550992452292515
T08_2004_FIRST_CUT,T08_2004,2004,FIRST_CUT,2007-09-18,133,2008-03-28,1.3000838103605772,0.3000838103605772
T08_2004_FIRST_CUT,T08_2004,2004,FIRST_CUT,2007-09-18,134,2008-03-31,1.2799665099631494,0.2799665099631494
T08_2004_FIRST_CUT,T08_2004,2004,FIRST_CUT,2007-09-18,135,2008-04-01,1.2334451515378122,0.2334451515378122
T08_2004_FIRST_CUT,T08_2004,2004,FIRST_CUT,2007-09-18,136,2008-04-02,1.250628705607006,0.250628705607006
T08_2004_FIRST_CUT,T08_2004,2004,FIRST_CUT,2007-09-18,137,2008-04-03,1.2643196639195162,0.2643196639195162
T08_2004_FIRST_CUT,T08_2004,2004,FIRST_CUT,2007-09-18,138,2008-04-04,1.26990781713021,0.26990781713021006
T08_2004_FIRST_CUT,T08_2004,2004,FIRST_CUT,2007-09-18,139,2008-04-07,1.2890472589305273,0.2890472589305273
T08_2004_FIRST_CUT,T08_2004,2004,FIRST_CUT,2007-09-18,140,2008-04-08,1.2768930086435777,0.2768930086435777
T08_2004_FIRST_CUT,T08_2004,2004,FIRST_CUT,2007-09-18,141,2008-04-09,1.3042749252685977,0.3042749252685977
T08_2004_FIRST_CUT,T08_2004,2004,FIRST_CUT,2007-09-18,142,2008-04-10,1.2968706393181184,0.2968706393181184
T08_2004_FIRST_CUT,T08_2004,2004,FIRST_CUT,2007-09-18,143,2008-04-11,1.2903045422418629,0.29030454224186286
T08_2004_FIRST_CUT,T08_2004,2004,FIRST_CUT,2007-09-18,144,2008-04-14,1.292819279401436,0.29281927940143593
T08_2004_FIRST_CUT,T08_2004,2004,FIRST_CUT,2007-09-18,145,2008-04-15,1.2974294887465683,0.29742948874656827
T08_2004_FIRST_CUT,T08_2004,2004,FIRST_CUT,2007-09-18,146,2008-04-16,1.320340865749343,0.32034086574934295
T08_2004_FIRST_CUT,T08_2004,2004,FIRST_CUT,2007-09-18,147,2008-04-17,1.3129365797988637,0.3129365797988637
T08_2004_FIRST_CUT,T08_2004,2004,FIRST_CUT,2007-09-18,148,2008-04-18,1.2743783567524556,0.2743783567524556
T08_2004_FIRST_CUT,T08_2004,2004,FIRST_CUT,2007-09-18,149,2008-04-21,1.2778709525091392,0.2778709525091392
T08_2004_FIRST_CUT,T08_2004,2004,FIRST_CUT,2007-09-18,150,2008-04-22,1.2884884095020774,0.28848840950207744
T08_2004_FIRST_CUT,T08_2004,2004,FIRST_CUT,2007-09-18,151,2008-04-23,1.2659961269364146,0.2659961269364146
T08_2004_FIRST_CUT,T08_2004,2004,FIRST_CUT,2007-09-18,152,2008-04-24,1.2388935497571683,0.23889354975716826
T08_2004_FIRST_CUT,T08_2004,2004,FIRST_CUT,2007-09-18,153,2008-04-25,1.2394523991856181,0.23945239918561811
T08_2004_FIRST_CUT,T08_2004,2004,FIRST_CUT,2007-09-18,154,2008-04-28,1.2474155345645472,0.24741553456454723
T08_2004_FIRST_CUT,T08_2004,2004,FIRST_CUT,2007-09-18,155,2008-04-29,1.2212909012508626,0.2212909012508626
T08_2004_FIRST_CUT,T08_2004,2004,FIRST_CUT,2007-09-18,156,2008-04-30,1.2053646304930044,0.20536463049300435
T08_2004_FIRST_CUT,T08_2004,2004,FIRST_CUT,2007-09-18,157,2008-05-01,1.1859458492469133,0.18594584924691326
T08_2004_FIRST_CUT,T08_2004,2004,FIRST_CUT,2007-09-18,158,2008-05-02,1.1960044568114017,0.19600445681140166
T08_2004_FIRST_CUT,T08_2004,2004,FIRST_CUT,2007-09-18,159,2008-05-05,1.2186364943684025,0.2186364943684025
T08_2004_FIRST_CUT,T08_2004,2004,FIRST_CUT,2007-09-18,160,2008-05-06,1.2238055531419847,0.2238055531419847
T08_2004_FIRST_CUT,T08_2004,2004,FIRST_CUT,2007-09-18,161,2008-05-07,1.2148644738974939,0.21486447389749386
T08_2004_FIRST_CUT,T08_2004,2004,FIRST_CUT,2007-09-18,162,2008-05-08,1.2302318952269022,0.23023189522690224
T08_2004_FIRST_CUT,T08_2004,2004,FIRST_CUT,2007-09-18,163,2008-05-09,1.2356803787147095,0.23568037871470948
T08_2004_FIRST_CUT,T08_2004,2004,FIRST_CUT,2007-09-18,164,2008-05-12,1.2345627651262607,0.23456276512626073
T08_2004_FIRST_CUT,T08_2004,2004,FIRST_CUT,2007-09-18,165,2008-05-13,1.2133277658719335,0.21332776587193347
T08_2004_FIRST_CUT,T08_2004,2004,FIRST_CUT,2007-09-18,166,2008-05-14,1.208996981241026,0.20899698124102595
T08_2004_FIRST_CUT,T08_2004,2004,FIRST_CUT,2007-09-18,167,2008-05-15,1.2279966680500052,0.22799666805000518
T08_2004_FIRST_CUT,T08_2004,2004,FIRST_CUT,2007-09-18,168,2008-05-16,1.2559374341034752,0.25593743410347525
T08_2004_FIRST_CUT,T08_2004,2004,FIRST_CUT,2007-09-18,169,2008-05-19,1.2643196639195162,0.2643196639195162
T08_2004_FIRST_CUT,T08_2004,2004,FIRST_CUT,2007-09-18,170,2008-05-20,1.2845767193082818,0.28457671930828177
T08_2004_FIRST_CUT,T08_2004,2004,FIRST_CUT,2007-09-18,171,2008-05-21,1.2964515448810066,0.29645154488100656
T08_2004_FIRST_CUT,T08_2004,2004,FIRST_CUT,2007-09-18,172,2008-05-22,1.2823414921313847,0.2823414921313847
T08_2004_FIRST_CUT,T08_2004,2004,FIRST_CUT,2007-09-18,173,2008-05-23,1.2930986188472098,0.2930986188472098
T08_2004_FIRST_CUT,T08_2004,2004,FIRST_CUT,2007-09-18,174,2008-05-27,1.2680916843904249,0.26809168439042486
T08_2004_FIRST_CUT,T08_2004,2004,FIRST_CUT,2007-09-18,175,2008-05-28,1.2580329915574855,0.2580329915574855
T08_2004_FIRST_CUT,T08_2004,2004,FIRST_CUT,2007-09-18,176,2008-05-29,1.225482016158883,0.22548201615888308
T08_2004_FIRST_CUT,T08_2004,2004,FIRST_CUT,2007-09-18,177,2008-05-30,1.239592068908505,0.23959206890850493
T08_2004_FIRST_CUT,T08_2004,2004,FIRST_CUT,2007-09-18,178,2008-06-02,1.2474155345645472,0.24741553456454723
T08_2004_FIRST_CUT,T08_2004,2004,FIRST_CUT,2007-09-18,179,2008-06-03,1.2316289335295758,0.2316289335295758
T08_2004_FIRST_CUT,T08_2004,2004,FIRST_CUT,2007-09-18,180,2008-06-04,1.2292540366297917,0.2292540366297917
T08_2004_FIRST_CUT,T08_2004,2004,FIRST_CUT,2007-09-18,181,2008-06-05,1.2179379752170658,0.21793797521706582
T08_2004_FIRST_CUT,T08_2004,2004,FIRST_CUT,2007-09-18,182,2008-06-06,1.250908130321231,0.25090813032123105
T08_2004_FIRST_CUT,T08_2004,2004,FIRST_CUT,2007-09-18,183,2008-06-09,1.2499301864556693,0.24993018645566933
T08_2004_FIRST_CUT,T08_2004,2004,FIRST_CUT,2007-09-18,184,2008-06-10,1.2124895769977098,0.21248957699770976
T08_2004_FIRST_CUT,T08_2004,2004,FIRST_CUT,2007-09-18,185,2008-06-11,1.228974611915567,0.2289746119155669
T08_2004_FIRST_CUT,T08_2004,2004,FIRST_CUT,2007-09-18,186,2008-06-12,1.2143057097374952,0.2143057097374952
T08_2004_FIRST_CUT,T08_2004,2004,FIRST_CUT,2007-09-18,187,2008-06-13,1.2158424177630556,0.21584241776305557
T08_2004_FIRST_CUT,T08_2004,2004,FIRST_CUT,2007-09-18,188,2008-06-16,1.2344230101349227,0.23442301013492273
T08_2004_FIRST_CUT,T08_2004,2004,FIRST_CUT,2007-09-18,189,2008-06-17,1.2354009540004844,0.23540095400048444
T08_2004_FIRST_CUT,T08_2004,2004,FIRST_CUT,2007-09-18,190,2008-06-18,1.2446214579592003,0.24462145795920032
T08_2004_FIRST_CUT,T08_2004,2004,FIRST_CUT,2007-09-18,191,2008-06-19,1.2597094545743839,0.2597094545743839
T08_2004_FIRST_CUT,T08_2004,2004,FIRST_CUT,2007-09-18,192,2008-06-20,1.259150605145934,0.259150605145934
T08_2004_FIRST_CUT,T08_2004,2004,FIRST_CUT,2007-09-18,193,2008-06-23,1.2360994731518213,0.23609947315182134
T08_2004_FIRST_CUT,T08_2004,2004,FIRST_CUT,2007-09-18,194,2008-06-24,1.242246475790965,0.24224647579096503
T08_2004_FIRST_CUT,T08_2004,2004,FIRST_CUT,2007-09-18,195,2008-06-25,1.2293937063526788,0.22939370635267875
T08_2004_FIRST_CUT,T08_2004,2004,FIRST_CUT,2007-09-18,196,2008-06-26,1.275635640063791,0.27563564006379093
T08_2004_FIRST_CUT,T08_2004,2004,FIRST_CUT,2007-09-18,197,2008-06-27,1.298267677620792,0.298267677620792
T08_2004_FIRST_CUT,T08_2004,2004,FIRST_CUT,2007-09-18,198,2008-06-30,1.2939368929898845,0.29393689298988446
T08_2004_FIRST_CUT,T08_2004,2004,FIRST_CUT,2007-09-18,199,2008-07-01,1.3167086002697723,0.3167086002697723
T08_2004_FIRST_CUT,T08_2004,2004,FIRST_CUT,2007-09-18,200,2008-07-02,1.319921771312231,0.3199217713122311
T08_2004_FIRST_CUT,T08_2004,2004,FIRST_CUT,2007-09-18,201,2008-07-03,1.3019000283688136,0.3019000283688136
T08_2004_FIRST_CUT,T08_2004,2004,FIRST_CUT,2007-09-18,202,2008-07-07,1.2954736010154448,0.29547360101544484
T08_2004_FIRST_CUT,T08_2004,2004,FIRST_CUT,2007-09-18,203,2008-07-08,1.2879296453420788,0.28792964534207877
T08_2004_FIRST_CUT,T08_2004,2004,FIRST_CUT,2007-09-18,204,2008-07-09,1.2954736010154448,0.29547360101544484
T08_2004_FIRST_CUT,T08_2004,2004,FIRST_CUT,2007-09-18,205,2008-07-10,1.3144733730928753,0.31447337309287526
T08_2004_FIRST_CUT,T08_2004,2004,FIRST_CUT,2007-09-18,206,2008-07-11,1.340458251415222,0.3404582514152219
T08_2004_FIRST_CUT,T08_2004,2004,FIRST_CUT,2007-09-18,207,2008-07-14,1.3588991740642022,0.35889917406420224
T08_2004_FIRST_CUT,T08_2004,2004,FIRST_CUT,2007-09-18,208,2008-07-15,1.3658843655775696,0.36588436557756965
T08_2004_FIRST_CUT,T08_2004,2004,FIRST_CUT,2007-09-18,209,2008-07-16,1.3436714224576807,0.3436714224576807
T08_2004_FIRST_CUT,T08_2004,2004,FIRST_CUT,2007-09-18,210,2008-07-17,1.3551271535932936,0.3551271535932936
T08_2004_FIRST_CUT,T08_2004,2004,FIRST_CUT,2007-09-18,211,2008-07-18,1.33738475009565,0.33738475009564994
T08_2004_FIRST_CUT,T08_2004,2004,FIRST_CUT,2007-09-18,212,2008-07-21,1.3454875551974659,0.3454875551974659
T08_2004_FIRST_CUT,T08_2004,2004,FIRST_CUT,2007-09-18,213,2008-07-22,1.3243923109344766,0.3243923109344766
T08_2004_FIRST_CUT,T08_2004,2004,FIRST_CUT,2007-09-18,214,2008-07-23,1.2886281644934154,0.28862816449341544
T08_2004_FIRST_CUT,T08_2004,2004,FIRST_CUT,2007-09-18,215,2008-07-24,1.2880693150649656,0.2880693150649656
T08_2004_FIRST_CUT,T08_2004,2004,FIRST_CUT,2007-09-18,216,2008-07-25,1.2944956571498833,0.29449565714988335
T08_2004_FIRST_CUT,T08_2004,2004,FIRST_CUT,2007-09-18,217,2008-07-28,1.2958926954525567,0.2958926954525567
T08_2004_FIRST_CUT,T08_2004,2004,FIRST_CUT,2007-09-18,218,2008-07-29,1.2802459346773745,0.28024593467737446
T08_2004_FIRST_CUT,T08_2004,2004,FIRST_CUT,2007-09-18,219,2008-07-30,1.2613859175912823,0.26138591759128227
T08_2004_FIRST_CUT,T08_2004,2004,FIRST_CUT,2007-09-18,220,2008-07-31,1.2767533389206907,0.27675333892069065
T08_2004_FIRST_CUT,T08_2004,2004,FIRST_CUT,2007-09-18,221,2008-08-01,1.26990781713021,0.26990781713021006
T08_2004_FIRST_CUT,T08_2004,2004,FIRST_CUT,2007-09-18,222,2008-08-04,1.2574741421290356,0.25747414212903563
T08_2004_FIRST_CUT,T08_2004,2004,FIRST_CUT,2007-09-18,223,2008-08-05,1.2274378186215553,0.22743781862155532
T08_2004_FIRST_CUT,T08_2004,2004,FIRST_CUT,2007-09-18,224,2008-08-06,1.2232467037135348,0.22324670371353483
T08_2004_FIRST_CUT,T08_2004,2004,FIRST_CUT,2007-09-18,225,2008-08-07,1.2164012671915054,0.21640126719150543
T08_2004_FIRST_CUT,T08_2004,2004,FIRST_CUT,2007-09-18,226,2008-08-08,1.1983794389796367,0.19837943897963672
T08_2004_FIRST_CUT,T08_2004,2004,FIRST_CUT,2007-09-18,227,2008-08-11,1.147666965646279,0.147666965646279
T08_2004_FIRST_CUT,T08_2004,2004,FIRST_CUT,2007-09-18,228,2008-08-12,1.1290863732744116,0.12908637327441164
T08_2004_FIRST_CUT,T08_2004,2004,FIRST_CUT,2007-09-18,229,2008-08-13,1.1525565997056362,0.15255659970563618
T08_2004_FIRST_CUT,T08_2004,2004,FIRST_CUT,2007-09-18,230,2008-08-14,1.1290863732744116,0.12908637327441164
T08_2004_FIRST_CUT,T08_2004,2004,FIRST_CUT,2007-09-18,231,2008-08-15,1.0980721059013698,0.09807210590136983
T08_2004_FIRST_CUT,T08_2004,2004,FIRST_CUT,2007-09-18,232,2008-08-18,1.117211547701687,0.11721154770168707
T08_2004_FIRST_CUT,T08_2004,2004,FIRST_CUT,2007-09-18,233,2008-08-19,1.1331377331910941,0.13313773319109412
T08_2004_FIRST_CUT,T08_2004,2004,FIRST_CUT,2007-09-18,234,2008-08-20,1.1320201196026456,0.1320201196026456
T08_2004_FIRST_CUT,T08_2004,2004,FIRST_CUT,2007-09-18,235,2008-08-21,1.1637329061270243,0.1637329061270243
T08_2004_FIRST_CUT,T08_2004,2004,FIRST_CUT,2007-09-18,236,2008-08-22,1.1559095257394332,0.15590952573943317
T08_2004_FIRST_CUT,T08_2004,2004,FIRST_CUT,2007-09-18,237,2008-08-25,1.145291983478044,0.14529198347804395
T08_2004_FIRST_CUT,T08_2004,2004,FIRST_CUT,2007-09-18,238,2008-08-26,1.1486449095118407,0.14864490951184073
T08_2004_FIRST_CUT,T08_2004,2004,FIRST_CUT,2007-09-18,239,2008-08-27,1.1568873843365437,0.1568873843365437
T08_2004_FIRST_CUT,T08_2004,2004,FIRST_CUT,2007-09-18,240,2008-08-28,1.1607991597987903,0.16079915979879034
T08_2004_FIRST_CUT,T08_2004,2004,FIRST_CUT,2007-09-18,241,2008-08-29,1.158563847353442,0.1585638473534421
T08_2004_FIRST_CUT,T08_2004,2004,FIRST_CUT,2007-09-18,242,2008-09-02,1.1246158336521663,0.12461583365216633
T08_2004_FIRST_CUT,T08_2004,2004,FIRST_CUT,2007-09-18,243,2008-09-03,1.1214026626097076,0.12140266260970756
T08_2004_FIRST_CUT,T08_2004,2004,FIRST_CUT,2007-09-18,244,2008-09-04,1.114696895810565,0.11469689581056497
T08_2004_FIRST_CUT,T08_2004,2004,FIRST_CUT,2007-09-18,245,2008-09-05,1.114277716105002,0.11427771610500193
T08_2004_FIRST_CUT,T08_2004,2004,FIRST_CUT,2007-09-18,246,2008-09-08,1.114138046382115,0.11413804638211511
T08_2004_FIRST_CUT,T08_2004,2004,FIRST_CUT,2007-09-18,247,2008-09-09,1.0996088139269302,0.09960881392693022
T08_2004_FIRST_CUT,T08_2004,2004,FIRST_CUT,2007-09-18,248,2008-09-10,1.0588153637036248,0.058815363703624834
T08_2004_FIRST_CUT,T08_2004,2004,FIRST_CUT,2007-09-18,249,2008-09-11,1.0356244767181741,0.03562447671817415
T08_2004_FIRST_CUT,T08_2004,2004,FIRST_CUT,2007-09-18,250,2008-09-12,1.0621682044689706,0.062168204468970645
T08_2004_FIRST_CUT,T08_2004,2004,FIRST_CUT,2007-09-18,251,2008-09-15,1.0940206607162362,0.09402066071623616
T08_2004_FIRST_CUT,T08_2004,2004,FIRST_CUT,2007-09-18,252,2008-09-16,1.0848002420259715,0.08480024202597147
T09_2015_FIRST_HIKE,T09_2015,2015,FIRST_HIKE,2015-12-16,-60,2015-09-21,1.066045676507133,0.06604567650713311
T09_2015_FIRST_HIKE,T09_2015,2015,FIRST_HIKE,2015-12-16,-59,2015-09-22,1.058425039194228,0.058425039194228034
T09_2015_FIRST_HIKE,T09_2015,2015,FIRST_HIKE,2015-12-16,-58,2015-09-23,1.0646344431215407,0.06463444312154065
T09_2015_FIRST_HIKE,T09_2015,2015,FIRST_HIKE,2015-12-16,-57,2015-09-24,1.085520766136187,0.08552076613618698
T09_2015_FIRST_HIKE,T09_2015,2015,FIRST_HIKE,2015-12-16,-56,2015-09-25,1.0781823065925202,0.07818230659252023
T09_2015_FIRST_HIKE,T09_2015,2015,FIRST_HIKE,2015-12-16,-55,2015-09-28,1.0650107949936587,0.0650107949936587
T09_2015_FIRST_HIKE,T09_2015,2015,FIRST_HIKE,2015-12-16,-54,2015-09-29,1.060400742964764,0.06040074296476394
T09_2015_FIRST_HIKE,T09_2015,2015,FIRST_HIKE,2015-12-16,-53,2015-09-30,1.0494872277521434,0.049487227752143426
T09_2015_FIRST_HIKE,T09_2015,2015,FIRST_HIKE,2015-12-16,-52,2015-10-01,1.0482641128793766,0.0482641128793766
T09_2015_FIRST_HIKE,T09_2015,2015,FIRST_HIKE,2015-12-16,-51,2015-10-02,1.0698089655353793,0.0698089655353793
T09_2015_FIRST_HIKE,T09_2015,2015,FIRST_HIKE,2015-12-16,-50,2015-10-05,1.0707497877924408,0.07074978779244079
T09_2015_FIRST_HIKE,T09_2015,2015,FIRST_HIKE,2015-12-16,-49,2015-10-06,1.0789350103367563,0.07893501033675632
T09_2015_FIRST_HIKE,T09_2015,2015,FIRST_HIKE,2015-12-16,-48,2015-10-07,1.081004773363705,0.08100477336370493
T09_2015_FIRST_HIKE,T09_2015,2015,FIRST_HIKE,2015-12-16,-47,2015-10-08,1.0769591917197534,0.0769591917197534
T09_2015_FIRST_HIKE,T09_2015,2015,FIRST_HIKE,2015-12-16,-46,2015-10-09,1.087872821778841,0.08787282177884093
T09_2015_FIRST_HIKE,T09_2015,2015,FIRST_HIKE,2015-12-16,-45,2015-10-12,1.0959638702202767,0.09596387022027675
T09_2015_FIRST_HIKE,T09_2015,2015,FIRST_HIKE,2015-12-16,-44,2015-10-13,1.0968106332209255,0.09681063322092553
T09_2015_FIRST_HIKE,T09_2015,2015,FIRST_HIKE,2015-12-16,-43,2015-10-14,1.1102643225890252,0.11026432258902519
T09_2015_FIRST_HIKE,T09_2015,2015,FIRST_HIKE,2015-12-16,-42,2015-10-15,1.117602782132692,0.11760278213269193
T09_2015_FIRST_HIKE,T09_2015,2015,FIRST_HIKE,2015-12-16,-41,2015-10-16,1.1135572004887406,0.11355720048874063
T09_2015_FIRST_HIKE,T09_2015,2015,FIRST_HIKE,2015-12-16,-40,2015-10-19,1.103866800148887,0.10386680014888694
T09_2015_FIRST_HIKE,T09_2015,2015,FIRST_HIKE,2015-12-16,-39,2015-10-20,1.1082886188184895,0.1082886188184895
T09_2015_FIRST_HIKE,T09_2015,2015,FIRST_HIKE,2015-12-16,-38,2015-10-21,1.098504044375756,0.0985040443757561
T09_2015_FIRST_HIKE,T09_2015,2015,FIRST_HIKE,2015-12-16,-37,2015-10-22,1.0975632221186946,0.09756322211869461
T09_2015_FIRST_HIKE,T09_2015,2015,FIRST_HIKE,2015-12-16,-36,2015-10-23,1.0944585775782716,0.09445857757827159
T09_2015_FIRST_HIKE,T09_2015,2015,FIRST_HIKE,2015-12-16,-35,2015-10-26,1.0979395739908124,0.09793957399081243
T09_2015_FIRST_HIKE,T09_2015,2015,FIRST_HIKE,2015-12-16,-34,2015-10-27,1.097751455477987,0.09775145547798703
T09_2015_FIRST_HIKE,T09_2015,2015,FIRST_HIKE,2015-12-16,-33,2015-10-28,1.1074418558178407,0.10744185581784071
T09_2015_FIRST_HIKE,T09_2015,2015,FIRST_HIKE,2015-12-16,-32,2015-10-29,1.0793112473624074,0.07931124736240736
T09_2015_FIRST_HIKE,T09_2015,2015,FIRST_HIKE,2015-12-16,-31,2015-10-30,1.0739486064357433,0.0739486064357433
T09_2015_FIRST_HIKE,T09_2015,2015,FIRST_HIKE,2015-12-16,-30,2015-11-02,1.0685859655090792,0.06858596550907925
T09_2015_FIRST_HIKE,T09_2015,2015,FIRST_HIKE,2015-12-16,-29,2015-11-03,1.0482641128793766,0.0482641128793766
T09_2015_FIRST_HIKE,T09_2015,2015,FIRST_HIKE,2015-12-16,-28,2015-11-04,1.0410198274385896,0.04101982743858956
T09_2015_FIRST_HIKE,T09_2015,2015,FIRST_HIKE,2015-12-16,-27,2015-11-05,1.0390441236680537,0.039044123668053654
T09_2015_FIRST_HIKE,T09_2015,2015,FIRST_HIKE,2015-12-16,-26,2015-11-06,1.0232382638108333,0.02323826381083327
T09_2015_FIRST_HIKE,T09_2015,2015,FIRST_HIKE,2015-12-16,-25,2015-11-09,1.0235205564265384,0.023520556426538386
T09_2015_FIRST_HIKE,T09_2015,2015,FIRST_HIKE,2015-12-16,-24,2015-11-10,1.0238027341957767,0.02380273419577672
T09_2015_FIRST_HIKE,T09_2015,2015,FIRST_HIKE,2015-12-16,-23,2015-11-11,1.0205098562960613,0.02050985629606128
T09_2015_FIRST_HIKE,T09_2015,2015,FIRST_HIKE,2015-12-16,-22,2015-11-12,1.0168407413706948,0.0168407413706948
T09_2015_FIRST_HIKE,T09_2015,2015,FIRST_HIKE,2015-12-16,-21,2015-11-13,1.0168407413706948,0.0168407413706948
T09_2015_FIRST_HIKE,T09_2015,2015,FIRST_HIKE,2015-12-16,-20,2015-11-16,1.0195690340389998,0.01956903403899979
T09_2015_FIRST_HIKE,T09_2015,2015,FIRST_HIKE,2015-12-16,-19,2015-11-17,1.0054567001830768,0.005456700183076757
T09_2015_FIRST_HIKE,T09_2015,2015,FIRST_HIKE,2015-12-16,-18,2015-11-18,1.0055508742859565,0.005550874285956464
T09_2015_FIRST_HIKE,T09_2015,2015,FIRST_HIKE,2015-12-16,-17,2015-11-19,1.0142063931123357,0.014206393112335736
T09_2015_FIRST_HIKE,T09_2015,2015,FIRST_HIKE,2015-12-16,-16,2015-11-20,1.0127011004703308,0.012701100470330795
T09_2015_FIRST_HIKE,T09_2015,2015,FIRST_HIKE,2015-12-16,-15,2015-11-23,1.0036692297718335,0.003669229771833482
T09_2015_FIRST_HIKE,T09_2015,2015,FIRST_HIKE,2015-12-16,-14,2015-11-24,1.0107253966997949,0.010725396699794887
T09_2015_FIRST_HIKE,T09_2015,2015,FIRST_HIKE,2015-12-16,-13,2015-11-25,1.0071502261843743,0.007150226184374331
T09_2015_FIRST_HIKE,T09_2015,2015,FIRST_HIKE,2015-12-16,-12,2015-11-27,0.9936964219698076,-0.006303578030192436
T09_2015_FIRST_HIKE,T09_2015,2015,FIRST_HIKE,2015-12-16,-11,2015-11-30,1.0027284075147718,0.002728407514771769
T09_2015_FIRST_HIKE,T09_2015,2015,FIRST_HIKE,2015-12-16,-10,2015-12-01,1.0008467630006488,0.000846763000648787
T09_2015_FIRST_HIKE,T09_2015,2015,FIRST_HIKE,2015-12-16,-9,2015-12-02,0.9918147774556845,-0.008185222544315529
T09_2015_FIRST_HIKE,T09_2015,2015,FIRST_HIKE,2015-12-16,-8,2015-12-03,0.998870944383646,-0.0011290556163540133
T09_2015_FIRST_HIKE,T09_2015,2015,FIRST_HIKE,2015-12-16,-7,2015-12-04,1.0203217377832359,0.02032173778323587
T09_2015_FIRST_HIKE,T09_2015,2015,FIRST_HIKE,2015-12-16,-6,2015-12-07,1.0127011004703308,0.012701100470330795
T09_2015_FIRST_HIKE,T09_2015,2015,FIRST_HIKE,2015-12-16,-5,2015-12-08,1.0126070412139179,0.012607041213917869
T09_2015_FIRST_HIKE,T09_2015,2015,FIRST_HIKE,2015-12-16,-4,2015-12-09,1.013830041240218,0.013830041240217916
T09_2015_FIRST_HIKE,T09_2015,2015,FIRST_HIKE,2015-12-16,-3,2015-12-10,1.009596341083441,0.009596341083440985
T09_2015_FIRST_HIKE,T09_2015,2015,FIRST_HIKE,2015-12-16,-2,2015-12-11,1.0131715115988615,0.01317151159886154
T09_2015_FIRST_HIKE,T09_2015,2015,FIRST_HIKE,2015-12-16,-1,2015-12-14,1.0016934111548306,0.0016934111548305708
T09_2015_FIRST_HIKE,T09_2015,2015,FIRST_HIKE,2015-12-16,0,2015-12-15,1.0,0.0
T09_2015_FIRST_HIKE,T09_2015,2015,FIRST_HIKE,2015-12-16,1,2015-12-16,1.0142063931123357,0.014206393112335736
T09_2015_FIRST_HIKE,T09_2015,2015,FIRST_HIKE,2015-12-16,2,2015-12-17,0.9886160736588488,-0.011383926341151152
T09_2015_FIRST_HIKE,T09_2015,2015,FIRST_HIKE,2015-12-16,3,2015-12-18,1.0031046445404228,0.0031046445404228074
T09_2015_FIRST_HIKE,T09_2015,2015,FIRST_HIKE,2015-12-16,4,2015-12-21,1.0178756228841692,0.017875622884169218
T09_2015_FIRST_HIKE,T09_2015,2015,FIRST_HIKE,2015-12-16,5,2015-12-22,1.0111958078283256,0.011195807828325632
T09_2015_FIRST_HIKE,T09_2015,2015,FIRST_HIKE,2015-12-16,6,2015-12-23,1.0061153446709,0.006115344670899914
T09_2015_FIRST_HIKE,T09_2015,2015,FIRST_HIKE,2015-12-16,7,2015-12-24,1.0134536893680999,0.013453689368099875
T09_2015_FIRST_HIKE,T09_2015,2015,FIRST_HIKE,2015-12-16,8,2015-12-28,1.0071502261843743,0.007150226184374331
T09_2015_FIRST_HIKE,T09_2015,2015,FIRST_HIKE,2015-12-16,9,2015-12-29,1.013735981983805,0.01373598198380499
T09_2015_FIRST_HIKE,T09_2015,2015,FIRST_HIKE,2015-12-16,10,2015-12-30,0.9973656517416409,-0.002634348258359065
T09_2015_FIRST_HIKE,T09_2015,2015,FIRST_HIKE,2015-12-16,11,2015-12-31,0.9975538851009333,-0.0024461148990666537
T09_2015_FIRST_HIKE,T09_2015,2015,FIRST_HIKE,2015-12-16,12,2016-01-04,1.011477985597564,0.011477985597563967
T09_2015_FIRST_HIKE,T09_2015,2015,FIRST_HIKE,2015-12-16,13,2016-01-05,1.0145827449844538,0.014582744984453777
T09_2015_FIRST_HIKE,T09_2015,2015,FIRST_HIKE,2015-12-16,14,2016-01-06,1.0272838454547846,0.027283845454784572
T09_2015_FIRST_HIKE,T09_2015,2015,FIRST_HIKE,2015-12-16,15,2016-01-07,1.0421487682084767,0.042148768208476683
T09_2015_FIRST_HIKE,T09_2015,2015,FIRST_HIKE,2015-12-16,16,2016-01-08,1.032834719740741,0.032834719740741036
T09_2015_FIRST_HIKE,T09_2015,2015,FIRST_HIKE,2015-12-16,17,2016-01-11,1.0316116048679742,0.03161160486797421
T09_2015_FIRST_HIKE,T09_2015,2015,FIRST_HIKE,2015-12-16,18,2016-01-12,1.02135661929671,0.021356619296710067
T09_2015_FIRST_HIKE,T09_2015,2015,FIRST_HIKE,2015-12-16,19,2016-01-13,1.0231442045544203,0.023144204554420345
T09_2015_FIRST_HIKE,T09_2015,2015,FIRST_HIKE,2015-12-16,20,2016-01-14,1.0103490448276768,0.010349044827676845
T09_2015_FIRST_HIKE,T09_2015,2015,FIRST_HIKE,2015-12-16,21,2016-01-15,1.0269074935826665,0.02690749358266653
T09_2015_FIRST_HIKE,T09_2015,2015,FIRST_HIKE,2015-12-16,22,2016-01-19,1.0254022009406614,0.025402200940661368
T09_2015_FIRST_HIKE,T09_2015,2015,FIRST_HIKE,2015-12-16,23,2016-01-20,1.041584297823533,0.04158429782353301
T09_2015_FIRST_HIKE,T09_2015,2015,FIRST_HIKE,2015-12-16,24,2016-01-21,1.0340577197670409,0.03405771976704086
T09_2015_FIRST_HIKE,T09_2015,2015,FIRST_HIKE,2015-12-16,25,2016-01-22,1.0322701345093306,0.032270134509330584
T09_2015_FIRST_HIKE,T09_2015,2015,FIRST_HIKE,2015-12-16,26,2016-01-25,1.0407375348228844,0.04073753482288445
T09_2015_FIRST_HIKE,T09_2015,2015,FIRST_HIKE,2015-12-16,27,2016-01-26,1.0553202798073382,0.055320279807338224
T09_2015_FIRST_HIKE,T09_2015,2015,FIRST_HIKE,2015-12-16,28,2016-01-27,1.0500516981370869,0.050051698137086875
T09_2015_FIRST_HIKE,T09_2015,2015,FIRST_HIKE,2015-12-16,29,2016-01-28,1.0495812870085561,0.04958128700855613
T09_2015_FIRST_HIKE,T09_2015,2015,FIRST_HIKE,2015-12-16,30,2016-01-29,1.0503339907527922,0.05033399075279221
T09_2015_FIRST_HIKE,T09_2015,2015,FIRST_HIKE,2015-12-16,31,2016-02-01,1.0611534467089998,0.061153446708999804
T09_2015_FIRST_HIKE,T09_2015,2015,FIRST_HIKE,2015-12-16,32,2016-02-02,1.0605889763240564,0.060588976324056354
T09_2015_FIRST_HIKE,T09_2015,2015,FIRST_HIKE,2015-12-16,33,2016-02-03,1.073760487922918,0.0737604879229179
T09_2015_FIRST_HIKE,T09_2015,2015,FIRST_HIKE,2015-12-16,34,2016-02-04,1.0890958218051408,0.08909582180514075
T09_2015_FIRST_HIKE,T09_2015,2015,FIRST_HIKE,2015-12-16,35,2016-02-05,1.0892840551644332,0.08928405516443316
T09_2015_FIRST_HIKE,T09_2015,2015,FIRST_HIKE,2015-12-16,36,2016-02-08,1.1270110047033073,0.12701100470330728
T09_2015_FIRST_HIKE,T09_2015,2015,FIRST_HIKE,2015-12-16,37,2016-02-09,1.1277635936010764,0.12776359360107636
T09_2015_FIRST_HIKE,T09_2015,2015,FIRST_HIKE,2015-12-16,38,2016-02-10,1.1240003045728304,0.1240003045728304
T09_2015_FIRST_HIKE,T09_2015,2015,FIRST_HIKE,2015-12-16,39,2016-02-11,1.174052117556384,0.17405211755638406
T09_2015_FIRST_HIKE,T09_2015,2015,FIRST_HIKE,2015-12-16,40,2016-02-12,1.1657728357556558,0.16577283575565582
T09_2015_FIRST_HIKE,T09_2015,2015,FIRST_HIKE,2015-12-16,41,2016-02-16,1.1364192272739226,0.13641922727392264
T09_2015_FIRST_HIKE,T09_2015,2015,FIRST_HIKE,2015-12-16,42,2016-02-17,1.139429812557933,0.13942981255793296
T09_2015_FIRST_HIKE,T09_2015,2015,FIRST_HIKE,2015-12-16,43,2016-02-18,1.153542146413856,0.153542146413856
T09_2015_FIRST_HIKE,T09_2015,2015,FIRST_HIKE,2015-12-16,44,2016-02-19,1.1575877280578073,0.1575877280578073
T09_2015_FIRST_HIKE,T09_2015,2015,FIRST_HIKE,2015-12-16,45,2016-02-22,1.1379245199159278,0.1379245199159278
T09_2015_FIRST_HIKE,T09_2015,2015,FIRST_HIKE,2015-12-16,46,2016-02-23,1.1499670907449022,0.14996709074490222
T09_2015_FIRST_HIKE,T09_2015,2015,FIRST_HIKE,2015-12-16,47,2016-02-24,1.1653964838835378,0.16539648388353778
T09_2015_FIRST_HIKE,T09_2015,2015,FIRST_HIKE,2015-12-16,48,2016-02-25,1.164926072755007,0.16492607275500704
T09_2015_FIRST_HIKE,T09_2015,2015,FIRST_HIKE,2015-12-16,49,2016-02-26,1.1476150351022485,0.1476150351022485
T09_2015_FIRST_HIKE,T09_2015,2015,FIRST_HIKE,2015-12-16,50,2016-02-29,1.1608806059575227,0.16088060595752274
T09_2015_FIRST_HIKE,T09_2015,2015,FIRST_HIKE,2015-12-16,51,2016-03-01,1.1574936688013946,0.1574936688013946
T09_2015_FIRST_HIKE,T09_2015,2015,FIRST_HIKE,2015-12-16,52,2016-03-02,1.167654480269779,0.16765448026977903
T09_2015_FIRST_HIKE,T09_2015,2015,FIRST_HIKE,2015-12-16,53,2016-03-03,1.1829899289984687,0.18298992899846867
T09_2015_FIRST_HIKE,T09_2015,2015,FIRST_HIKE,2015-12-16,54,2016-03-04,1.194750207211738,0.19475020721173797
T09_2015_FIRST_HIKE,T09_2015,2015,FIRST_HIKE,2015-12-16,55,2016-03-07,1.1884466291815454,0.18844662918154542
T09_2015_FIRST_HIKE,T09_2015,2015,FIRST_HIKE,2015-12-16,56,2016-03-08,1.1874117476680712,0.18741174766807123
T09_2015_FIRST_HIKE,T09_2015,2015,FIRST_HIKE,2015-12-16,57,2016-03-09,1.1822372252542328,0.1822372252542328
T09_2015_FIRST_HIKE,T09_2015,2015,FIRST_HIKE,2015-12-16,58,2016-03-10,1.1967259109822739,0.19672591098227388
T09_2015_FIRST_HIKE,T09_2015,2015,FIRST_HIKE,2015-12-16,59,2016-03-11,1.1842129290247685,0.1842129290247685
T09_2015_FIRST_HIKE,T09_2015,2015,FIRST_HIKE,2015-12-16,60,2016-03-14,1.1707592396566688,0.17075923965666884
T09_2015_FIRST_HIKE,T09_2015,2015,FIRST_HIKE,2015-12-16,61,2016-03-15,1.1575877280578073,0.1575877280578073
T09_2015_FIRST_HIKE,T09_2015,2015,FIRST_HIKE,2015-12-16,62,2016-03-16,1.1565528465443329,0.15655284654433288
T09_2015_FIRST_HIKE,T09_2015,2015,FIRST_HIKE,2015-12-16,63,2016-03-17,1.1896697440543123,0.18966974405431225
T09_2015_FIRST_HIKE,T09_2015,2015,FIRST_HIKE,2015-12-16,64,2016-03-18,1.1796029918423405,0.17960299184234052
T09_2015_FIRST_HIKE,T09_2015,2015,FIRST_HIKE,2015-12-16,65,2016-03-21,1.1701947692717252,0.17019476927172517
T09_2015_FIRST_HIKE,T09_2015,2015,FIRST_HIKE,2015-12-16,66,2016-03-22,1.1743342953256224,0.1743342953256224
T09_2015_FIRST_HIKE,T09_2015,2015,FIRST_HIKE,2015-12-16,67,2016-03-23,1.1512841500276147,0.15128415002761475
T09_2015_FIRST_HIKE,T09_2015,2015,FIRST_HIKE,2015-12-16,68,2016-03-24,1.1491203277442534,0.14912032774425343
T09_2015_FIRST_HIKE,T09_2015,2015,FIRST_HIKE,2015-12-16,69,2016-03-28,1.1477090943586612,0.1477090943586612
T09_2015_FIRST_HIKE,T09_2015,2015,FIRST_HIKE,2015-12-16,70,2016-03-29,1.1624799578559406,0.1624799578559406
T09_2015_FIRST_HIKE,T09_2015,2015,FIRST_HIKE,2015-12-16,71,2016-03-30,1.1542948501580919,0.15429485015809186
T09_2015_FIRST_HIKE,T09_2015,2015,FIRST_HIKE,2015-12-16,72,2016-03-31,1.161162783726761,0.16116278372676107
T09_2015_FIRST_HIKE,T09_2015,2015,FIRST_HIKE,2015-12-16,73,2016-04-01,1.1498729166420225,0.1498729166420225
T09_2015_FIRST_HIKE,T09_2015,2015,FIRST_HIKE,2015-12-16,74,2016-04-04,1.145921509100951,0.14592150910095092
T09_2015_FIRST_HIKE,T09_2015,2015,FIRST_HIKE,2015-12-16,75,2016-04-05,1.1557060835436843,0.15570608354368431
T09_2015_FIRST_HIKE,T09_2015,2015,FIRST_HIKE,2015-12-16,76,2016-04-06,1.1501552092577279,0.15015520925772785
T09_2015_FIRST_HIKE,T09_2015,2015,FIRST_HIKE,2015-12-16,77,2016-04-07,1.163044428240884,0.16304442824088405
T09_2015_FIRST_HIKE,T09_2015,2015,FIRST_HIKE,2015-12-16,78,2016-04-08,1.1689716543989586,0.16897165439895856
T09_2015_FIRST_HIKE,T09_2015,2015,FIRST_HIKE,2015-12-16,79,2016-04-11,1.1823312845106455,0.1823312845106455
T09_2015_FIRST_HIKE,T09_2015,2015,FIRST_HIKE,2015-12-16,80,2016-04-12,1.1848715735125919,0.18487157351259187
T09_2015_FIRST_HIKE,T09_2015,2015,FIRST_HIKE,2015-12-16,81,2016-04-13,1.1730172360429099,0.17301723604290986
T09_2015_FIRST_HIKE,T09_2015,2015,FIRST_HIKE,2015-12-16,82,2016-04-14,1.1525072649003816,0.15250726490038158
T09_2015_FIRST_HIKE,T09_2015,2015,FIRST_HIKE,2015-12-16,83,2016-04-15,1.1601279022132867,0.16012790221328665
T09_2015_FIRST_HIKE,T09_2015,2015,FIRST_HIKE,2015-12-16,84,2016-04-18,1.1605983133418174,0.1605983133418174
T09_2015_FIRST_HIKE,T09_2015,2015,FIRST_HIKE,2015-12-16,85,2016-04-19,1.1788502880981047,0.17885028809810466
T09_2015_FIRST_HIKE,T09_2015,2015,FIRST_HIKE,2015-12-16,86,2016-04-20,1.17903840661093,0.17903840661093007
T09_2015_FIRST_HIKE,T09_2015,2015,FIRST_HIKE,2015-12-16,87,2016-04-21,1.1750869990698585,0.17508699906985847
T09_2015_FIRST_HIKE,T09_2015,2015,FIRST_HIKE,2015-12-16,88,2016-04-22,1.1559882613129224,0.15598826131292243
T09_2015_FIRST_HIKE,T09_2015,2015,FIRST_HIKE,2015-12-16,89,2016-04-25,1.1655847172428304,0.16558471724283041
T09_2015_FIRST_HIKE,T09_2015,2015,FIRST_HIKE,2015-12-16,90,2016-04-26,1.1686893617832532,0.16868936178325322
T09_2015_FIRST_HIKE,T09_2015,2015,FIRST_HIKE,2015-12-16,91,2016-04-27,1.175275117582684,0.1752751175826841
T09_2015_FIRST_HIKE,T09_2015,2015,FIRST_HIKE,2015-12-16,92,2016-04-28,1.1906105663113737,0.19061056631137374
T09_2015_FIRST_HIKE,T09_2015,2015,FIRST_HIKE,2015-12-16,93,2016-04-29,1.2129080078651455,0.21290800786514552
T09_2015_FIRST_HIKE,T09_2015,2015,FIRST_HIKE,2015-12-16,94,2016-05-02,1.218082530278984,0.21808253027898394
T09_2015_FIRST_HIKE,T09_2015,2015,FIRST_HIKE,2015-12-16,95,2016-05-03,1.2143192412507378,0.21431924125073776
T09_2015_FIRST_HIKE,T09_2015,2015,FIRST_HIKE,2015-12-16,96,2016-05-04,1.1979490258550405,0.19794902585504048
T09_2015_FIRST_HIKE,T09_2015,2015,FIRST_HIKE,2015-12-16,97,2016-05-05,1.1961614405973302,0.1961614405973302
T09_2015_FIRST_HIKE,T09_2015,2015,FIRST_HIKE,2015-12-16,98,2016-05-06,1.2163891191241534,0.21638911912415337
T09_2015_FIRST_HIKE,T09_2015,2015,FIRST_HIKE,2015-12-16,99,2016-05-09,1.1907046255677867,0.19070462556778667
T09_2015_FIRST_HIKE,T09_2015,2015,FIRST_HIKE,2015-12-16,100,2016-05-10,1.1891052736693688,0.1891052736693688
T09_2015_FIRST_HIKE,T09_2015,2015,FIRST_HIKE,2015-12-16,101,2016-05-11,1.1991720258813403,0.1991720258813403
T09_2015_FIRST_HIKE,T09_2015,2015,FIRST_HIKE,2015-12-16,102,2016-05-12,1.195126559083856,0.195126559083856
T09_2015_FIRST_HIKE,T09_2015,2015,FIRST_HIKE,2015-12-16,103,2016-05-13,1.196631851725861,0.19663185172586095
T09_2015_FIRST_HIKE,T09_2015,2015,FIRST_HIKE,2015-12-16,104,2016-05-16,1.1980430851114534,0.1980430851114534
T09_2015_FIRST_HIKE,T09_2015,2015,FIRST_HIKE,2015-12-16,105,2016-05-17,1.2006773185233455,0.20067731852334547
T09_2015_FIRST_HIKE,T09_2015,2015,FIRST_HIKE,2015-12-16,106,2016-05-18,1.1983252628806917,0.19832526288069174
T09_2015_FIRST_HIKE,T09_2015,2015,FIRST_HIKE,2015-12-16,107,2016-05-19,1.1799792288679918,0.17997922886799178
T09_2015_FIRST_HIKE,T09_2015,2015,FIRST_HIKE,2015-12-16,108,2016-05-20,1.178285817713161,0.178285817713161
T09_2015_FIRST_HIKE,T09_2015,2015,FIRST_HIKE,2015-12-16,109,2016-05-23,1.1770627028403944,0.17706270284039438
T09_2015_FIRST_HIKE,T09_2015,2015,FIRST_HIKE,2015-12-16,110,2016-05-24,1.156176494672215,0.15617649467221506
T09_2015_FIRST_HIKE,T09_2015,2015,FIRST_HIKE,2015-12-16,111,2016-05-25,1.1510960315147893,0.15109603151478934
T09_2015_FIRST_HIKE,T09_2015,2015,FIRST_HIKE,2015-12-16,112,2016-05-26,1.1478972128714866,0.1478972128714866
T09_2015_FIRST_HIKE,T09_2015,2015,FIRST_HIKE,2015-12-16,113,2016-05-27,1.141970101559879,0.1419701015598791
T09_2015_FIRST_HIKE,T09_2015,2015,FIRST_HIKE,2015-12-16,114,2016-05-31,1.1429109238169406,0.1429109238169406
T09_2015_FIRST_HIKE,T09_2015,2015,FIRST_HIKE,2015-12-16,115,2016-06-01,1.1401825163021688,0.14018251630216882
T09_2015_FIRST_HIKE,T09_2015,2015,FIRST_HIKE,2015-12-16,116,2016-06-02,1.138206812531633,0.13820681253163292
T09_2015_FIRST_HIKE,T09_2015,2015,FIRST_HIKE,2015-12-16,117,2016-06-03,1.1667136580127173,0.16671365801271731
T09_2015_FIRST_HIKE,T09_2015,2015,FIRST_HIKE,2015-12-16,118,2016-06-06,1.1709473581694942,0.17094735816949425
T09_2015_FIRST_HIKE,T09_2015,2015,FIRST_HIKE,2015-12-16,119,2016-06-07,1.1707592396566688,0.17075923965666884
T09_2015_FIRST_HIKE,T09_2015,2015,FIRST_HIKE,2015-12-16,120,2016-06-08,1.18524792538471,0.1852479253847099
T09_2015_FIRST_HIKE,T09_2015,2015,FIRST_HIKE,2015-12-16,121,2016-06-09,1.1950323849809763,0.1950323849809763
T09_2015_FIRST_HIKE,T09_2015,2015,FIRST_HIKE,2015-12-16,122,2016-06-10,1.1980430851114534,0.1980430851114534
T09_2015_FIRST_HIKE,T09_2015,2015,FIRST_HIKE,2015-12-16,123,2016-06-13,1.2083921299391303,0.20839212993913026
T09_2015_FIRST_HIKE,T09_2015,2015,FIRST_HIKE,2015-12-16,124,2016-06-14,1.2095210707090174,0.20952107070901738
T09_2015_FIRST_HIKE,T09_2015,2015,FIRST_HIKE,2015-12-16,125,2016-06-15,1.2097093040683098,0.2097093040683098
T09_2015_FIRST_HIKE,T09_2015,2015,FIRST_HIKE,2015-12-16,126,2016-06-16,1.2193997044081635,0.21939970440816348
T09_2015_FIRST_HIKE,T09_2015,2015,FIRST_HIKE,2015-12-16,127,2016-06-17,1.2160127672520353,0.21601276725203533
T09_2015_FIRST_HIKE,T09_2015,2015,FIRST_HIKE,2015-12-16,128,2016-06-20,1.2136607116093814,0.21366071160938138
T09_2015_FIRST_HIKE,T09_2015,2015,FIRST_HIKE,2015-12-16,129,2016-06-21,1.1953146775966814,0.19531467759668142
T09_2015_FIRST_HIKE,T09_2015,2015,FIRST_HIKE,2015-12-16,130,2016-06-22,1.1929626219540277,0.1929626219540277
T09_2015_FIRST_HIKE,T09_2015,2015,FIRST_HIKE,2015-12-16,131,2016-06-23,1.1865649846674224,0.18656498466742244
T09_2015_FIRST_HIKE,T09_2015,2015,FIRST_HIKE,2015-12-16,132,2016-06-24,1.2418853793212274,0.24188537932122745
T09_2015_FIRST_HIKE,T09_2015,2015,FIRST_HIKE,2015-12-16,133,2016-06-27,1.2442374349638814,0.2442374349638814
T09_2015_FIRST_HIKE,T09_2015,2015,FIRST_HIKE,2015-12-16,134,2016-06-28,1.237463560651625,0.2374635606516251
T09_2015_FIRST_HIKE,T09_2015,2015,FIRST_HIKE,2015-12-16,135,2016-06-29,1.245554609093061,0.24555460909306093
T09_2015_FIRST_HIKE,T09_2015,2015,FIRST_HIKE,2015-12-16,136,2016-06-30,1.2403800866792225,0.2403800866792225
T09_2015_FIRST_HIKE,T09_2015,2015,FIRST_HIKE,2015-12-16,137,2016-07-01,1.2575970650755683,0.25759706507556834
T09_2015_FIRST_HIKE,T09_2015,2015,FIRST_HIKE,2015-12-16,138,2016-07-05,1.2761313324475607,0.2761313324475607
T09_2015_FIRST_HIKE,T09_2015,2015,FIRST_HIKE,2015-12-16,139,2016-07-06,1.2841283216325838,0.28412832163258384
T09_2015_FIRST_HIKE,T09_2015,2015,FIRST_HIKE,2015-12-16,140,2016-07-07,1.2796123288601018,0.2796123288601018
T09_2015_FIRST_HIKE,T09_2015,2015,FIRST_HIKE,2015-12-16,141,2016-07-08,1.2763194509603863,0.27631945096038635
T09_2015_FIRST_HIKE,T09_2015,2015,FIRST_HIKE,2015-12-16,142,2016-07-11,1.2748141583183812,0.2748141583183812
T09_2015_FIRST_HIKE,T09_2015,2015,FIRST_HIKE,2015-12-16,143,2016-07-12,1.2551509501765017,0.2551509501765017
T09_2015_FIRST_HIKE,T09_2015,2015,FIRST_HIKE,2015-12-16,144,2016-07-13,1.2629598208486994,0.2629598208486994
T09_2015_FIRST_HIKE,T09_2015,2015,FIRST_HIKE,2015-12-16,145,2016-07-14,1.2525167167646096,0.25251671676460963
T09_2015_FIRST_HIKE,T09_2015,2015,FIRST_HIKE,2015-12-16,146,2016-07-15,1.2480007239921276,0.24800072399212758
T09_2015_FIRST_HIKE,T09_2015,2015,FIRST_HIKE,2015-12-16,147,2016-07-18,1.2497883092498379,0.24978830924983786
T09_2015_FIRST_HIKE,T09_2015,2015,FIRST_HIKE,2015-12-16,148,2016-07-19,1.2527048352774353,0.25270483527743526
T09_2015_FIRST_HIKE,T09_2015,2015,FIRST_HIKE,2015-12-16,149,2016-07-20,1.2407564385513405,0.24075643855134055
T09_2015_FIRST_HIKE,T09_2015,2015,FIRST_HIKE,2015-12-16,150,2016-07-21,1.2517640130203735,0.25176401302037354
T09_2015_FIRST_HIKE,T09_2015,2015,FIRST_HIKE,2015-12-16,151,2016-07-22,1.2448019053488248,0.24480190534882484
T09_2015_FIRST_HIKE,T09_2015,2015,FIRST_HIKE,2015-12-16,152,2016-07-25,1.2412268496798713,0.2412268496798713
T09_2015_FIRST_HIKE,T09_2015,2015,FIRST_HIKE,2015-12-16,153,2016-07-26,1.2425439089625838,0.24254390896258382
T09_2015_FIRST_HIKE,T09_2015,2015,FIRST_HIKE,2015-12-16,154,2016-07-27,1.2480947832485403,0.24809478324854028
T09_2015_FIRST_HIKE,T09_2015,2015,FIRST_HIKE,2015-12-16,155,2016-07-28,1.2534575390216711,0.2534575390216711
T09_2015_FIRST_HIKE,T09_2015,2015,FIRST_HIKE,2015-12-16,156,2016-07-29,1.269169224776012,0.269169224776012
T09_2015_FIRST_HIKE,T09_2015,2015,FIRST_HIKE,2015-12-16,157,2016-08-01,1.271427221162253,0.27142722116225304
T09_2015_FIRST_HIKE,T09_2015,2015,FIRST_HIKE,2015-12-16,158,2016-08-02,1.283657910504053,0.2836579105040531
T09_2015_FIRST_HIKE,T09_2015,2015,FIRST_HIKE,2015-12-16,159,2016-08-03,1.2758490398318556,0.2758490398318556
T09_2015_FIRST_HIKE,T09_2015,2015,FIRST_HIKE,2015-12-16,160,2016-08-04,1.278389328833802,0.27838932883380196
T09_2015_FIRST_HIKE,T09_2015,2015,FIRST_HIKE,2015-12-16,161,2016-08-05,1.25731488730633,0.25731488730633
T09_2015_FIRST_HIKE,T09_2015,2015,FIRST_HIKE,2015-12-16,162,2016-08-08,1.2544924205351455,0.25449242053514554
T09_2015_FIRST_HIKE,T09_2015,2015,FIRST_HIKE,2015-12-16,163,2016-08-09,1.2597610022053967,0.25976100220539666
T09_2015_FIRST_HIKE,T09_2015,2015,FIRST_HIKE,2015-12-16,164,2016-08-10,1.2647474061064097,0.2647474061064097
T09_2015_FIRST_HIKE,T09_2015,2015,FIRST_HIKE,2015-12-16,165,2016-08-11,1.263053880105112,0.2630538801051121
T09_2015_FIRST_HIKE,T09_2015,2015,FIRST_HIKE,2015-12-16,166,2016-08-12,1.2567504169213866,0.25675041692138656
T09_2015_FIRST_HIKE,T09_2015,2015,FIRST_HIKE,2015-12-16,167,2016-08-15,1.2609841170781635,0.2609841170781635
T09_2015_FIRST_HIKE,T09_2015,2015,FIRST_HIKE,2015-12-16,168,2016-08-16,1.2705804581616045,0.2705804581616045
T09_2015_FIRST_HIKE,T09_2015,2015,FIRST_HIKE,2015-12-16,169,2016-08-17,1.2632419986179375,0.2632419986179375
T09_2015_FIRST_HIKE,T09_2015,2015,FIRST_HIKE,2015-12-16,170,2016-08-18,1.2712389878029606,0.27123898780296063
T09_2015_FIRST_HIKE,T09_2015,2015,FIRST_HIKE,2015-12-16,171,2016-08-19,1.2610781763345762,0.2610781763345762
T09_2015_FIRST_HIKE,T09_2015,2015,FIRST_HIKE,2015-12-16,172,2016-08-22,1.2585378873326298,0.25853788733262983
T09_2015_FIRST_HIKE,T09_2015,2015,FIRST_HIKE,2015-12-16,173,2016-08-23,1.2612662948474018,0.2612662948474018
T09_2015_FIRST_HIKE,T09_2015,2015,FIRST_HIKE,2015-12-16,174,2016-08-24,1.2460250202215917,0.24602502022159167
T09_2015_FIRST_HIKE,T09_2015,2015,FIRST_HIKE,2015-12-16,175,2016-08-25,1.2419794385776404,0.24197943857764037
T09_2015_FIRST_HIKE,T09_2015,2015,FIRST_HIKE,2015-12-16,176,2016-08-26,1.24329661270682,0.2432966127068199
T09_2015_FIRST_HIKE,T09_2015,2015,FIRST_HIKE,2015-12-16,177,2016-08-29,1.2446137868359994,0.24461378683599944
T09_2015_FIRST_HIKE,T09_2015,2015,FIRST_HIKE,2015-12-16,178,2016-08-30,1.23407650864903,0.23407650864902996
T09_2015_FIRST_HIKE,T09_2015,2015,FIRST_HIKE,2015-12-16,179,2016-08-31,1.2295606307230147,0.2295606307230147
T09_2015_FIRST_HIKE,T09_2015,2015,FIRST_HIKE,2015-12-16,180,2016-09-01,1.2345469197775607,0.2345469197775607
T09_2015_FIRST_HIKE,T09_2015,2015,FIRST_HIKE,2015-12-16,181,2016-09-02,1.2438610830917634,0.24386108309176335
T09_2015_FIRST_HIKE,T09_2015,2015,FIRST_HIKE,2015-12-16,182,2016-09-06,1.26954557664813,0.26954557664813006
T09_2015_FIRST_HIKE,T09_2015,2015,FIRST_HIKE,2015-12-16,183,2016-09-07,1.2647474061064097,0.2647474061064097
T09_2015_FIRST_HIKE,T09_2015,2015,FIRST_HIKE,2015-12-16,184,2016-09-08,1.257691239178448,0.25769123917844805
T09_2015_FIRST_HIKE,T09_2015,2015,FIRST_HIKE,2015-12-16,185,2016-09-09,1.2513876611482557,0.2513876611482557
T09_2015_FIRST_HIKE,T09_2015,2015,FIRST_HIKE,2015-12-16,186,2016-09-12,1.2428262015782892,0.24282620157828916
T09_2015_FIRST_HIKE,T09_2015,2015,FIRST_HIKE,2015-12-16,187,2016-09-13,1.240944557064166,0.24094455706416595
T09_2015_FIRST_HIKE,T09_2015,2015,FIRST_HIKE,2015-12-16,188,2016-09-14,1.24329661270682,0.2432966127068199
T09_2015_FIRST_HIKE,T09_2015,2015,FIRST_HIKE,2015-12-16,189,2016-09-15,1.2357700346503275,0.23577003465032753
T09_2015_FIRST_HIKE,T09_2015,2015,FIRST_HIKE,2015-12-16,190,2016-09-16,1.2285257492095405,0.2285257492095405
T09_2015_FIRST_HIKE,T09_2015,2015,FIRST_HIKE,2015-12-16,191,2016-09-19,1.2357700346503275,0.23577003465032753
T09_2015_FIRST_HIKE,T09_2015,2015,FIRST_HIKE,2015-12-16,192,2016-09-20,1.2359581531631532,0.23595815316315316
T09_2015_FIRST_HIKE,T09_2015,2015,FIRST_HIKE,2015-12-16,193,2016-09-21,1.2483770758642454,0.2483770758642454
T09_2015_FIRST_HIKE,T09_2015,2015,FIRST_HIKE,2015-12-16,194,2016-09-22,1.2610781763345762,0.2610781763345762
T09_2015_FIRST_HIKE,T09_2015,2015,FIRST_HIKE,2015-12-16,195,2016-09-23,1.258067476204099,0.2580674762040991
T09_2015_FIRST_HIKE,T09_2015,2015,FIRST_HIKE,2015-12-16,196,2016-09-26,1.260419531846753,0.26041953184675304
T09_2015_FIRST_HIKE,T09_2015,2015,FIRST_HIKE,2015-12-16,197,2016-09-27,1.247436253607184,0.2474362536071839
T09_2015_FIRST_HIKE,T09_2015,2015,FIRST_HIKE,2015-12-16,198,2016-09-28,1.241320908936284,0.241320908936284
T09_2015_FIRST_HIKE,T09_2015,2015,FIRST_HIKE,2015-12-16,199,2016-09-29,1.2434847312196453,0.2434847312196453
T09_2015_FIRST_HIKE,T09_2015,2015,FIRST_HIKE,2015-12-16,200,2016-09-30,1.235581916137502,0.2355819161375019
T09_2015_FIRST_HIKE,T09_2015,2015,FIRST_HIKE,2015-12-16,201,2016-10-03,1.2315363344935506,0.2315363344935506
T09_2015_FIRST_HIKE,T09_2015,2015,FIRST_HIKE,2015-12-16,202,2016-10-04,1.1913632700556098,0.19136327005560982
T09_2015_FIRST_HIKE,T09_2015,2015,FIRST_HIKE,2015-12-16,203,2016-10-05,1.1903282736956686,0.19032827369566863
T09_2015_FIRST_HIKE,T09_2015,2015,FIRST_HIKE,2015-12-16,204,2016-10-06,1.1758397028140946,0.17583970281409456
T09_2015_FIRST_HIKE,T09_2015,2015,FIRST_HIKE,2015-12-16,205,2016-10-07,1.1749929398134458,0.17499293981344577
T09_2015_FIRST_HIKE,T09_2015,2015,FIRST_HIKE,2015-12-16,206,2016-10-11,1.1788502880981047,0.17885028809810466
T09_2015_FIRST_HIKE,T09_2015,2015,FIRST_HIKE,2015-12-16,207,2016-10-12,1.1770627028403944,0.17706270284039438
T09_2015_FIRST_HIKE,T09_2015,2015,FIRST_HIKE,2015-12-16,208,2016-10-13,1.1807319326122276,0.18073193261222764
T09_2015_FIRST_HIKE,T09_2015,2015,FIRST_HIKE,2015-12-16,209,2016-10-14,1.1789443473545174,0.17894434735451736
T09_2015_FIRST_HIKE,T09_2015,2015,FIRST_HIKE,2015-12-16,210,2016-10-17,1.1801674622272842,0.1801674622272842
T09_2015_FIRST_HIKE,T09_2015,2015,FIRST_HIKE,2015-12-16,211,2016-10-18,1.1861887476417714,0.1861887476417714
T09_2015_FIRST_HIKE,T09_2015,2015,FIRST_HIKE,2015-12-16,212,2016-10-19,1.192868562697615,0.192868562697615
T09_2015_FIRST_HIKE,T09_2015,2015,FIRST_HIKE,2015-12-16,213,2016-10-20,1.1907046255677867,0.19070462556778667
T09_2015_FIRST_HIKE,T09_2015,2015,FIRST_HIKE,2015-12-16,214,2016-10-21,1.1909869181834918,0.19098691818349178
T09_2015_FIRST_HIKE,T09_2015,2015,FIRST_HIKE,2015-12-16,215,2016-10-24,1.1873176884116585,0.18731768841165852
T09_2015_FIRST_HIKE,T09_2015,2015,FIRST_HIKE,2015-12-16,216,2016-10-25,1.196631851725861,0.19663185172586095
T09_2015_FIRST_HIKE,T09_2015,2015,FIRST_HIKE,2015-12-16,217,2016-10-26,1.1899520366700176,0.1899520366700176
T09_2015_FIRST_HIKE,T09_2015,2015,FIRST_HIKE,2015-12-16,218,2016-10-27,1.192868562697615,0.192868562697615
T09_2015_FIRST_HIKE,T09_2015,2015,FIRST_HIKE,2015-12-16,219,2016-10-28,1.200018788881989,0.2000187888819891
T09_2015_FIRST_HIKE,T09_2015,2015,FIRST_HIKE,2015-12-16,220,2016-10-31,1.1962554998537431,0.19625549985374313
T09_2015_FIRST_HIKE,T09_2015,2015,FIRST_HIKE,2015-12-16,221,2016-11-01,1.2102737744532532,0.21027377445325324
T09_2015_FIRST_HIKE,T09_2015,2015,FIRST_HIKE,2015-12-16,222,2016-11-02,1.229466571466602,0.229466571466602
T09_2015_FIRST_HIKE,T09_2015,2015,FIRST_HIKE,2015-12-16,223,2016-11-03,1.2250446379505326,0.22504463795053264
T09_2015_FIRST_HIKE,T09_2015,2015,FIRST_HIKE,2015-12-16,224,2016-11-04,1.2261736935668865,0.22617369356688655
T09_2015_FIRST_HIKE,T09_2015,2015,FIRST_HIKE,2015-12-16,225,2016-11-07,1.2026531371403482,0.20265313714034816
T09_2015_FIRST_HIKE,T09_2015,2015,FIRST_HIKE,2015-12-16,226,2016-11-08,1.1980430851114534,0.1980430851114534
T09_2015_FIRST_HIKE,T09_2015,2015,FIRST_HIKE,2015-12-16,227,2016-11-09,1.1972903813672173,0.19729038136721733
T09_2015_FIRST_HIKE,T09_2015,2015,FIRST_HIKE,2015-12-16,228,2016-11-10,1.1906105663113737,0.19061056631137374
T09_2015_FIRST_HIKE,T09_2015,2015,FIRST_HIKE,2015-12-16,229,2016-11-14,1.148932094384961,0.14893209438496102
T09_2015_FIRST_HIKE,T09_2015,2015,FIRST_HIKE,2015-12-16,230,2016-11-15,1.15156644264332,0.1515664426433201
T09_2015_FIRST_HIKE,T09_2015,2015,FIRST_HIKE,2015-12-16,231,2016-11-16,1.1510019722583766,0.15100197225837664
T09_2015_FIRST_HIKE,T09_2015,2015,FIRST_HIKE,2015-12-16,232,2016-11-17,1.1445102757153585,0.14451027571535846
T09_2015_FIRST_HIKE,T09_2015,2015,FIRST_HIKE,2015-12-16,233,2016-11-18,1.1369836976588663,0.1369836976588663
T09_2015_FIRST_HIKE,T09_2015,2015,FIRST_HIKE,2015-12-16,234,2016-11-21,1.1380185791723405,0.1380185791723405
T09_2015_FIRST_HIKE,T09_2015,2015,FIRST_HIKE,2015-12-16,235,2016-11-22,1.13933575330152,0.13933575330152004
T09_2015_FIRST_HIKE,T09_2015,2015,FIRST_HIKE,2015-12-16,236,2016-11-23,1.118731722902579,0.11873172290257905
T09_2015_FIRST_HIKE,T09_2015,2015,FIRST_HIKE,2015-12-16,237,2016-11-25,1.108476737331315,0.10847673733131491
T09_2015_FIRST_HIKE,T09_2015,2015,FIRST_HIKE,2015-12-16,238,2016-11-28,1.1201429562881713,0.12014295628817129
T09_2015_FIRST_HIKE,T09_2015,2015,FIRST_HIKE,2015-12-16,239,2016-11-29,1.117602782132692,0.11760278213269193
T09_2015_FIRST_HIKE,T09_2015,2015,FIRST_HIKE,2015-12-16,240,2016-11-30,1.1015147445062332,0.10151474450623321
T09_2015_FIRST_HIKE,T09_2015,2015,FIRST_HIKE,2015-12-16,241,2016-12-01,1.0978455147343997,0.09784551473439973
T09_2015_FIRST_HIKE,T09_2015,2015,FIRST_HIKE,2015-12-16,242,2016-12-02,1.1055602113037175,0.10556021130371751
T09_2015_FIRST_HIKE,T09_2015,2015,FIRST_HIKE,2015-12-16,243,2016-12-05,1.1045253297902433,0.10452532979024332
T09_2015_FIRST_HIKE,T09_2015,2015,FIRST_HIKE,2015-12-16,244,2016-12-06,1.098504044375756,0.0985040443757561
T09_2015_FIRST_HIKE,T09_2015,2015,FIRST_HIKE,2015-12-16,245,2016-12-07,1.1054661520473048,0.1054661520473048
T09_2015_FIRST_HIKE,T09_2015,2015,FIRST_HIKE,2015-12-16,246,2016-12-08,1.1005739222491715,0.1005739222491715
T09_2015_FIRST_HIKE,T09_2015,2015,FIRST_HIKE,2015-12-16,247,2016-12-09,1.0907893478064383,0.09078934780643833
T09_2015_FIRST_HIKE,T09_2015,2015,FIRST_HIKE,2015-12-16,248,2016-12-12,1.0946466960910972,0.09464669609109722
T09_2015_FIRST_HIKE,T09_2015,2015,FIRST_HIKE,2015-12-16,249,2016-12-13,1.088249058804492,0.08824905880449196
T09_2015_FIRST_HIKE,T09_2015,2015,FIRST_HIKE,2015-12-16,250,2016-12-14,1.0925769330641486,0.0925769330641486
T09_2015_FIRST_HIKE,T09_2015,2015,FIRST_HIKE,2015-12-16,251,2016-12-15,1.061059387452587,0.0610593874525871
T09_2015_FIRST_HIKE,T09_2015,2015,FIRST_HIKE,2015-12-16,252,2016-12-16,1.0681155543805485,0.0681155543805485
T09_2015_TIGHTENING_CYCLE_START,T09_2015,2015,TIGHTENING_CYCLE_START,2015-12-16,-60,2015-09-21,1.066045676507133,0.06604567650713311
T09_2015_TIGHTENING_CYCLE_START,T09_2015,2015,TIGHTENING_CYCLE_START,2015-12-16,-59,2015-09-22,1.058425039194228,0.058425039194228034
T09_2015_TIGHTENING_CYCLE_START,T09_2015,2015,TIGHTENING_CYCLE_START,2015-12-16,-58,2015-09-23,1.0646344431215407,0.06463444312154065
T09_2015_TIGHTENING_CYCLE_START,T09_2015,2015,TIGHTENING_CYCLE_START,2015-12-16,-57,2015-09-24,1.085520766136187,0.08552076613618698
T09_2015_TIGHTENING_CYCLE_START,T09_2015,2015,TIGHTENING_CYCLE_START,2015-12-16,-56,2015-09-25,1.0781823065925202,0.07818230659252023
T09_2015_TIGHTENING_CYCLE_START,T09_2015,2015,TIGHTENING_CYCLE_START,2015-12-16,-55,2015-09-28,1.0650107949936587,0.0650107949936587
T09_2015_TIGHTENING_CYCLE_START,T09_2015,2015,TIGHTENING_CYCLE_START,2015-12-16,-54,2015-09-29,1.060400742964764,0.06040074296476394
T09_2015_TIGHTENING_CYCLE_START,T09_2015,2015,TIGHTENING_CYCLE_START,2015-12-16,-53,2015-09-30,1.0494872277521434,0.049487227752143426
T09_2015_TIGHTENING_CYCLE_START,T09_2015,2015,TIGHTENING_CYCLE_START,2015-12-16,-52,2015-10-01,1.0482641128793766,0.0482641128793766
T09_2015_TIGHTENING_CYCLE_START,T09_2015,2015,TIGHTENING_CYCLE_START,2015-12-16,-51,2015-10-02,1.0698089655353793,0.0698089655353793
T09_2015_TIGHTENING_CYCLE_START,T09_2015,2015,TIGHTENING_CYCLE_START,2015-12-16,-50,2015-10-05,1.0707497877924408,0.07074978779244079
T09_2015_TIGHTENING_CYCLE_START,T09_2015,2015,TIGHTENING_CYCLE_START,2015-12-16,-49,2015-10-06,1.0789350103367563,0.07893501033675632
T09_2015_TIGHTENING_CYCLE_START,T09_2015,2015,TIGHTENING_CYCLE_START,2015-12-16,-48,2015-10-07,1.081004773363705,0.08100477336370493
T09_2015_TIGHTENING_CYCLE_START,T09_2015,2015,TIGHTENING_CYCLE_START,2015-12-16,-47,2015-10-08,1.0769591917197534,0.0769591917197534
T09_2015_TIGHTENING_CYCLE_START,T09_2015,2015,TIGHTENING_CYCLE_START,2015-12-16,-46,2015-10-09,1.087872821778841,0.08787282177884093
T09_2015_TIGHTENING_CYCLE_START,T09_2015,2015,TIGHTENING_CYCLE_START,2015-12-16,-45,2015-10-12,1.0959638702202767,0.09596387022027675
T09_2015_TIGHTENING_CYCLE_START,T09_2015,2015,TIGHTENING_CYCLE_START,2015-12-16,-44,2015-10-13,1.0968106332209255,0.09681063322092553
T09_2015_TIGHTENING_CYCLE_START,T09_2015,2015,TIGHTENING_CYCLE_START,2015-12-16,-43,2015-10-14,1.1102643225890252,0.11026432258902519
T09_2015_TIGHTENING_CYCLE_START,T09_2015,2015,TIGHTENING_CYCLE_START,2015-12-16,-42,2015-10-15,1.117602782132692,0.11760278213269193
T09_2015_TIGHTENING_CYCLE_START,T09_2015,2015,TIGHTENING_CYCLE_START,2015-12-16,-41,2015-10-16,1.1135572004887406,0.11355720048874063
T09_2015_TIGHTENING_CYCLE_START,T09_2015,2015,TIGHTENING_CYCLE_START,2015-12-16,-40,2015-10-19,1.103866800148887,0.10386680014888694
T09_2015_TIGHTENING_CYCLE_START,T09_2015,2015,TIGHTENING_CYCLE_START,2015-12-16,-39,2015-10-20,1.1082886188184895,0.1082886188184895
T09_2015_TIGHTENING_CYCLE_START,T09_2015,2015,TIGHTENING_CYCLE_START,2015-12-16,-38,2015-10-21,1.098504044375756,0.0985040443757561
T09_2015_TIGHTENING_CYCLE_START,T09_2015,2015,TIGHTENING_CYCLE_START,2015-12-16,-37,2015-10-22,1.0975632221186946,0.09756322211869461
T09_2015_TIGHTENING_CYCLE_START,T09_2015,2015,TIGHTENING_CYCLE_START,2015-12-16,-36,2015-10-23,1.0944585775782716,0.09445857757827159
T09_2015_TIGHTENING_CYCLE_START,T09_2015,2015,TIGHTENING_CYCLE_START,2015-12-16,-35,2015-10-26,1.0979395739908124,0.09793957399081243
T09_2015_TIGHTENING_CYCLE_START,T09_2015,2015,TIGHTENING_CYCLE_START,2015-12-16,-34,2015-10-27,1.097751455477987,0.09775145547798703
T09_2015_TIGHTENING_CYCLE_START,T09_2015,2015,TIGHTENING_CYCLE_START,2015-12-16,-33,2015-10-28,1.1074418558178407,0.10744185581784071
T09_2015_TIGHTENING_CYCLE_START,T09_2015,2015,TIGHTENING_CYCLE_START,2015-12-16,-32,2015-10-29,1.0793112473624074,0.07931124736240736
T09_2015_TIGHTENING_CYCLE_START,T09_2015,2015,TIGHTENING_CYCLE_START,2015-12-16,-31,2015-10-30,1.0739486064357433,0.0739486064357433
T09_2015_TIGHTENING_CYCLE_START,T09_2015,2015,TIGHTENING_CYCLE_START,2015-12-16,-30,2015-11-02,1.0685859655090792,0.06858596550907925
T09_2015_TIGHTENING_CYCLE_START,T09_2015,2015,TIGHTENING_CYCLE_START,2015-12-16,-29,2015-11-03,1.0482641128793766,0.0482641128793766
T09_2015_TIGHTENING_CYCLE_START,T09_2015,2015,TIGHTENING_CYCLE_START,2015-12-16,-28,2015-11-04,1.0410198274385896,0.04101982743858956
T09_2015_TIGHTENING_CYCLE_START,T09_2015,2015,TIGHTENING_CYCLE_START,2015-12-16,-27,2015-11-05,1.0390441236680537,0.039044123668053654
T09_2015_TIGHTENING_CYCLE_START,T09_2015,2015,TIGHTENING_CYCLE_START,2015-12-16,-26,2015-11-06,1.0232382638108333,0.02323826381083327
T09_2015_TIGHTENING_CYCLE_START,T09_2015,2015,TIGHTENING_CYCLE_START,2015-12-16,-25,2015-11-09,1.0235205564265384,0.023520556426538386
T09_2015_TIGHTENING_CYCLE_START,T09_2015,2015,TIGHTENING_CYCLE_START,2015-12-16,-24,2015-11-10,1.0238027341957767,0.02380273419577672
T09_2015_TIGHTENING_CYCLE_START,T09_2015,2015,TIGHTENING_CYCLE_START,2015-12-16,-23,2015-11-11,1.0205098562960613,0.02050985629606128
T09_2015_TIGHTENING_CYCLE_START,T09_2015,2015,TIGHTENING_CYCLE_START,2015-12-16,-22,2015-11-12,1.0168407413706948,0.0168407413706948
T09_2015_TIGHTENING_CYCLE_START,T09_2015,2015,TIGHTENING_CYCLE_START,2015-12-16,-21,2015-11-13,1.0168407413706948,0.0168407413706948
T09_2015_TIGHTENING_CYCLE_START,T09_2015,2015,TIGHTENING_CYCLE_START,2015-12-16,-20,2015-11-16,1.0195690340389998,0.01956903403899979
T09_2015_TIGHTENING_CYCLE_START,T09_2015,2015,TIGHTENING_CYCLE_START,2015-12-16,-19,2015-11-17,1.0054567001830768,0.005456700183076757
T09_2015_TIGHTENING_CYCLE_START,T09_2015,2015,TIGHTENING_CYCLE_START,2015-12-16,-18,2015-11-18,1.0055508742859565,0.005550874285956464
T09_2015_TIGHTENING_CYCLE_START,T09_2015,2015,TIGHTENING_CYCLE_START,2015-12-16,-17,2015-11-19,1.0142063931123357,0.014206393112335736
T09_2015_TIGHTENING_CYCLE_START,T09_2015,2015,TIGHTENING_CYCLE_START,2015-12-16,-16,2015-11-20,1.0127011004703308,0.012701100470330795
T09_2015_TIGHTENING_CYCLE_START,T09_2015,2015,TIGHTENING_CYCLE_START,2015-12-16,-15,2015-11-23,1.0036692297718335,0.003669229771833482
T09_2015_TIGHTENING_CYCLE_START,T09_2015,2015,TIGHTENING_CYCLE_START,2015-12-16,-14,2015-11-24,1.0107253966997949,0.010725396699794887
T09_2015_TIGHTENING_CYCLE_START,T09_2015,2015,TIGHTENING_CYCLE_START,2015-12-16,-13,2015-11-25,1.0071502261843743,0.007150226184374331
T09_2015_TIGHTENING_CYCLE_START,T09_2015,2015,TIGHTENING_CYCLE_START,2015-12-16,-12,2015-11-27,0.9936964219698076,-0.006303578030192436
T09_2015_TIGHTENING_CYCLE_START,T09_2015,2015,TIGHTENING_CYCLE_START,2015-12-16,-11,2015-11-30,1.0027284075147718,0.002728407514771769
T09_2015_TIGHTENING_CYCLE_START,T09_2015,2015,TIGHTENING_CYCLE_START,2015-12-16,-10,2015-12-01,1.0008467630006488,0.000846763000648787
T09_2015_TIGHTENING_CYCLE_START,T09_2015,2015,TIGHTENING_CYCLE_START,2015-12-16,-9,2015-12-02,0.9918147774556845,-0.008185222544315529
T09_2015_TIGHTENING_CYCLE_START,T09_2015,2015,TIGHTENING_CYCLE_START,2015-12-16,-8,2015-12-03,0.998870944383646,-0.0011290556163540133
T09_2015_TIGHTENING_CYCLE_START,T09_2015,2015,TIGHTENING_CYCLE_START,2015-12-16,-7,2015-12-04,1.0203217377832359,0.02032173778323587
T09_2015_TIGHTENING_CYCLE_START,T09_2015,2015,TIGHTENING_CYCLE_START,2015-12-16,-6,2015-12-07,1.0127011004703308,0.012701100470330795
T09_2015_TIGHTENING_CYCLE_START,T09_2015,2015,TIGHTENING_CYCLE_START,2015-12-16,-5,2015-12-08,1.0126070412139179,0.012607041213917869
T09_2015_TIGHTENING_CYCLE_START,T09_2015,2015,TIGHTENING_CYCLE_START,2015-12-16,-4,2015-12-09,1.013830041240218,0.013830041240217916
T09_2015_TIGHTENING_CYCLE_START,T09_2015,2015,TIGHTENING_CYCLE_START,2015-12-16,-3,2015-12-10,1.009596341083441,0.009596341083440985
T09_2015_TIGHTENING_CYCLE_START,T09_2015,2015,TIGHTENING_CYCLE_START,2015-12-16,-2,2015-12-11,1.0131715115988615,0.01317151159886154
T09_2015_TIGHTENING_CYCLE_START,T09_2015,2015,TIGHTENING_CYCLE_START,2015-12-16,-1,2015-12-14,1.0016934111548306,0.0016934111548305708
T09_2015_TIGHTENING_CYCLE_START,T09_2015,2015,TIGHTENING_CYCLE_START,2015-12-16,0,2015-12-15,1.0,0.0
T09_2015_TIGHTENING_CYCLE_START,T09_2015,2015,TIGHTENING_CYCLE_START,2015-12-16,1,2015-12-16,1.0142063931123357,0.014206393112335736
T09_2015_TIGHTENING_CYCLE_START,T09_2015,2015,TIGHTENING_CYCLE_START,2015-12-16,2,2015-12-17,0.9886160736588488,-0.011383926341151152
T09_2015_TIGHTENING_CYCLE_START,T09_2015,2015,TIGHTENING_CYCLE_START,2015-12-16,3,2015-12-18,1.0031046445404228,0.0031046445404228074
T09_2015_TIGHTENING_CYCLE_START,T09_2015,2015,TIGHTENING_CYCLE_START,2015-12-16,4,2015-12-21,1.0178756228841692,0.017875622884169218
T09_2015_TIGHTENING_CYCLE_START,T09_2015,2015,TIGHTENING_CYCLE_START,2015-12-16,5,2015-12-22,1.0111958078283256,0.011195807828325632
T09_2015_TIGHTENING_CYCLE_START,T09_2015,2015,TIGHTENING_CYCLE_START,2015-12-16,6,2015-12-23,1.0061153446709,0.006115344670899914
T09_2015_TIGHTENING_CYCLE_START,T09_2015,2015,TIGHTENING_CYCLE_START,2015-12-16,7,2015-12-24,1.0134536893680999,0.013453689368099875
T09_2015_TIGHTENING_CYCLE_START,T09_2015,2015,TIGHTENING_CYCLE_START,2015-12-16,8,2015-12-28,1.0071502261843743,0.007150226184374331
T09_2015_TIGHTENING_CYCLE_START,T09_2015,2015,TIGHTENING_CYCLE_START,2015-12-16,9,2015-12-29,1.013735981983805,0.01373598198380499
T09_2015_TIGHTENING_CYCLE_START,T09_2015,2015,TIGHTENING_CYCLE_START,2015-12-16,10,2015-12-30,0.9973656517416409,-0.002634348258359065
T09_2015_TIGHTENING_CYCLE_START,T09_2015,2015,TIGHTENING_CYCLE_START,2015-12-16,11,2015-12-31,0.9975538851009333,-0.0024461148990666537
T09_2015_TIGHTENING_CYCLE_START,T09_2015,2015,TIGHTENING_CYCLE_START,2015-12-16,12,2016-01-04,1.011477985597564,0.011477985597563967
T09_2015_TIGHTENING_CYCLE_START,T09_2015,2015,TIGHTENING_CYCLE_START,2015-12-16,13,2016-01-05,1.0145827449844538,0.014582744984453777
T09_2015_TIGHTENING_CYCLE_START,T09_2015,2015,TIGHTENING_CYCLE_START,2015-12-16,14,2016-01-06,1.0272838454547846,0.027283845454784572
T09_2015_TIGHTENING_CYCLE_START,T09_2015,2015,TIGHTENING_CYCLE_START,2015-12-16,15,2016-01-07,1.0421487682084767,0.042148768208476683
T09_2015_TIGHTENING_CYCLE_START,T09_2015,2015,TIGHTENING_CYCLE_START,2015-12-16,16,2016-01-08,1.032834719740741,0.032834719740741036
T09_2015_TIGHTENING_CYCLE_START,T09_2015,2015,TIGHTENING_CYCLE_START,2015-12-16,17,2016-01-11,1.0316116048679742,0.03161160486797421
T09_2015_TIGHTENING_CYCLE_START,T09_2015,2015,TIGHTENING_CYCLE_START,2015-12-16,18,2016-01-12,1.02135661929671,0.021356619296710067
T09_2015_TIGHTENING_CYCLE_START,T09_2015,2015,TIGHTENING_CYCLE_START,2015-12-16,19,2016-01-13,1.0231442045544203,0.023144204554420345
T09_2015_TIGHTENING_CYCLE_START,T09_2015,2015,TIGHTENING_CYCLE_START,2015-12-16,20,2016-01-14,1.0103490448276768,0.010349044827676845
T09_2015_TIGHTENING_CYCLE_START,T09_2015,2015,TIGHTENING_CYCLE_START,2015-12-16,21,2016-01-15,1.0269074935826665,0.02690749358266653
T09_2015_TIGHTENING_CYCLE_START,T09_2015,2015,TIGHTENING_CYCLE_START,2015-12-16,22,2016-01-19,1.0254022009406614,0.025402200940661368
T09_2015_TIGHTENING_CYCLE_START,T09_2015,2015,TIGHTENING_CYCLE_START,2015-12-16,23,2016-01-20,1.041584297823533,0.04158429782353301
T09_2015_TIGHTENING_CYCLE_START,T09_2015,2015,TIGHTENING_CYCLE_START,2015-12-16,24,2016-01-21,1.0340577197670409,0.03405771976704086
T09_2015_TIGHTENING_CYCLE_START,T09_2015,2015,TIGHTENING_CYCLE_START,2015-12-16,25,2016-01-22,1.0322701345093306,0.032270134509330584
T09_2015_TIGHTENING_CYCLE_START,T09_2015,2015,TIGHTENING_CYCLE_START,2015-12-16,26,2016-01-25,1.0407375348228844,0.04073753482288445
T09_2015_TIGHTENING_CYCLE_START,T09_2015,2015,TIGHTENING_CYCLE_START,2015-12-16,27,2016-01-26,1.0553202798073382,0.055320279807338224
T09_2015_TIGHTENING_CYCLE_START,T09_2015,2015,TIGHTENING_CYCLE_START,2015-12-16,28,2016-01-27,1.0500516981370869,0.050051698137086875
T09_2015_TIGHTENING_CYCLE_START,T09_2015,2015,TIGHTENING_CYCLE_START,2015-12-16,29,2016-01-28,1.0495812870085561,0.04958128700855613
T09_2015_TIGHTENING_CYCLE_START,T09_2015,2015,TIGHTENING_CYCLE_START,2015-12-16,30,2016-01-29,1.0503339907527922,0.05033399075279221
T09_2015_TIGHTENING_CYCLE_START,T09_2015,2015,TIGHTENING_CYCLE_START,2015-12-16,31,2016-02-01,1.0611534467089998,0.061153446708999804
T09_2015_TIGHTENING_CYCLE_START,T09_2015,2015,TIGHTENING_CYCLE_START,2015-12-16,32,2016-02-02,1.0605889763240564,0.060588976324056354
T09_2015_TIGHTENING_CYCLE_START,T09_2015,2015,TIGHTENING_CYCLE_START,2015-12-16,33,2016-02-03,1.073760487922918,0.0737604879229179
T09_2015_TIGHTENING_CYCLE_START,T09_2015,2015,TIGHTENING_CYCLE_START,2015-12-16,34,2016-02-04,1.0890958218051408,0.08909582180514075
T09_2015_TIGHTENING_CYCLE_START,T09_2015,2015,TIGHTENING_CYCLE_START,2015-12-16,35,2016-02-05,1.0892840551644332,0.08928405516443316
T09_2015_TIGHTENING_CYCLE_START,T09_2015,2015,TIGHTENING_CYCLE_START,2015-12-16,36,2016-02-08,1.1270110047033073,0.12701100470330728
T09_2015_TIGHTENING_CYCLE_START,T09_2015,2015,TIGHTENING_CYCLE_START,2015-12-16,37,2016-02-09,1.1277635936010764,0.12776359360107636
T09_2015_TIGHTENING_CYCLE_START,T09_2015,2015,TIGHTENING_CYCLE_START,2015-12-16,38,2016-02-10,1.1240003045728304,0.1240003045728304
T09_2015_TIGHTENING_CYCLE_START,T09_2015,2015,TIGHTENING_CYCLE_START,2015-12-16,39,2016-02-11,1.174052117556384,0.17405211755638406
T09_2015_TIGHTENING_CYCLE_START,T09_2015,2015,TIGHTENING_CYCLE_START,2015-12-16,40,2016-02-12,1.1657728357556558,0.16577283575565582
T09_2015_TIGHTENING_CYCLE_START,T09_2015,2015,TIGHTENING_CYCLE_START,2015-12-16,41,2016-02-16,1.1364192272739226,0.13641922727392264
T09_2015_TIGHTENING_CYCLE_START,T09_2015,2015,TIGHTENING_CYCLE_START,2015-12-16,42,2016-02-17,1.139429812557933,0.13942981255793296
T09_2015_TIGHTENING_CYCLE_START,T09_2015,2015,TIGHTENING_CYCLE_START,2015-12-16,43,2016-02-18,1.153542146413856,0.153542146413856
T09_2015_TIGHTENING_CYCLE_START,T09_2015,2015,TIGHTENING_CYCLE_START,2015-12-16,44,2016-02-19,1.1575877280578073,0.1575877280578073
T09_2015_TIGHTENING_CYCLE_START,T09_2015,2015,TIGHTENING_CYCLE_START,2015-12-16,45,2016-02-22,1.1379245199159278,0.1379245199159278
T09_2015_TIGHTENING_CYCLE_START,T09_2015,2015,TIGHTENING_CYCLE_START,2015-12-16,46,2016-02-23,1.1499670907449022,0.14996709074490222
T09_2015_TIGHTENING_CYCLE_START,T09_2015,2015,TIGHTENING_CYCLE_START,2015-12-16,47,2016-02-24,1.1653964838835378,0.16539648388353778
T09_2015_TIGHTENING_CYCLE_START,T09_2015,2015,TIGHTENING_CYCLE_START,2015-12-16,48,2016-02-25,1.164926072755007,0.16492607275500704
T09_2015_TIGHTENING_CYCLE_START,T09_2015,2015,TIGHTENING_CYCLE_START,2015-12-16,49,2016-02-26,1.1476150351022485,0.1476150351022485
T09_2015_TIGHTENING_CYCLE_START,T09_2015,2015,TIGHTENING_CYCLE_START,2015-12-16,50,2016-02-29,1.1608806059575227,0.16088060595752274
T09_2015_TIGHTENING_CYCLE_START,T09_2015,2015,TIGHTENING_CYCLE_START,2015-12-16,51,2016-03-01,1.1574936688013946,0.1574936688013946
T09_2015_TIGHTENING_CYCLE_START,T09_2015,2015,TIGHTENING_CYCLE_START,2015-12-16,52,2016-03-02,1.167654480269779,0.16765448026977903
T09_2015_TIGHTENING_CYCLE_START,T09_2015,2015,TIGHTENING_CYCLE_START,2015-12-16,53,2016-03-03,1.1829899289984687,0.18298992899846867
T09_2015_TIGHTENING_CYCLE_START,T09_2015,2015,TIGHTENING_CYCLE_START,2015-12-16,54,2016-03-04,1.194750207211738,0.19475020721173797
T09_2015_TIGHTENING_CYCLE_START,T09_2015,2015,TIGHTENING_CYCLE_START,2015-12-16,55,2016-03-07,1.1884466291815454,0.18844662918154542
T09_2015_TIGHTENING_CYCLE_START,T09_2015,2015,TIGHTENING_CYCLE_START,2015-12-16,56,2016-03-08,1.1874117476680712,0.18741174766807123
T09_2015_TIGHTENING_CYCLE_START,T09_2015,2015,TIGHTENING_CYCLE_START,2015-12-16,57,2016-03-09,1.1822372252542328,0.1822372252542328
T09_2015_TIGHTENING_CYCLE_START,T09_2015,2015,TIGHTENING_CYCLE_START,2015-12-16,58,2016-03-10,1.1967259109822739,0.19672591098227388
T09_2015_TIGHTENING_CYCLE_START,T09_2015,2015,TIGHTENING_CYCLE_START,2015-12-16,59,2016-03-11,1.1842129290247685,0.1842129290247685
T09_2015_TIGHTENING_CYCLE_START,T09_2015,2015,TIGHTENING_CYCLE_START,2015-12-16,60,2016-03-14,1.1707592396566688,0.17075923965666884
T09_2015_TIGHTENING_CYCLE_START,T09_2015,2015,TIGHTENING_CYCLE_START,2015-12-16,61,2016-03-15,1.1575877280578073,0.1575877280578073
T09_2015_TIGHTENING_CYCLE_START,T09_2015,2015,TIGHTENING_CYCLE_START,2015-12-16,62,2016-03-16,1.1565528465443329,0.15655284654433288
T09_2015_TIGHTENING_CYCLE_START,T09_2015,2015,TIGHTENING_CYCLE_START,2015-12-16,63,2016-03-17,1.1896697440543123,0.18966974405431225
T09_2015_TIGHTENING_CYCLE_START,T09_2015,2015,TIGHTENING_CYCLE_START,2015-12-16,64,2016-03-18,1.1796029918423405,0.17960299184234052
T09_2015_TIGHTENING_CYCLE_START,T09_2015,2015,TIGHTENING_CYCLE_START,2015-12-16,65,2016-03-21,1.1701947692717252,0.17019476927172517
T09_2015_TIGHTENING_CYCLE_START,T09_2015,2015,TIGHTENING_CYCLE_START,2015-12-16,66,2016-03-22,1.1743342953256224,0.1743342953256224
T09_2015_TIGHTENING_CYCLE_START,T09_2015,2015,TIGHTENING_CYCLE_START,2015-12-16,67,2016-03-23,1.1512841500276147,0.15128415002761475
T09_2015_TIGHTENING_CYCLE_START,T09_2015,2015,TIGHTENING_CYCLE_START,2015-12-16,68,2016-03-24,1.1491203277442534,0.14912032774425343
T09_2015_TIGHTENING_CYCLE_START,T09_2015,2015,TIGHTENING_CYCLE_START,2015-12-16,69,2016-03-28,1.1477090943586612,0.1477090943586612
T09_2015_TIGHTENING_CYCLE_START,T09_2015,2015,TIGHTENING_CYCLE_START,2015-12-16,70,2016-03-29,1.1624799578559406,0.1624799578559406
T09_2015_TIGHTENING_CYCLE_START,T09_2015,2015,TIGHTENING_CYCLE_START,2015-12-16,71,2016-03-30,1.1542948501580919,0.15429485015809186
T09_2015_TIGHTENING_CYCLE_START,T09_2015,2015,TIGHTENING_CYCLE_START,2015-12-16,72,2016-03-31,1.161162783726761,0.16116278372676107
T09_2015_TIGHTENING_CYCLE_START,T09_2015,2015,TIGHTENING_CYCLE_START,2015-12-16,73,2016-04-01,1.1498729166420225,0.1498729166420225
T09_2015_TIGHTENING_CYCLE_START,T09_2015,2015,TIGHTENING_CYCLE_START,2015-12-16,74,2016-04-04,1.145921509100951,0.14592150910095092
T09_2015_TIGHTENING_CYCLE_START,T09_2015,2015,TIGHTENING_CYCLE_START,2015-12-16,75,2016-04-05,1.1557060835436843,0.15570608354368431
T09_2015_TIGHTENING_CYCLE_START,T09_2015,2015,TIGHTENING_CYCLE_START,2015-12-16,76,2016-04-06,1.1501552092577279,0.15015520925772785
T09_2015_TIGHTENING_CYCLE_START,T09_2015,2015,TIGHTENING_CYCLE_START,2015-12-16,77,2016-04-07,1.163044428240884,0.16304442824088405
T09_2015_TIGHTENING_CYCLE_START,T09_2015,2015,TIGHTENING_CYCLE_START,2015-12-16,78,2016-04-08,1.1689716543989586,0.16897165439895856
T09_2015_TIGHTENING_CYCLE_START,T09_2015,2015,TIGHTENING_CYCLE_START,2015-12-16,79,2016-04-11,1.1823312845106455,0.1823312845106455
T09_2015_TIGHTENING_CYCLE_START,T09_2015,2015,TIGHTENING_CYCLE_START,2015-12-16,80,2016-04-12,1.1848715735125919,0.18487157351259187
T09_2015_TIGHTENING_CYCLE_START,T09_2015,2015,TIGHTENING_CYCLE_START,2015-12-16,81,2016-04-13,1.1730172360429099,0.17301723604290986
T09_2015_TIGHTENING_CYCLE_START,T09_2015,2015,TIGHTENING_CYCLE_START,2015-12-16,82,2016-04-14,1.1525072649003816,0.15250726490038158
T09_2015_TIGHTENING_CYCLE_START,T09_2015,2015,TIGHTENING_CYCLE_START,2015-12-16,83,2016-04-15,1.1601279022132867,0.16012790221328665
T09_2015_TIGHTENING_CYCLE_START,T09_2015,2015,TIGHTENING_CYCLE_START,2015-12-16,84,2016-04-18,1.1605983133418174,0.1605983133418174
T09_2015_TIGHTENING_CYCLE_START,T09_2015,2015,TIGHTENING_CYCLE_START,2015-12-16,85,2016-04-19,1.1788502880981047,0.17885028809810466
T09_2015_TIGHTENING_CYCLE_START,T09_2015,2015,TIGHTENING_CYCLE_START,2015-12-16,86,2016-04-20,1.17903840661093,0.17903840661093007
T09_2015_TIGHTENING_CYCLE_START,T09_2015,2015,TIGHTENING_CYCLE_START,2015-12-16,87,2016-04-21,1.1750869990698585,0.17508699906985847
T09_2015_TIGHTENING_CYCLE_START,T09_2015,2015,TIGHTENING_CYCLE_START,2015-12-16,88,2016-04-22,1.1559882613129224,0.15598826131292243
T09_2015_TIGHTENING_CYCLE_START,T09_2015,2015,TIGHTENING_CYCLE_START,2015-12-16,89,2016-04-25,1.1655847172428304,0.16558471724283041
T09_2015_TIGHTENING_CYCLE_START,T09_2015,2015,TIGHTENING_CYCLE_START,2015-12-16,90,2016-04-26,1.1686893617832532,0.16868936178325322
T09_2015_TIGHTENING_CYCLE_START,T09_2015,2015,TIGHTENING_CYCLE_START,2015-12-16,91,2016-04-27,1.175275117582684,0.1752751175826841
T09_2015_TIGHTENING_CYCLE_START,T09_2015,2015,TIGHTENING_CYCLE_START,2015-12-16,92,2016-04-28,1.1906105663113737,0.19061056631137374
T09_2015_TIGHTENING_CYCLE_START,T09_2015,2015,TIGHTENING_CYCLE_START,2015-12-16,93,2016-04-29,1.2129080078651455,0.21290800786514552
T09_2015_TIGHTENING_CYCLE_START,T09_2015,2015,TIGHTENING_CYCLE_START,2015-12-16,94,2016-05-02,1.218082530278984,0.21808253027898394
T09_2015_TIGHTENING_CYCLE_START,T09_2015,2015,TIGHTENING_CYCLE_START,2015-12-16,95,2016-05-03,1.2143192412507378,0.21431924125073776
T09_2015_TIGHTENING_CYCLE_START,T09_2015,2015,TIGHTENING_CYCLE_START,2015-12-16,96,2016-05-04,1.1979490258550405,0.19794902585504048
T09_2015_TIGHTENING_CYCLE_START,T09_2015,2015,TIGHTENING_CYCLE_START,2015-12-16,97,2016-05-05,1.1961614405973302,0.1961614405973302
T09_2015_TIGHTENING_CYCLE_START,T09_2015,2015,TIGHTENING_CYCLE_START,2015-12-16,98,2016-05-06,1.2163891191241534,0.21638911912415337
T09_2015_TIGHTENING_CYCLE_START,T09_2015,2015,TIGHTENING_CYCLE_START,2015-12-16,99,2016-05-09,1.1907046255677867,0.19070462556778667
T09_2015_TIGHTENING_CYCLE_START,T09_2015,2015,TIGHTENING_CYCLE_START,2015-12-16,100,2016-05-10,1.1891052736693688,0.1891052736693688
T09_2015_TIGHTENING_CYCLE_START,T09_2015,2015,TIGHTENING_CYCLE_START,2015-12-16,101,2016-05-11,1.1991720258813403,0.1991720258813403
T09_2015_TIGHTENING_CYCLE_START,T09_2015,2015,TIGHTENING_CYCLE_START,2015-12-16,102,2016-05-12,1.195126559083856,0.195126559083856
T09_2015_TIGHTENING_CYCLE_START,T09_2015,2015,TIGHTENING_CYCLE_START,2015-12-16,103,2016-05-13,1.196631851725861,0.19663185172586095
T09_2015_TIGHTENING_CYCLE_START,T09_2015,2015,TIGHTENING_CYCLE_START,2015-12-16,104,2016-05-16,1.1980430851114534,0.1980430851114534
T09_2015_TIGHTENING_CYCLE_START,T09_2015,2015,TIGHTENING_CYCLE_START,2015-12-16,105,2016-05-17,1.2006773185233455,0.20067731852334547
T09_2015_TIGHTENING_CYCLE_START,T09_2015,2015,TIGHTENING_CYCLE_START,2015-12-16,106,2016-05-18,1.1983252628806917,0.19832526288069174
T09_2015_TIGHTENING_CYCLE_START,T09_2015,2015,TIGHTENING_CYCLE_START,2015-12-16,107,2016-05-19,1.1799792288679918,0.17997922886799178
T09_2015_TIGHTENING_CYCLE_START,T09_2015,2015,TIGHTENING_CYCLE_START,2015-12-16,108,2016-05-20,1.178285817713161,0.178285817713161
T09_2015_TIGHTENING_CYCLE_START,T09_2015,2015,TIGHTENING_CYCLE_START,2015-12-16,109,2016-05-23,1.1770627028403944,0.17706270284039438
T09_2015_TIGHTENING_CYCLE_START,T09_2015,2015,TIGHTENING_CYCLE_START,2015-12-16,110,2016-05-24,1.156176494672215,0.15617649467221506
T09_2015_TIGHTENING_CYCLE_START,T09_2015,2015,TIGHTENING_CYCLE_START,2015-12-16,111,2016-05-25,1.1510960315147893,0.15109603151478934
T09_2015_TIGHTENING_CYCLE_START,T09_2015,2015,TIGHTENING_CYCLE_START,2015-12-16,112,2016-05-26,1.1478972128714866,0.1478972128714866
T09_2015_TIGHTENING_CYCLE_START,T09_2015,2015,TIGHTENING_CYCLE_START,2015-12-16,113,2016-05-27,1.141970101559879,0.1419701015598791
T09_2015_TIGHTENING_CYCLE_START,T09_2015,2015,TIGHTENING_CYCLE_START,2015-12-16,114,2016-05-31,1.1429109238169406,0.1429109238169406
T09_2015_TIGHTENING_CYCLE_START,T09_2015,2015,TIGHTENING_CYCLE_START,2015-12-16,115,2016-06-01,1.1401825163021688,0.14018251630216882
T09_2015_TIGHTENING_CYCLE_START,T09_2015,2015,TIGHTENING_CYCLE_START,2015-12-16,116,2016-06-02,1.138206812531633,0.13820681253163292
T09_2015_TIGHTENING_CYCLE_START,T09_2015,2015,TIGHTENING_CYCLE_START,2015-12-16,117,2016-06-03,1.1667136580127173,0.16671365801271731
T09_2015_TIGHTENING_CYCLE_START,T09_2015,2015,TIGHTENING_CYCLE_START,2015-12-16,118,2016-06-06,1.1709473581694942,0.17094735816949425
T09_2015_TIGHTENING_CYCLE_START,T09_2015,2015,TIGHTENING_CYCLE_START,2015-12-16,119,2016-06-07,1.1707592396566688,0.17075923965666884
T09_2015_TIGHTENING_CYCLE_START,T09_2015,2015,TIGHTENING_CYCLE_START,2015-12-16,120,2016-06-08,1.18524792538471,0.1852479253847099
T09_2015_TIGHTENING_CYCLE_START,T09_2015,2015,TIGHTENING_CYCLE_START,2015-12-16,121,2016-06-09,1.1950323849809763,0.1950323849809763
T09_2015_TIGHTENING_CYCLE_START,T09_2015,2015,TIGHTENING_CYCLE_START,2015-12-16,122,2016-06-10,1.1980430851114534,0.1980430851114534
T09_2015_TIGHTENING_CYCLE_START,T09_2015,2015,TIGHTENING_CYCLE_START,2015-12-16,123,2016-06-13,1.2083921299391303,0.20839212993913026
T09_2015_TIGHTENING_CYCLE_START,T09_2015,2015,TIGHTENING_CYCLE_START,2015-12-16,124,2016-06-14,1.2095210707090174,0.20952107070901738
T09_2015_TIGHTENING_CYCLE_START,T09_2015,2015,TIGHTENING_CYCLE_START,2015-12-16,125,2016-06-15,1.2097093040683098,0.2097093040683098
T09_2015_TIGHTENING_CYCLE_START,T09_2015,2015,TIGHTENING_CYCLE_START,2015-12-16,126,2016-06-16,1.2193997044081635,0.21939970440816348
T09_2015_TIGHTENING_CYCLE_START,T09_2015,2015,TIGHTENING_CYCLE_START,2015-12-16,127,2016-06-17,1.2160127672520353,0.21601276725203533
T09_2015_TIGHTENING_CYCLE_START,T09_2015,2015,TIGHTENING_CYCLE_START,2015-12-16,128,2016-06-20,1.2136607116093814,0.21366071160938138
T09_2015_TIGHTENING_CYCLE_START,T09_2015,2015,TIGHTENING_CYCLE_START,2015-12-16,129,2016-06-21,1.1953146775966814,0.19531467759668142
T09_2015_TIGHTENING_CYCLE_START,T09_2015,2015,TIGHTENING_CYCLE_START,2015-12-16,130,2016-06-22,1.1929626219540277,0.1929626219540277
T09_2015_TIGHTENING_CYCLE_START,T09_2015,2015,TIGHTENING_CYCLE_START,2015-12-16,131,2016-06-23,1.1865649846674224,0.18656498466742244
T09_2015_TIGHTENING_CYCLE_START,T09_2015,2015,TIGHTENING_CYCLE_START,2015-12-16,132,2016-06-24,1.2418853793212274,0.24188537932122745
T09_2015_TIGHTENING_CYCLE_START,T09_2015,2015,TIGHTENING_CYCLE_START,2015-12-16,133,2016-06-27,1.2442374349638814,0.2442374349638814
T09_2015_TIGHTENING_CYCLE_START,T09_2015,2015,TIGHTENING_CYCLE_START,2015-12-16,134,2016-06-28,1.237463560651625,0.2374635606516251
T09_2015_TIGHTENING_CYCLE_START,T09_2015,2015,TIGHTENING_CYCLE_START,2015-12-16,135,2016-06-29,1.245554609093061,0.24555460909306093
T09_2015_TIGHTENING_CYCLE_START,T09_2015,2015,TIGHTENING_CYCLE_START,2015-12-16,136,2016-06-30,1.2403800866792225,0.2403800866792225
T09_2015_TIGHTENING_CYCLE_START,T09_2015,2015,TIGHTENING_CYCLE_START,2015-12-16,137,2016-07-01,1.2575970650755683,0.25759706507556834
T09_2015_TIGHTENING_CYCLE_START,T09_2015,2015,TIGHTENING_CYCLE_START,2015-12-16,138,2016-07-05,1.2761313324475607,0.2761313324475607
T09_2015_TIGHTENING_CYCLE_START,T09_2015,2015,TIGHTENING_CYCLE_START,2015-12-16,139,2016-07-06,1.2841283216325838,0.28412832163258384
T09_2015_TIGHTENING_CYCLE_START,T09_2015,2015,TIGHTENING_CYCLE_START,2015-12-16,140,2016-07-07,1.2796123288601018,0.2796123288601018
T09_2015_TIGHTENING_CYCLE_START,T09_2015,2015,TIGHTENING_CYCLE_START,2015-12-16,141,2016-07-08,1.2763194509603863,0.27631945096038635
T09_2015_TIGHTENING_CYCLE_START,T09_2015,2015,TIGHTENING_CYCLE_START,2015-12-16,142,2016-07-11,1.2748141583183812,0.2748141583183812
T09_2015_TIGHTENING_CYCLE_START,T09_2015,2015,TIGHTENING_CYCLE_START,2015-12-16,143,2016-07-12,1.2551509501765017,0.2551509501765017
T09_2015_TIGHTENING_CYCLE_START,T09_2015,2015,TIGHTENING_CYCLE_START,2015-12-16,144,2016-07-13,1.2629598208486994,0.2629598208486994
T09_2015_TIGHTENING_CYCLE_START,T09_2015,2015,TIGHTENING_CYCLE_START,2015-12-16,145,2016-07-14,1.2525167167646096,0.25251671676460963
T09_2015_TIGHTENING_CYCLE_START,T09_2015,2015,TIGHTENING_CYCLE_START,2015-12-16,146,2016-07-15,1.2480007239921276,0.24800072399212758
T09_2015_TIGHTENING_CYCLE_START,T09_2015,2015,TIGHTENING_CYCLE_START,2015-12-16,147,2016-07-18,1.2497883092498379,0.24978830924983786
T09_2015_TIGHTENING_CYCLE_START,T09_2015,2015,TIGHTENING_CYCLE_START,2015-12-16,148,2016-07-19,1.2527048352774353,0.25270483527743526
T09_2015_TIGHTENING_CYCLE_START,T09_2015,2015,TIGHTENING_CYCLE_START,2015-12-16,149,2016-07-20,1.2407564385513405,0.24075643855134055
T09_2015_TIGHTENING_CYCLE_START,T09_2015,2015,TIGHTENING_CYCLE_START,2015-12-16,150,2016-07-21,1.2517640130203735,0.25176401302037354
T09_2015_TIGHTENING_CYCLE_START,T09_2015,2015,TIGHTENING_CYCLE_START,2015-12-16,151,2016-07-22,1.2448019053488248,0.24480190534882484
T09_2015_TIGHTENING_CYCLE_START,T09_2015,2015,TIGHTENING_CYCLE_START,2015-12-16,152,2016-07-25,1.2412268496798713,0.2412268496798713
T09_2015_TIGHTENING_CYCLE_START,T09_2015,2015,TIGHTENING_CYCLE_START,2015-12-16,153,2016-07-26,1.2425439089625838,0.24254390896258382
T09_2015_TIGHTENING_CYCLE_START,T09_2015,2015,TIGHTENING_CYCLE_START,2015-12-16,154,2016-07-27,1.2480947832485403,0.24809478324854028
T09_2015_TIGHTENING_CYCLE_START,T09_2015,2015,TIGHTENING_CYCLE_START,2015-12-16,155,2016-07-28,1.2534575390216711,0.2534575390216711
T09_2015_TIGHTENING_CYCLE_START,T09_2015,2015,TIGHTENING_CYCLE_START,2015-12-16,156,2016-07-29,1.269169224776012,0.269169224776012
T09_2015_TIGHTENING_CYCLE_START,T09_2015,2015,TIGHTENING_CYCLE_START,2015-12-16,157,2016-08-01,1.271427221162253,0.27142722116225304
T09_2015_TIGHTENING_CYCLE_START,T09_2015,2015,TIGHTENING_CYCLE_START,2015-12-16,158,2016-08-02,1.283657910504053,0.2836579105040531
T09_2015_TIGHTENING_CYCLE_START,T09_2015,2015,TIGHTENING_CYCLE_START,2015-12-16,159,2016-08-03,1.2758490398318556,0.2758490398318556
T09_2015_TIGHTENING_CYCLE_START,T09_2015,2015,TIGHTENING_CYCLE_START,2015-12-16,160,2016-08-04,1.278389328833802,0.27838932883380196
T09_2015_TIGHTENING_CYCLE_START,T09_2015,2015,TIGHTENING_CYCLE_START,2015-12-16,161,2016-08-05,1.25731488730633,0.25731488730633
T09_2015_TIGHTENING_CYCLE_START,T09_2015,2015,TIGHTENING_CYCLE_START,2015-12-16,162,2016-08-08,1.2544924205351455,0.25449242053514554
T09_2015_TIGHTENING_CYCLE_START,T09_2015,2015,TIGHTENING_CYCLE_START,2015-12-16,163,2016-08-09,1.2597610022053967,0.25976100220539666
T09_2015_TIGHTENING_CYCLE_START,T09_2015,2015,TIGHTENING_CYCLE_START,2015-12-16,164,2016-08-10,1.2647474061064097,0.2647474061064097
T09_2015_TIGHTENING_CYCLE_START,T09_2015,2015,TIGHTENING_CYCLE_START,2015-12-16,165,2016-08-11,1.263053880105112,0.2630538801051121
T09_2015_TIGHTENING_CYCLE_START,T09_2015,2015,TIGHTENING_CYCLE_START,2015-12-16,166,2016-08-12,1.2567504169213866,0.25675041692138656
T09_2015_TIGHTENING_CYCLE_START,T09_2015,2015,TIGHTENING_CYCLE_START,2015-12-16,167,2016-08-15,1.2609841170781635,0.2609841170781635
T09_2015_TIGHTENING_CYCLE_START,T09_2015,2015,TIGHTENING_CYCLE_START,2015-12-16,168,2016-08-16,1.2705804581616045,0.2705804581616045
T09_2015_TIGHTENING_CYCLE_START,T09_2015,2015,TIGHTENING_CYCLE_START,2015-12-16,169,2016-08-17,1.2632419986179375,0.2632419986179375
T09_2015_TIGHTENING_CYCLE_START,T09_2015,2015,TIGHTENING_CYCLE_START,2015-12-16,170,2016-08-18,1.2712389878029606,0.27123898780296063
T09_2015_TIGHTENING_CYCLE_START,T09_2015,2015,TIGHTENING_CYCLE_START,2015-12-16,171,2016-08-19,1.2610781763345762,0.2610781763345762
T09_2015_TIGHTENING_CYCLE_START,T09_2015,2015,TIGHTENING_CYCLE_START,2015-12-16,172,2016-08-22,1.2585378873326298,0.25853788733262983
T09_2015_TIGHTENING_CYCLE_START,T09_2015,2015,TIGHTENING_CYCLE_START,2015-12-16,173,2016-08-23,1.2612662948474018,0.2612662948474018
T09_2015_TIGHTENING_CYCLE_START,T09_2015,2015,TIGHTENING_CYCLE_START,2015-12-16,174,2016-08-24,1.2460250202215917,0.24602502022159167
T09_2015_TIGHTENING_CYCLE_START,T09_2015,2015,TIGHTENING_CYCLE_START,2015-12-16,175,2016-08-25,1.2419794385776404,0.24197943857764037
T09_2015_TIGHTENING_CYCLE_START,T09_2015,2015,TIGHTENING_CYCLE_START,2015-12-16,176,2016-08-26,1.24329661270682,0.2432966127068199
T09_2015_TIGHTENING_CYCLE_START,T09_2015,2015,TIGHTENING_CYCLE_START,2015-12-16,177,2016-08-29,1.2446137868359994,0.24461378683599944
T09_2015_TIGHTENING_CYCLE_START,T09_2015,2015,TIGHTENING_CYCLE_START,2015-12-16,178,2016-08-30,1.23407650864903,0.23407650864902996
T09_2015_TIGHTENING_CYCLE_START,T09_2015,2015,TIGHTENING_CYCLE_START,2015-12-16,179,2016-08-31,1.2295606307230147,0.2295606307230147
T09_2015_TIGHTENING_CYCLE_START,T09_2015,2015,TIGHTENING_CYCLE_START,2015-12-16,180,2016-09-01,1.2345469197775607,0.2345469197775607
T09_2015_TIGHTENING_CYCLE_START,T09_2015,2015,TIGHTENING_CYCLE_START,2015-12-16,181,2016-09-02,1.2438610830917634,0.24386108309176335
T09_2015_TIGHTENING_CYCLE_START,T09_2015,2015,TIGHTENING_CYCLE_START,2015-12-16,182,2016-09-06,1.26954557664813,0.26954557664813006
T09_2015_TIGHTENING_CYCLE_START,T09_2015,2015,TIGHTENING_CYCLE_START,2015-12-16,183,2016-09-07,1.2647474061064097,0.2647474061064097
T09_2015_TIGHTENING_CYCLE_START,T09_2015,2015,TIGHTENING_CYCLE_START,2015-12-16,184,2016-09-08,1.257691239178448,0.25769123917844805
T09_2015_TIGHTENING_CYCLE_START,T09_2015,2015,TIGHTENING_CYCLE_START,2015-12-16,185,2016-09-09,1.2513876611482557,0.2513876611482557
T09_2015_TIGHTENING_CYCLE_START,T09_2015,2015,TIGHTENING_CYCLE_START,2015-12-16,186,2016-09-12,1.2428262015782892,0.24282620157828916
T09_2015_TIGHTENING_CYCLE_START,T09_2015,2015,TIGHTENING_CYCLE_START,2015-12-16,187,2016-09-13,1.240944557064166,0.24094455706416595
T09_2015_TIGHTENING_CYCLE_START,T09_2015,2015,TIGHTENING_CYCLE_START,2015-12-16,188,2016-09-14,1.24329661270682,0.2432966127068199
T09_2015_TIGHTENING_CYCLE_START,T09_2015,2015,TIGHTENING_CYCLE_START,2015-12-16,189,2016-09-15,1.2357700346503275,0.23577003465032753
T09_2015_TIGHTENING_CYCLE_START,T09_2015,2015,TIGHTENING_CYCLE_START,2015-12-16,190,2016-09-16,1.2285257492095405,0.2285257492095405
T09_2015_TIGHTENING_CYCLE_START,T09_2015,2015,TIGHTENING_CYCLE_START,2015-12-16,191,2016-09-19,1.2357700346503275,0.23577003465032753
T09_2015_TIGHTENING_CYCLE_START,T09_2015,2015,TIGHTENING_CYCLE_START,2015-12-16,192,2016-09-20,1.2359581531631532,0.23595815316315316
T09_2015_TIGHTENING_CYCLE_START,T09_2015,2015,TIGHTENING_CYCLE_START,2015-12-16,193,2016-09-21,1.2483770758642454,0.2483770758642454
T09_2015_TIGHTENING_CYCLE_START,T09_2015,2015,TIGHTENING_CYCLE_START,2015-12-16,194,2016-09-22,1.2610781763345762,0.2610781763345762
T09_2015_TIGHTENING_CYCLE_START,T09_2015,2015,TIGHTENING_CYCLE_START,2015-12-16,195,2016-09-23,1.258067476204099,0.2580674762040991
T09_2015_TIGHTENING_CYCLE_START,T09_2015,2015,TIGHTENING_CYCLE_START,2015-12-16,196,2016-09-26,1.260419531846753,0.26041953184675304
T09_2015_TIGHTENING_CYCLE_START,T09_2015,2015,TIGHTENING_CYCLE_START,2015-12-16,197,2016-09-27,1.247436253607184,0.2474362536071839
T09_2015_TIGHTENING_CYCLE_START,T09_2015,2015,TIGHTENING_CYCLE_START,2015-12-16,198,2016-09-28,1.241320908936284,0.241320908936284
T09_2015_TIGHTENING_CYCLE_START,T09_2015,2015,TIGHTENING_CYCLE_START,2015-12-16,199,2016-09-29,1.2434847312196453,0.2434847312196453
T09_2015_TIGHTENING_CYCLE_START,T09_2015,2015,TIGHTENING_CYCLE_START,2015-12-16,200,2016-09-30,1.235581916137502,0.2355819161375019
T09_2015_TIGHTENING_CYCLE_START,T09_2015,2015,TIGHTENING_CYCLE_START,2015-12-16,201,2016-10-03,1.2315363344935506,0.2315363344935506
T09_2015_TIGHTENING_CYCLE_START,T09_2015,2015,TIGHTENING_CYCLE_START,2015-12-16,202,2016-10-04,1.1913632700556098,0.19136327005560982
T09_2015_TIGHTENING_CYCLE_START,T09_2015,2015,TIGHTENING_CYCLE_START,2015-12-16,203,2016-10-05,1.1903282736956686,0.19032827369566863
T09_2015_TIGHTENING_CYCLE_START,T09_2015,2015,TIGHTENING_CYCLE_START,2015-12-16,204,2016-10-06,1.1758397028140946,0.17583970281409456
T09_2015_TIGHTENING_CYCLE_START,T09_2015,2015,TIGHTENING_CYCLE_START,2015-12-16,205,2016-10-07,1.1749929398134458,0.17499293981344577
T09_2015_TIGHTENING_CYCLE_START,T09_2015,2015,TIGHTENING_CYCLE_START,2015-12-16,206,2016-10-11,1.1788502880981047,0.17885028809810466
T09_2015_TIGHTENING_CYCLE_START,T09_2015,2015,TIGHTENING_CYCLE_START,2015-12-16,207,2016-10-12,1.1770627028403944,0.17706270284039438
T09_2015_TIGHTENING_CYCLE_START,T09_2015,2015,TIGHTENING_CYCLE_START,2015-12-16,208,2016-10-13,1.1807319326122276,0.18073193261222764
T09_2015_TIGHTENING_CYCLE_START,T09_2015,2015,TIGHTENING_CYCLE_START,2015-12-16,209,2016-10-14,1.1789443473545174,0.17894434735451736
T09_2015_TIGHTENING_CYCLE_START,T09_2015,2015,TIGHTENING_CYCLE_START,2015-12-16,210,2016-10-17,1.1801674622272842,0.1801674622272842
T09_2015_TIGHTENING_CYCLE_START,T09_2015,2015,TIGHTENING_CYCLE_START,2015-12-16,211,2016-10-18,1.1861887476417714,0.1861887476417714
T09_2015_TIGHTENING_CYCLE_START,T09_2015,2015,TIGHTENING_CYCLE_START,2015-12-16,212,2016-10-19,1.192868562697615,0.192868562697615
T09_2015_TIGHTENING_CYCLE_START,T09_2015,2015,TIGHTENING_CYCLE_START,2015-12-16,213,2016-10-20,1.1907046255677867,0.19070462556778667
T09_2015_TIGHTENING_CYCLE_START,T09_2015,2015,TIGHTENING_CYCLE_START,2015-12-16,214,2016-10-21,1.1909869181834918,0.19098691818349178
T09_2015_TIGHTENING_CYCLE_START,T09_2015,2015,TIGHTENING_CYCLE_START,2015-12-16,215,2016-10-24,1.1873176884116585,0.18731768841165852
T09_2015_TIGHTENING_CYCLE_START,T09_2015,2015,TIGHTENING_CYCLE_START,2015-12-16,216,2016-10-25,1.196631851725861,0.19663185172586095
T09_2015_TIGHTENING_CYCLE_START,T09_2015,2015,TIGHTENING_CYCLE_START,2015-12-16,217,2016-10-26,1.1899520366700176,0.1899520366700176
T09_2015_TIGHTENING_CYCLE_START,T09_2015,2015,TIGHTENING_CYCLE_START,2015-12-16,218,2016-10-27,1.192868562697615,0.192868562697615
T09_2015_TIGHTENING_CYCLE_START,T09_2015,2015,TIGHTENING_CYCLE_START,2015-12-16,219,2016-10-28,1.200018788881989,0.2000187888819891
T09_2015_TIGHTENING_CYCLE_START,T09_2015,2015,TIGHTENING_CYCLE_START,2015-12-16,220,2016-10-31,1.1962554998537431,0.19625549985374313
T09_2015_TIGHTENING_CYCLE_START,T09_2015,2015,TIGHTENING_CYCLE_START,2015-12-16,221,2016-11-01,1.2102737744532532,0.21027377445325324
T09_2015_TIGHTENING_CYCLE_START,T09_2015,2015,TIGHTENING_CYCLE_START,2015-12-16,222,2016-11-02,1.229466571466602,0.229466571466602
T09_2015_TIGHTENING_CYCLE_START,T09_2015,2015,TIGHTENING_CYCLE_START,2015-12-16,223,2016-11-03,1.2250446379505326,0.22504463795053264
T09_2015_TIGHTENING_CYCLE_START,T09_2015,2015,TIGHTENING_CYCLE_START,2015-12-16,224,2016-11-04,1.2261736935668865,0.22617369356688655
T09_2015_TIGHTENING_CYCLE_START,T09_2015,2015,TIGHTENING_CYCLE_START,2015-12-16,225,2016-11-07,1.2026531371403482,0.20265313714034816
T09_2015_TIGHTENING_CYCLE_START,T09_2015,2015,TIGHTENING_CYCLE_START,2015-12-16,226,2016-11-08,1.1980430851114534,0.1980430851114534
T09_2015_TIGHTENING_CYCLE_START,T09_2015,2015,TIGHTENING_CYCLE_START,2015-12-16,227,2016-11-09,1.1972903813672173,0.19729038136721733
T09_2015_TIGHTENING_CYCLE_START,T09_2015,2015,TIGHTENING_CYCLE_START,2015-12-16,228,2016-11-10,1.1906105663113737,0.19061056631137374
T09_2015_TIGHTENING_CYCLE_START,T09_2015,2015,TIGHTENING_CYCLE_START,2015-12-16,229,2016-11-14,1.148932094384961,0.14893209438496102
T09_2015_TIGHTENING_CYCLE_START,T09_2015,2015,TIGHTENING_CYCLE_START,2015-12-16,230,2016-11-15,1.15156644264332,0.1515664426433201
T09_2015_TIGHTENING_CYCLE_START,T09_2015,2015,TIGHTENING_CYCLE_START,2015-12-16,231,2016-11-16,1.1510019722583766,0.15100197225837664
T09_2015_TIGHTENING_CYCLE_START,T09_2015,2015,TIGHTENING_CYCLE_START,2015-12-16,232,2016-11-17,1.1445102757153585,0.14451027571535846
T09_2015_TIGHTENING_CYCLE_START,T09_2015,2015,TIGHTENING_CYCLE_START,2015-12-16,233,2016-11-18,1.1369836976588663,0.1369836976588663
T09_2015_TIGHTENING_CYCLE_START,T09_2015,2015,TIGHTENING_CYCLE_START,2015-12-16,234,2016-11-21,1.1380185791723405,0.1380185791723405
T09_2015_TIGHTENING_CYCLE_START,T09_2015,2015,TIGHTENING_CYCLE_START,2015-12-16,235,2016-11-22,1.13933575330152,0.13933575330152004
T09_2015_TIGHTENING_CYCLE_START,T09_2015,2015,TIGHTENING_CYCLE_START,2015-12-16,236,2016-11-23,1.118731722902579,0.11873172290257905
T09_2015_TIGHTENING_CYCLE_START,T09_2015,2015,TIGHTENING_CYCLE_START,2015-12-16,237,2016-11-25,1.108476737331315,0.10847673733131491
T09_2015_TIGHTENING_CYCLE_START,T09_2015,2015,TIGHTENING_CYCLE_START,2015-12-16,238,2016-11-28,1.1201429562881713,0.12014295628817129
T09_2015_TIGHTENING_CYCLE_START,T09_2015,2015,TIGHTENING_CYCLE_START,2015-12-16,239,2016-11-29,1.117602782132692,0.11760278213269193
T09_2015_TIGHTENING_CYCLE_START,T09_2015,2015,TIGHTENING_CYCLE_START,2015-12-16,240,2016-11-30,1.1015147445062332,0.10151474450623321
T09_2015_TIGHTENING_CYCLE_START,T09_2015,2015,TIGHTENING_CYCLE_START,2015-12-16,241,2016-12-01,1.0978455147343997,0.09784551473439973
T09_2015_TIGHTENING_CYCLE_START,T09_2015,2015,TIGHTENING_CYCLE_START,2015-12-16,242,2016-12-02,1.1055602113037175,0.10556021130371751
T09_2015_TIGHTENING_CYCLE_START,T09_2015,2015,TIGHTENING_CYCLE_START,2015-12-16,243,2016-12-05,1.1045253297902433,0.10452532979024332
T09_2015_TIGHTENING_CYCLE_START,T09_2015,2015,TIGHTENING_CYCLE_START,2015-12-16,244,2016-12-06,1.098504044375756,0.0985040443757561
T09_2015_TIGHTENING_CYCLE_START,T09_2015,2015,TIGHTENING_CYCLE_START,2015-12-16,245,2016-12-07,1.1054661520473048,0.1054661520473048
T09_2015_TIGHTENING_CYCLE_START,T09_2015,2015,TIGHTENING_CYCLE_START,2015-12-16,246,2016-12-08,1.1005739222491715,0.1005739222491715
T09_2015_TIGHTENING_CYCLE_START,T09_2015,2015,TIGHTENING_CYCLE_START,2015-12-16,247,2016-12-09,1.0907893478064383,0.09078934780643833
T09_2015_TIGHTENING_CYCLE_START,T09_2015,2015,TIGHTENING_CYCLE_START,2015-12-16,248,2016-12-12,1.0946466960910972,0.09464669609109722
T09_2015_TIGHTENING_CYCLE_START,T09_2015,2015,TIGHTENING_CYCLE_START,2015-12-16,249,2016-12-13,1.088249058804492,0.08824905880449196
T09_2015_TIGHTENING_CYCLE_START,T09_2015,2015,TIGHTENING_CYCLE_START,2015-12-16,250,2016-12-14,1.0925769330641486,0.0925769330641486
T09_2015_TIGHTENING_CYCLE_START,T09_2015,2015,TIGHTENING_CYCLE_START,2015-12-16,251,2016-12-15,1.061059387452587,0.0610593874525871
T09_2015_TIGHTENING_CYCLE_START,T09_2015,2015,TIGHTENING_CYCLE_START,2015-12-16,252,2016-12-16,1.0681155543805485,0.0681155543805485
T09_2015_LAST_HIKE,T09_2015,2015,LAST_HIKE,2018-12-19,-60,2018-09-21,0.9575728449634658,-0.04242715503653416
T09_2015_LAST_HIKE,T09_2015,2015,LAST_HIKE,2018-12-19,-59,2018-09-24,0.9600545114519586,-0.039945488548041364
T09_2015_LAST_HIKE,T09_2015,2015,LAST_HIKE,2018-12-19,-58,2018-09-25,0.960614831015867,-0.03938516898413302
T09_2015_LAST_HIKE,T09_2015,2015,LAST_HIKE,2018-12-19,-57,2018-09-26,0.9558117568607877,-0.044188243139212324
T09_2015_LAST_HIKE,T09_2015,2015,LAST_HIKE,2018-12-19,-56,2018-09-27,0.9464458013459005,-0.053554198654099494
T09_2015_LAST_HIKE,T09_2015,2015,LAST_HIKE,2018-12-19,-55,2018-09-28,0.953810475962838,-0.04618952403716203
T09_2015_LAST_HIKE,T09_2015,2015,LAST_HIKE,2018-12-19,-54,2018-10-01,0.9502882020386877,-0.04971179796131231
T09_2015_LAST_HIKE,T09_2015,2015,LAST_HIKE,2018-12-19,-53,2018-10-02,0.9625360802216575,-0.037463919778342514
T09_2015_LAST_HIKE,T09_2015,2015,LAST_HIKE,2018-12-19,-52,2018-10-03,0.9592539990927788,-0.04074600090722125
T09_2015_LAST_HIKE,T09_2015,2015,LAST_HIKE,2018-12-19,-51,2018-10-04,0.9583733573226457,-0.041626642677354275
T09_2015_LAST_HIKE,T09_2015,2015,LAST_HIKE,2018-12-19,-50,2018-10-05,0.9615754067593654,-0.03842459324063463
T09_2015_LAST_HIKE,T09_2015,2015,LAST_HIKE,2018-12-19,-49,2018-10-08,0.9481268577564195,-0.05187314224358053
T09_2015_LAST_HIKE,T09_2015,2015,LAST_HIKE,2018-12-19,-48,2018-10-09,0.9503682337308469,-0.04963176626915311
T09_2015_LAST_HIKE,T09_2015,2015,LAST_HIKE,2018-12-19,-47,2018-10-10,0.9520493878601597,-0.04795061213984031
T09_2015_LAST_HIKE,T09_2015,2015,LAST_HIKE,2018-12-19,-46,2018-10-11,0.9794268714565944,-0.02057312854340565
T09_2015_LAST_HIKE,T09_2015,2015,LAST_HIKE,2018-12-19,-45,2018-10-12,0.9751040851732642,-0.02489591482673581
T09_2015_LAST_HIKE,T09_2015,2015,LAST_HIKE,2018-12-19,-44,2018-10-15,0.9817483768419748,-0.0182516231580252
T09_2015_LAST_HIKE,T09_2015,2015,LAST_HIKE,2018-12-19,-43,2018-10-16,0.9824688575089955,-0.017531142491004514
T09_2015_LAST_HIKE,T09_2015,2015,LAST_HIKE,2018-12-19,-42,2018-10-17,0.9795869348409129,-0.02041306515908714
T09_2015_LAST_HIKE,T09_2015,2015,LAST_HIKE,2018-12-19,-41,2018-10-18,0.981828408534134,-0.018171591465866
T09_2015_LAST_HIKE,T09_2015,2015,LAST_HIKE,2018-12-19,-40,2018-10-19,0.9808678327906357,-0.01913216720936428
T09_2015_LAST_HIKE,T09_2015,2015,LAST_HIKE,2018-12-19,-39,2018-10-22,0.9775856539429632,-0.02241434605703685
T09_2015_LAST_HIKE,T09_2015,2015,LAST_HIKE,2018-12-19,-38,2018-10-23,0.9873519633562341,-0.012648036643765903
T09_2015_LAST_HIKE,T09_2015,2015,LAST_HIKE,2018-12-19,-37,2018-10-24,0.9828691136885854,-0.017130886311414573
T09_2015_LAST_HIKE,T09_2015,2015,LAST_HIKE,2018-12-19,-36,2018-10-25,0.983909721124243,-0.01609027887575698
T09_2015_LAST_HIKE,T09_2015,2015,LAST_HIKE,2018-12-19,-35,2018-10-26,0.9866314826892134,-0.013368517310786587
T09_2015_LAST_HIKE,T09_2015,2015,LAST_HIKE,2018-12-19,-34,2018-10-29,0.9802273838157742,-0.019772616184225766
T09_2015_LAST_HIKE,T09_2015,2015,LAST_HIKE,2018-12-19,-33,2018-10-30,0.9787063907895737,-0.021293609210426334
T09_2015_LAST_HIKE,T09_2015,2015,LAST_HIKE,2018-12-19,-32,2018-10-31,0.9704611721212971,-0.029538827878702878
T09_2015_LAST_HIKE,T09_2015,2015,LAST_HIKE,2018-12-19,-31,2018-11-01,0.989433275946343,-0.010566724053656995
T09_2015_LAST_HIKE,T09_2015,2015,LAST_HIKE,2018-12-19,-30,2018-11-02,0.9853506824582844,-0.014649317541715612
T09_2015_LAST_HIKE,T09_2015,2015,LAST_HIKE,2018-12-19,-29,2018-11-05,0.9844701384069452,-0.015529861593054806
T09_2015_LAST_HIKE,T09_2015,2015,LAST_HIKE,2018-12-19,-28,2018-11-06,0.9796670642518659,-0.020332935748134107
T09_2015_LAST_HIKE,T09_2015,2015,LAST_HIKE,2018-12-19,-27,2018-11-07,0.9815882157388626,-0.01841178426113743
T09_2015_LAST_HIKE,T09_2015,2015,LAST_HIKE,2018-12-19,-26,2018-11-08,0.9789465835848452,-0.02105341641515479
T09_2015_LAST_HIKE,T09_2015,2015,LAST_HIKE,2018-12-19,-25,2018-11-09,0.965738129658377,-0.03426187034162298
T09_2015_LAST_HIKE,T09_2015,2015,LAST_HIKE,2018-12-19,-24,2018-11-12,0.9616555361703184,-0.038344463829681597
T09_2015_LAST_HIKE,T09_2015,2015,LAST_HIKE,2018-12-19,-23,2018-11-13,0.9599743820410055,-0.04002561795899451
T09_2015_LAST_HIKE,T09_2015,2015,LAST_HIKE,2018-12-19,-22,2018-11-14,0.9669388981971468,-0.033061101802853154
T09_2015_LAST_HIKE,T09_2015,2015,LAST_HIKE,2018-12-19,-21,2018-11-15,0.9708614283008871,-0.029138571699112936
T09_2015_LAST_HIKE,T09_2015,2015,LAST_HIKE,2018-12-19,-20,2018-11-16,0.9772655271743262,-0.022734472825673757
T09_2015_LAST_HIKE,T09_2015,2015,LAST_HIKE,2018-12-19,-19,2018-11-19,0.9791066469691636,-0.020893353030836392
T09_2015_LAST_HIKE,T09_2015,2015,LAST_HIKE,2018-12-19,-18,2018-11-20,0.9758245658402849,-0.024175434159715126
T09_2015_LAST_HIKE,T09_2015,2015,LAST_HIKE,2018-12-19,-17,2018-11-21,0.9812680889702257,-0.01873191102977434
T09_2015_LAST_HIKE,T09_2015,2015,LAST_HIKE,2018-12-19,-16,2018-11-23,0.9774255905586446,-0.02257440944135536
T09_2015_LAST_HIKE,T09_2015,2015,LAST_HIKE,2018-12-19,-15,2018-11-26,0.9767851415837833,-0.023214858416216733
T09_2015_LAST_HIKE,T09_2015,2015,LAST_HIKE,2018-12-19,-14,2018-11-27,0.9695805303511642,-0.030419469648835795
T09_2015_LAST_HIKE,T09_2015,2015,LAST_HIKE,2018-12-19,-13,2018-11-28,0.9777458150460754,-0.022254184953924616
T09_2015_LAST_HIKE,T09_2015,2015,LAST_HIKE,2018-12-19,-12,2018-11-29,0.9799071593283436,-0.020092840671656398
T09_2015_LAST_HIKE,T09_2015,2015,LAST_HIKE,2018-12-19,-11,2018-11-30,0.9767851415837833,-0.023214858416216733
T09_2015_LAST_HIKE,T09_2015,2015,LAST_HIKE,2018-12-19,-10,2018-12-03,0.987752219535824,-0.012247780464175961
T09_2015_LAST_HIKE,T09_2015,2015,LAST_HIKE,2018-12-19,-9,2018-12-04,0.9935158694344016,-0.006484130565598378
T09_2015_LAST_HIKE,T09_2015,2015,LAST_HIKE,2018-12-19,-8,2018-12-06,0.991114332356862,-0.008885667643138029
T09_2015_LAST_HIKE,T09_2015,2015,LAST_HIKE,2018-12-19,-7,2018-12-07,0.9980788485130033,-0.001921151486996675
T09_2015_LAST_HIKE,T09_2015,2015,LAST_HIKE,2018-12-19,-6,2018-12-10,0.9955971820245106,-0.004402817975489359
T09_2015_LAST_HIKE,T09_2015,2015,LAST_HIKE,2018-12-19,-5,2018-12-11,0.9941563184092631,-0.005843681590736893
T09_2015_LAST_HIKE,T09_2015,2015,LAST_HIKE,2018-12-19,-4,2018-12-12,0.9961575993072128,-0.0038424006927871845
T09_2015_LAST_HIKE,T09_2015,2015,LAST_HIKE,2018-12-19,-3,2018-12-13,0.9947966696653308,-0.005203330334669243
T09_2015_LAST_HIKE,T09_2015,2015,LAST_HIKE,2018-12-19,-2,2018-12-14,0.9902337883055229,-0.009766211694477112
T09_2015_LAST_HIKE,T09_2015,2015,LAST_HIKE,2018-12-19,-1,2018-12-17,0.9985591363847525,-0.001440863615247534
T09_2015_LAST_HIKE,T09_2015,2015,LAST_HIKE,2018-12-19,0,2018-12-18,1.0,0.0
T09_2015_LAST_HIKE,T09_2015,2015,LAST_HIKE,2018-12-19,1,2018-12-19,1.0023215053853805,0.0023215053853804513
T09_2015_LAST_HIKE,T09_2015,2015,LAST_HIKE,2018-12-19,2,2018-12-20,1.0115273975159491,0.011527397515949112
T09_2015_LAST_HIKE,T09_2015,2015,LAST_HIKE,2018-12-19,3,2018-12-21,1.0036824350272626,0.0036824350272626205
T09_2015_LAST_HIKE,T09_2015,2015,LAST_HIKE,2018-12-19,4,2018-12-24,1.0146494152605094,0.014649415260509446
T09_2015_LAST_HIKE,T09_2015,2015,LAST_HIKE,2018-12-19,5,2018-12-26,1.016010247183598,0.016010247183597892
T09_2015_LAST_HIKE,T09_2015,2015,LAST_HIKE,2018-12-19,6,2018-12-27,1.0224944754679899,0.022494475467989883
T09_2015_LAST_HIKE,T09_2015,2015,LAST_HIKE,2018-12-19,7,2018-12-28,1.024575788058099,0.024575788058099013
T09_2015_LAST_HIKE,T09_2015,2015,LAST_HIKE,2018-12-19,8,2018-12-31,1.0232949878271698,0.023294987827169766
T09_2015_LAST_HIKE,T09_2015,2015,LAST_HIKE,2018-12-19,9,2019-01-02,1.025456332109438,0.025456332109438096
T09_2015_LAST_HIKE,T09_2015,2015,LAST_HIKE,2018-12-19,10,2019-01-03,1.0341019046760984,0.034101904676098416
T09_2015_LAST_HIKE,T09_2015,2015,LAST_HIKE,2018-12-19,11,2019-01-04,1.0268171640325263,0.02681716403252632
T09_2015_LAST_HIKE,T09_2015,2015,LAST_HIKE,2018-12-19,12,2019-01-07,1.030099342880199,0.030099342880198998
T09_2015_LAST_HIKE,T09_2015,2015,LAST_HIKE,2018-12-19,13,2019-01-08,1.0272174202121163,0.02721742021211626
T09_2015_LAST_HIKE,T09_2015,2015,LAST_HIKE,2018-12-19,14,2019-01-09,1.0321006237781487,0.03210062377814871
T09_2015_LAST_HIKE,T09_2015,2015,LAST_HIKE,2018-12-19,15,2019-01-10,1.028418188750886,0.028418188750886086
T09_2015_LAST_HIKE,T09_2015,2015,LAST_HIKE,2018-12-19,16,2019-01-11,1.0303394379566766,0.030339437956676596
T09_2015_LAST_HIKE,T09_2015,2015,LAST_HIKE,2018-12-19,17,2019-01-14,1.0319404626750364,0.03194046267503636
T09_2015_LAST_HIKE,T09_2015,2015,LAST_HIKE,2018-12-19,18,2019-01-15,1.029618957289656,0.02961895728965591
T09_2015_LAST_HIKE,T09_2015,2015,LAST_HIKE,2018-12-19,19,2019-01-16,1.033941743572986,0.03394174357298607
T09_2015_LAST_HIKE,T09_2015,2015,LAST_HIKE,2018-12-19,20,2019-01-17,1.033461455701237,0.03346145570123693
T09_2015_LAST_HIKE,T09_2015,2015,LAST_HIKE,2018-12-19,21,2019-01-18,1.0256965249047094,0.025696524904709417
T09_2015_LAST_HIKE,T09_2015,2015,LAST_HIKE,2018-12-19,22,2019-01-22,1.026657100648208,0.02665710064820792
T09_2015_LAST_HIKE,T09_2015,2015,LAST_HIKE,2018-12-19,23,2019-01-23,1.027137388519957,0.027137388519957062
T09_2015_LAST_HIKE,T09_2015,2015,LAST_HIKE,2018-12-19,24,2019-01-24,1.0239353390832375,0.023935339083237528
T09_2015_LAST_HIKE,T09_2015,2015,LAST_HIKE,2018-12-19,25,2019-01-25,1.038584754343747,0.038584754343746974
T09_2015_LAST_HIKE,T09_2015,2015,LAST_HIKE,2018-12-19,26,2019-01-28,1.0425873161396464,0.04258731613964639
T09_2015_LAST_HIKE,T09_2015,2015,LAST_HIKE,2018-12-19,27,2019-01-29,1.0472302291916136,0.04723022919161357
T09_2015_LAST_HIKE,T09_2015,2015,LAST_HIKE,2018-12-19,28,2019-01-30,1.0485911588334955,0.04859115883349552
T09_2015_LAST_HIKE,T09_2015,2015,LAST_HIKE,2018-12-19,29,2019-01-31,1.0564361213221822,0.05643612132218223
T09_2015_LAST_HIKE,T09_2015,2015,LAST_HIKE,2018-12-19,30,2019-02-01,1.0541947453477547,0.0541947453477547
T09_2015_LAST_HIKE,T09_2015,2015,LAST_HIKE,2018-12-19,31,2019-02-04,1.0521134327576458,0.052113432757645795
T09_2015_LAST_HIKE,T09_2015,2015,LAST_HIKE,2018-12-19,32,2019-02-05,1.0520333033466929,0.05203330334669287
T09_2015_LAST_HIKE,T09_2015,2015,LAST_HIKE,2018-12-19,33,2019-02-06,1.0482709343460648,0.048270934346064776
T09_2015_LAST_HIKE,T09_2015,2015,LAST_HIKE,2018-12-19,34,2019-02-07,1.0481909026539056,0.048190902653905576
T09_2015_LAST_HIKE,T09_2015,2015,LAST_HIKE,2018-12-19,35,2019-02-08,1.051633047167103,0.05163304716710293
T09_2015_LAST_HIKE,T09_2015,2015,LAST_HIKE,2018-12-19,36,2019-02-11,1.046269653448115,0.04626965344811507
T09_2015_LAST_HIKE,T09_2015,2015,LAST_HIKE,2018-12-19,37,2019-02-12,1.0480307415507935,0.048030741550793454
T09_2015_LAST_HIKE,T09_2015,2015,LAST_HIKE,2018-12-19,38,2019-02-13,1.0493116395005162,0.0493116395005162
T09_2015_LAST_HIKE,T09_2015,2015,LAST_HIKE,2018-12-19,39,2019-02-14,1.0485111271413363,0.04851112714133632
T09_2015_LAST_HIKE,T09_2015,2015,LAST_HIKE,2018-12-19,40,2019-02-15,1.0551553210912532,0.05515532109125321
T09_2015_LAST_HIKE,T09_2015,2015,LAST_HIKE,2018-12-19,41,2019-02-19,1.0727665929932106,0.07276659299321064
T09_2015_LAST_HIKE,T09_2015,2015,LAST_HIKE,2018-12-19,42,2019-02-20,1.0753282911738626,0.07532829117386264
T09_2015_LAST_HIKE,T09_2015,2015,LAST_HIKE,2018-12-19,43,2019-02-21,1.0594781073745834,0.05947810737458337
T09_2015_LAST_HIKE,T09_2015,2015,LAST_HIKE,2018-12-19,44,2019-02-22,1.0640409887343911,0.06404098873439112
T09_2015_LAST_HIKE,T09_2015,2015,LAST_HIKE,2018-12-19,45,2019-02-25,1.0613993565803739,0.061399356580373876
T09_2015_LAST_HIKE,T09_2015,2015,LAST_HIKE,2018-12-19,46,2019-02-26,1.0607589076055124,0.06075890760551239
T09_2015_LAST_HIKE,T09_2015,2015,LAST_HIKE,2018-12-19,47,2019-02-27,1.0548350966038225,0.054835096603822464
T09_2015_LAST_HIKE,T09_2015,2015,LAST_HIKE,2018-12-19,48,2019-02-28,1.050912664218876,0.05091266421887597
T09_2015_LAST_HIKE,T09_2015,2015,LAST_HIKE,2018-12-19,49,2019-03-01,1.037784241984567,0.03778424198456709
T09_2015_LAST_HIKE,T09_2015,2015,LAST_HIKE,2018-12-19,50,2019-03-04,1.0284983181618392,0.02849831816183923
T09_2015_LAST_HIKE,T09_2015,2015,LAST_HIKE,2018-12-19,51,2019-03-05,1.026256844468618,0.02625684446861798
T09_2015_LAST_HIKE,T09_2015,2015,LAST_HIKE,2018-12-19,52,2019-03-06,1.0285783498539984,0.02857834985399843
T09_2015_LAST_HIKE,T09_2015,2015,LAST_HIKE,2018-12-19,53,2019-03-07,1.0276978058026593,0.027697805802659348
T09_2015_LAST_HIKE,T09_2015,2015,LAST_HIKE,2018-12-19,54,2019-03-08,1.0382645298563162,0.03826452985631623
T09_2015_LAST_HIKE,T09_2015,2015,LAST_HIKE,2018-12-19,55,2019-03-11,1.0317003675985588,0.031700367598558765
T09_2015_LAST_HIKE,T09_2015,2015,LAST_HIKE,2018-12-19,56,2019-03-12,1.037704210292408,0.03770421029240789
T09_2015_LAST_HIKE,T09_2015,2015,LAST_HIKE,2018-12-19,57,2019-03-13,1.046669909627705,0.04666990962770501
T09_2015_LAST_HIKE,T09_2015,2015,LAST_HIKE,2018-12-19,58,2019-03-14,1.0353827049070274,0.03538270490702744
T09_2015_LAST_HIKE,T09_2015,2015,LAST_HIKE,2018-12-19,59,2019-03-15,1.0421070282678973,0.04210702826789725
T09_2015_LAST_HIKE,T09_2015,2015,LAST_HIKE,2018-12-19,60,2019-03-18,1.0409062597291274,0.040906259729127425
T09_2015_LAST_HIKE,T09_2015,2015,LAST_HIKE,2018-12-19,61,2019-03-19,1.0446686287297553,0.0446686287297553
T09_2015_LAST_HIKE,T09_2015,2015,LAST_HIKE,2018-12-19,62,2019-03-20,1.0410663231134458,0.041066323113445824
T09_2015_LAST_HIKE,T09_2015,2015,LAST_HIKE,2018-12-19,63,2019-03-21,1.0455491727810944,0.04554917278109438
T09_2015_LAST_HIKE,T09_2015,2015,LAST_HIKE,2018-12-19,64,2019-03-22,1.0499519907565837,0.04995199075658374
T09_2015_LAST_HIKE,T09_2015,2015,LAST_HIKE,2018-12-19,65,2019-03-25,1.0581973071436543,0.05819730714365434
T09_2015_LAST_HIKE,T09_2015,2015,LAST_HIKE,2018-12-19,66,2019-03-26,1.0521134327576458,0.052113432757645795
T09_2015_LAST_HIKE,T09_2015,2015,LAST_HIKE,2018-12-19,67,2019-03-27,1.0485911588334955,0.04859115883349552
T09_2015_LAST_HIKE,T09_2015,2015,LAST_HIKE,2018-12-19,68,2019-03-28,1.0325008799577386,0.03250087995773865
T09_2015_LAST_HIKE,T09_2015,2015,LAST_HIKE,2018-12-19,69,2019-03-29,1.0350624804195967,0.0350624804195967
T09_2015_LAST_HIKE,T09_2015,2015,LAST_HIKE,2018-12-19,70,2019-04-01,1.031380143111128,0.03138014311112802
T09_2015_LAST_HIKE,T09_2015,2015,LAST_HIKE,2018-12-19,71,2019-04-02,1.032660943342057,0.03266094334205705
T09_2015_LAST_HIKE,T09_2015,2015,LAST_HIKE,2018-12-19,72,2019-04-03,1.0325809116498978,0.03258091164989785
T09_2015_LAST_HIKE,T09_2015,2015,LAST_HIKE,2018-12-19,73,2019-04-04,1.0318604309828772,0.031860430982877164
T09_2015_LAST_HIKE,T09_2015,2015,LAST_HIKE,2018-12-19,74,2019-04-05,1.0329811678294878,0.03298116782948779
T09_2015_LAST_HIKE,T09_2015,2015,LAST_HIKE,2018-12-19,75,2019-04-08,1.0383445615484754,0.03834456154847543
T09_2015_LAST_HIKE,T09_2015,2015,LAST_HIKE,2018-12-19,76,2019-04-09,1.0434678601909855,0.043467860190985474
T09_2015_LAST_HIKE,T09_2015,2015,LAST_HIKE,2018-12-19,77,2019-04-10,1.047950709858634,0.04795070985863403
T09_2015_LAST_HIKE,T09_2015,2015,LAST_HIKE,2018-12-19,78,2019-04-11,1.0315402064954464,0.03154020649544642
T09_2015_LAST_HIKE,T09_2015,2015,LAST_HIKE,2018-12-19,79,2019-04-12,1.0331412312138062,0.03314123121380619
T09_2015_LAST_HIKE,T09_2015,2015,LAST_HIKE,2018-12-19,80,2019-04-15,1.030099342880199,0.030099342880198998
T09_2015_LAST_HIKE,T09_2015,2015,LAST_HIKE,2018-12-19,81,2019-04-16,1.0187320087485683,0.018732008748568285
T09_2015_LAST_HIKE,T09_2015,2015,LAST_HIKE,2018-12-19,82,2019-04-17,1.0184117842611375,0.018411784261137543
T09_2015_LAST_HIKE,T09_2015,2015,LAST_HIKE,2018-12-19,83,2019-04-18,1.0181716891846597,0.018171689184659723
T09_2015_LAST_HIKE,T09_2015,2015,LAST_HIKE,2018-12-19,84,2019-04-22,1.0194524894155887,0.019452489415588747
T09_2015_LAST_HIKE,T09_2015,2015,LAST_HIKE,2018-12-19,85,2019-04-23,1.0160903765945508,0.016090376594550815
T09_2015_LAST_HIKE,T09_2015,2015,LAST_HIKE,2018-12-19,86,2019-04-24,1.0210535141339485,0.021053514133948514
T09_2015_LAST_HIKE,T09_2015,2015,LAST_HIKE,2018-12-19,87,2019-04-25,1.02129370692922,0.021293706929220058
T09_2015_LAST_HIKE,T09_2015,2015,LAST_HIKE,2018-12-19,88,2019-04-26,1.0285783498539984,0.02857834985399843
T09_2015_LAST_HIKE,T09_2015,2015,LAST_HIKE,2018-12-19,89,2019-04-29,1.0235350829036476,0.023535082903647586
T09_2015_LAST_HIKE,T09_2015,2015,LAST_HIKE,2018-12-19,90,2019-04-30,1.0268972934434792,0.026897293443479242
T09_2015_LAST_HIKE,T09_2015,2015,LAST_HIKE,2018-12-19,91,2019-05-01,1.0257765565968688,0.025776556596868838
T09_2015_LAST_HIKE,T09_2015,2015,LAST_HIKE,2018-12-19,92,2019-05-02,1.0164105033631878,0.016410503363187834
T09_2015_LAST_HIKE,T09_2015,2015,LAST_HIKE,2018-12-19,93,2019-05-03,1.0240153707753967,0.024015370775396727
T09_2015_LAST_HIKE,T09_2015,2015,LAST_HIKE,2018-12-19,94,2019-05-06,1.0260166516733464,0.026016651673346436
T09_2015_LAST_HIKE,T09_2015,2015,LAST_HIKE,2018-12-19,95,2019-05-07,1.0274576130073878,0.027457613007387804
T09_2015_LAST_HIKE,T09_2015,2015,LAST_HIKE,2018-12-19,96,2019-05-08,1.0241755318785088,0.02417553187850885
T09_2015_LAST_HIKE,T09_2015,2015,LAST_HIKE,2018-12-19,97,2019-05-09,1.0274576130073878,0.027457613007387804
T09_2015_LAST_HIKE,T09_2015,2015,LAST_HIKE,2018-12-19,98,2019-05-10,1.029218701110066,0.02921870111006597
T09_2015_LAST_HIKE,T09_2015,2015,LAST_HIKE,2018-12-19,99,2019-05-13,1.040746098626015,0.04074609862601508
T09_2015_LAST_HIKE,T09_2015,2015,LAST_HIKE,2018-12-19,100,2019-05-14,1.036423312342685,0.03642331234268492
T09_2015_LAST_HIKE,T09_2015,2015,LAST_HIKE,2018-12-19,101,2019-05-15,1.037704210292408,0.03770421029240789
T09_2015_LAST_HIKE,T09_2015,2015,LAST_HIKE,2018-12-19,102,2019-05-16,1.0286583815461576,0.02865838154615763
T09_2015_LAST_HIKE,T09_2015,2015,LAST_HIKE,2018-12-19,103,2019-05-17,1.0202530017747686,0.02025300177476863
T09_2015_LAST_HIKE,T09_2015,2015,LAST_HIKE,2018-12-19,104,2019-05-20,1.0215338020056979,0.021533802005697877
T09_2015_LAST_HIKE,T09_2015,2015,LAST_HIKE,2018-12-19,105,2019-05-21,1.018251720876819,0.018251720876818922
T09_2015_LAST_HIKE,T09_2015,2015,LAST_HIKE,2018-12-19,106,2019-05-22,1.0195325211077482,0.01953252110774817
T09_2015_LAST_HIKE,T09_2015,2015,LAST_HIKE,2018-12-19,107,2019-05-23,1.0284983181618392,0.02849831816183923
T09_2015_LAST_HIKE,T09_2015,2015,LAST_HIKE,2018-12-19,108,2019-05-24,1.0270573568277979,0.027057356827797863
T09_2015_LAST_HIKE,T09_2015,2015,LAST_HIKE,2018-12-19,109,2019-05-28,1.0218540264931286,0.02185402649312862
T09_2015_LAST_HIKE,T09_2015,2015,LAST_HIKE,2018-12-19,110,2019-05-29,1.0251361076220074,0.025136107622007353
T09_2015_LAST_HIKE,T09_2015,2015,LAST_HIKE,2018-12-19,111,2019-05-30,1.0303394379566766,0.030339437956676596
T09_2015_LAST_HIKE,T09_2015,2015,LAST_HIKE,2018-12-19,112,2019-05-31,1.0453090777046168,0.045309077704616785
T09_2015_LAST_HIKE,T09_2015,2015,LAST_HIKE,2018-12-19,113,2019-06-03,1.0588376583997219,0.05883765839972188
T09_2015_LAST_HIKE,T09_2015,2015,LAST_HIKE,2018-12-19,114,2019-06-04,1.0593980756824242,0.05939807568242417
T09_2015_LAST_HIKE,T09_2015,2015,LAST_HIKE,2018-12-19,115,2019-06-05,1.0633206057861644,0.06332060578616439
T09_2015_LAST_HIKE,T09_2015,2015,LAST_HIKE,2018-12-19,116,2019-06-06,1.070765312095261,0.07076531209526093
T09_2015_LAST_HIKE,T09_2015,2015,LAST_HIKE,2018-12-19,117,2019-06-07,1.0736471370445497,0.07364713704454973
T09_2015_LAST_HIKE,T09_2015,2015,LAST_HIKE,2018-12-19,118,2019-06-10,1.0604386831180816,0.06043868311808165
T09_2015_LAST_HIKE,T09_2015,2015,LAST_HIKE,2018-12-19,119,2019-06-11,1.0617996127599638,0.06179961275996382
T09_2015_LAST_HIKE,T09_2015,2015,LAST_HIKE,2018-12-19,120,2019-06-12,1.0662024307354532,0.06620243073545318
T09_2015_LAST_HIKE,T09_2015,2015,LAST_HIKE,2018-12-19,121,2019-06-13,1.07204611232619,0.07204611232618996
T09_2015_LAST_HIKE,T09_2015,2015,LAST_HIKE,2018-12-19,122,2019-06-14,1.0727665929932106,0.07276659299321064
T09_2015_LAST_HIKE,T09_2015,2015,LAST_HIKE,2018-12-19,123,2019-06-17,1.0716458561466,0.07164585614660002
T09_2015_LAST_HIKE,T09_2015,2015,LAST_HIKE,2018-12-19,124,2019-06-18,1.0779699233278799,0.07796992332787989
T09_2015_LAST_HIKE,T09_2015,2015,LAST_HIKE,2018-12-19,125,2019-06-19,1.0763688986095201,0.07636889860952012
T09_2015_LAST_HIKE,T09_2015,2015,LAST_HIKE,2018-12-19,126,2019-06-20,1.1150336846454263,0.11503368464542629
T09_2015_LAST_HIKE,T09_2015,2015,LAST_HIKE,2018-12-19,127,2019-06-21,1.1176753167994438,0.11767531679944376
T09_2015_LAST_HIKE,T09_2015,2015,LAST_HIKE,2018-12-19,128,2019-06-24,1.1321646686756348,0.1321646686756348
T09_2015_LAST_HIKE,T09_2015,2015,LAST_HIKE,2018-12-19,129,2019-06-25,1.132644956547384,0.13264495654738395
T09_2015_LAST_HIKE,T09_2015,2015,LAST_HIKE,2018-12-19,130,2019-06-26,1.1300032266745728,0.13000322667457276
T09_2015_LAST_HIKE,T09_2015,2015,LAST_HIKE,2018-12-19,131,2019-06-27,1.1274416262127147,0.1274416262127147
T09_2015_LAST_HIKE,T09_2015,2015,LAST_HIKE,2018-12-19,132,2019-06-28,1.1284822336483722,0.1284822336483722
T09_2015_LAST_HIKE,T09_2015,2015,LAST_HIKE,2018-12-19,133,2019-07-01,1.1091899053358956,0.10918990533589557
T09_2015_LAST_HIKE,T09_2015,2015,LAST_HIKE,2018-12-19,134,2019-07-02,1.1243996401603136,0.12439964016031357
T09_2015_LAST_HIKE,T09_2015,2015,LAST_HIKE,2018-12-19,135,2019-07-03,1.1348863325218113,0.13488633252181126
T09_2015_LAST_HIKE,T09_2015,2015,LAST_HIKE,2018-12-19,136,2019-07-05,1.1180755729790337,0.1180755729790337
T09_2015_LAST_HIKE,T09_2015,2015,LAST_HIKE,2018-12-19,137,2019-07-08,1.1183157657743052,0.11831576577430525
T09_2015_LAST_HIKE,T09_2015,2015,LAST_HIKE,2018-12-19,138,2019-07-09,1.1187160219538952,0.11871602195389519
T09_2015_LAST_HIKE,T09_2015,2015,LAST_HIKE,2018-12-19,139,2019-07-10,1.128802458135803,0.12880245813580293
T09_2015_LAST_HIKE,T09_2015,2015,LAST_HIKE,2018-12-19,140,2019-07-11,1.124159545083836,0.12415954508383598
T09_2015_LAST_HIKE,T09_2015,2015,LAST_HIKE,2018-12-19,141,2019-07-12,1.1286423947514845,0.12864239475148453
T09_2015_LAST_HIKE,T09_2015,2015,LAST_HIKE,2018-12-19,142,2019-07-15,1.1298431632902544,0.12984316329025436
T09_2015_LAST_HIKE,T09_2015,2015,LAST_HIKE,2018-12-19,143,2019-07-16,1.1280819774687822,0.12808197746878225
T09_2015_LAST_HIKE,T09_2015,2015,LAST_HIKE,2018-12-19,144,2019-07-17,1.137768255189894,0.137768255189894
T09_2015_LAST_HIKE,T09_2015,2015,LAST_HIKE,2018-12-19,145,2019-07-18,1.141610655882681,0.14161065588268107
T09_2015_LAST_HIKE,T09_2015,2015,LAST_HIKE,2018-12-19,146,2019-07-19,1.1408101435235012,0.14081014352350119
T09_2015_LAST_HIKE,T09_2015,2015,LAST_HIKE,2018-12-19,147,2019-07-22,1.1409703046266135,0.14097030462661353
T09_2015_LAST_HIKE,T09_2015,2015,LAST_HIKE,2018-12-19,148,2019-07-23,1.1368075817276018,0.13680758172760177
T09_2015_LAST_HIKE,T09_2015,2015,LAST_HIKE,2018-12-19,149,2019-07-24,1.1389690237286638,0.13896902372866382
T09_2015_LAST_HIKE,T09_2015,2015,LAST_HIKE,2018-12-19,150,2019-07-25,1.131844444188204,0.13184444418820407
T09_2015_LAST_HIKE,T09_2015,2015,LAST_HIKE,2018-12-19,151,2019-07-26,1.1355267814966727,0.13552678149667274
T09_2015_LAST_HIKE,T09_2015,2015,LAST_HIKE,2018-12-19,152,2019-07-29,1.1364073255480118,0.13640732554801183
T09_2015_LAST_HIKE,T09_2015,2015,LAST_HIKE,2018-12-19,153,2019-07-30,1.14449248083197,0.14449248083197008
T09_2015_LAST_HIKE,T09_2015,2015,LAST_HIKE,2018-12-19,154,2019-07-31,1.141610655882681,0.14161065588268107
T09_2015_LAST_HIKE,T09_2015,2015,LAST_HIKE,2018-12-19,155,2019-08-01,1.1374480307024633,0.13744803070246325
T09_2015_LAST_HIKE,T09_2015,2015,LAST_HIKE,2018-12-19,156,2019-08-02,1.157220646886689,0.15722064688668902
T09_2015_LAST_HIKE,T09_2015,2015,LAST_HIKE,2018-12-19,157,2019-08-05,1.1724303817111068,0.1724303817111068
T09_2015_LAST_HIKE,T09_2015,2015,LAST_HIKE,2018-12-19,158,2019-08-06,1.1786744172002275,0.17867441720022748
T09_2015_LAST_HIKE,T09_2015,2015,LAST_HIKE,2018-12-19,159,2019-08-07,1.2066123180793644,0.20661231807936442
T09_2015_LAST_HIKE,T09_2015,2015,LAST_HIKE,2018-12-19,160,2019-08-08,1.1989273212562024,0.19892732125620238
T09_2015_LAST_HIKE,T09_2015,2015,LAST_HIKE,2018-12-19,161,2019-08-09,1.1980467772048633,0.1980467772048633
T09_2015_LAST_HIKE,T09_2015,2015,LAST_HIKE,2018-12-19,162,2019-08-12,1.2050112933610047,0.20501129336100465
T09_2015_LAST_HIKE,T09_2015,2015,LAST_HIKE,2018-12-19,163,2019-08-13,1.2025296268725119,0.20252962687251186
T09_2015_LAST_HIKE,T09_2015,2015,LAST_HIKE,2018-12-19,164,2019-08-14,1.2134967048245529,0.21349670482455285
T09_2015_LAST_HIKE,T09_2015,2015,LAST_HIKE,2018-12-19,165,2019-08-15,1.2164585614660008,0.21645856146600084
T09_2015_LAST_HIKE,T09_2015,2015,LAST_HIKE,2018-12-19,166,2019-08-16,1.2107749432595825,0.21077494325958246
T09_2015_LAST_HIKE,T09_2015,2015,LAST_HIKE,2018-12-19,167,2019-08-19,1.2010887632572644,0.20108876325726444
T09_2015_LAST_HIKE,T09_2015,2015,LAST_HIKE,2018-12-19,168,2019-08-20,1.2044508760783024,0.20445087607830237
T09_2015_LAST_HIKE,T09_2015,2015,LAST_HIKE,2018-12-19,169,2019-08-21,1.2044508760783024,0.20445087607830237
T09_2015_LAST_HIKE,T09_2015,2015,LAST_HIKE,2018-12-19,170,2019-08-22,1.1986071944875656,0.19860719448756559
T09_2015_LAST_HIKE,T09_2015,2015,LAST_HIKE,2018-12-19,171,2019-08-23,1.22206214798026,0.22206214798026003
T09_2015_LAST_HIKE,T09_2015,2015,LAST_HIKE,2018-12-19,172,2019-08-26,1.2218220529037824,0.22182205290378243
T09_2015_LAST_HIKE,T09_2015,2015,LAST_HIKE,2018-12-19,173,2019-08-27,1.2335895454962091,0.23358954549620914
T09_2015_LAST_HIKE,T09_2015,2015,LAST_HIKE,2018-12-19,174,2019-08-28,1.231027945034351,0.2310279450343511
T09_2015_LAST_HIKE,T09_2015,2015,LAST_HIKE,2018-12-19,175,2019-08-29,1.2219821162881008,0.22198211628810083
T09_2015_LAST_HIKE,T09_2015,2015,LAST_HIKE,2018-12-19,176,2019-08-30,1.216058305286411,0.2160583052864109
T09_2015_LAST_HIKE,T09_2015,2015,LAST_HIKE,2018-12-19,177,2019-09-03,1.2375120755999494,0.23751207559994936
T09_2015_LAST_HIKE,T09_2015,2015,LAST_HIKE,2018-12-19,178,2019-09-04,1.2410343495240996,0.24103434952409963
T09_2015_LAST_HIKE,T09_2015,2015,LAST_HIKE,2018-12-19,179,2019-09-05,1.213096448644963,0.2130964486449629
T09_2015_LAST_HIKE,T09_2015,2015,LAST_HIKE,2018-12-19,180,2019-09-06,1.2057316763092316,0.20573167630923161
T09_2015_LAST_HIKE,T09_2015,2015,LAST_HIKE,2018-12-19,181,2019-09-09,1.2025296268725119,0.20252962687251186
T09_2015_LAST_HIKE,T09_2015,2015,LAST_HIKE,2018-12-19,182,2019-09-10,1.1930036079733064,0.1930036079733064
T09_2015_LAST_HIKE,T09_2015,2015,LAST_HIKE,2018-12-19,183,2019-09-11,1.1962856891021851,0.19628568910218513
T09_2015_LAST_HIKE,T09_2015,2015,LAST_HIKE,2018-12-19,184,2019-09-12,1.1997278336153823,0.19972783361538227
T09_2015_LAST_HIKE,T09_2015,2015,LAST_HIKE,2018-12-19,185,2019-09-13,1.1934838958450555,0.19348389584505554
T09_2015_LAST_HIKE,T09_2015,2015,LAST_HIKE,2018-12-19,186,2019-09-16,1.2032501075395325,0.20325010753953254
T09_2015_LAST_HIKE,T09_2015,2015,LAST_HIKE,2018-12-19,187,2019-09-17,1.2048511322578923,0.2048511322578923
T09_2015_LAST_HIKE,T09_2015,2015,LAST_HIKE,2018-12-19,188,2019-09-18,1.2067723814636828,0.20677238146368282
T09_2015_LAST_HIKE,T09_2015,2015,LAST_HIKE,2018-12-19,189,2019-09-19,1.1994877385389047,0.19948773853890467
T09_2015_LAST_HIKE,T09_2015,2015,LAST_HIKE,2018-12-19,190,2019-09-20,1.2066123180793644,0.20661231807936442
T09_2015_LAST_HIKE,T09_2015,2015,LAST_HIKE,2018-12-19,191,2019-09-23,1.2197406425948796,0.21974064259487958
T09_2015_LAST_HIKE,T09_2015,2015,LAST_HIKE,2018-12-19,192,2019-09-24,1.2264649659557494,0.2264649659557494
T09_2015_LAST_HIKE,T09_2015,2015,LAST_HIKE,2018-12-19,193,2019-09-25,1.2044508760783024,0.20445087607830237
T09_2015_LAST_HIKE,T09_2015,2015,LAST_HIKE,2018-12-19,194,2019-09-26,1.2067723814636828,0.20677238146368282
T09_2015_LAST_HIKE,T09_2015,2015,LAST_HIKE,2018-12-19,195,2019-09-27,1.200048058102813,0.200048058102813
T09_2015_LAST_HIKE,T09_2015,2015,LAST_HIKE,2018-12-19,196,2019-09-30,1.173310925762446,0.1733109257624461
T09_2015_LAST_HIKE,T09_2015,2015,LAST_HIKE,2018-12-19,197,2019-10-01,1.1863593163045958,0.1863593163045958
T09_2015_LAST_HIKE,T09_2015,2015,LAST_HIKE,2018-12-19,198,2019-10-02,1.2015690511290136,0.20156905112901358
T09_2015_LAST_HIKE,T09_2015,2015,LAST_HIKE,2018-12-19,199,2019-10-03,1.206452156976252,0.20645215697625208
T09_2015_LAST_HIKE,T09_2015,2015,LAST_HIKE,2018-12-19,200,2019-10-04,1.2057316763092316,0.20573167630923161
T09_2015_LAST_HIKE,T09_2015,2015,LAST_HIKE,2018-12-19,201,2019-10-07,1.1989273212562024,0.19892732125620238
T09_2015_LAST_HIKE,T09_2015,2015,LAST_HIKE,2018-12-19,202,2019-10-08,1.1985270650766124,0.19852706507661244
T09_2015_LAST_HIKE,T09_2015,2015,LAST_HIKE,2018-12-19,203,2019-10-09,1.2056516446170722,0.2056516446170722
T09_2015_LAST_HIKE,T09_2015,2015,LAST_HIKE,2018-12-19,204,2019-10-10,1.1966059135896159,0.19660591358961588
T09_2015_LAST_HIKE,T09_2015,2015,LAST_HIKE,2018-12-19,205,2019-10-11,1.1869196358685041,0.18691963586850413
T09_2015_LAST_HIKE,T09_2015,2015,LAST_HIKE,2018-12-19,206,2019-10-14,1.194124247101123,0.19412424710112308
T09_2015_LAST_HIKE,T09_2015,2015,LAST_HIKE,2018-12-19,207,2019-10-15,1.1828370423804455,0.1828370423804455
T09_2015_LAST_HIKE,T09_2015,2015,LAST_HIKE,2018-12-19,208,2019-10-16,1.191162390459675,0.1911623904596751
T09_2015_LAST_HIKE,T09_2015,2015,LAST_HIKE,2018-12-19,209,2019-10-17,1.1946046326916662,0.19460463269166617
T09_2015_LAST_HIKE,T09_2015,2015,LAST_HIKE,2018-12-19,210,2019-10-18,1.1913224538439935,0.1913224538439935
T09_2015_LAST_HIKE,T09_2015,2015,LAST_HIKE,2018-12-19,211,2019-10-21,1.1866795407920265,0.18667954079202653
T09_2015_LAST_HIKE,T09_2015,2015,LAST_HIKE,2018-12-19,212,2019-10-22,1.1861191235093242,0.18611912350932425
T09_2015_LAST_HIKE,T09_2015,2015,LAST_HIKE,2018-12-19,213,2019-10-23,1.1926833834858757,0.19268338348587566
T09_2015_LAST_HIKE,T09_2015,2015,LAST_HIKE,2018-12-19,214,2019-10-24,1.1998879947184946,0.1998879947184946
T09_2015_LAST_HIKE,T09_2015,2015,LAST_HIKE,2018-12-19,215,2019-10-25,1.2003682825902438,0.20036828259024375
T09_2015_LAST_HIKE,T09_2015,2015,LAST_HIKE,2018-12-19,216,2019-10-28,1.1927634151780349,0.19276341517803486
T09_2015_LAST_HIKE,T09_2015,2015,LAST_HIKE,2018-12-19,217,2019-10-29,1.1903618781004952,0.1903618781004952
T09_2015_LAST_HIKE,T09_2015,2015,LAST_HIKE,2018-12-19,218,2019-10-30,1.195325015639893,0.1953250156398929
T09_2015_LAST_HIKE,T09_2015,2015,LAST_HIKE,2018-12-19,219,2019-10-31,1.2098943992082432,0.20989439920824315
T09_2015_LAST_HIKE,T09_2015,2015,LAST_HIKE,2018-12-19,220,2019-11-01,1.2071726376432728,0.20717263764327276
T09_2015_LAST_HIKE,T09_2015,2015,LAST_HIKE,2018-12-19,221,2019-11-04,1.2071726376432728,0.20717263764327276
T09_2015_LAST_HIKE,T09_2015,2015,LAST_HIKE,2018-12-19,222,2019-11-05,1.1853987405610975,0.1853987405610975
T09_2015_LAST_HIKE,T09_2015,2015,LAST_HIKE,2018-12-19,223,2019-11-06,1.1929234785623533,0.19292347856235326
T09_2015_LAST_HIKE,T09_2015,2015,LAST_HIKE,2018-12-19,224,2019-11-07,1.172110157223676,0.17211015722367606
T09_2015_LAST_HIKE,T09_2015,2015,LAST_HIKE,2018-12-19,225,2019-11-08,1.1697887495570896,0.16978874955708956
T09_2015_LAST_HIKE,T09_2015,2015,LAST_HIKE,2018-12-19,226,2019-11-11,1.1651457387863287,0.16514573878632866
T09_2015_LAST_HIKE,T09_2015,2015,LAST_HIKE,2018-12-19,227,2019-11-12,1.1624239772213583,0.16242397722135826
T09_2015_LAST_HIKE,T09_2015,2015,LAST_HIKE,2018-12-19,228,2019-11-13,1.1701088763257264,0.17010887632572635
T09_2015_LAST_HIKE,T09_2015,2015,LAST_HIKE,2018-12-19,229,2019-11-14,1.1781941293284783,0.17819412932847833
T09_2015_LAST_HIKE,T09_2015,2015,LAST_HIKE,2018-12-19,230,2019-11-15,1.1745918237121689,0.17459182371216886
T09_2015_LAST_HIKE,T09_2015,2015,LAST_HIKE,2018-12-19,231,2019-11-18,1.1774736486614577,0.17747364866145765
T09_2015_LAST_HIKE,T09_2015,2015,LAST_HIKE,2018-12-19,232,2019-11-19,1.1793948978672482,0.17939489786724816
T09_2015_LAST_HIKE,T09_2015,2015,LAST_HIKE,2018-12-19,233,2019-11-20,1.1793948978672482,0.17939489786724816
T09_2015_LAST_HIKE,T09_2015,2015,LAST_HIKE,2018-12-19,234,2019-11-21,1.171229613172337,0.17122961317233698
T09_2015_LAST_HIKE,T09_2015,2015,LAST_HIKE,2018-12-19,235,2019-11-22,1.171229613172337,0.17122961317233698
T09_2015_LAST_HIKE,T09_2015,2015,LAST_HIKE,2018-12-19,236,2019-11-25,1.1660262828376677,0.16602628283766774
T09_2015_LAST_HIKE,T09_2015,2015,LAST_HIKE,2018-12-19,237,2019-11-26,1.1685879810183197,0.16858798101831973
T09_2015_LAST_HIKE,T09_2015,2015,LAST_HIKE,2018-12-19,238,2019-11-27,1.1634646823758097,0.1634646823758097
T09_2015_LAST_HIKE,T09_2015,2015,LAST_HIKE,2018-12-19,239,2019-11-29,1.1732308940702867,0.1732308940702867
T09_2015_LAST_HIKE,T09_2015,2015,LAST_HIKE,2018-12-19,240,2019-12-02,1.1705892619162694,0.17058926191626944
T09_2015_LAST_HIKE,T09_2015,2015,LAST_HIKE,2018-12-19,241,2019-12-03,1.1833173302521947,0.18331733025219465
T09_2015_LAST_HIKE,T09_2015,2015,LAST_HIKE,2018-12-19,242,2019-12-04,1.1799552174311567,0.17995521743115672
T09_2015_LAST_HIKE,T09_2015,2015,LAST_HIKE,2018-12-19,243,2019-12-05,1.1822767228165372,0.18227672281653717
T09_2015_LAST_HIKE,T09_2015,2015,LAST_HIKE,2018-12-19,244,2019-12-06,1.1680275637356174,0.16802756373561745
T09_2015_LAST_HIKE,T09_2015,2015,LAST_HIKE,2018-12-19,245,2019-12-09,1.1681877248387298,0.1681877248387298
T09_2015_LAST_HIKE,T09_2015,2015,LAST_HIKE,2018-12-19,246,2019-12-10,1.170829356992747,0.17082935699274704
T09_2015_LAST_HIKE,T09_2015,2015,LAST_HIKE,2018-12-19,247,2019-12-11,1.1762728801226878,0.17627288012268783
T09_2015_LAST_HIKE,T09_2015,2015,LAST_HIKE,2018-12-19,248,2019-12-12,1.174111438121626,0.174111438121626
T09_2015_LAST_HIKE,T09_2015,2015,LAST_HIKE,2018-12-19,249,2019-12-13,1.1812360176620857,0.18123601766208575
T09_2015_LAST_HIKE,T09_2015,2015,LAST_HIKE,2018-12-19,250,2019-12-16,1.1807557297903366,0.1807557297903366
T09_2015_LAST_HIKE,T09_2015,2015,LAST_HIKE,2018-12-19,251,2019-12-17,1.1804355053029059,0.18043550530290586
T09_2015_LAST_HIKE,T09_2015,2015,LAST_HIKE,2018-12-19,252,2019-12-18,1.178834480584546,0.1788344805845461
T09_2015_TIGHTENING_CYCLE_END,T09_2015,2015,TIGHTENING_CYCLE_END,2018-12-19,-60,2018-09-21,0.9575728449634658,-0.04242715503653416
T09_2015_TIGHTENING_CYCLE_END,T09_2015,2015,TIGHTENING_CYCLE_END,2018-12-19,-59,2018-09-24,0.9600545114519586,-0.039945488548041364
T09_2015_TIGHTENING_CYCLE_END,T09_2015,2015,TIGHTENING_CYCLE_END,2018-12-19,-58,2018-09-25,0.960614831015867,-0.03938516898413302
T09_2015_TIGHTENING_CYCLE_END,T09_2015,2015,TIGHTENING_CYCLE_END,2018-12-19,-57,2018-09-26,0.9558117568607877,-0.044188243139212324
T09_2015_TIGHTENING_CYCLE_END,T09_2015,2015,TIGHTENING_CYCLE_END,2018-12-19,-56,2018-09-27,0.9464458013459005,-0.053554198654099494
T09_2015_TIGHTENING_CYCLE_END,T09_2015,2015,TIGHTENING_CYCLE_END,2018-12-19,-55,2018-09-28,0.953810475962838,-0.04618952403716203
T09_2015_TIGHTENING_CYCLE_END,T09_2015,2015,TIGHTENING_CYCLE_END,2018-12-19,-54,2018-10-01,0.9502882020386877,-0.04971179796131231
T09_2015_TIGHTENING_CYCLE_END,T09_2015,2015,TIGHTENING_CYCLE_END,2018-12-19,-53,2018-10-02,0.9625360802216575,-0.037463919778342514
T09_2015_TIGHTENING_CYCLE_END,T09_2015,2015,TIGHTENING_CYCLE_END,2018-12-19,-52,2018-10-03,0.9592539990927788,-0.04074600090722125
T09_2015_TIGHTENING_CYCLE_END,T09_2015,2015,TIGHTENING_CYCLE_END,2018-12-19,-51,2018-10-04,0.9583733573226457,-0.041626642677354275
T09_2015_TIGHTENING_CYCLE_END,T09_2015,2015,TIGHTENING_CYCLE_END,2018-12-19,-50,2018-10-05,0.9615754067593654,-0.03842459324063463
T09_2015_TIGHTENING_CYCLE_END,T09_2015,2015,TIGHTENING_CYCLE_END,2018-12-19,-49,2018-10-08,0.9481268577564195,-0.05187314224358053
T09_2015_TIGHTENING_CYCLE_END,T09_2015,2015,TIGHTENING_CYCLE_END,2018-12-19,-48,2018-10-09,0.9503682337308469,-0.04963176626915311
T09_2015_TIGHTENING_CYCLE_END,T09_2015,2015,TIGHTENING_CYCLE_END,2018-12-19,-47,2018-10-10,0.9520493878601597,-0.04795061213984031
T09_2015_TIGHTENING_CYCLE_END,T09_2015,2015,TIGHTENING_CYCLE_END,2018-12-19,-46,2018-10-11,0.9794268714565944,-0.02057312854340565
T09_2015_TIGHTENING_CYCLE_END,T09_2015,2015,TIGHTENING_CYCLE_END,2018-12-19,-45,2018-10-12,0.9751040851732642,-0.02489591482673581
T09_2015_TIGHTENING_CYCLE_END,T09_2015,2015,TIGHTENING_CYCLE_END,2018-12-19,-44,2018-10-15,0.9817483768419748,-0.0182516231580252
T09_2015_TIGHTENING_CYCLE_END,T09_2015,2015,TIGHTENING_CYCLE_END,2018-12-19,-43,2018-10-16,0.9824688575089955,-0.017531142491004514
T09_2015_TIGHTENING_CYCLE_END,T09_2015,2015,TIGHTENING_CYCLE_END,2018-12-19,-42,2018-10-17,0.9795869348409129,-0.02041306515908714
T09_2015_TIGHTENING_CYCLE_END,T09_2015,2015,TIGHTENING_CYCLE_END,2018-12-19,-41,2018-10-18,0.981828408534134,-0.018171591465866
T09_2015_TIGHTENING_CYCLE_END,T09_2015,2015,TIGHTENING_CYCLE_END,2018-12-19,-40,2018-10-19,0.9808678327906357,-0.01913216720936428
T09_2015_TIGHTENING_CYCLE_END,T09_2015,2015,TIGHTENING_CYCLE_END,2018-12-19,-39,2018-10-22,0.9775856539429632,-0.02241434605703685
T09_2015_TIGHTENING_CYCLE_END,T09_2015,2015,TIGHTENING_CYCLE_END,2018-12-19,-38,2018-10-23,0.9873519633562341,-0.012648036643765903
T09_2015_TIGHTENING_CYCLE_END,T09_2015,2015,TIGHTENING_CYCLE_END,2018-12-19,-37,2018-10-24,0.9828691136885854,-0.017130886311414573
T09_2015_TIGHTENING_CYCLE_END,T09_2015,2015,TIGHTENING_CYCLE_END,2018-12-19,-36,2018-10-25,0.983909721124243,-0.01609027887575698
T09_2015_TIGHTENING_CYCLE_END,T09_2015,2015,TIGHTENING_CYCLE_END,2018-12-19,-35,2018-10-26,0.9866314826892134,-0.013368517310786587
T09_2015_TIGHTENING_CYCLE_END,T09_2015,2015,TIGHTENING_CYCLE_END,2018-12-19,-34,2018-10-29,0.9802273838157742,-0.019772616184225766
T09_2015_TIGHTENING_CYCLE_END,T09_2015,2015,TIGHTENING_CYCLE_END,2018-12-19,-33,2018-10-30,0.9787063907895737,-0.021293609210426334
T09_2015_TIGHTENING_CYCLE_END,T09_2015,2015,TIGHTENING_CYCLE_END,2018-12-19,-32,2018-10-31,0.9704611721212971,-0.029538827878702878
T09_2015_TIGHTENING_CYCLE_END,T09_2015,2015,TIGHTENING_CYCLE_END,2018-12-19,-31,2018-11-01,0.989433275946343,-0.010566724053656995
T09_2015_TIGHTENING_CYCLE_END,T09_2015,2015,TIGHTENING_CYCLE_END,2018-12-19,-30,2018-11-02,0.9853506824582844,-0.014649317541715612
T09_2015_TIGHTENING_CYCLE_END,T09_2015,2015,TIGHTENING_CYCLE_END,2018-12-19,-29,2018-11-05,0.9844701384069452,-0.015529861593054806
T09_2015_TIGHTENING_CYCLE_END,T09_2015,2015,TIGHTENING_CYCLE_END,2018-12-19,-28,2018-11-06,0.9796670642518659,-0.020332935748134107
T09_2015_TIGHTENING_CYCLE_END,T09_2015,2015,TIGHTENING_CYCLE_END,2018-12-19,-27,2018-11-07,0.9815882157388626,-0.01841178426113743
T09_2015_TIGHTENING_CYCLE_END,T09_2015,2015,TIGHTENING_CYCLE_END,2018-12-19,-26,2018-11-08,0.9789465835848452,-0.02105341641515479
T09_2015_TIGHTENING_CYCLE_END,T09_2015,2015,TIGHTENING_CYCLE_END,2018-12-19,-25,2018-11-09,0.965738129658377,-0.03426187034162298
T09_2015_TIGHTENING_CYCLE_END,T09_2015,2015,TIGHTENING_CYCLE_END,2018-12-19,-24,2018-11-12,0.9616555361703184,-0.038344463829681597
T09_2015_TIGHTENING_CYCLE_END,T09_2015,2015,TIGHTENING_CYCLE_END,2018-12-19,-23,2018-11-13,0.9599743820410055,-0.04002561795899451
T09_2015_TIGHTENING_CYCLE_END,T09_2015,2015,TIGHTENING_CYCLE_END,2018-12-19,-22,2018-11-14,0.9669388981971468,-0.033061101802853154
T09_2015_TIGHTENING_CYCLE_END,T09_2015,2015,TIGHTENING_CYCLE_END,2018-12-19,-21,2018-11-15,0.9708614283008871,-0.029138571699112936
T09_2015_TIGHTENING_CYCLE_END,T09_2015,2015,TIGHTENING_CYCLE_END,2018-12-19,-20,2018-11-16,0.9772655271743262,-0.022734472825673757
T09_2015_TIGHTENING_CYCLE_END,T09_2015,2015,TIGHTENING_CYCLE_END,2018-12-19,-19,2018-11-19,0.9791066469691636,-0.020893353030836392
T09_2015_TIGHTENING_CYCLE_END,T09_2015,2015,TIGHTENING_CYCLE_END,2018-12-19,-18,2018-11-20,0.9758245658402849,-0.024175434159715126
T09_2015_TIGHTENING_CYCLE_END,T09_2015,2015,TIGHTENING_CYCLE_END,2018-12-19,-17,2018-11-21,0.9812680889702257,-0.01873191102977434
T09_2015_TIGHTENING_CYCLE_END,T09_2015,2015,TIGHTENING_CYCLE_END,2018-12-19,-16,2018-11-23,0.9774255905586446,-0.02257440944135536
T09_2015_TIGHTENING_CYCLE_END,T09_2015,2015,TIGHTENING_CYCLE_END,2018-12-19,-15,2018-11-26,0.9767851415837833,-0.023214858416216733
T09_2015_TIGHTENING_CYCLE_END,T09_2015,2015,TIGHTENING_CYCLE_END,2018-12-19,-14,2018-11-27,0.9695805303511642,-0.030419469648835795
T09_2015_TIGHTENING_CYCLE_END,T09_2015,2015,TIGHTENING_CYCLE_END,2018-12-19,-13,2018-11-28,0.9777458150460754,-0.022254184953924616
T09_2015_TIGHTENING_CYCLE_END,T09_2015,2015,TIGHTENING_CYCLE_END,2018-12-19,-12,2018-11-29,0.9799071593283436,-0.020092840671656398
T09_2015_TIGHTENING_CYCLE_END,T09_2015,2015,TIGHTENING_CYCLE_END,2018-12-19,-11,2018-11-30,0.9767851415837833,-0.023214858416216733
T09_2015_TIGHTENING_CYCLE_END,T09_2015,2015,TIGHTENING_CYCLE_END,2018-12-19,-10,2018-12-03,0.987752219535824,-0.012247780464175961
T09_2015_TIGHTENING_CYCLE_END,T09_2015,2015,TIGHTENING_CYCLE_END,2018-12-19,-9,2018-12-04,0.9935158694344016,-0.006484130565598378
T09_2015_TIGHTENING_CYCLE_END,T09_2015,2015,TIGHTENING_CYCLE_END,2018-12-19,-8,2018-12-06,0.991114332356862,-0.008885667643138029
T09_2015_TIGHTENING_CYCLE_END,T09_2015,2015,TIGHTENING_CYCLE_END,2018-12-19,-7,2018-12-07,0.9980788485130033,-0.001921151486996675
T09_2015_TIGHTENING_CYCLE_END,T09_2015,2015,TIGHTENING_CYCLE_END,2018-12-19,-6,2018-12-10,0.9955971820245106,-0.004402817975489359
T09_2015_TIGHTENING_CYCLE_END,T09_2015,2015,TIGHTENING_CYCLE_END,2018-12-19,-5,2018-12-11,0.9941563184092631,-0.005843681590736893
T09_2015_TIGHTENING_CYCLE_END,T09_2015,2015,TIGHTENING_CYCLE_END,2018-12-19,-4,2018-12-12,0.9961575993072128,-0.0038424006927871845
T09_2015_TIGHTENING_CYCLE_END,T09_2015,2015,TIGHTENING_CYCLE_END,2018-12-19,-3,2018-12-13,0.9947966696653308,-0.005203330334669243
T09_2015_TIGHTENING_CYCLE_END,T09_2015,2015,TIGHTENING_CYCLE_END,2018-12-19,-2,2018-12-14,0.9902337883055229,-0.009766211694477112
T09_2015_TIGHTENING_CYCLE_END,T09_2015,2015,TIGHTENING_CYCLE_END,2018-12-19,-1,2018-12-17,0.9985591363847525,-0.001440863615247534
T09_2015_TIGHTENING_CYCLE_END,T09_2015,2015,TIGHTENING_CYCLE_END,2018-12-19,0,2018-12-18,1.0,0.0
T09_2015_TIGHTENING_CYCLE_END,T09_2015,2015,TIGHTENING_CYCLE_END,2018-12-19,1,2018-12-19,1.0023215053853805,0.0023215053853804513
T09_2015_TIGHTENING_CYCLE_END,T09_2015,2015,TIGHTENING_CYCLE_END,2018-12-19,2,2018-12-20,1.0115273975159491,0.011527397515949112
T09_2015_TIGHTENING_CYCLE_END,T09_2015,2015,TIGHTENING_CYCLE_END,2018-12-19,3,2018-12-21,1.0036824350272626,0.0036824350272626205
T09_2015_TIGHTENING_CYCLE_END,T09_2015,2015,TIGHTENING_CYCLE_END,2018-12-19,4,2018-12-24,1.0146494152605094,0.014649415260509446
T09_2015_TIGHTENING_CYCLE_END,T09_2015,2015,TIGHTENING_CYCLE_END,2018-12-19,5,2018-12-26,1.016010247183598,0.016010247183597892
T09_2015_TIGHTENING_CYCLE_END,T09_2015,2015,TIGHTENING_CYCLE_END,2018-12-19,6,2018-12-27,1.0224944754679899,0.022494475467989883
T09_2015_TIGHTENING_CYCLE_END,T09_2015,2015,TIGHTENING_CYCLE_END,2018-12-19,7,2018-12-28,1.024575788058099,0.024575788058099013
T09_2015_TIGHTENING_CYCLE_END,T09_2015,2015,TIGHTENING_CYCLE_END,2018-12-19,8,2018-12-31,1.0232949878271698,0.023294987827169766
T09_2015_TIGHTENING_CYCLE_END,T09_2015,2015,TIGHTENING_CYCLE_END,2018-12-19,9,2019-01-02,1.025456332109438,0.025456332109438096
T09_2015_TIGHTENING_CYCLE_END,T09_2015,2015,TIGHTENING_CYCLE_END,2018-12-19,10,2019-01-03,1.0341019046760984,0.034101904676098416
T09_2015_TIGHTENING_CYCLE_END,T09_2015,2015,TIGHTENING_CYCLE_END,2018-12-19,11,2019-01-04,1.0268171640325263,0.02681716403252632
T09_2015_TIGHTENING_CYCLE_END,T09_2015,2015,TIGHTENING_CYCLE_END,2018-12-19,12,2019-01-07,1.030099342880199,0.030099342880198998
T09_2015_TIGHTENING_CYCLE_END,T09_2015,2015,TIGHTENING_CYCLE_END,2018-12-19,13,2019-01-08,1.0272174202121163,0.02721742021211626
T09_2015_TIGHTENING_CYCLE_END,T09_2015,2015,TIGHTENING_CYCLE_END,2018-12-19,14,2019-01-09,1.0321006237781487,0.03210062377814871
T09_2015_TIGHTENING_CYCLE_END,T09_2015,2015,TIGHTENING_CYCLE_END,2018-12-19,15,2019-01-10,1.028418188750886,0.028418188750886086
T09_2015_TIGHTENING_CYCLE_END,T09_2015,2015,TIGHTENING_CYCLE_END,2018-12-19,16,2019-01-11,1.0303394379566766,0.030339437956676596
T09_2015_TIGHTENING_CYCLE_END,T09_2015,2015,TIGHTENING_CYCLE_END,2018-12-19,17,2019-01-14,1.0319404626750364,0.03194046267503636
T09_2015_TIGHTENING_CYCLE_END,T09_2015,2015,TIGHTENING_CYCLE_END,2018-12-19,18,2019-01-15,1.029618957289656,0.02961895728965591
T09_2015_TIGHTENING_CYCLE_END,T09_2015,2015,TIGHTENING_CYCLE_END,2018-12-19,19,2019-01-16,1.033941743572986,0.03394174357298607
T09_2015_TIGHTENING_CYCLE_END,T09_2015,2015,TIGHTENING_CYCLE_END,2018-12-19,20,2019-01-17,1.033461455701237,0.03346145570123693
T09_2015_TIGHTENING_CYCLE_END,T09_2015,2015,TIGHTENING_CYCLE_END,2018-12-19,21,2019-01-18,1.0256965249047094,0.025696524904709417
T09_2015_TIGHTENING_CYCLE_END,T09_2015,2015,TIGHTENING_CYCLE_END,2018-12-19,22,2019-01-22,1.026657100648208,0.02665710064820792
T09_2015_TIGHTENING_CYCLE_END,T09_2015,2015,TIGHTENING_CYCLE_END,2018-12-19,23,2019-01-23,1.027137388519957,0.027137388519957062
T09_2015_TIGHTENING_CYCLE_END,T09_2015,2015,TIGHTENING_CYCLE_END,2018-12-19,24,2019-01-24,1.0239353390832375,0.023935339083237528
T09_2015_TIGHTENING_CYCLE_END,T09_2015,2015,TIGHTENING_CYCLE_END,2018-12-19,25,2019-01-25,1.038584754343747,0.038584754343746974
T09_2015_TIGHTENING_CYCLE_END,T09_2015,2015,TIGHTENING_CYCLE_END,2018-12-19,26,2019-01-28,1.0425873161396464,0.04258731613964639
T09_2015_TIGHTENING_CYCLE_END,T09_2015,2015,TIGHTENING_CYCLE_END,2018-12-19,27,2019-01-29,1.0472302291916136,0.04723022919161357
T09_2015_TIGHTENING_CYCLE_END,T09_2015,2015,TIGHTENING_CYCLE_END,2018-12-19,28,2019-01-30,1.0485911588334955,0.04859115883349552
T09_2015_TIGHTENING_CYCLE_END,T09_2015,2015,TIGHTENING_CYCLE_END,2018-12-19,29,2019-01-31,1.0564361213221822,0.05643612132218223
T09_2015_TIGHTENING_CYCLE_END,T09_2015,2015,TIGHTENING_CYCLE_END,2018-12-19,30,2019-02-01,1.0541947453477547,0.0541947453477547
T09_2015_TIGHTENING_CYCLE_END,T09_2015,2015,TIGHTENING_CYCLE_END,2018-12-19,31,2019-02-04,1.0521134327576458,0.052113432757645795
T09_2015_TIGHTENING_CYCLE_END,T09_2015,2015,TIGHTENING_CYCLE_END,2018-12-19,32,2019-02-05,1.0520333033466929,0.05203330334669287
T09_2015_TIGHTENING_CYCLE_END,T09_2015,2015,TIGHTENING_CYCLE_END,2018-12-19,33,2019-02-06,1.0482709343460648,0.048270934346064776
T09_2015_TIGHTENING_CYCLE_END,T09_2015,2015,TIGHTENING_CYCLE_END,2018-12-19,34,2019-02-07,1.0481909026539056,0.048190902653905576
T09_2015_TIGHTENING_CYCLE_END,T09_2015,2015,TIGHTENING_CYCLE_END,2018-12-19,35,2019-02-08,1.051633047167103,0.05163304716710293
T09_2015_TIGHTENING_CYCLE_END,T09_2015,2015,TIGHTENING_CYCLE_END,2018-12-19,36,2019-02-11,1.046269653448115,0.04626965344811507
T09_2015_TIGHTENING_CYCLE_END,T09_2015,2015,TIGHTENING_CYCLE_END,2018-12-19,37,2019-02-12,1.0480307415507935,0.048030741550793454
T09_2015_TIGHTENING_CYCLE_END,T09_2015,2015,TIGHTENING_CYCLE_END,2018-12-19,38,2019-02-13,1.0493116395005162,0.0493116395005162
T09_2015_TIGHTENING_CYCLE_END,T09_2015,2015,TIGHTENING_CYCLE_END,2018-12-19,39,2019-02-14,1.0485111271413363,0.04851112714133632
T09_2015_TIGHTENING_CYCLE_END,T09_2015,2015,TIGHTENING_CYCLE_END,2018-12-19,40,2019-02-15,1.0551553210912532,0.05515532109125321
T09_2015_TIGHTENING_CYCLE_END,T09_2015,2015,TIGHTENING_CYCLE_END,2018-12-19,41,2019-02-19,1.0727665929932106,0.07276659299321064
T09_2015_TIGHTENING_CYCLE_END,T09_2015,2015,TIGHTENING_CYCLE_END,2018-12-19,42,2019-02-20,1.0753282911738626,0.07532829117386264
T09_2015_TIGHTENING_CYCLE_END,T09_2015,2015,TIGHTENING_CYCLE_END,2018-12-19,43,2019-02-21,1.0594781073745834,0.05947810737458337
T09_2015_TIGHTENING_CYCLE_END,T09_2015,2015,TIGHTENING_CYCLE_END,2018-12-19,44,2019-02-22,1.0640409887343911,0.06404098873439112
T09_2015_TIGHTENING_CYCLE_END,T09_2015,2015,TIGHTENING_CYCLE_END,2018-12-19,45,2019-02-25,1.0613993565803739,0.061399356580373876
T09_2015_TIGHTENING_CYCLE_END,T09_2015,2015,TIGHTENING_CYCLE_END,2018-12-19,46,2019-02-26,1.0607589076055124,0.06075890760551239
T09_2015_TIGHTENING_CYCLE_END,T09_2015,2015,TIGHTENING_CYCLE_END,2018-12-19,47,2019-02-27,1.0548350966038225,0.054835096603822464
T09_2015_TIGHTENING_CYCLE_END,T09_2015,2015,TIGHTENING_CYCLE_END,2018-12-19,48,2019-02-28,1.050912664218876,0.05091266421887597
T09_2015_TIGHTENING_CYCLE_END,T09_2015,2015,TIGHTENING_CYCLE_END,2018-12-19,49,2019-03-01,1.037784241984567,0.03778424198456709
T09_2015_TIGHTENING_CYCLE_END,T09_2015,2015,TIGHTENING_CYCLE_END,2018-12-19,50,2019-03-04,1.0284983181618392,0.02849831816183923
T09_2015_TIGHTENING_CYCLE_END,T09_2015,2015,TIGHTENING_CYCLE_END,2018-12-19,51,2019-03-05,1.026256844468618,0.02625684446861798
T09_2015_TIGHTENING_CYCLE_END,T09_2015,2015,TIGHTENING_CYCLE_END,2018-12-19,52,2019-03-06,1.0285783498539984,0.02857834985399843
T09_2015_TIGHTENING_CYCLE_END,T09_2015,2015,TIGHTENING_CYCLE_END,2018-12-19,53,2019-03-07,1.0276978058026593,0.027697805802659348
T09_2015_TIGHTENING_CYCLE_END,T09_2015,2015,TIGHTENING_CYCLE_END,2018-12-19,54,2019-03-08,1.0382645298563162,0.03826452985631623
T09_2015_TIGHTENING_CYCLE_END,T09_2015,2015,TIGHTENING_CYCLE_END,2018-12-19,55,2019-03-11,1.0317003675985588,0.031700367598558765
T09_2015_TIGHTENING_CYCLE_END,T09_2015,2015,TIGHTENING_CYCLE_END,2018-12-19,56,2019-03-12,1.037704210292408,0.03770421029240789
T09_2015_TIGHTENING_CYCLE_END,T09_2015,2015,TIGHTENING_CYCLE_END,2018-12-19,57,2019-03-13,1.046669909627705,0.04666990962770501
T09_2015_TIGHTENING_CYCLE_END,T09_2015,2015,TIGHTENING_CYCLE_END,2018-12-19,58,2019-03-14,1.0353827049070274,0.03538270490702744
T09_2015_TIGHTENING_CYCLE_END,T09_2015,2015,TIGHTENING_CYCLE_END,2018-12-19,59,2019-03-15,1.0421070282678973,0.04210702826789725
T09_2015_TIGHTENING_CYCLE_END,T09_2015,2015,TIGHTENING_CYCLE_END,2018-12-19,60,2019-03-18,1.0409062597291274,0.040906259729127425
T09_2015_TIGHTENING_CYCLE_END,T09_2015,2015,TIGHTENING_CYCLE_END,2018-12-19,61,2019-03-19,1.0446686287297553,0.0446686287297553
T09_2015_TIGHTENING_CYCLE_END,T09_2015,2015,TIGHTENING_CYCLE_END,2018-12-19,62,2019-03-20,1.0410663231134458,0.041066323113445824
T09_2015_TIGHTENING_CYCLE_END,T09_2015,2015,TIGHTENING_CYCLE_END,2018-12-19,63,2019-03-21,1.0455491727810944,0.04554917278109438
T09_2015_TIGHTENING_CYCLE_END,T09_2015,2015,TIGHTENING_CYCLE_END,2018-12-19,64,2019-03-22,1.0499519907565837,0.04995199075658374
T09_2015_TIGHTENING_CYCLE_END,T09_2015,2015,TIGHTENING_CYCLE_END,2018-12-19,65,2019-03-25,1.0581973071436543,0.05819730714365434
T09_2015_TIGHTENING_CYCLE_END,T09_2015,2015,TIGHTENING_CYCLE_END,2018-12-19,66,2019-03-26,1.0521134327576458,0.052113432757645795
T09_2015_TIGHTENING_CYCLE_END,T09_2015,2015,TIGHTENING_CYCLE_END,2018-12-19,67,2019-03-27,1.0485911588334955,0.04859115883349552
T09_2015_TIGHTENING_CYCLE_END,T09_2015,2015,TIGHTENING_CYCLE_END,2018-12-19,68,2019-03-28,1.0325008799577386,0.03250087995773865
T09_2015_TIGHTENING_CYCLE_END,T09_2015,2015,TIGHTENING_CYCLE_END,2018-12-19,69,2019-03-29,1.0350624804195967,0.0350624804195967
T09_2015_TIGHTENING_CYCLE_END,T09_2015,2015,TIGHTENING_CYCLE_END,2018-12-19,70,2019-04-01,1.031380143111128,0.03138014311112802
T09_2015_TIGHTENING_CYCLE_END,T09_2015,2015,TIGHTENING_CYCLE_END,2018-12-19,71,2019-04-02,1.032660943342057,0.03266094334205705
T09_2015_TIGHTENING_CYCLE_END,T09_2015,2015,TIGHTENING_CYCLE_END,2018-12-19,72,2019-04-03,1.0325809116498978,0.03258091164989785
T09_2015_TIGHTENING_CYCLE_END,T09_2015,2015,TIGHTENING_CYCLE_END,2018-12-19,73,2019-04-04,1.0318604309828772,0.031860430982877164
T09_2015_TIGHTENING_CYCLE_END,T09_2015,2015,TIGHTENING_CYCLE_END,2018-12-19,74,2019-04-05,1.0329811678294878,0.03298116782948779
T09_2015_TIGHTENING_CYCLE_END,T09_2015,2015,TIGHTENING_CYCLE_END,2018-12-19,75,2019-04-08,1.0383445615484754,0.03834456154847543
T09_2015_TIGHTENING_CYCLE_END,T09_2015,2015,TIGHTENING_CYCLE_END,2018-12-19,76,2019-04-09,1.0434678601909855,0.043467860190985474
T09_2015_TIGHTENING_CYCLE_END,T09_2015,2015,TIGHTENING_CYCLE_END,2018-12-19,77,2019-04-10,1.047950709858634,0.04795070985863403
T09_2015_TIGHTENING_CYCLE_END,T09_2015,2015,TIGHTENING_CYCLE_END,2018-12-19,78,2019-04-11,1.0315402064954464,0.03154020649544642
T09_2015_TIGHTENING_CYCLE_END,T09_2015,2015,TIGHTENING_CYCLE_END,2018-12-19,79,2019-04-12,1.0331412312138062,0.03314123121380619
T09_2015_TIGHTENING_CYCLE_END,T09_2015,2015,TIGHTENING_CYCLE_END,2018-12-19,80,2019-04-15,1.030099342880199,0.030099342880198998
T09_2015_TIGHTENING_CYCLE_END,T09_2015,2015,TIGHTENING_CYCLE_END,2018-12-19,81,2019-04-16,1.0187320087485683,0.018732008748568285
T09_2015_TIGHTENING_CYCLE_END,T09_2015,2015,TIGHTENING_CYCLE_END,2018-12-19,82,2019-04-17,1.0184117842611375,0.018411784261137543
T09_2015_TIGHTENING_CYCLE_END,T09_2015,2015,TIGHTENING_CYCLE_END,2018-12-19,83,2019-04-18,1.0181716891846597,0.018171689184659723
T09_2015_TIGHTENING_CYCLE_END,T09_2015,2015,TIGHTENING_CYCLE_END,2018-12-19,84,2019-04-22,1.0194524894155887,0.019452489415588747
T09_2015_TIGHTENING_CYCLE_END,T09_2015,2015,TIGHTENING_CYCLE_END,2018-12-19,85,2019-04-23,1.0160903765945508,0.016090376594550815
T09_2015_TIGHTENING_CYCLE_END,T09_2015,2015,TIGHTENING_CYCLE_END,2018-12-19,86,2019-04-24,1.0210535141339485,0.021053514133948514
T09_2015_TIGHTENING_CYCLE_END,T09_2015,2015,TIGHTENING_CYCLE_END,2018-12-19,87,2019-04-25,1.02129370692922,0.021293706929220058
T09_2015_TIGHTENING_CYCLE_END,T09_2015,2015,TIGHTENING_CYCLE_END,2018-12-19,88,2019-04-26,1.0285783498539984,0.02857834985399843
T09_2015_TIGHTENING_CYCLE_END,T09_2015,2015,TIGHTENING_CYCLE_END,2018-12-19,89,2019-04-29,1.0235350829036476,0.023535082903647586
T09_2015_TIGHTENING_CYCLE_END,T09_2015,2015,TIGHTENING_CYCLE_END,2018-12-19,90,2019-04-30,1.0268972934434792,0.026897293443479242
T09_2015_TIGHTENING_CYCLE_END,T09_2015,2015,TIGHTENING_CYCLE_END,2018-12-19,91,2019-05-01,1.0257765565968688,0.025776556596868838
T09_2015_TIGHTENING_CYCLE_END,T09_2015,2015,TIGHTENING_CYCLE_END,2018-12-19,92,2019-05-02,1.0164105033631878,0.016410503363187834
T09_2015_TIGHTENING_CYCLE_END,T09_2015,2015,TIGHTENING_CYCLE_END,2018-12-19,93,2019-05-03,1.0240153707753967,0.024015370775396727
T09_2015_TIGHTENING_CYCLE_END,T09_2015,2015,TIGHTENING_CYCLE_END,2018-12-19,94,2019-05-06,1.0260166516733464,0.026016651673346436
T09_2015_TIGHTENING_CYCLE_END,T09_2015,2015,TIGHTENING_CYCLE_END,2018-12-19,95,2019-05-07,1.0274576130073878,0.027457613007387804
T09_2015_TIGHTENING_CYCLE_END,T09_2015,2015,TIGHTENING_CYCLE_END,2018-12-19,96,2019-05-08,1.0241755318785088,0.02417553187850885
T09_2015_TIGHTENING_CYCLE_END,T09_2015,2015,TIGHTENING_CYCLE_END,2018-12-19,97,2019-05-09,1.0274576130073878,0.027457613007387804
T09_2015_TIGHTENING_CYCLE_END,T09_2015,2015,TIGHTENING_CYCLE_END,2018-12-19,98,2019-05-10,1.029218701110066,0.02921870111006597
T09_2015_TIGHTENING_CYCLE_END,T09_2015,2015,TIGHTENING_CYCLE_END,2018-12-19,99,2019-05-13,1.040746098626015,0.04074609862601508
T09_2015_TIGHTENING_CYCLE_END,T09_2015,2015,TIGHTENING_CYCLE_END,2018-12-19,100,2019-05-14,1.036423312342685,0.03642331234268492
T09_2015_TIGHTENING_CYCLE_END,T09_2015,2015,TIGHTENING_CYCLE_END,2018-12-19,101,2019-05-15,1.037704210292408,0.03770421029240789
T09_2015_TIGHTENING_CYCLE_END,T09_2015,2015,TIGHTENING_CYCLE_END,2018-12-19,102,2019-05-16,1.0286583815461576,0.02865838154615763
T09_2015_TIGHTENING_CYCLE_END,T09_2015,2015,TIGHTENING_CYCLE_END,2018-12-19,103,2019-05-17,1.0202530017747686,0.02025300177476863
T09_2015_TIGHTENING_CYCLE_END,T09_2015,2015,TIGHTENING_CYCLE_END,2018-12-19,104,2019-05-20,1.0215338020056979,0.021533802005697877
T09_2015_TIGHTENING_CYCLE_END,T09_2015,2015,TIGHTENING_CYCLE_END,2018-12-19,105,2019-05-21,1.018251720876819,0.018251720876818922
T09_2015_TIGHTENING_CYCLE_END,T09_2015,2015,TIGHTENING_CYCLE_END,2018-12-19,106,2019-05-22,1.0195325211077482,0.01953252110774817
T09_2015_TIGHTENING_CYCLE_END,T09_2015,2015,TIGHTENING_CYCLE_END,2018-12-19,107,2019-05-23,1.0284983181618392,0.02849831816183923
T09_2015_TIGHTENING_CYCLE_END,T09_2015,2015,TIGHTENING_CYCLE_END,2018-12-19,108,2019-05-24,1.0270573568277979,0.027057356827797863
T09_2015_TIGHTENING_CYCLE_END,T09_2015,2015,TIGHTENING_CYCLE_END,2018-12-19,109,2019-05-28,1.0218540264931286,0.02185402649312862
T09_2015_TIGHTENING_CYCLE_END,T09_2015,2015,TIGHTENING_CYCLE_END,2018-12-19,110,2019-05-29,1.0251361076220074,0.025136107622007353
T09_2015_TIGHTENING_CYCLE_END,T09_2015,2015,TIGHTENING_CYCLE_END,2018-12-19,111,2019-05-30,1.0303394379566766,0.030339437956676596
T09_2015_TIGHTENING_CYCLE_END,T09_2015,2015,TIGHTENING_CYCLE_END,2018-12-19,112,2019-05-31,1.0453090777046168,0.045309077704616785
T09_2015_TIGHTENING_CYCLE_END,T09_2015,2015,TIGHTENING_CYCLE_END,2018-12-19,113,2019-06-03,1.0588376583997219,0.05883765839972188
T09_2015_TIGHTENING_CYCLE_END,T09_2015,2015,TIGHTENING_CYCLE_END,2018-12-19,114,2019-06-04,1.0593980756824242,0.05939807568242417
T09_2015_TIGHTENING_CYCLE_END,T09_2015,2015,TIGHTENING_CYCLE_END,2018-12-19,115,2019-06-05,1.0633206057861644,0.06332060578616439
T09_2015_TIGHTENING_CYCLE_END,T09_2015,2015,TIGHTENING_CYCLE_END,2018-12-19,116,2019-06-06,1.070765312095261,0.07076531209526093
T09_2015_TIGHTENING_CYCLE_END,T09_2015,2015,TIGHTENING_CYCLE_END,2018-12-19,117,2019-06-07,1.0736471370445497,0.07364713704454973
T09_2015_TIGHTENING_CYCLE_END,T09_2015,2015,TIGHTENING_CYCLE_END,2018-12-19,118,2019-06-10,1.0604386831180816,0.06043868311808165
T09_2015_TIGHTENING_CYCLE_END,T09_2015,2015,TIGHTENING_CYCLE_END,2018-12-19,119,2019-06-11,1.0617996127599638,0.06179961275996382
T09_2015_TIGHTENING_CYCLE_END,T09_2015,2015,TIGHTENING_CYCLE_END,2018-12-19,120,2019-06-12,1.0662024307354532,0.06620243073545318
T09_2015_TIGHTENING_CYCLE_END,T09_2015,2015,TIGHTENING_CYCLE_END,2018-12-19,121,2019-06-13,1.07204611232619,0.07204611232618996
T09_2015_TIGHTENING_CYCLE_END,T09_2015,2015,TIGHTENING_CYCLE_END,2018-12-19,122,2019-06-14,1.0727665929932106,0.07276659299321064
T09_2015_TIGHTENING_CYCLE_END,T09_2015,2015,TIGHTENING_CYCLE_END,2018-12-19,123,2019-06-17,1.0716458561466,0.07164585614660002
T09_2015_TIGHTENING_CYCLE_END,T09_2015,2015,TIGHTENING_CYCLE_END,2018-12-19,124,2019-06-18,1.0779699233278799,0.07796992332787989
T09_2015_TIGHTENING_CYCLE_END,T09_2015,2015,TIGHTENING_CYCLE_END,2018-12-19,125,2019-06-19,1.0763688986095201,0.07636889860952012
T09_2015_TIGHTENING_CYCLE_END,T09_2015,2015,TIGHTENING_CYCLE_END,2018-12-19,126,2019-06-20,1.1150336846454263,0.11503368464542629
T09_2015_TIGHTENING_CYCLE_END,T09_2015,2015,TIGHTENING_CYCLE_END,2018-12-19,127,2019-06-21,1.1176753167994438,0.11767531679944376
T09_2015_TIGHTENING_CYCLE_END,T09_2015,2015,TIGHTENING_CYCLE_END,2018-12-19,128,2019-06-24,1.1321646686756348,0.1321646686756348
T09_2015_TIGHTENING_CYCLE_END,T09_2015,2015,TIGHTENING_CYCLE_END,2018-12-19,129,2019-06-25,1.132644956547384,0.13264495654738395
T09_2015_TIGHTENING_CYCLE_END,T09_2015,2015,TIGHTENING_CYCLE_END,2018-12-19,130,2019-06-26,1.1300032266745728,0.13000322667457276
T09_2015_TIGHTENING_CYCLE_END,T09_2015,2015,TIGHTENING_CYCLE_END,2018-12-19,131,2019-06-27,1.1274416262127147,0.1274416262127147
T09_2015_TIGHTENING_CYCLE_END,T09_2015,2015,TIGHTENING_CYCLE_END,2018-12-19,132,2019-06-28,1.1284822336483722,0.1284822336483722
T09_2015_TIGHTENING_CYCLE_END,T09_2015,2015,TIGHTENING_CYCLE_END,2018-12-19,133,2019-07-01,1.1091899053358956,0.10918990533589557
T09_2015_TIGHTENING_CYCLE_END,T09_2015,2015,TIGHTENING_CYCLE_END,2018-12-19,134,2019-07-02,1.1243996401603136,0.12439964016031357
T09_2015_TIGHTENING_CYCLE_END,T09_2015,2015,TIGHTENING_CYCLE_END,2018-12-19,135,2019-07-03,1.1348863325218113,0.13488633252181126
T09_2015_TIGHTENING_CYCLE_END,T09_2015,2015,TIGHTENING_CYCLE_END,2018-12-19,136,2019-07-05,1.1180755729790337,0.1180755729790337
T09_2015_TIGHTENING_CYCLE_END,T09_2015,2015,TIGHTENING_CYCLE_END,2018-12-19,137,2019-07-08,1.1183157657743052,0.11831576577430525
T09_2015_TIGHTENING_CYCLE_END,T09_2015,2015,TIGHTENING_CYCLE_END,2018-12-19,138,2019-07-09,1.1187160219538952,0.11871602195389519
T09_2015_TIGHTENING_CYCLE_END,T09_2015,2015,TIGHTENING_CYCLE_END,2018-12-19,139,2019-07-10,1.128802458135803,0.12880245813580293
T09_2015_TIGHTENING_CYCLE_END,T09_2015,2015,TIGHTENING_CYCLE_END,2018-12-19,140,2019-07-11,1.124159545083836,0.12415954508383598
T09_2015_TIGHTENING_CYCLE_END,T09_2015,2015,TIGHTENING_CYCLE_END,2018-12-19,141,2019-07-12,1.1286423947514845,0.12864239475148453
T09_2015_TIGHTENING_CYCLE_END,T09_2015,2015,TIGHTENING_CYCLE_END,2018-12-19,142,2019-07-15,1.1298431632902544,0.12984316329025436
T09_2015_TIGHTENING_CYCLE_END,T09_2015,2015,TIGHTENING_CYCLE_END,2018-12-19,143,2019-07-16,1.1280819774687822,0.12808197746878225
T09_2015_TIGHTENING_CYCLE_END,T09_2015,2015,TIGHTENING_CYCLE_END,2018-12-19,144,2019-07-17,1.137768255189894,0.137768255189894
T09_2015_TIGHTENING_CYCLE_END,T09_2015,2015,TIGHTENING_CYCLE_END,2018-12-19,145,2019-07-18,1.141610655882681,0.14161065588268107
T09_2015_TIGHTENING_CYCLE_END,T09_2015,2015,TIGHTENING_CYCLE_END,2018-12-19,146,2019-07-19,1.1408101435235012,0.14081014352350119
T09_2015_TIGHTENING_CYCLE_END,T09_2015,2015,TIGHTENING_CYCLE_END,2018-12-19,147,2019-07-22,1.1409703046266135,0.14097030462661353
T09_2015_TIGHTENING_CYCLE_END,T09_2015,2015,TIGHTENING_CYCLE_END,2018-12-19,148,2019-07-23,1.1368075817276018,0.13680758172760177
T09_2015_TIGHTENING_CYCLE_END,T09_2015,2015,TIGHTENING_CYCLE_END,2018-12-19,149,2019-07-24,1.1389690237286638,0.13896902372866382
T09_2015_TIGHTENING_CYCLE_END,T09_2015,2015,TIGHTENING_CYCLE_END,2018-12-19,150,2019-07-25,1.131844444188204,0.13184444418820407
T09_2015_TIGHTENING_CYCLE_END,T09_2015,2015,TIGHTENING_CYCLE_END,2018-12-19,151,2019-07-26,1.1355267814966727,0.13552678149667274
T09_2015_TIGHTENING_CYCLE_END,T09_2015,2015,TIGHTENING_CYCLE_END,2018-12-19,152,2019-07-29,1.1364073255480118,0.13640732554801183
T09_2015_TIGHTENING_CYCLE_END,T09_2015,2015,TIGHTENING_CYCLE_END,2018-12-19,153,2019-07-30,1.14449248083197,0.14449248083197008
T09_2015_TIGHTENING_CYCLE_END,T09_2015,2015,TIGHTENING_CYCLE_END,2018-12-19,154,2019-07-31,1.141610655882681,0.14161065588268107
T09_2015_TIGHTENING_CYCLE_END,T09_2015,2015,TIGHTENING_CYCLE_END,2018-12-19,155,2019-08-01,1.1374480307024633,0.13744803070246325
T09_2015_TIGHTENING_CYCLE_END,T09_2015,2015,TIGHTENING_CYCLE_END,2018-12-19,156,2019-08-02,1.157220646886689,0.15722064688668902
T09_2015_TIGHTENING_CYCLE_END,T09_2015,2015,TIGHTENING_CYCLE_END,2018-12-19,157,2019-08-05,1.1724303817111068,0.1724303817111068
T09_2015_TIGHTENING_CYCLE_END,T09_2015,2015,TIGHTENING_CYCLE_END,2018-12-19,158,2019-08-06,1.1786744172002275,0.17867441720022748
T09_2015_TIGHTENING_CYCLE_END,T09_2015,2015,TIGHTENING_CYCLE_END,2018-12-19,159,2019-08-07,1.2066123180793644,0.20661231807936442
T09_2015_TIGHTENING_CYCLE_END,T09_2015,2015,TIGHTENING_CYCLE_END,2018-12-19,160,2019-08-08,1.1989273212562024,0.19892732125620238
T09_2015_TIGHTENING_CYCLE_END,T09_2015,2015,TIGHTENING_CYCLE_END,2018-12-19,161,2019-08-09,1.1980467772048633,0.1980467772048633
T09_2015_TIGHTENING_CYCLE_END,T09_2015,2015,TIGHTENING_CYCLE_END,2018-12-19,162,2019-08-12,1.2050112933610047,0.20501129336100465
T09_2015_TIGHTENING_CYCLE_END,T09_2015,2015,TIGHTENING_CYCLE_END,2018-12-19,163,2019-08-13,1.2025296268725119,0.20252962687251186
T09_2015_TIGHTENING_CYCLE_END,T09_2015,2015,TIGHTENING_CYCLE_END,2018-12-19,164,2019-08-14,1.2134967048245529,0.21349670482455285
T09_2015_TIGHTENING_CYCLE_END,T09_2015,2015,TIGHTENING_CYCLE_END,2018-12-19,165,2019-08-15,1.2164585614660008,0.21645856146600084
T09_2015_TIGHTENING_CYCLE_END,T09_2015,2015,TIGHTENING_CYCLE_END,2018-12-19,166,2019-08-16,1.2107749432595825,0.21077494325958246
T09_2015_TIGHTENING_CYCLE_END,T09_2015,2015,TIGHTENING_CYCLE_END,2018-12-19,167,2019-08-19,1.2010887632572644,0.20108876325726444
T09_2015_TIGHTENING_CYCLE_END,T09_2015,2015,TIGHTENING_CYCLE_END,2018-12-19,168,2019-08-20,1.2044508760783024,0.20445087607830237
T09_2015_TIGHTENING_CYCLE_END,T09_2015,2015,TIGHTENING_CYCLE_END,2018-12-19,169,2019-08-21,1.2044508760783024,0.20445087607830237
T09_2015_TIGHTENING_CYCLE_END,T09_2015,2015,TIGHTENING_CYCLE_END,2018-12-19,170,2019-08-22,1.1986071944875656,0.19860719448756559
T09_2015_TIGHTENING_CYCLE_END,T09_2015,2015,TIGHTENING_CYCLE_END,2018-12-19,171,2019-08-23,1.22206214798026,0.22206214798026003
T09_2015_TIGHTENING_CYCLE_END,T09_2015,2015,TIGHTENING_CYCLE_END,2018-12-19,172,2019-08-26,1.2218220529037824,0.22182205290378243
T09_2015_TIGHTENING_CYCLE_END,T09_2015,2015,TIGHTENING_CYCLE_END,2018-12-19,173,2019-08-27,1.2335895454962091,0.23358954549620914
T09_2015_TIGHTENING_CYCLE_END,T09_2015,2015,TIGHTENING_CYCLE_END,2018-12-19,174,2019-08-28,1.231027945034351,0.2310279450343511
T09_2015_TIGHTENING_CYCLE_END,T09_2015,2015,TIGHTENING_CYCLE_END,2018-12-19,175,2019-08-29,1.2219821162881008,0.22198211628810083
T09_2015_TIGHTENING_CYCLE_END,T09_2015,2015,TIGHTENING_CYCLE_END,2018-12-19,176,2019-08-30,1.216058305286411,0.2160583052864109
T09_2015_TIGHTENING_CYCLE_END,T09_2015,2015,TIGHTENING_CYCLE_END,2018-12-19,177,2019-09-03,1.2375120755999494,0.23751207559994936
T09_2015_TIGHTENING_CYCLE_END,T09_2015,2015,TIGHTENING_CYCLE_END,2018-12-19,178,2019-09-04,1.2410343495240996,0.24103434952409963
T09_2015_TIGHTENING_CYCLE_END,T09_2015,2015,TIGHTENING_CYCLE_END,2018-12-19,179,2019-09-05,1.213096448644963,0.2130964486449629
T09_2015_TIGHTENING_CYCLE_END,T09_2015,2015,TIGHTENING_CYCLE_END,2018-12-19,180,2019-09-06,1.2057316763092316,0.20573167630923161
T09_2015_TIGHTENING_CYCLE_END,T09_2015,2015,TIGHTENING_CYCLE_END,2018-12-19,181,2019-09-09,1.2025296268725119,0.20252962687251186
T09_2015_TIGHTENING_CYCLE_END,T09_2015,2015,TIGHTENING_CYCLE_END,2018-12-19,182,2019-09-10,1.1930036079733064,0.1930036079733064
T09_2015_TIGHTENING_CYCLE_END,T09_2015,2015,TIGHTENING_CYCLE_END,2018-12-19,183,2019-09-11,1.1962856891021851,0.19628568910218513
T09_2015_TIGHTENING_CYCLE_END,T09_2015,2015,TIGHTENING_CYCLE_END,2018-12-19,184,2019-09-12,1.1997278336153823,0.19972783361538227
T09_2015_TIGHTENING_CYCLE_END,T09_2015,2015,TIGHTENING_CYCLE_END,2018-12-19,185,2019-09-13,1.1934838958450555,0.19348389584505554
T09_2015_TIGHTENING_CYCLE_END,T09_2015,2015,TIGHTENING_CYCLE_END,2018-12-19,186,2019-09-16,1.2032501075395325,0.20325010753953254
T09_2015_TIGHTENING_CYCLE_END,T09_2015,2015,TIGHTENING_CYCLE_END,2018-12-19,187,2019-09-17,1.2048511322578923,0.2048511322578923
T09_2015_TIGHTENING_CYCLE_END,T09_2015,2015,TIGHTENING_CYCLE_END,2018-12-19,188,2019-09-18,1.2067723814636828,0.20677238146368282
T09_2015_TIGHTENING_CYCLE_END,T09_2015,2015,TIGHTENING_CYCLE_END,2018-12-19,189,2019-09-19,1.1994877385389047,0.19948773853890467
T09_2015_TIGHTENING_CYCLE_END,T09_2015,2015,TIGHTENING_CYCLE_END,2018-12-19,190,2019-09-20,1.2066123180793644,0.20661231807936442
T09_2015_TIGHTENING_CYCLE_END,T09_2015,2015,TIGHTENING_CYCLE_END,2018-12-19,191,2019-09-23,1.2197406425948796,0.21974064259487958
T09_2015_TIGHTENING_CYCLE_END,T09_2015,2015,TIGHTENING_CYCLE_END,2018-12-19,192,2019-09-24,1.2264649659557494,0.2264649659557494
T09_2015_TIGHTENING_CYCLE_END,T09_2015,2015,TIGHTENING_CYCLE_END,2018-12-19,193,2019-09-25,1.2044508760783024,0.20445087607830237
T09_2015_TIGHTENING_CYCLE_END,T09_2015,2015,TIGHTENING_CYCLE_END,2018-12-19,194,2019-09-26,1.2067723814636828,0.20677238146368282
T09_2015_TIGHTENING_CYCLE_END,T09_2015,2015,TIGHTENING_CYCLE_END,2018-12-19,195,2019-09-27,1.200048058102813,0.200048058102813
T09_2015_TIGHTENING_CYCLE_END,T09_2015,2015,TIGHTENING_CYCLE_END,2018-12-19,196,2019-09-30,1.173310925762446,0.1733109257624461
T09_2015_TIGHTENING_CYCLE_END,T09_2015,2015,TIGHTENING_CYCLE_END,2018-12-19,197,2019-10-01,1.1863593163045958,0.1863593163045958
T09_2015_TIGHTENING_CYCLE_END,T09_2015,2015,TIGHTENING_CYCLE_END,2018-12-19,198,2019-10-02,1.2015690511290136,0.20156905112901358
T09_2015_TIGHTENING_CYCLE_END,T09_2015,2015,TIGHTENING_CYCLE_END,2018-12-19,199,2019-10-03,1.206452156976252,0.20645215697625208
T09_2015_TIGHTENING_CYCLE_END,T09_2015,2015,TIGHTENING_CYCLE_END,2018-12-19,200,2019-10-04,1.2057316763092316,0.20573167630923161
T09_2015_TIGHTENING_CYCLE_END,T09_2015,2015,TIGHTENING_CYCLE_END,2018-12-19,201,2019-10-07,1.1989273212562024,0.19892732125620238
T09_2015_TIGHTENING_CYCLE_END,T09_2015,2015,TIGHTENING_CYCLE_END,2018-12-19,202,2019-10-08,1.1985270650766124,0.19852706507661244
T09_2015_TIGHTENING_CYCLE_END,T09_2015,2015,TIGHTENING_CYCLE_END,2018-12-19,203,2019-10-09,1.2056516446170722,0.2056516446170722
T09_2015_TIGHTENING_CYCLE_END,T09_2015,2015,TIGHTENING_CYCLE_END,2018-12-19,204,2019-10-10,1.1966059135896159,0.19660591358961588
T09_2015_TIGHTENING_CYCLE_END,T09_2015,2015,TIGHTENING_CYCLE_END,2018-12-19,205,2019-10-11,1.1869196358685041,0.18691963586850413
T09_2015_TIGHTENING_CYCLE_END,T09_2015,2015,TIGHTENING_CYCLE_END,2018-12-19,206,2019-10-14,1.194124247101123,0.19412424710112308
T09_2015_TIGHTENING_CYCLE_END,T09_2015,2015,TIGHTENING_CYCLE_END,2018-12-19,207,2019-10-15,1.1828370423804455,0.1828370423804455
T09_2015_TIGHTENING_CYCLE_END,T09_2015,2015,TIGHTENING_CYCLE_END,2018-12-19,208,2019-10-16,1.191162390459675,0.1911623904596751
T09_2015_TIGHTENING_CYCLE_END,T09_2015,2015,TIGHTENING_CYCLE_END,2018-12-19,209,2019-10-17,1.1946046326916662,0.19460463269166617
T09_2015_TIGHTENING_CYCLE_END,T09_2015,2015,TIGHTENING_CYCLE_END,2018-12-19,210,2019-10-18,1.1913224538439935,0.1913224538439935
T09_2015_TIGHTENING_CYCLE_END,T09_2015,2015,TIGHTENING_CYCLE_END,2018-12-19,211,2019-10-21,1.1866795407920265,0.18667954079202653
T09_2015_TIGHTENING_CYCLE_END,T09_2015,2015,TIGHTENING_CYCLE_END,2018-12-19,212,2019-10-22,1.1861191235093242,0.18611912350932425
T09_2015_TIGHTENING_CYCLE_END,T09_2015,2015,TIGHTENING_CYCLE_END,2018-12-19,213,2019-10-23,1.1926833834858757,0.19268338348587566
T09_2015_TIGHTENING_CYCLE_END,T09_2015,2015,TIGHTENING_CYCLE_END,2018-12-19,214,2019-10-24,1.1998879947184946,0.1998879947184946
T09_2015_TIGHTENING_CYCLE_END,T09_2015,2015,TIGHTENING_CYCLE_END,2018-12-19,215,2019-10-25,1.2003682825902438,0.20036828259024375
T09_2015_TIGHTENING_CYCLE_END,T09_2015,2015,TIGHTENING_CYCLE_END,2018-12-19,216,2019-10-28,1.1927634151780349,0.19276341517803486
T09_2015_TIGHTENING_CYCLE_END,T09_2015,2015,TIGHTENING_CYCLE_END,2018-12-19,217,2019-10-29,1.1903618781004952,0.1903618781004952
T09_2015_TIGHTENING_CYCLE_END,T09_2015,2015,TIGHTENING_CYCLE_END,2018-12-19,218,2019-10-30,1.195325015639893,0.1953250156398929
T09_2015_TIGHTENING_CYCLE_END,T09_2015,2015,TIGHTENING_CYCLE_END,2018-12-19,219,2019-10-31,1.2098943992082432,0.20989439920824315
T09_2015_TIGHTENING_CYCLE_END,T09_2015,2015,TIGHTENING_CYCLE_END,2018-12-19,220,2019-11-01,1.2071726376432728,0.20717263764327276
T09_2015_TIGHTENING_CYCLE_END,T09_2015,2015,TIGHTENING_CYCLE_END,2018-12-19,221,2019-11-04,1.2071726376432728,0.20717263764327276
T09_2015_TIGHTENING_CYCLE_END,T09_2015,2015,TIGHTENING_CYCLE_END,2018-12-19,222,2019-11-05,1.1853987405610975,0.1853987405610975
T09_2015_TIGHTENING_CYCLE_END,T09_2015,2015,TIGHTENING_CYCLE_END,2018-12-19,223,2019-11-06,1.1929234785623533,0.19292347856235326
T09_2015_TIGHTENING_CYCLE_END,T09_2015,2015,TIGHTENING_CYCLE_END,2018-12-19,224,2019-11-07,1.172110157223676,0.17211015722367606
T09_2015_TIGHTENING_CYCLE_END,T09_2015,2015,TIGHTENING_CYCLE_END,2018-12-19,225,2019-11-08,1.1697887495570896,0.16978874955708956
T09_2015_TIGHTENING_CYCLE_END,T09_2015,2015,TIGHTENING_CYCLE_END,2018-12-19,226,2019-11-11,1.1651457387863287,0.16514573878632866
T09_2015_TIGHTENING_CYCLE_END,T09_2015,2015,TIGHTENING_CYCLE_END,2018-12-19,227,2019-11-12,1.1624239772213583,0.16242397722135826
T09_2015_TIGHTENING_CYCLE_END,T09_2015,2015,TIGHTENING_CYCLE_END,2018-12-19,228,2019-11-13,1.1701088763257264,0.17010887632572635
T09_2015_TIGHTENING_CYCLE_END,T09_2015,2015,TIGHTENING_CYCLE_END,2018-12-19,229,2019-11-14,1.1781941293284783,0.17819412932847833
T09_2015_TIGHTENING_CYCLE_END,T09_2015,2015,TIGHTENING_CYCLE_END,2018-12-19,230,2019-11-15,1.1745918237121689,0.17459182371216886
T09_2015_TIGHTENING_CYCLE_END,T09_2015,2015,TIGHTENING_CYCLE_END,2018-12-19,231,2019-11-18,1.1774736486614577,0.17747364866145765
T09_2015_TIGHTENING_CYCLE_END,T09_2015,2015,TIGHTENING_CYCLE_END,2018-12-19,232,2019-11-19,1.1793948978672482,0.17939489786724816
T09_2015_TIGHTENING_CYCLE_END,T09_2015,2015,TIGHTENING_CYCLE_END,2018-12-19,233,2019-11-20,1.1793948978672482,0.17939489786724816
T09_2015_TIGHTENING_CYCLE_END,T09_2015,2015,TIGHTENING_CYCLE_END,2018-12-19,234,2019-11-21,1.171229613172337,0.17122961317233698
T09_2015_TIGHTENING_CYCLE_END,T09_2015,2015,TIGHTENING_CYCLE_END,2018-12-19,235,2019-11-22,1.171229613172337,0.17122961317233698
T09_2015_TIGHTENING_CYCLE_END,T09_2015,2015,TIGHTENING_CYCLE_END,2018-12-19,236,2019-11-25,1.1660262828376677,0.16602628283766774
T09_2015_TIGHTENING_CYCLE_END,T09_2015,2015,TIGHTENING_CYCLE_END,2018-12-19,237,2019-11-26,1.1685879810183197,0.16858798101831973
T09_2015_TIGHTENING_CYCLE_END,T09_2015,2015,TIGHTENING_CYCLE_END,2018-12-19,238,2019-11-27,1.1634646823758097,0.1634646823758097
T09_2015_TIGHTENING_CYCLE_END,T09_2015,2015,TIGHTENING_CYCLE_END,2018-12-19,239,2019-11-29,1.1732308940702867,0.1732308940702867
T09_2015_TIGHTENING_CYCLE_END,T09_2015,2015,TIGHTENING_CYCLE_END,2018-12-19,240,2019-12-02,1.1705892619162694,0.17058926191626944
T09_2015_TIGHTENING_CYCLE_END,T09_2015,2015,TIGHTENING_CYCLE_END,2018-12-19,241,2019-12-03,1.1833173302521947,0.18331733025219465
T09_2015_TIGHTENING_CYCLE_END,T09_2015,2015,TIGHTENING_CYCLE_END,2018-12-19,242,2019-12-04,1.1799552174311567,0.17995521743115672
T09_2015_TIGHTENING_CYCLE_END,T09_2015,2015,TIGHTENING_CYCLE_END,2018-12-19,243,2019-12-05,1.1822767228165372,0.18227672281653717
T09_2015_TIGHTENING_CYCLE_END,T09_2015,2015,TIGHTENING_CYCLE_END,2018-12-19,244,2019-12-06,1.1680275637356174,0.16802756373561745
T09_2015_TIGHTENING_CYCLE_END,T09_2015,2015,TIGHTENING_CYCLE_END,2018-12-19,245,2019-12-09,1.1681877248387298,0.1681877248387298
T09_2015_TIGHTENING_CYCLE_END,T09_2015,2015,TIGHTENING_CYCLE_END,2018-12-19,246,2019-12-10,1.170829356992747,0.17082935699274704
T09_2015_TIGHTENING_CYCLE_END,T09_2015,2015,TIGHTENING_CYCLE_END,2018-12-19,247,2019-12-11,1.1762728801226878,0.17627288012268783
T09_2015_TIGHTENING_CYCLE_END,T09_2015,2015,TIGHTENING_CYCLE_END,2018-12-19,248,2019-12-12,1.174111438121626,0.174111438121626
T09_2015_TIGHTENING_CYCLE_END,T09_2015,2015,TIGHTENING_CYCLE_END,2018-12-19,249,2019-12-13,1.1812360176620857,0.18123601766208575
T09_2015_TIGHTENING_CYCLE_END,T09_2015,2015,TIGHTENING_CYCLE_END,2018-12-19,250,2019-12-16,1.1807557297903366,0.1807557297903366
T09_2015_TIGHTENING_CYCLE_END,T09_2015,2015,TIGHTENING_CYCLE_END,2018-12-19,251,2019-12-17,1.1804355053029059,0.18043550530290586
T09_2015_TIGHTENING_CYCLE_END,T09_2015,2015,TIGHTENING_CYCLE_END,2018-12-19,252,2019-12-18,1.178834480584546,0.1788344805845461
T09_2015_PAUSE_START,T09_2015,2015,PAUSE_START,2019-01-30,-60,2018-10-30,0.9345665962536861,-0.0654334037463139
T09_2015_PAUSE_START,T09_2015,2015,PAUSE_START,2019-01-30,-59,2018-10-31,0.926693238095718,-0.07330676190428198
T09_2015_PAUSE_START,T09_2015,2015,PAUSE_START,2019-01-30,-58,2018-11-01,0.9448096973958768,-0.055190302604123165
T09_2015_PAUSE_START,T09_2015,2015,PAUSE_START,2019-01-30,-57,2018-11-02,0.9409112294427409,-0.05908877055725914
T09_2015_PAUSE_START,T09_2015,2015,PAUSE_START,2019-01-30,-56,2018-11-05,0.9400703980507567,-0.05992960194924335
T09_2015_PAUSE_START,T09_2015,2015,PAUSE_START,2019-01-30,-55,2018-11-06,0.9354839432090292,-0.06451605679097083
T09_2015_PAUSE_START,T09_2015,2015,PAUSE_START,2019-01-30,-54,2018-11-07,0.9373184504963901,-0.06268154950360993
T09_2015_PAUSE_START,T09_2015,2015,PAUSE_START,2019-01-30,-53,2018-11-08,0.9347959563204374,-0.06520404367956256
T09_2015_PAUSE_START,T09_2015,2015,PAUSE_START,2019-01-30,-52,2018-11-09,0.9221832055056867,-0.07781679449431333
T09_2015_PAUSE_START,T09_2015,2015,PAUSE_START,2019-01-30,-51,2018-11-12,0.9182847375525508,-0.0817152624474492
T09_2015_PAUSE_START,T09_2015,2015,PAUSE_START,2019-01-30,-50,2018-11-13,0.916679403708616,-0.083320596291384
T09_2015_PAUSE_START,T09_2015,2015,PAUSE_START,2019-01-30,-49,2018-11-14,0.9233298192161186,-0.07667018078388144
T09_2015_PAUSE_START,T09_2015,2015,PAUSE_START,2019-01-30,-48,2018-11-15,0.927075442665862,-0.07292455733413805
T09_2015_PAUSE_START,T09_2015,2015,PAUSE_START,2019-01-30,-47,2018-11-16,0.9331907157881654,-0.06680928421183463
T09_2015_PAUSE_START,T09_2015,2015,PAUSE_START,2019-01-30,-46,2018-11-19,0.93494880082383,-0.06505119917616997
T09_2015_PAUSE_START,T09_2015,2015,PAUSE_START,2019-01-30,-45,2018-11-20,0.931814742010982,-0.06818525798901798
T09_2015_PAUSE_START,T09_2015,2015,PAUSE_START,2019-01-30,-44,2018-11-21,0.937012761489605,-0.062987238510395
T09_2015_PAUSE_START,T09_2015,2015,PAUSE_START,2019-01-30,-43,2018-11-23,0.9333435602915578,-0.06665643970844215
T09_2015_PAUSE_START,T09_2015,2015,PAUSE_START,2019-01-30,-42,2018-11-26,0.9327319956546625,-0.06726800434533753
T09_2015_PAUSE_START,T09_2015,2015,PAUSE_START,2019-01-30,-41,2018-11-27,0.9258523133920712,-0.07414768660792881
T09_2015_PAUSE_START,T09_2015,2015,PAUSE_START,2019-01-30,-40,2018-11-28,0.9336493426100055,-0.06635065738999446
T09_2015_PAUSE_START,T09_2015,2015,PAUSE_START,2019-01-30,-39,2018-11-29,0.9357132099641179,-0.06428679003588211
T09_2015_PAUSE_START,T09_2015,2015,PAUSE_START,2019-01-30,-38,2018-11-30,0.9327319956546625,-0.06726800434533753
T09_2015_PAUSE_START,T09_2015,2015,PAUSE_START,2019-01-30,-37,2018-12-03,0.9432044568636047,-0.05679554313639534
T09_2015_PAUSE_START,T09_2015,2015,PAUSE_START,2019-01-30,-36,2018-12-04,0.9487081653490127,-0.0512918346509873
T09_2015_PAUSE_START,T09_2015,2015,PAUSE_START,2019-01-30,-35,2018-12-06,0.9464149379281489,-0.0535850620718511
T09_2015_PAUSE_START,T09_2015,2015,PAUSE_START,2019-01-30,-34,2018-12-07,0.9530653534356515,-0.04693464656434854
T09_2015_PAUSE_START,T09_2015,2015,PAUSE_START,2019-01-30,-33,2018-12-10,0.9506956104514288,-0.04930438954857119
T09_2015_PAUSE_START,T09_2015,2015,PAUSE_START,2019-01-30,-32,2018-12-11,0.9493197299859081,-0.05068027001409192
T09_2015_PAUSE_START,T09_2015,2015,PAUSE_START,2019-01-30,-31,2018-12-12,0.9512307528366278,-0.048769247163372165
T09_2015_PAUSE_START,T09_2015,2015,PAUSE_START,2019-01-30,-30,2018-12-13,0.9499312013111408,-0.05006879868885916
T09_2015_PAUSE_START,T09_2015,2015,PAUSE_START,2019-01-30,-29,2018-12-14,0.9455741065361647,-0.054425893463835306
T09_2015_PAUSE_START,T09_2015,2015,PAUSE_START,2019-01-30,-28,2018-12-17,0.9535239802574916,-0.04647601974250837
T09_2015_PAUSE_START,T09_2015,2015,PAUSE_START,2019-01-30,-27,2018-12-18,0.9548998607230124,-0.04510013927698764
T09_2015_PAUSE_START,T09_2015,2015,PAUSE_START,2019-01-30,-26,2018-12-19,0.9571166658921799,-0.04288333410782008
T09_2015_PAUSE_START,T09_2015,2015,PAUSE_START,2019-01-30,-25,2018-12-20,0.9659073710054911,-0.03409262899450893
T09_2015_PAUSE_START,T09_2015,2015,PAUSE_START,2019-01-30,-24,2018-12-21,0.9584162174176669,-0.041583782582333084
T09_2015_PAUSE_START,T09_2015,2015,PAUSE_START,2019-01-30,-23,2018-12-24,0.9688885853149465,-0.031111414685053518
T09_2015_PAUSE_START,T09_2015,2015,PAUSE_START,2019-01-30,-22,2018-12-26,0.9701880435287709,-0.02981195647122914
T09_2015_PAUSE_START,T09_2015,2015,PAUSE_START,2019-01-30,-21,2018-12-27,0.9763798322144331,-0.02362016778556686
T09_2015_PAUSE_START,T09_2015,2015,PAUSE_START,2019-01-30,-20,2018-12-28,0.9783672773168492,-0.02163272268315075
T09_2015_PAUSE_START,T09_2015,2015,PAUSE_START,2019-01-30,-19,2018-12-31,0.9771442413547211,-0.02285575864527889
T09_2015_PAUSE_START,T09_2015,2015,PAUSE_START,2019-01-30,-18,2019-01-02,0.9792081087088335,-0.020791891291166542
T09_2015_PAUSE_START,T09_2015,2015,PAUSE_START,2019-01-30,-17,2019-01-03,0.9874637647486081,-0.012536235251391914
T09_2015_PAUSE_START,T09_2015,2015,PAUSE_START,2019-01-30,-16,2019-01-04,0.9805075669226578,-0.019492433077342164
T09_2015_PAUSE_START,T09_2015,2015,PAUSE_START,2019-01-30,-15,2019-01-07,0.9836417190471685,-0.01635828095283154
T09_2015_PAUSE_START,T09_2015,2015,PAUSE_START,2019-01-30,-14,2019-01-08,0.9808897714928019,-0.019110228507198124
T09_2015_PAUSE_START,T09_2015,2015,PAUSE_START,2019-01-30,-13,2019-01-09,0.9855527418978883,-0.01444725810211167
T09_2015_PAUSE_START,T09_2015,2015,PAUSE_START,2019-01-30,-12,2019-01-10,0.9820363852032338,-0.017963614796766225
T09_2015_PAUSE_START,T09_2015,2015,PAUSE_START,2019-01-30,-11,2019-01-11,0.9838709858022573,-0.016129014197742708
T09_2015_PAUSE_START,T09_2015,2015,PAUSE_START,2019-01-30,-10,2019-01-14,0.9853998040828331,-0.01460019591716688
T09_2015_PAUSE_START,T09_2015,2015,PAUSE_START,2019-01-30,-9,2019-01-15,0.9831829989136657,-0.016817001086334327
T09_2015_PAUSE_START,T09_2015,2015,PAUSE_START,2019-01-30,-8,2019-01-16,0.987310826933553,-0.012689173066447013
T09_2015_PAUSE_START,T09_2015,2015,PAUSE_START,2019-01-30,-7,2019-01-17,0.9868522001117127,-0.013147799888287293
T09_2015_PAUSE_START,T09_2015,2015,PAUSE_START,2019-01-30,-6,2019-01-18,0.9794374687755849,-0.020562531224415093
T09_2015_PAUSE_START,T09_2015,2015,PAUSE_START,2019-01-30,-5,2019-01-22,0.9803547224192654,-0.019645277580734644
T09_2015_PAUSE_START,T09_2015,2015,PAUSE_START,2019-01-30,-4,2019-01-23,0.9808133492411055,-0.019186650758894475
T09_2015_PAUSE_START,T09_2015,2015,PAUSE_START,2019-01-30,-3,2019-01-24,0.9777557126799539,-0.02224428732004613
T09_2015_PAUSE_START,T09_2015,2015,PAUSE_START,2019-01-30,-2,2019-01-25,0.991744437271888,-0.00825556272811201
T09_2015_PAUSE_START,T09_2015,2015,PAUSE_START,2019-01-30,-1,2019-01-28,0.9955664829733276,-0.0044335170266723845
T09_2015_PAUSE_START,T09_2015,2015,PAUSE_START,2019-01-30,0,2019-01-29,1.0,0.0
T09_2015_PAUSE_START,T09_2015,2015,PAUSE_START,2019-01-30,1,2019-01-30,1.001299551525487,0.0012995515254869971
T09_2015_PAUSE_START,T09_2015,2015,PAUSE_START,2019-01-30,2,2019-01-31,1.0087907051133111,0.008790705113311148
T09_2015_PAUSE_START,T09_2015,2015,PAUSE_START,2019-01-30,3,2019-02-01,1.0066504155075024,0.00665041550750245
T09_2015_PAUSE_START,T09_2015,2015,PAUSE_START,2019-01-30,4,2019-02-04,1.0046629704050865,0.004662970405086453
T09_2015_PAUSE_START,T09_2015,2015,PAUSE_START,2019-01-30,5,2019-02-05,1.0045864548417276,0.004586454841727594
T09_2015_PAUSE_START,T09_2015,2015,PAUSE_START,2019-01-30,6,2019-02-06,1.0009937692070394,0.0009937692070394188
T09_2015_PAUSE_START,T09_2015,2015,PAUSE_START,2019-01-30,7,2019-02-07,1.0009173469553432,0.000917346955343179
T09_2015_PAUSE_START,T09_2015,2015,PAUSE_START,2019-01-30,8,2019-02-08,1.0042042502715836,0.004204250271583554
T09_2015_PAUSE_START,T09_2015,2015,PAUSE_START,2019-01-30,9,2019-02-11,0.9990827463563196,-0.000917253643680449
T09_2015_PAUSE_START,T09_2015,2015,PAUSE_START,2019-01-30,10,2019-02-12,1.0007644091402879,0.0007644091402878583
T09_2015_PAUSE_START,T09_2015,2015,PAUSE_START,2019-01-30,11,2019-02-13,1.0019875384140786,0.0019875384140786156
T09_2015_PAUSE_START,T09_2015,2015,PAUSE_START,2019-01-30,12,2019-02-14,1.0012231292737908,0.0012231292737907573
T09_2015_PAUSE_START,T09_2015,2015,PAUSE_START,2019-01-30,13,2019-02-15,1.007567669151183,0.00756766915118301
T09_2015_PAUSE_START,T09_2015,2015,PAUSE_START,2019-01-30,14,2019-02-19,1.0243846702375174,0.024384670237517447
T09_2015_PAUSE_START,T09_2015,2015,PAUSE_START,2019-01-30,15,2019-02-20,1.0268308354734363,0.026830835473436343
T09_2015_PAUSE_START,T09_2015,2015,PAUSE_START,2019-01-30,16,2019-02-21,1.0116954971710703,0.011695497171070324
T09_2015_PAUSE_START,T09_2015,2015,PAUSE_START,2019-01-30,17,2019-02-22,1.0160525919460464,0.016052591946046357
T09_2015_PAUSE_START,T09_2015,2015,PAUSE_START,2019-01-30,18,2019-02-25,1.0135300977700938,0.01353009777009384
T09_2015_PAUSE_START,T09_2015,2015,PAUSE_START,2019-01-30,19,2019-02-26,1.0129185331331985,0.012918533133198462
T09_2015_PAUSE_START,T09_2015,2015,PAUSE_START,2019-01-30,20,2019-02-27,1.0072618868327352,0.007261886832735209
T09_2015_PAUSE_START,T09_2015,2015,PAUSE_START,2019-01-30,21,2019-02-28,1.0035163566946546,0.0035163566946545544
T09_2015_PAUSE_START,T09_2015,2015,PAUSE_START,2019-01-30,22,2019-03-01,0.9909800281316,-0.009019971868399979
T09_2015_PAUSE_START,T09_2015,2015,PAUSE_START,2019-01-30,23,2019-03-04,0.9821129007665926,-0.017887099233407366
T09_2015_PAUSE_START,T09_2015,2015,PAUSE_START,2019-01-30,24,2019-03-05,0.9799725178491214,-0.020027482150878573
T09_2015_PAUSE_START,T09_2015,2015,PAUSE_START,2019-01-30,25,2019-03-06,0.9821893230182889,-0.017810676981711127
T09_2015_PAUSE_START,T09_2015,2015,PAUSE_START,2019-01-30,26,2019-03-07,0.9813484916263047,-0.018651508373695336
T09_2015_PAUSE_START,T09_2015,2015,PAUSE_START,2019-01-30,27,2019-03-08,0.9914386549534403,-0.008561345046559699
T09_2015_PAUSE_START,T09_2015,2015,PAUSE_START,2019-01-30,28,2019-03-11,0.9851705373277443,-0.014829462672255711
T09_2015_PAUSE_START,T09_2015,2015,PAUSE_START,2019-01-30,29,2019-03-12,0.9909036058799038,-0.009096394120096218
T09_2015_PAUSE_START,T09_2015,2015,PAUSE_START,2019-01-30,30,2019-03-13,0.9994649509264635,-0.0005350490735365199
T09_2015_PAUSE_START,T09_2015,2015,PAUSE_START,2019-01-30,31,2019-03-14,0.9886868007107362,-0.011313199289263776
T09_2015_PAUSE_START,T09_2015,2015,PAUSE_START,2019-01-30,32,2019-03-15,0.9951078561514873,-0.0048921438485126645
T09_2015_PAUSE_START,T09_2015,2015,PAUSE_START,2019-01-30,33,2019-03-18,0.9939612424410554,-0.006038757558944563
T09_2015_PAUSE_START,T09_2015,2015,PAUSE_START,2019-01-30,34,2019-03-19,0.9975539280757437,-0.0024460719242562767
T09_2015_PAUSE_START,T09_2015,2015,PAUSE_START,2019-01-30,35,2019-03-20,0.994114086944448,-0.005885913055551972
T09_2015_PAUSE_START,T09_2015,2015,PAUSE_START,2019-01-30,36,2019-03-21,0.9983947594677279,-0.0016052405322720675
T09_2015_PAUSE_START,T09_2015,2015,PAUSE_START,2019-01-30,37,2019-03-22,1.0025990097393114,0.0025990097393113754
T09_2015_PAUSE_START,T09_2015,2015,PAUSE_START,2019-01-30,38,2019-03-25,1.0104724612089422,0.010472461208942185
T09_2015_PAUSE_START,T09_2015,2015,PAUSE_START,2019-01-30,39,2019-03-26,1.0046629704050865,0.004662970405086453
T09_2015_PAUSE_START,T09_2015,2015,PAUSE_START,2019-01-30,40,2019-03-27,1.001299551525487,0.0012995515254869971
T09_2015_PAUSE_START,T09_2015,2015,PAUSE_START,2019-01-30,41,2019-03-28,0.9859349464680323,-0.014065053531967742
T09_2015_PAUSE_START,T09_2015,2015,PAUSE_START,2019-01-30,42,2019-03-29,0.9883810183922885,-0.011618981607711465
T09_2015_PAUSE_START,T09_2015,2015,PAUSE_START,2019-01-30,43,2019-04-01,0.9848647550092966,-0.0151352449907034
T09_2015_PAUSE_START,T09_2015,2015,PAUSE_START,2019-01-30,44,2019-04-02,0.9860877909714248,-0.013912209028575151
T09_2015_PAUSE_START,T09_2015,2015,PAUSE_START,2019-01-30,45,2019-04-03,0.9860113687197285,-0.013988631280271502
T09_2015_PAUSE_START,T09_2015,2015,PAUSE_START,2019-01-30,46,2019-04-04,0.9853233818311369,-0.01467661816886312
T09_2015_PAUSE_START,T09_2015,2015,PAUSE_START,2019-01-30,47,2019-04-05,0.9863935732898725,-0.013606426710127462
T09_2015_PAUSE_START,T09_2015,2015,PAUSE_START,2019-01-30,48,2019-04-08,0.9915150772051365,-0.008484922794863459
T09_2015_PAUSE_START,T09_2015,2015,PAUSE_START,2019-01-30,49,2019-04-09,0.9964073143653118,-0.0035926856346881753
T09_2015_PAUSE_START,T09_2015,2015,PAUSE_START,2019-01-30,50,2019-04-10,1.0006879868885916,0.0006879868885916185
T09_2015_PAUSE_START,T09_2015,2015,PAUSE_START,2019-01-30,51,2019-04-11,0.9850175995126892,-0.01498240048731081
T09_2015_PAUSE_START,T09_2015,2015,PAUSE_START,2019-01-30,52,2019-04-12,0.986546417793265,-0.013453582206734982
T09_2015_PAUSE_START,T09_2015,2015,PAUSE_START,2019-01-30,53,2019-04-15,0.9836417190471685,-0.01635828095283154
T09_2015_PAUSE_START,T09_2015,2015,PAUSE_START,2019-01-30,54,2019-04-16,0.9727870532680823,-0.027212946731917653
T09_2015_PAUSE_START,T09_2015,2015,PAUSE_START,2019-01-30,55,2019-04-17,0.9724812709496347,-0.027518729050365343
T09_2015_PAUSE_START,T09_2015,2015,PAUSE_START,2019-01-30,56,2019-04-18,0.9722520041945458,-0.027747995805454173
T09_2015_PAUSE_START,T09_2015,2015,PAUSE_START,2019-01-30,57,2019-04-22,0.973475040156674,-0.026524959843326035
T09_2015_PAUSE_START,T09_2015,2015,PAUSE_START,2019-01-30,58,2019-04-23,0.9702645590921298,-0.02973544090787017
T09_2015_PAUSE_START,T09_2015,2015,PAUSE_START,2019-01-30,59,2019-04-24,0.9750038584372499,-0.024996141562750096
T09_2015_PAUSE_START,T09_2015,2015,PAUSE_START,2019-01-30,60,2019-04-25,0.9752332185040012,-0.024766781495998758
T09_2015_PAUSE_START,T09_2015,2015,PAUSE_START,2019-01-30,61,2019-04-26,0.9821893230182889,-0.017810676981711127
T09_2015_PAUSE_START,T09_2015,2015,PAUSE_START,2019-01-30,62,2019-04-29,0.9773735081098099,-0.02262649189019006
T09_2015_PAUSE_START,T09_2015,2015,PAUSE_START,2019-01-30,63,2019-04-30,0.9805840824860168,-0.019415917513983194
T09_2015_PAUSE_START,T09_2015,2015,PAUSE_START,2019-01-30,64,2019-05-01,0.9795138910272811,-0.020486108972718853
T09_2015_PAUSE_START,T09_2015,2015,PAUSE_START,2019-01-30,65,2019-05-02,0.9705702480989148,-0.02942975190108521
T09_2015_PAUSE_START,T09_2015,2015,PAUSE_START,2019-01-30,66,2019-05-03,0.9778321349316501,-0.02216786506834989
T09_2015_PAUSE_START,T09_2015,2015,PAUSE_START,2019-01-30,67,2019-05-06,0.97974315778237,-0.020256842217630022
T09_2015_PAUSE_START,T09_2015,2015,PAUSE_START,2019-01-30,68,2019-05-07,0.9811191315595533,-0.018880868440446674
T09_2015_PAUSE_START,T09_2015,2015,PAUSE_START,2019-01-30,69,2019-05-08,0.9779850727467053,-0.02201492725329468
T09_2015_PAUSE_START,T09_2015,2015,PAUSE_START,2019-01-30,70,2019-05-09,0.9811191315595533,-0.018880868440446674
T09_2015_PAUSE_START,T09_2015,2015,PAUSE_START,2019-01-30,71,2019-05-10,0.9828007943435216,-0.017199205656478367
T09_2015_PAUSE_START,T09_2015,2015,PAUSE_START,2019-01-30,72,2019-05-13,0.9938083046260003,-0.006191695373999662
T09_2015_PAUSE_START,T09_2015,2015,PAUSE_START,2019-01-30,73,2019-05-14,0.989680476606113,-0.010319523393886976
T09_2015_PAUSE_START,T09_2015,2015,PAUSE_START,2019-01-30,74,2019-05-15,0.9909036058799038,-0.009096394120096218
T09_2015_PAUSE_START,T09_2015,2015,PAUSE_START,2019-01-30,75,2019-05-16,0.9822657452699851,-0.017734254730014887
T09_2015_PAUSE_START,T09_2015,2015,PAUSE_START,2019-01-30,76,2019-05-17,0.9742394492969619,-0.025760550703038065
T09_2015_PAUSE_START,T09_2015,2015,PAUSE_START,2019-01-30,77,2019-05-20,0.9754624852590901,-0.024537514740909927
T09_2015_PAUSE_START,T09_2015,2015,PAUSE_START,2019-01-30,78,2019-05-21,0.9723284264462422,-0.027671573553757822
T09_2015_PAUSE_START,T09_2015,2015,PAUSE_START,2019-01-30,79,2019-05-22,0.9735514624083703,-0.026448537591629684
T09_2015_PAUSE_START,T09_2015,2015,PAUSE_START,2019-01-30,80,2019-05-23,0.9821129007665926,-0.017887099233407366
T09_2015_PAUSE_START,T09_2015,2015,PAUSE_START,2019-01-30,81,2019-05-24,0.9807369269894093,-0.019263073010590714
T09_2015_PAUSE_START,T09_2015,2015,PAUSE_START,2019-01-30,82,2019-05-28,0.9757682675775378,-0.024231732422462238
T09_2015_PAUSE_START,T09_2015,2015,PAUSE_START,2019-01-30,83,2019-05-29,0.9789023263903858,-0.02109767360961423
T09_2015_PAUSE_START,T09_2015,2015,PAUSE_START,2019-01-30,84,2019-05-30,0.9838709858022573,-0.016129014197742708
T09_2015_PAUSE_START,T09_2015,2015,PAUSE_START,2019-01-30,85,2019-05-31,0.9981654927126391,-0.001834507287360898
T09_2015_PAUSE_START,T09_2015,2015,PAUSE_START,2019-01-30,86,2019-06-03,1.011083932534175,0.011083932534174945
T09_2015_PAUSE_START,T09_2015,2015,PAUSE_START,2019-01-30,87,2019-06-04,1.011619074919374,0.011619074919374084
T09_2015_PAUSE_START,T09_2015,2015,PAUSE_START,2019-01-30,88,2019-06-05,1.0153646983691174,0.015364698369117358
T09_2015_PAUSE_START,T09_2015,2015,PAUSE_START,2019-01-30,89,2019-06-06,1.0224736473867975,0.02247364738679747
T09_2015_PAUSE_START,T09_2015,2015,PAUSE_START,2019-01-30,90,2019-06-07,1.0252255016295015,0.025225501629501546
T09_2015_PAUSE_START,T09_2015,2015,PAUSE_START,2019-01-30,91,2019-06-10,1.0126127508147509,0.012612750814750884
T09_2015_PAUSE_START,T09_2015,2015,PAUSE_START,2019-01-30,92,2019-06-11,1.0139123023402379,0.013912302340237881
T09_2015_PAUSE_START,T09_2015,2015,PAUSE_START,2019-01-30,93,2019-06-12,1.0181165526118214,0.018116552611821435
T09_2015_PAUSE_START,T09_2015,2015,PAUSE_START,2019-01-30,94,2019-06-13,1.0236966833489256,0.023696683348925607
T09_2015_PAUSE_START,T09_2015,2015,PAUSE_START,2019-01-30,95,2019-06-14,1.0243846702375174,0.024384670237517447
T09_2015_PAUSE_START,T09_2015,2015,PAUSE_START,2019-01-30,96,2019-06-17,1.0233144787787818,0.02331447877878179
T09_2015_PAUSE_START,T09_2015,2015,PAUSE_START,2019-01-30,97,2019-06-18,1.0293533296493889,0.02935332964938886
T09_2015_PAUSE_START,T09_2015,2015,PAUSE_START,2019-01-30,98,2019-06-19,1.0278245113688131,0.027824511368813143
T09_2015_PAUSE_START,T09_2015,2015,PAUSE_START,2019-01-30,99,2019-06-20,1.064745510169385,0.06474551016938501
T09_2015_PAUSE_START,T09_2015,2015,PAUSE_START,2019-01-30,100,2019-06-21,1.0672680043453375,0.06726800434533753
T09_2015_PAUSE_START,T09_2015,2015,PAUSE_START,2019-01-30,101,2019-06-24,1.0811038844338792,0.08110388443387917
T09_2015_PAUSE_START,T09_2015,2015,PAUSE_START,2019-01-30,102,2019-06-25,1.0815625112557192,0.08156251125571923
T09_2015_PAUSE_START,T09_2015,2015,PAUSE_START,2019-01-30,103,2019-06-26,1.079039923768104,0.07903992376810409
T09_2015_PAUSE_START,T09_2015,2015,PAUSE_START,2019-01-30,104,2019-06-27,1.0765938518438478,0.07659385184384782
T09_2015_PAUSE_START,T09_2015,2015,PAUSE_START,2019-01-30,105,2019-06-28,1.0775875277392246,0.07758752773922462
T09_2015_PAUSE_START,T09_2015,2015,PAUSE_START,2019-01-30,106,2019-07-01,1.059165286120618,0.059165286120618
T09_2015_PAUSE_START,T09_2015,2015,PAUSE_START,2019-01-30,107,2019-07-02,1.0736890597860886,0.07368905978608864
T09_2015_PAUSE_START,T09_2015,2015,PAUSE_START,2019-01-30,108,2019-07-03,1.083702800861528,0.08370280086152793
T09_2015_PAUSE_START,T09_2015,2015,PAUSE_START,2019-01-30,109,2019-07-05,1.0676502089154816,0.06765020891548157
T09_2015_PAUSE_START,T09_2015,2015,PAUSE_START,2019-01-30,110,2019-07-08,1.067879568982233,0.06787956898223291
T09_2015_PAUSE_START,T09_2015,2015,PAUSE_START,2019-01-30,111,2019-07-09,1.068261773552377,0.06826177355237695
T09_2015_PAUSE_START,T09_2015,2015,PAUSE_START,2019-01-30,112,2019-07-10,1.0778933100576722,0.0778933100576722
T09_2015_PAUSE_START,T09_2015,2015,PAUSE_START,2019-01-30,113,2019-07-11,1.073459793031,0.07345979303099992
T09_2015_PAUSE_START,T09_2015,2015,PAUSE_START,2019-01-30,114,2019-07-12,1.0777404655542797,0.07774046555427971
T09_2015_PAUSE_START,T09_2015,2015,PAUSE_START,2019-01-30,115,2019-07-15,1.0788870792647116,0.07888707926471161
T09_2015_PAUSE_START,T09_2015,2015,PAUSE_START,2019-01-30,116,2019-07-16,1.0772053231690806,0.07720532316908058
T09_2015_PAUSE_START,T09_2015,2015,PAUSE_START,2019-01-30,117,2019-07-17,1.0864547484158946,0.08645474841589462
T09_2015_PAUSE_START,T09_2015,2015,PAUSE_START,2019-01-30,118,2019-07-18,1.090123856302279,0.09012385630227904
T09_2015_PAUSE_START,T09_2015,2015,PAUSE_START,2019-01-30,119,2019-07-19,1.0893594471619912,0.08935944716199118
T09_2015_PAUSE_START,T09_2015,2015,PAUSE_START,2019-01-30,120,2019-07-22,1.0895123849770463,0.08951238497704628
T09_2015_PAUSE_START,T09_2015,2015,PAUSE_START,2019-01-30,121,2019-07-23,1.0855374014605514,0.08553740146055144
T09_2015_PAUSE_START,T09_2015,2015,PAUSE_START,2019-01-30,122,2019-07-24,1.0876013621263265,0.08760136212632652
T09_2015_PAUSE_START,T09_2015,2015,PAUSE_START,2019-01-30,123,2019-07-25,1.0807981021154314,0.08079810211543137
T09_2015_PAUSE_START,T09_2015,2015,PAUSE_START,2019-01-30,124,2019-07-26,1.0843143654984233,0.0843143654984233
T09_2015_PAUSE_START,T09_2015,2015,PAUSE_START,2019-01-30,125,2019-07-29,1.0851551968904074,0.0851551968904074
T09_2015_PAUSE_START,T09_2015,2015,PAUSE_START,2019-01-30,126,2019-07-30,1.0928757105449831,0.09287571054498311
T09_2015_PAUSE_START,T09_2015,2015,PAUSE_START,2019-01-30,127,2019-07-31,1.090123856302279,0.09012385630227904
T09_2015_PAUSE_START,T09_2015,2015,PAUSE_START,2019-01-30,128,2019-08-01,1.0861489660974468,0.08614896609744682
T09_2015_PAUSE_START,T09_2015,2015,PAUSE_START,2019-01-30,129,2019-08-02,1.1050298345378935,0.1050298345378935
T09_2015_PAUSE_START,T09_2015,2015,PAUSE_START,2019-01-30,130,2019-08-05,1.1195536082033641,0.11955360820336414
T09_2015_PAUSE_START,T09_2015,2015,PAUSE_START,2019-01-30,131,2019-08-06,1.125516036822275,0.12551603682227497
T09_2015_PAUSE_START,T09_2015,2015,PAUSE_START,2019-01-30,132,2019-08-07,1.1521939344806562,0.1521939344806562
T09_2015_PAUSE_START,T09_2015,2015,PAUSE_START,2019-01-30,133,2019-08-08,1.144855532084562,0.14485553208456192
T09_2015_PAUSE_START,T09_2015,2015,PAUSE_START,2019-01-30,134,2019-08-09,1.1440147006925778,0.14401470069257782
T09_2015_PAUSE_START,T09_2015,2015,PAUSE_START,2019-01-30,135,2019-08-12,1.1506651162000803,0.15066511620008027
T09_2015_PAUSE_START,T09_2015,2015,PAUSE_START,2019-01-30,136,2019-08-13,1.1482953732158576,0.14829537321585762
T09_2015_PAUSE_START,T09_2015,2015,PAUSE_START,2019-01-30,137,2019-08-14,1.1587678344247998,0.1587678344247998
T09_2015_PAUSE_START,T09_2015,2015,PAUSE_START,2019-01-30,138,2019-08-15,1.1615961109192001,0.16159611091920012
T09_2015_PAUSE_START,T09_2015,2015,PAUSE_START,2019-01-30,139,2019-08-16,1.1561688246854884,0.15616882468548843
T09_2015_PAUSE_START,T09_2015,2015,PAUSE_START,2019-01-30,140,2019-08-19,1.146919492750337,0.146919492750337
T09_2015_PAUSE_START,T09_2015,2015,PAUSE_START,2019-01-30,141,2019-08-20,1.1501299738148811,0.15012997381488113
T09_2015_PAUSE_START,T09_2015,2015,PAUSE_START,2019-01-30,142,2019-08-21,1.1501299738148811,0.15012997381488113
T09_2015_PAUSE_START,T09_2015,2015,PAUSE_START,2019-01-30,143,2019-08-22,1.144549843077777,0.14454984307777696
T09_2015_PAUSE_START,T09_2015,2015,PAUSE_START,2019-01-30,144,2019-08-23,1.1669469749012156,0.16694697490121557
T09_2015_PAUSE_START,T09_2015,2015,PAUSE_START,2019-01-30,145,2019-08-26,1.1667177081461269,0.16671770814612685
T09_2015_PAUSE_START,T09_2015,2015,PAUSE_START,2019-01-30,146,2019-08-27,1.1779544851836943,0.17795448518369428
T09_2015_PAUSE_START,T09_2015,2015,PAUSE_START,2019-01-30,147,2019-08-28,1.175508413259438,0.175508413259438
T09_2015_PAUSE_START,T09_2015,2015,PAUSE_START,2019-01-30,148,2019-08-29,1.1668705526495193,0.16687055264951933
T09_2015_PAUSE_START,T09_2015,2015,PAUSE_START,2019-01-30,149,2019-08-30,1.161213906349056,0.16121390634905608
T09_2015_PAUSE_START,T09_2015,2015,PAUSE_START,2019-01-30,150,2019-09-03,1.1817001086334376,0.18170010863343755
T09_2015_PAUSE_START,T09_2015,2015,PAUSE_START,2019-01-30,151,2019-09-04,1.185063527513037,0.185063527513037
T09_2015_PAUSE_START,T09_2015,2015,PAUSE_START,2019-01-30,152,2019-09-05,1.158385629854656,0.15838562985465598
T09_2015_PAUSE_START,T09_2015,2015,PAUSE_START,2019-01-30,153,2019-09-06,1.1513530097770095,0.1513530097770095
T09_2015_PAUSE_START,T09_2015,2015,PAUSE_START,2019-01-30,154,2019-09-09,1.1482953732158576,0.14829537321585762
T09_2015_PAUSE_START,T09_2015,2015,PAUSE_START,2019-01-30,155,2019-09-10,1.1391989790957615,0.1391989790957615
T09_2015_PAUSE_START,T09_2015,2015,PAUSE_START,2019-01-30,156,2019-09-11,1.1423330379086094,0.1423330379086094
T09_2015_PAUSE_START,T09_2015,2015,PAUSE_START,2019-01-30,157,2019-09-12,1.14561994122485,0.14561994122485
T09_2015_PAUSE_START,T09_2015,2015,PAUSE_START,2019-01-30,158,2019-09-13,1.1396576059176018,0.1396576059176018
T09_2015_PAUSE_START,T09_2015,2015,PAUSE_START,2019-01-30,159,2019-09-16,1.1489833601044492,0.14898336010444924
T09_2015_PAUSE_START,T09_2015,2015,PAUSE_START,2019-01-30,160,2019-09-17,1.1505121783850252,0.15051217838502517
T09_2015_PAUSE_START,T09_2015,2015,PAUSE_START,2019-01-30,161,2019-09-18,1.1523467789840487,0.1523467789840487
T09_2015_PAUSE_START,T09_2015,2015,PAUSE_START,2019-01-30,162,2019-09-19,1.145390674469761,0.14539067446976106
T09_2015_PAUSE_START,T09_2015,2015,PAUSE_START,2019-01-30,163,2019-09-20,1.1521939344806562,0.1521939344806562
T09_2015_PAUSE_START,T09_2015,2015,PAUSE_START,2019-01-30,164,2019-09-23,1.164730169732048,0.16473016973204802
T09_2015_PAUSE_START,T09_2015,2015,PAUSE_START,2019-01-30,165,2019-09-24,1.1711512251727991,0.17115122517279913
T09_2015_PAUSE_START,T09_2015,2015,PAUSE_START,2019-01-30,166,2019-09-25,1.1501299738148811,0.15012997381488113
T09_2015_PAUSE_START,T09_2015,2015,PAUSE_START,2019-01-30,167,2019-09-26,1.1523467789840487,0.1523467789840487
T09_2015_PAUSE_START,T09_2015,2015,PAUSE_START,2019-01-30,168,2019-09-27,1.1459257235432976,0.14592572354329758
T09_2015_PAUSE_START,T09_2015,2015,PAUSE_START,2019-01-30,169,2019-09-30,1.1203944395953485,0.12039443959534846
T09_2015_PAUSE_START,T09_2015,2015,PAUSE_START,2019-01-30,170,2019-10-01,1.1328543459067066,0.13285434590670664
T09_2015_PAUSE_START,T09_2015,2015,PAUSE_START,2019-01-30,171,2019-10-02,1.1473781195721773,0.14737811957217728
T09_2015_PAUSE_START,T09_2015,2015,PAUSE_START,2019-01-30,172,2019-10-03,1.1520409966656011,0.1520409966656011
T09_2015_PAUSE_START,T09_2015,2015,PAUSE_START,2019-01-30,173,2019-10-04,1.1513530097770095,0.1513530097770095
T09_2015_PAUSE_START,T09_2015,2015,PAUSE_START,2019-01-30,174,2019-10-07,1.144855532084562,0.14485553208456192
T09_2015_PAUSE_START,T09_2015,2015,PAUSE_START,2019-01-30,175,2019-10-08,1.144473327514418,0.1444733275144181
T09_2015_PAUSE_START,T09_2015,2015,PAUSE_START,2019-01-30,176,2019-10-09,1.151276587525313,0.15127658752531303
T09_2015_PAUSE_START,T09_2015,2015,PAUSE_START,2019-01-30,177,2019-10-10,1.1426388202270572,0.1426388202270572
T09_2015_PAUSE_START,T09_2015,2015,PAUSE_START,2019-01-30,178,2019-10-11,1.1333893949802432,0.13338939498024316
T09_2015_PAUSE_START,T09_2015,2015,PAUSE_START,2019-01-30,179,2019-10-14,1.1402690772428346,0.14026907724283455
T09_2015_PAUSE_START,T09_2015,2015,PAUSE_START,2019-01-30,180,2019-10-15,1.1294909270271072,0.12949092702710718
T09_2015_PAUSE_START,T09_2015,2015,PAUSE_START,2019-01-30,181,2019-10-16,1.1374408007484342,0.13744080074843423
T09_2015_PAUSE_START,T09_2015,2015,PAUSE_START,2019-01-30,182,2019-10-17,1.1407277973763372,0.14072779737633723
T09_2015_PAUSE_START,T09_2015,2015,PAUSE_START,2019-01-30,183,2019-10-18,1.1375936452518267,0.1375936452518267
T09_2015_PAUSE_START,T09_2015,2015,PAUSE_START,2019-01-30,184,2019-10-21,1.1331601282251542,0.13316012822515422
T09_2015_PAUSE_START,T09_2015,2015,PAUSE_START,2019-01-30,185,2019-10-22,1.1326249858399553,0.1326249858399553
T09_2015_PAUSE_START,T09_2015,2015,PAUSE_START,2019-01-30,186,2019-10-23,1.1388931967773137,0.1388931967773137
T09_2015_PAUSE_START,T09_2015,2015,PAUSE_START,2019-01-30,187,2019-10-24,1.145772879039905,0.1457728790399051
T09_2015_PAUSE_START,T09_2015,2015,PAUSE_START,2019-01-30,188,2019-10-25,1.1462315058617454,0.14623150586174538
T09_2015_PAUSE_START,T09_2015,2015,PAUSE_START,2019-01-30,189,2019-10-28,1.13896961902901,0.13896961902900995
T09_2015_PAUSE_START,T09_2015,2015,PAUSE_START,2019-01-30,190,2019-10-29,1.1366763916081462,0.13667639160814615
T09_2015_PAUSE_START,T09_2015,2015,PAUSE_START,2019-01-30,191,2019-10-30,1.1414156909532664,0.14141569095326645
T09_2015_PAUSE_START,T09_2015,2015,PAUSE_START,2019-01-30,192,2019-10-31,1.155327993293504,0.1553279932935041
T09_2015_PAUSE_START,T09_2015,2015,PAUSE_START,2019-01-30,193,2019-11-01,1.1527289835541927,0.15272898355419273
T09_2015_PAUSE_START,T09_2015,2015,PAUSE_START,2019-01-30,194,2019-11-04,1.1527289835541927,0.15272898355419273
T09_2015_PAUSE_START,T09_2015,2015,PAUSE_START,2019-01-30,195,2019-11-05,1.131937092263026,0.13193709226302608
T09_2015_PAUSE_START,T09_2015,2015,PAUSE_START,2019-01-30,196,2019-11-06,1.1391224635324027,0.13912246353240265
T09_2015_PAUSE_START,T09_2015,2015,PAUSE_START,2019-01-30,197,2019-11-07,1.1192478258849166,0.11924782588491656
T09_2015_PAUSE_START,T09_2015,2015,PAUSE_START,2019-01-30,198,2019-11-08,1.1170311140274116,0.11703111402741162
T09_2015_PAUSE_START,T09_2015,2015,PAUSE_START,2019-01-30,199,2019-11-11,1.1125975036890765,0.1125975036890765
T09_2015_PAUSE_START,T09_2015,2015,PAUSE_START,2019-01-30,200,2019-11-12,1.1099984939497651,0.10999849394976513
T09_2015_PAUSE_START,T09_2015,2015,PAUSE_START,2019-01-30,201,2019-11-13,1.1173368030341966,0.11733680303419658
T09_2015_PAUSE_START,T09_2015,2015,PAUSE_START,2019-01-30,202,2019-11-14,1.125057410000435,0.1250574100004349
T09_2015_PAUSE_START,T09_2015,2015,PAUSE_START,2019-01-30,203,2019-11-15,1.1216175688691392,0.12161756886913921
T09_2015_PAUSE_START,T09_2015,2015,PAUSE_START,2019-01-30,204,2019-11-18,1.124369423111843,0.12436942311184307
T09_2015_PAUSE_START,T09_2015,2015,PAUSE_START,2019-01-30,205,2019-11-19,1.1262040237108668,0.1262040237108668
T09_2015_PAUSE_START,T09_2015,2015,PAUSE_START,2019-01-30,206,2019-11-20,1.1262040237108668,0.1262040237108668
T09_2015_PAUSE_START,T09_2015,2015,PAUSE_START,2019-01-30,207,2019-11-21,1.1184069944929322,0.11840699449293224
T09_2015_PAUSE_START,T09_2015,2015,PAUSE_START,2019-01-30,208,2019-11-22,1.1184069944929322,0.11840699449293224
T09_2015_PAUSE_START,T09_2015,2015,PAUSE_START,2019-01-30,209,2019-11-25,1.1134383350810608,0.11343833508106083
T09_2015_PAUSE_START,T09_2015,2015,PAUSE_START,2019-01-30,210,2019-11-26,1.1158845003169797,0.11588450031697972
T09_2015_PAUSE_START,T09_2015,2015,PAUSE_START,2019-01-30,211,2019-11-27,1.1109922631568045,0.11099226315680455
T09_2015_PAUSE_START,T09_2015,2015,PAUSE_START,2019-01-30,212,2019-11-29,1.1203180173436522,0.12031801734365222
T09_2015_PAUSE_START,T09_2015,2015,PAUSE_START,2019-01-30,213,2019-12-02,1.1177955231676995,0.11779552316769948
T09_2015_PAUSE_START,T09_2015,2015,PAUSE_START,2019-01-30,214,2019-12-03,1.1299495538489475,0.12994955384894746
T09_2015_PAUSE_START,T09_2015,2015,PAUSE_START,2019-01-30,215,2019-12-04,1.126739072784403,0.1267390727844031
T09_2015_PAUSE_START,T09_2015,2015,PAUSE_START,2019-01-30,216,2019-12-05,1.1289558779535707,0.12895587795357066
T09_2015_PAUSE_START,T09_2015,2015,PAUSE_START,2019-01-30,217,2019-12-06,1.1153493579317806,0.11534935793178058
T09_2015_PAUSE_START,T09_2015,2015,PAUSE_START,2019-01-30,218,2019-12-09,1.1155022957468357,0.11550229574683568
T09_2015_PAUSE_START,T09_2015,2015,PAUSE_START,2019-01-30,219,2019-12-10,1.1180247899227884,0.11802478992278842
T09_2015_PAUSE_START,T09_2015,2015,PAUSE_START,2019-01-30,220,2019-12-11,1.1232228094014114,0.12322280940141139
T09_2015_PAUSE_START,T09_2015,2015,PAUSE_START,2019-01-30,221,2019-12-12,1.1211588487356363,0.12115884873563632
T09_2015_PAUSE_START,T09_2015,2015,PAUSE_START,2019-01-30,222,2019-12-13,1.1279621087465315,0.12796210874653147
T09_2015_PAUSE_START,T09_2015,2015,PAUSE_START,2019-01-30,223,2019-12-16,1.1275034819246912,0.1275034819246912
T09_2015_PAUSE_START,T09_2015,2015,PAUSE_START,2019-01-30,224,2019-12-17,1.1271976996062434,0.1271976996062434
T09_2015_PAUSE_START,T09_2015,2015,PAUSE_START,2019-01-30,225,2019-12-18,1.1256688813256677,0.12566888132566767
T09_2015_PAUSE_START,T09_2015,2015,PAUSE_START,2019-01-30,226,2019-12-19,1.1299495538489475,0.12994955384894746
T09_2015_PAUSE_START,T09_2015,2015,PAUSE_START,2019-01-30,227,2019-12-20,1.1272741218579396,0.12727412185793963
T09_2015_PAUSE_START,T09_2015,2015,PAUSE_START,2019-01-30,228,2019-12-23,1.1332365504768507,0.13323655047685068
T09_2015_PAUSE_START,T09_2015,2015,PAUSE_START,2019-01-30,229,2019-12-24,1.1459257235432976,0.14592572354329758
T09_2015_PAUSE_START,T09_2015,2015,PAUSE_START,2019-01-30,230,2019-12-26,1.1537227527612322,0.15372275276123215
T09_2015_PAUSE_START,T09_2015,2015,PAUSE_START,2019-01-30,231,2019-12-27,1.1571625938925276,0.15716259389252762
T09_2015_PAUSE_START,T09_2015,2015,PAUSE_START,2019-01-30,232,2019-12-30,1.1576976429660641,0.15769764296606414
T09_2015_PAUSE_START,T09_2015,2015,PAUSE_START,2019-01-30,233,2019-12-31,1.1615196886675039,0.16151968866750388
T09_2015_PAUSE_START,T09_2015,2015,PAUSE_START,2019-01-30,234,2020-01-02,1.1653417343689434,0.1653417343689434
T09_2015_PAUSE_START,T09_2015,2015,PAUSE_START,2019-01-30,235,2020-01-03,1.1842226028093903,0.1842226028093903
T09_2015_PAUSE_START,T09_2015,2015,PAUSE_START,2019-01-30,236,2020-01-06,1.197217558194285,0.197217558194285
T09_2015_PAUSE_START,T09_2015,2015,PAUSE_START,2019-01-30,237,2020-01-07,1.2014983240292274,0.2014983240292274
T09_2015_PAUSE_START,T09_2015,2015,PAUSE_START,2019-01-30,238,2020-01-08,1.1904908137467487,0.1904908137467487
T09_2015_PAUSE_START,T09_2015,2015,PAUSE_START,2019-01-30,239,2020-01-09,1.18613362566011,0.18613362566011005
T09_2015_PAUSE_START,T09_2015,2015,PAUSE_START,2019-01-30,240,2020-01-10,1.1905672359984452,0.19056723599844516
T09_2015_PAUSE_START,T09_2015,2015,PAUSE_START,2019-01-30,241,2020-01-13,1.1836111314841575,0.18361113148415753
T09_2015_PAUSE_START,T09_2015,2015,PAUSE_START,2019-01-30,242,2020-01-14,1.17902467664243,0.17902467664242994
T09_2015_PAUSE_START,T09_2015,2015,PAUSE_START,2019-01-30,243,2020-01-15,1.1864394079785576,0.18643940797855763
T09_2015_PAUSE_START,T09_2015,2015,PAUSE_START,2019-01-30,244,2020-01-16,1.1840697583059976,0.1840697583059976
T09_2015_PAUSE_START,T09_2015,2015,PAUSE_START,2019-01-30,245,2020-01-17,1.1915610052054844,0.19156100520548436
T09_2015_PAUSE_START,T09_2015,2015,PAUSE_START,2019-01-30,246,2020-01-21,1.1897264046064608,0.18972640460646084
T09_2015_PAUSE_START,T09_2015,2015,PAUSE_START,2019-01-30,247,2020-01-22,1.1888855732144767,0.18888557321447674
T09_2015_PAUSE_START,T09_2015,2015,PAUSE_START,2019-01-30,248,2020-01-23,1.1959945222321569,0.19599452223215685
T09_2015_PAUSE_START,T09_2015,2015,PAUSE_START,2019-01-30,249,2020-01-24,1.2009631816440283,0.20096318164402827
T09_2015_PAUSE_START,T09_2015,2015,PAUSE_START,2019-01-30,250,2020-01-27,1.2053203697306671,0.20532036973066714
T09_2015_PAUSE_START,T09_2015,2015,PAUSE_START,2019-01-30,251,2020-01-28,1.1995107856151488,0.1995107856151488
T09_2015_PAUSE_START,T09_2015,2015,PAUSE_START,2019-01-30,252,2020-01-29,1.1999695057486517,0.1999695057486517
T09_2015_FIRST_CUT,T09_2015,2015,FIRST_CUT,2019-07-31,-60,2019-05-03,0.894733157207818,-0.10526684279218201
T09_2015_FIRST_CUT,T09_2015,2015,FIRST_CUT,2019-07-31,-59,2019-05-06,0.8964817758588509,-0.10351822414114908
T09_2015_FIRST_CUT,T09_2015,2015,FIRST_CUT,2019-07-31,-58,2019-05-07,0.8977408154403027,-0.10225918455969729
T09_2015_FIRST_CUT,T09_2015,2015,FIRST_CUT,2019-07-31,-57,2019-05-08,0.8948730979289627,-0.10512690207103725
T09_2015_FIRST_CUT,T09_2015,2015,FIRST_CUT,2019-07-31,-56,2019-05-09,0.8977408154403027,-0.10225918455969729
T09_2015_FIRST_CUT,T09_2015,2015,FIRST_CUT,2019-07-31,-55,2019-05-10,0.8992795657005036,-0.1007204342994964
T09_2015_FIRST_CUT,T09_2015,2015,FIRST_CUT,2019-07-31,-54,2019-05-13,0.9093516262068073,-0.09064837379319268
T09_2015_FIRST_CUT,T09_2015,2015,FIRST_CUT,2019-07-31,-53,2019-05-14,0.9055745928442221,-0.09442540715577785
T09_2015_FIRST_CUT,T09_2015,2015,FIRST_CUT,2019-07-31,-52,2019-05-15,0.9066937770862993,-0.09330622291370072
T09_2015_FIRST_CUT,T09_2015,2015,FIRST_CUT,2019-07-31,-51,2019-05-16,0.8987899866309225,-0.10121001336907753
T09_2015_FIRST_CUT,T09_2015,2015,FIRST_CUT,2019-07-31,-50,2019-05-17,0.8914457882965842,-0.10855421170341584
T09_2015_FIRST_CUT,T09_2015,2015,FIRST_CUT,2019-07-31,-49,2019-05-20,0.8925648871568912,-0.1074351128431088
T09_2015_FIRST_CUT,T09_2015,2015,FIRST_CUT,2019-07-31,-48,2019-05-21,0.8896971696455512,-0.11030283035444877
T09_2015_FIRST_CUT,T09_2015,2015,FIRST_CUT,2019-07-31,-47,2019-05-22,0.8908162685058583,-0.10918373149414173
T09_2015_FIRST_CUT,T09_2015,2015,FIRST_CUT,2019-07-31,-46,2019-05-23,0.8986501312915478,-0.1013498687084522
T09_2015_FIRST_CUT,T09_2015,2015,FIRST_CUT,2019-07-31,-45,2019-05-24,0.8973910917100961,-0.10260890828990388
T09_2015_FIRST_CUT,T09_2015,2015,FIRST_CUT,2019-07-31,-44,2019-05-28,0.8928446832174105,-0.1071553167825895
T09_2015_FIRST_CUT,T09_2015,2015,FIRST_CUT,2019-07-31,-43,2019-05-29,0.8957124007287505,-0.10428759927124953
T09_2015_FIRST_CUT,T09_2015,2015,FIRST_CUT,2019-07-31,-42,2019-05-30,0.9002588092214361,-0.09974119077856392
T09_2015_FIRST_CUT,T09_2015,2015,FIRST_CUT,2019-07-31,-41,2019-05-31,0.9133385279602244,-0.08666147203977559
T09_2015_FIRST_CUT,T09_2015,2015,FIRST_CUT,2019-07-31,-40,2019-06-03,0.9251591217357908,-0.07484087826420915
T09_2015_FIRST_CUT,T09_2015,2015,FIRST_CUT,2019-07-31,-39,2019-06-04,0.9256487861871422,-0.07435121381285781
T09_2015_FIRST_CUT,T09_2015,2015,FIRST_CUT,2019-07-31,-38,2019-06-05,0.9290760958195207,-0.07092390418047934
T09_2015_FIRST_CUT,T09_2015,2015,FIRST_CUT,2019-07-31,-37,2019-06-06,0.9355809059723011,-0.06441909402769885
T09_2015_FIRST_CUT,T09_2015,2015,FIRST_CUT,2019-07-31,-36,2019-06-07,0.9380988997534345,-0.06190110024656548
T09_2015_FIRST_CUT,T09_2015,2015,FIRST_CUT,2019-07-31,-35,2019-06-10,0.9265580166566172,-0.07344198334338281
T09_2015_FIRST_CUT,T09_2015,2015,FIRST_CUT,2019-07-31,-34,2019-06-11,0.9277471285683817,-0.07225287143161829
T09_2015_FIRST_CUT,T09_2015,2015,FIRST_CUT,2019-07-31,-33,2019-06-12,0.931594089600654,-0.06840591039934596
T09_2015_FIRST_CUT,T09_2015,2015,FIRST_CUT,2019-07-31,-32,2019-06-13,0.9367000048326082,-0.06329999516739182
T09_2015_FIRST_CUT,T09_2015,2015,FIRST_CUT,2019-07-31,-31,2019-06-14,0.9373295246233341,-0.06267047537666592
T09_2015_FIRST_CUT,T09_2015,2015,FIRST_CUT,2019-07-31,-30,2019-06-17,0.9363502811024016,-0.0636497188975984
T09_2015_FIRST_CUT,T09_2015,2015,FIRST_CUT,2019-07-31,-29,2019-06-18,0.9418759331160197,-0.05812406688398031
T09_2015_FIRST_CUT,T09_2015,2015,FIRST_CUT,2019-07-31,-28,2019-06-19,0.9404770381951933,-0.05952296180480665
T09_2015_FIRST_CUT,T09_2015,2015,FIRST_CUT,2019-07-31,-27,2019-06-20,0.9742603846858574,-0.025739615314142594
T09_2015_FIRST_CUT,T09_2015,2015,FIRST_CUT,2019-07-31,-26,2019-06-21,0.9765685100761589,-0.023431489923841142
T09_2015_FIRST_CUT,T09_2015,2015,FIRST_CUT,2019-07-31,-25,2019-06-24,0.9892285774150532,-0.010771422584946788
T09_2015_FIRST_CUT,T09_2015,2015,FIRST_CUT,2019-07-31,-24,2019-06-25,0.9896482288149472,-0.010351771185052816
T09_2015_FIRST_CUT,T09_2015,2015,FIRST_CUT,2019-07-31,-23,2019-06-26,0.9873400180428756,-0.012659981957124367
T09_2015_FIRST_CUT,T09_2015,2015,FIRST_CUT,2019-07-31,-22,2019-06-27,0.9851018203222616,-0.014898179677738432
T09_2015_FIRST_CUT,T09_2015,2015,FIRST_CUT,2019-07-31,-21,2019-06-28,0.9860110507917366,-0.013988949208263435
T09_2015_FIRST_CUT,T09_2015,2015,FIRST_CUT,2019-07-31,-20,2019-07-01,0.9691543840721333,-0.03084561592786672
T09_2015_FIRST_CUT,T09_2015,2015,FIRST_CUT,2019-07-31,-19,2019-07-02,0.9824438858199834,-0.01755611418001657
T09_2015_FIRST_CUT,T09_2015,2015,FIRST_CUT,2019-07-31,-18,2019-07-03,0.9916066304750419,-0.008393369524958061
T09_2015_FIRST_CUT,T09_2015,2015,FIRST_CUT,2019-07-31,-17,2019-07-05,0.9769182338063654,-0.023081766193634556
T09_2015_FIRST_CUT,T09_2015,2015,FIRST_CUT,2019-07-31,-16,2019-07-08,0.9771281021971974,-0.022871897802802632
T09_2015_FIRST_CUT,T09_2015,2015,FIRST_CUT,2019-07-31,-15,2019-07-09,0.977477825927404,-0.022522174072596046
T09_2015_FIRST_CUT,T09_2015,2015,FIRST_CUT,2019-07-31,-14,2019-07-10,0.9862908468522559,-0.013709153147744124
T09_2015_FIRST_CUT,T09_2015,2015,FIRST_CUT,2019-07-31,-13,2019-07-11,0.9822341028109216,-0.017765897189078395
T09_2015_FIRST_CUT,T09_2015,2015,FIRST_CUT,2019-07-31,-12,2019-07-12,0.9861509915128813,-0.013849008487118675
T09_2015_FIRST_CUT,T09_2015,2015,FIRST_CUT,2019-07-31,-11,2019-07-15,0.9872001627035011,-0.012799837296498917
T09_2015_FIRST_CUT,T09_2015,2015,FIRST_CUT,2019-07-31,-10,2019-07-16,0.98566132706153,-0.01433867293847002
T09_2015_FIRST_CUT,T09_2015,2015,FIRST_CUT,2019-07-31,-9,2019-07-17,0.9941247096379454,-0.005875290362054586
T09_2015_FIRST_CUT,T09_2015,2015,FIRST_CUT,2019-07-31,-8,2019-07-18,0.9974820062188666,-0.0025179937811333764
T09_2015_FIRST_CUT,T09_2015,2015,FIRST_CUT,2019-07-31,-7,2019-07-19,0.9967825587584535,-0.003217441241546548
T09_2015_FIRST_CUT,T09_2015,2015,FIRST_CUT,2019-07-31,-6,2019-07-22,0.9969224994795981,-0.003077500520401899
T09_2015_FIRST_CUT,T09_2015,2015,FIRST_CUT,2019-07-31,-5,2019-07-23,0.9932853214563876,-0.006714678543612407
T09_2015_FIRST_CUT,T09_2015,2015,FIRST_CUT,2019-07-31,-4,2019-07-24,0.9951738808285652,-0.004826119171434828
T09_2015_FIRST_CUT,T09_2015,2015,FIRST_CUT,2019-07-31,-3,2019-07-25,0.988948781354534,-0.011051218645465988
T09_2015_FIRST_CUT,T09_2015,2015,FIRST_CUT,2019-07-31,-2,2019-07-26,0.9921662225960806,-0.00783377740391944
T09_2015_FIRST_CUT,T09_2015,2015,FIRST_CUT,2019-07-31,-1,2019-07-29,0.992935597726181,-0.007064402273818993
T09_2015_FIRST_CUT,T09_2015,2015,FIRST_CUT,2019-07-31,0,2019-07-30,1.0,0.0
T09_2015_FIRST_CUT,T09_2015,2015,FIRST_CUT,2019-07-31,1,2019-07-31,0.9974820062188666,-0.0025179937811333764
T09_2015_FIRST_CUT,T09_2015,2015,FIRST_CUT,2019-07-31,2,2019-08-01,0.9938449135774261,-0.006155086422573897
T09_2015_FIRST_CUT,T09_2015,2015,FIRST_CUT,2019-07-31,3,2019-08-02,1.0111212316969234,0.011121231696923362
T09_2015_FIRST_CUT,T09_2015,2015,FIRST_CUT,2019-07-31,4,2019-08-05,1.0244107334447736,0.024410733444773625
T09_2015_FIRST_CUT,T09_2015,2015,FIRST_CUT,2019-07-31,5,2019-08-06,1.0298664577887044,0.029866457788704448
T09_2015_FIRST_CUT,T09_2015,2015,FIRST_CUT,2019-07-31,6,2019-08-07,1.054277191233478,0.05427719123347807
T09_2015_FIRST_CUT,T09_2015,2015,FIRST_CUT,2019-07-31,7,2019-08-08,1.0475624273080955,0.047562427308095456
T09_2015_FIRST_CUT,T09_2015,2015,FIRST_CUT,2019-07-31,8,2019-08-09,1.0467930521779951,0.04679305217799512
T09_2015_FIRST_CUT,T09_2015,2015,FIRST_CUT,2019-07-31,9,2019-08-12,1.0528782963126517,0.05287829631265173
T09_2015_FIRST_CUT,T09_2015,2015,FIRST_CUT,2019-07-31,10,2019-08-13,1.0507099408799547,0.05070994087995473
T09_2015_FIRST_CUT,T09_2015,2015,FIRST_CUT,2019-07-31,11,2019-08-14,1.0602924223166772,0.0602924223166772
T09_2015_FIRST_CUT,T09_2015,2015,FIRST_CUT,2019-07-31,12,2019-08-15,1.0628803437674978,0.06288034376749785
T09_2015_FIRST_CUT,T09_2015,2015,FIRST_CUT,2019-07-31,13,2019-08-16,1.0579142838749185,0.05791428387491848
T09_2015_FIRST_CUT,T09_2015,2015,FIRST_CUT,2019-07-31,14,2019-08-19,1.049450986680273,0.049450986680273035
T09_2015_FIRST_CUT,T09_2015,2015,FIRST_CUT,2019-07-31,15,2019-08-20,1.0523886318613005,0.052388631861300494
T09_2015_FIRST_CUT,T09_2015,2015,FIRST_CUT,2019-07-31,16,2019-08-21,1.0523886318613005,0.052388631861300494
T09_2015_FIRST_CUT,T09_2015,2015,FIRST_CUT,2019-07-31,17,2019-08-22,1.0472827166293464,0.047282716629346355
T09_2015_FIRST_CUT,T09_2015,2015,FIRST_CUT,2019-07-31,18,2019-08-23,1.06777647599039,0.06777647599039005
T09_2015_FIRST_CUT,T09_2015,2015,FIRST_CUT,2019-07-31,19,2019-08-26,1.0675666929813281,0.06756669298132811
T09_2015_FIRST_CUT,T09_2015,2015,FIRST_CUT,2019-07-31,20,2019-08-27,1.0778485364966937,0.07784853649669365
T09_2015_FIRST_CUT,T09_2015,2015,FIRST_CUT,2019-07-31,21,2019-08-28,1.0756103387760796,0.07561033877607959
T09_2015_FIRST_CUT,T09_2015,2015,FIRST_CUT,2019-07-31,22,2019-08-29,1.0677065483207029,0.06770654832070289
T09_2015_FIRST_CUT,T09_2015,2015,FIRST_CUT,2019-07-31,23,2019-08-30,1.0625306200372913,0.06253062003729126
T09_2015_FIRST_CUT,T09_2015,2015,FIRST_CUT,2019-07-31,24,2019-09-03,1.0812758461290723,0.08127584612907235
T09_2015_FIRST_CUT,T09_2015,2015,FIRST_CUT,2019-07-31,25,2019-09-04,1.0843534320312442,0.08435343203124424
T09_2015_FIRST_CUT,T09_2015,2015,FIRST_CUT,2019-07-31,26,2019-09-05,1.0599426985864706,0.05994269858647061
T09_2015_FIRST_CUT,T09_2015,2015,FIRST_CUT,2019-07-31,27,2019-09-06,1.0535077307216074,0.053507730721607416
T09_2015_FIRST_CUT,T09_2015,2015,FIRST_CUT,2019-07-31,28,2019-09-09,1.0507099408799547,0.05070994087995473
T09_2015_FIRST_CUT,T09_2015,2015,FIRST_CUT,2019-07-31,29,2019-09-10,1.0423865844064542,0.04238658440645415
T09_2015_FIRST_CUT,T09_2015,2015,FIRST_CUT,2019-07-31,30,2019-09-11,1.045254301917794,0.045254301917794004
T09_2015_FIRST_CUT,T09_2015,2015,FIRST_CUT,2019-07-31,31,2019-09-12,1.0482618747685086,0.04826187476850863
T09_2015_FIRST_CUT,T09_2015,2015,FIRST_CUT,2019-07-31,32,2019-09-13,1.042806235806348,0.0428062358063479
T09_2015_FIRST_CUT,T09_2015,2015,FIRST_CUT,2019-07-31,33,2019-09-16,1.0513394606706807,0.05133946067068074
T09_2015_FIRST_CUT,T09_2015,2015,FIRST_CUT,2019-07-31,34,2019-09-17,1.052738355591507,0.05273835559150708
T09_2015_FIRST_CUT,T09_2015,2015,FIRST_CUT,2019-07-31,35,2019-09-18,1.0544170465728526,0.05441704657285262
T09_2015_FIRST_CUT,T09_2015,2015,FIRST_CUT,2019-07-31,36,2019-09-19,1.0480520917594467,0.04805209175944669
T09_2015_FIRST_CUT,T09_2015,2015,FIRST_CUT,2019-07-31,37,2019-09-20,1.054277191233478,0.05427719123347807
T09_2015_FIRST_CUT,T09_2015,2015,FIRST_CUT,2019-07-31,38,2019-09-23,1.065748061278838,0.06574806127883792
T09_2015_FIRST_CUT,T09_2015,2015,FIRST_CUT,2019-07-31,39,2019-09-24,1.0716234370226625,0.0716234370226625
T09_2015_FIRST_CUT,T09_2015,2015,FIRST_CUT,2019-07-31,40,2019-09-25,1.0523886318613005,0.052388631861300494
T09_2015_FIRST_CUT,T09_2015,2015,FIRST_CUT,2019-07-31,41,2019-09-26,1.0544170465728526,0.05441704657285262
T09_2015_FIRST_CUT,T09_2015,2015,FIRST_CUT,2019-07-31,42,2019-09-27,1.048541670829028,0.04854167082902805
T09_2015_FIRST_CUT,T09_2015,2015,FIRST_CUT,2019-07-31,43,2019-09-30,1.0251801085748742,0.025180108574874183
T09_2015_FIRST_CUT,T09_2015,2015,FIRST_CUT,2019-07-31,44,2019-10-01,1.0365811363323167,0.036581136332316744
T09_2015_FIRST_CUT,T09_2015,2015,FIRST_CUT,2019-07-31,45,2019-10-02,1.049870638080167,0.04987063808016701
T09_2015_FIRST_CUT,T09_2015,2015,FIRST_CUT,2019-07-31,46,2019-10-03,1.0541372505123332,0.0541372505123332
T09_2015_FIRST_CUT,T09_2015,2015,FIRST_CUT,2019-07-31,47,2019-10-04,1.0535077307216074,0.053507730721607416
T09_2015_FIRST_CUT,T09_2015,2015,FIRST_CUT,2019-07-31,48,2019-10-07,1.0475624273080955,0.047562427308095456
T09_2015_FIRST_CUT,T09_2015,2015,FIRST_CUT,2019-07-31,49,2019-10-08,1.0472127035778889,0.04721270357788887
T09_2015_FIRST_CUT,T09_2015,2015,FIRST_CUT,2019-07-31,50,2019-10-09,1.0534378030519203,0.05343780305192025
T09_2015_FIRST_CUT,T09_2015,2015,FIRST_CUT,2019-07-31,51,2019-10-10,1.0455340979783134,0.045534097978313426
T09_2015_FIRST_CUT,T09_2015,2015,FIRST_CUT,2019-07-31,52,2019-10-11,1.0370707154018979,0.03707071540189788
T09_2015_FIRST_CUT,T09_2015,2015,FIRST_CUT,2019-07-31,53,2019-10-14,1.0433657425456164,0.043365742545616426
T09_2015_FIRST_CUT,T09_2015,2015,FIRST_CUT,2019-07-31,54,2019-10-15,1.0335035504301449,0.03350355043014486
T09_2015_FIRST_CUT,T09_2015,2015,FIRST_CUT,2019-07-31,55,2019-10-16,1.0407778210947958,0.040777821094795774
T09_2015_FIRST_CUT,T09_2015,2015,FIRST_CUT,2019-07-31,56,2019-10-17,1.0437854793272805,0.043785479327280497
T09_2015_FIRST_CUT,T09_2015,2015,FIRST_CUT,2019-07-31,57,2019-10-18,1.0409176764341703,0.040917676434170325
T09_2015_FIRST_CUT,T09_2015,2015,FIRST_CUT,2019-07-31,58,2019-10-21,1.0368609323928362,0.036860932392836165
T09_2015_FIRST_CUT,T09_2015,2015,FIRST_CUT,2019-07-31,59,2019-10-22,1.0363712679414847,0.03637126794148471
T09_2015_FIRST_CUT,T09_2015,2015,FIRST_CUT,2019-07-31,60,2019-10-23,1.0421067883459347,0.04210678834593473
T09_2015_FIRST_CUT,T09_2015,2015,FIRST_CUT,2019-07-31,61,2019-10-24,1.0484018154896533,0.04840181548965328
T09_2015_FIRST_CUT,T09_2015,2015,FIRST_CUT,2019-07-31,62,2019-10-25,1.0488214668895472,0.04882146688954725
T09_2015_FIRST_CUT,T09_2015,2015,FIRST_CUT,2019-07-31,63,2019-10-28,1.0421767160156221,0.04217671601562212
T09_2015_FIRST_CUT,T09_2015,2015,FIRST_CUT,2019-07-31,64,2019-10-29,1.0400783736343826,0.0400783736343826
T09_2015_FIRST_CUT,T09_2015,2015,FIRST_CUT,2019-07-31,65,2019-10-30,1.0444149137362362,0.04441491373623618
T09_2015_FIRST_CUT,T09_2015,2015,FIRST_CUT,2019-07-31,66,2019-10-31,1.057144908744818,0.057144908744817924
T09_2015_FIRST_CUT,T09_2015,2015,FIRST_CUT,2019-07-31,67,2019-11-01,1.0547667703030592,0.05476677030305921
T09_2015_FIRST_CUT,T09_2015,2015,FIRST_CUT,2019-07-31,68,2019-11-04,1.0547667703030592,0.05476677030305921
T09_2015_FIRST_CUT,T09_2015,2015,FIRST_CUT,2019-07-31,69,2019-11-05,1.035741833532529,0.03574183353252902
T09_2015_FIRST_CUT,T09_2015,2015,FIRST_CUT,2019-07-31,70,2019-11-06,1.0423165713549967,0.04231657135499667
T09_2015_FIRST_CUT,T09_2015,2015,FIRST_CUT,2019-07-31,71,2019-11-07,1.0241309373842544,0.024130937384254425
T09_2015_FIRST_CUT,T09_2015,2015,FIRST_CUT,2019-07-31,72,2019-11-08,1.0221026080544722,0.022102608054472173
T09_2015_FIRST_CUT,T09_2015,2015,FIRST_CUT,2019-07-31,73,2019-11-11,1.0180457786313677,0.018045778631367693
T09_2015_FIRST_CUT,T09_2015,2015,FIRST_CUT,2019-07-31,74,2019-11-12,1.015667640189609,0.015667640189608978
T09_2015_FIRST_CUT,T09_2015,2015,FIRST_CUT,2019-07-31,75,2019-11-13,1.0223823187332215,0.022382318733221496
T09_2015_FIRST_CUT,T09_2015,2015,FIRST_CUT,2019-07-31,76,2019-11-14,1.0294468063888105,0.029446806388810476
T09_2015_FIRST_CUT,T09_2015,2015,FIRST_CUT,2019-07-31,77,2019-11-15,1.0262992928169512,0.026299292816951203
T09_2015_FIRST_CUT,T09_2015,2015,FIRST_CUT,2019-07-31,78,2019-11-18,1.0288172865980847,0.02881728659808469
T09_2015_FIRST_CUT,T09_2015,2015,FIRST_CUT,2019-07-31,79,2019-11-19,1.0304959775794302,0.030495977579430233
T09_2015_FIRST_CUT,T09_2015,2015,FIRST_CUT,2019-07-31,80,2019-11-20,1.0304959775794302,0.030495977579430233
T09_2015_FIRST_CUT,T09_2015,2015,FIRST_CUT,2019-07-31,81,2019-11-21,1.0233615622541539,0.023361562254153867
T09_2015_FIRST_CUT,T09_2015,2015,FIRST_CUT,2019-07-31,82,2019-11-22,1.0233615622541539,0.023361562254153867
T09_2015_FIRST_CUT,T09_2015,2015,FIRST_CUT,2019-07-31,83,2019-11-25,1.0188151537614683,0.01881515376146825
T09_2015_FIRST_CUT,T09_2015,2015,FIRST_CUT,2019-07-31,84,2019-11-26,1.0210534368638524,0.021053436863852415
T09_2015_FIRST_CUT,T09_2015,2015,FIRST_CUT,2019-07-31,85,2019-11-27,1.0165769560408542,0.016576956040854185
T09_2015_FIRST_CUT,T09_2015,2015,FIRST_CUT,2019-07-31,86,2019-11-29,1.0251101809051868,0.025110180905186796
T09_2015_FIRST_CUT,T09_2015,2015,FIRST_CUT,2019-07-31,87,2019-12-02,1.0228020555148853,0.022802055514885344
T09_2015_FIRST_CUT,T09_2015,2015,FIRST_CUT,2019-07-31,88,2019-12-03,1.0339232018300386,0.03392320183003861
T09_2015_FIRST_CUT,T09_2015,2015,FIRST_CUT,2019-07-31,89,2019-12-04,1.0309855566490114,0.03098555664901137
T09_2015_FIRST_CUT,T09_2015,2015,FIRST_CUT,2019-07-31,90,2019-12-05,1.0330139713605637,0.03301397136056372
T09_2015_FIRST_CUT,T09_2015,2015,FIRST_CUT,2019-07-31,91,2019-12-06,1.0205637724125012,0.02056377241250118
T09_2015_FIRST_CUT,T09_2015,2015,FIRST_CUT,2019-07-31,92,2019-12-09,1.0207037131336458,0.02070371313364583
T09_2015_FIRST_CUT,T09_2015,2015,FIRST_CUT,2019-07-31,93,2019-12-10,1.0230118385239473,0.02301183852394728
T09_2015_FIRST_CUT,T09_2015,2015,FIRST_CUT,2019-07-31,94,2019-12-11,1.027768115407465,0.027768115407464933
T09_2015_FIRST_CUT,T09_2015,2015,FIRST_CUT,2019-07-31,95,2019-12-12,1.0258795560352874,0.025879556035287354
T09_2015_FIRST_CUT,T09_2015,2015,FIRST_CUT,2019-07-31,96,2019-12-13,1.0321046555093185,0.032104655509318514
T09_2015_FIRST_CUT,T09_2015,2015,FIRST_CUT,2019-07-31,97,2019-12-16,1.0316850041094245,0.03168500410942454
T09_2015_FIRST_CUT,T09_2015,2015,FIRST_CUT,2019-07-31,98,2019-12-17,1.0314052080489053,0.03140520804890534
T09_2015_FIRST_CUT,T09_2015,2015,FIRST_CUT,2019-07-31,99,2019-12-18,1.030006313128079,0.030006313128079
T09_2015_FIRST_CUT,T09_2015,2015,FIRST_CUT,2019-07-31,100,2019-12-19,1.0339232018300386,0.03392320183003861
T09_2015_FIRST_CUT,T09_2015,2015,FIRST_CUT,2019-07-31,101,2019-12-20,1.0314751357185925,0.031475135718592506
T09_2015_FIRST_CUT,T09_2015,2015,FIRST_CUT,2019-07-31,102,2019-12-23,1.0369308600625233,0.03693086006252333
T09_2015_FIRST_CUT,T09_2015,2015,FIRST_CUT,2019-07-31,103,2019-12-24,1.048541670829028,0.04854167082902805
T09_2015_FIRST_CUT,T09_2015,2015,FIRST_CUT,2019-07-31,104,2019-12-26,1.0556760861543044,0.055676086154304416
T09_2015_FIRST_CUT,T09_2015,2015,FIRST_CUT,2019-07-31,105,2019-12-27,1.0588235997261637,0.05882359972616369
T09_2015_FIRST_CUT,T09_2015,2015,FIRST_CUT,2019-07-31,106,2019-12-30,1.0593131787957448,0.059313178795744825
T09_2015_FIRST_CUT,T09_2015,2015,FIRST_CUT,2019-07-31,107,2019-12-31,1.0628104160978107,0.06281041609781068
T09_2015_FIRST_CUT,T09_2015,2015,FIRST_CUT,2019-07-31,108,2020-01-02,1.0663076533998765,0.06630765339987654
T09_2015_FIRST_CUT,T09_2015,2015,FIRST_CUT,2019-07-31,109,2020-01-03,1.0835839715193738,0.0835839715193738
T09_2015_FIRST_CUT,T09_2015,2015,FIRST_CUT,2019-07-31,110,2020-01-06,1.0954745783463975,0.0954745783463975
T09_2015_FIRST_CUT,T09_2015,2015,FIRST_CUT,2019-07-31,111,2020-01-07,1.0993915524301274,0.09939155243012743
T09_2015_FIRST_CUT,T09_2015,2015,FIRST_CUT,2019-07-31,112,2020-01-08,1.0893194919238238,0.08931949192382382
T09_2015_FIRST_CUT,T09_2015,2015,FIRST_CUT,2019-07-31,113,2020-01-09,1.0853325901704067,0.08533259017040673
T09_2015_FIRST_CUT,T09_2015,2015,FIRST_CUT,2019-07-31,114,2020-01-10,1.089389419593511,0.08938941959351099
T09_2015_FIRST_CUT,T09_2015,2015,FIRST_CUT,2019-07-31,115,2020-01-13,1.0830244647801053,0.08302446478010528
T09_2015_FIRST_CUT,T09_2015,2015,FIRST_CUT,2019-07-31,116,2020-01-14,1.0788277800176262,0.07882778001762625
T09_2015_FIRST_CUT,T09_2015,2015,FIRST_CUT,2019-07-31,117,2020-01-15,1.085612386230926,0.08561238623092593
T09_2015_FIRST_CUT,T09_2015,2015,FIRST_CUT,2019-07-31,118,2020-01-16,1.083444116179999,0.08344411617999903
T09_2015_FIRST_CUT,T09_2015,2015,FIRST_CUT,2019-07-31,119,2020-01-17,1.0902987354447562,0.0902987354447562
T09_2015_FIRST_CUT,T09_2015,2015,FIRST_CUT,2019-07-31,120,2020-01-21,1.0886200444634107,0.08862004446341065
T09_2015_FIRST_CUT,T09_2015,2015,FIRST_CUT,2019-07-31,121,2020-01-22,1.08785066933331,0.0878506693333101
T09_2015_FIRST_CUT,T09_2015,2015,FIRST_CUT,2019-07-31,122,2020-01-23,1.0943554794860906,0.09435547948609058
T09_2015_FIRST_CUT,T09_2015,2015,FIRST_CUT,2019-07-31,123,2020-01-24,1.0989018879787762,0.09890188797877619
T09_2015_FIRST_CUT,T09_2015,2015,FIRST_CUT,2019-07-31,124,2020-01-27,1.1028887897321933,0.10288878973219329
T09_2015_FIRST_CUT,T09_2015,2015,FIRST_CUT,2019-07-31,125,2020-01-28,1.097572920727637,0.09757292072763701
T09_2015_FIRST_CUT,T09_2015,2015,FIRST_CUT,2019-07-31,126,2020-01-29,1.097992657509301,0.09799265750930108
T09_2015_FIRST_CUT,T09_2015,2015,FIRST_CUT,2019-07-31,127,2020-01-30,1.1075750535642535,0.10757505356425345
T09_2015_FIRST_CUT,T09_2015,2015,FIRST_CUT,2019-07-31,128,2020-01-31,1.1071554021643595,0.10715540216435948
T09_2015_FIRST_CUT,T09_2015,2015,FIRST_CUT,2019-07-31,129,2020-02-03,1.1031685004109424,0.10316850041094239
T09_2015_FIRST_CUT,T09_2015,2015,FIRST_CUT,2019-07-31,130,2020-02-04,1.0844233597009316,0.08442335970093162
T09_2015_FIRST_CUT,T09_2015,2015,FIRST_CUT,2019-07-31,131,2020-02-05,1.089599287984343,0.08959928798434302
T09_2015_FIRST_CUT,T09_2015,2015,FIRST_CUT,2019-07-31,132,2020-02-06,1.0947052032162972,0.09470520321629716
T09_2015_FIRST_CUT,T09_2015,2015,FIRST_CUT,2019-07-31,133,2020-02-07,1.0971532693277433,0.09715326932774326
T09_2015_FIRST_CUT,T09_2015,2015,FIRST_CUT,2019-07-31,134,2020-02-10,1.1014198817599095,0.10141988175990946
T09_2015_FIRST_CUT,T09_2015,2015,FIRST_CUT,2019-07-31,135,2020-02-11,1.0950549269465037,0.09505492694650375
T09_2015_FIRST_CUT,T09_2015,2015,FIRST_CUT,2019-07-31,136,2020-02-12,1.0963139665279555,0.09631396652795554
T09_2015_FIRST_CUT,T09_2015,2015,FIRST_CUT,2019-07-31,137,2020-02-13,1.1016996778204289,0.10169967782042888
T09_2015_FIRST_CUT,T09_2015,2015,FIRST_CUT,2019-07-31,138,2020-02-14,1.1070154614432148,0.10701546144321483
T09_2015_FIRST_CUT,T09_2015,2015,FIRST_CUT,2019-07-31,139,2020-02-18,1.1191159366610708,0.11911593666107079
T09_2015_FIRST_CUT,T09_2015,2015,FIRST_CUT,2019-07-31,140,2020-02-19,1.1243617926141696,0.12436179261416958
T09_2015_FIRST_CUT,T09_2015,2015,FIRST_CUT,2019-07-31,141,2020-02-20,1.1307267474275753,0.13072674742757528
T09_2015_FIRST_CUT,T09_2015,2015,FIRST_CUT,2019-07-31,142,2020-02-21,1.150311276319144,0.1503112763191441
T09_2015_FIRST_CUT,T09_2015,2015,FIRST_CUT,2019-07-31,143,2020-02-24,1.1697559498713381,0.16975594987133813
T09_2015_FIRST_CUT,T09_2015,2015,FIRST_CUT,2019-07-31,144,2020-02-25,1.1519200396308025,0.15192003963080247
T09_2015_FIRST_CUT,T09_2015,2015,FIRST_CUT,2019-07-31,145,2020-02-26,1.1470938350775974,0.14709383507759743
T09_2015_FIRST_CUT,T09_2015,2015,FIRST_CUT,2019-07-31,146,2020-02-27,1.1470938350775974,0.14709383507759743
T09_2015_FIRST_CUT,T09_2015,2015,FIRST_CUT,2019-07-31,147,2020-02-28,1.094005755755884,0.09400575575588399
T09_2015_FIRST_CUT,T09_2015,2015,FIRST_CUT,2019-07-31,148,2020-03-02,1.1137302253685974,0.11373022536859745
T09_2015_FIRST_CUT,T09_2015,2015,FIRST_CUT,2019-07-31,149,2020-03-03,1.1485626576681112,0.14856265766811116
T09_2015_FIRST_CUT,T09_2015,2015,FIRST_CUT,2019-07-31,150,2020-03-04,1.147863210207698,0.147863210207698
T09_2015_FIRST_CUT,T09_2015,2015,FIRST_CUT,2019-07-31,151,2020-03-05,1.165559265108859,0.1655592651088591
T09_2015_FIRST_CUT,T09_2015,2015,FIRST_CUT,2019-07-31,152,2020-03-06,1.1686368510110312,0.1686368510110312
T09_2015_FIRST_CUT,T09_2015,2015,FIRST_CUT,2019-07-31,153,2020-03-09,1.1712247724618519,0.17122477246185186
T09_2015_FIRST_CUT,T09_2015,2015,FIRST_CUT,2019-07-31,154,2020-03-10,1.160453264495135,0.16045326449513508
T09_2015_FIRST_CUT,T09_2015,2015,FIRST_CUT,2019-07-31,155,2020-03-11,1.14807307859853,0.14807307859853003
T09_2015_FIRST_CUT,T09_2015,2015,FIRST_CUT,2019-07-31,156,2020-03-12,1.111631882987358,0.11163188298735793
T09_2015_FIRST_CUT,T09_2015,2015,FIRST_CUT,2019-07-31,157,2020-03-13,1.0601524815955325,0.06015248159553255
T09_2015_FIRST_CUT,T09_2015,2015,FIRST_CUT,2019-07-31,158,2020-03-16,1.039308998504282,0.039308998504282044
T09_2015_FIRST_CUT,T09_2015,2015,FIRST_CUT,2019-07-31,159,2020-03-17,1.0665874494603957,0.06658744946039574
T09_2015_FIRST_CUT,T09_2015,2015,FIRST_CUT,2019-07-31,160,2020-03-18,1.033293767421083,0.03329376742108292
T09_2015_FIRST_CUT,T09_2015,2015,FIRST_CUT,2019-07-31,161,2020-03-19,1.034202997890558,0.03420299789055803
T09_2015_FIRST_CUT,T09_2015,2015,FIRST_CUT,2019-07-31,162,2020-03-20,1.037980031253143,0.03798003125314309
T09_2015_FIRST_CUT,T09_2015,2015,FIRST_CUT,2019-07-31,163,2020-03-23,1.0960341704674361,0.09603417046743612
T09_2015_FIRST_CUT,T09_2015,2015,FIRST_CUT,2019-07-31,164,2020-03-24,1.1612226396252354,0.16122263962523542
T09_2015_FIRST_CUT,T09_2015,2015,FIRST_CUT,2019-07-31,165,2020-03-25,1.141708123785124,0.1417081237851241
T09_2015_FIRST_CUT,T09_2015,2015,FIRST_CUT,2019-07-31,166,2020-03-26,1.1541582373514165,0.15415823735141654
T09_2015_FIRST_CUT,T09_2015,2015,FIRST_CUT,2019-07-31,167,2020-03-27,1.1358327480412995,0.13583274804129952
T09_2015_FIRST_CUT,T09_2015,2015,FIRST_CUT,2019-07-31,168,2020-03-30,1.1345037807901606,0.13450378079016057
T09_2015_FIRST_CUT,T09_2015,2015,FIRST_CUT,2019-07-31,169,2020-03-31,1.107505125894566,0.10750512589456607
T09_2015_FIRST_CUT,T09_2015,2015,FIRST_CUT,2019-07-31,170,2020-04-01,1.1038679478713556,0.10386794787135556
T09_2015_FIRST_CUT,T09_2015,2015,FIRST_CUT,2019-07-31,171,2020-04-02,1.1370917022409812,0.13709170224098122
T09_2015_FIRST_CUT,T09_2015,2015,FIRST_CUT,2019-07-31,172,2020-04-03,1.1426872819242866,0.1426872819242866
T09_2015_FIRST_CUT,T09_2015,2015,FIRST_CUT,2019-07-31,173,2020-04-06,1.1729733911128848,0.1729733911128848
T09_2015_FIRST_CUT,T09_2015,2015,FIRST_CUT,2019-07-31,174,2020-04-07,1.1644401662485522,0.16444016624855218
T09_2015_FIRST_CUT,T09_2015,2015,FIRST_CUT,2019-07-31,175,2020-04-08,1.164859817648446,0.16485981764844593
T09_2015_FIRST_CUT,T09_2015,2015,FIRST_CUT,2019-07-31,176,2020-04-09,1.2143806466166365,0.21438064661663647
T09_2015_FIRST_CUT,T09_2015,2015,FIRST_CUT,2019-07-31,177,2020-04-13,1.2203959630816057,0.2203959630816057
T09_2015_FIRST_CUT,T09_2015,2015,FIRST_CUT,2019-07-31,178,2020-04-14,1.2287193195551063,0.22871931955510627
T09_2015_FIRST_CUT,T09_2015,2015,FIRST_CUT,2019-07-31,179,2020-04-15,1.208085619472918,0.20808561947291793
T09_2015_FIRST_CUT,T09_2015,2015,FIRST_CUT,2019-07-31,180,2020-04-16,1.2033294279711704,0.20332942797117037
T09_2015_FIRST_CUT,T09_2015,2015,FIRST_CUT,2019-07-31,181,2020-04-17,1.1815066159772174,0.1815066159772174
T09_2015_FIRST_CUT,T09_2015,2015,FIRST_CUT,2019-07-31,182,2020-04-20,1.1901797815626947,0.19017978156269466
T09_2015_FIRST_CUT,T09_2015,2015,FIRST_CUT,2019-07-31,183,2020-04-21,1.1738126939126725,0.1738126939126725
T09_2015_FIRST_CUT,T09_2015,2015,FIRST_CUT,2019-07-31,184,2020-04-22,1.2091347906635377,0.20913479066353768
T09_2015_FIRST_CUT,T09_2015,2015,FIRST_CUT,2019-07-31,185,2020-04-23,1.2123523172868542,0.21235231728685422
T09_2015_FIRST_CUT,T09_2015,2015,FIRST_CUT,2019-07-31,186,2020-04-24,1.205497698022097,0.20549769802209705
T09_2015_FIRST_CUT,T09_2015,2015,FIRST_CUT,2019-07-31,187,2020-04-27,1.1973841245576584,0.1973841245576584
T09_2015_FIRST_CUT,T09_2015,2015,FIRST_CUT,2019-07-31,188,2020-04-28,1.196404881036726,0.19640488103672604
T09_2015_FIRST_CUT,T09_2015,2015,FIRST_CUT,2019-07-31,189,2020-04-29,1.1914388211441465,0.19143882114414645
T09_2015_FIRST_CUT,T09_2015,2015,FIRST_CUT,2019-07-31,190,2020-04-30,1.1780093786751515,0.17800937867515154
T09_2015_FIRST_CUT,T09_2015,2015,FIRST_CUT,2019-07-31,191,2020-05-01,1.1852137216701153,0.1852137216701153
T09_2015_FIRST_CUT,T09_2015,2015,FIRST_CUT,2019-07-31,192,2020-05-04,1.1938868872555926,0.19388688725559255
T09_2015_FIRST_CUT,T09_2015,2015,FIRST_CUT,2019-07-31,193,2020-05-05,1.1921382686045596,0.19213826860455963
T09_2015_FIRST_CUT,T09_2015,2015,FIRST_CUT,2019-07-31,194,2020-05-06,1.1780093786751515,0.17800937867515154
T09_2015_FIRST_CUT,T09_2015,2015,FIRST_CUT,2019-07-31,195,2020-05-07,1.2043086714921027,0.20430867149210274
T09_2015_FIRST_CUT,T09_2015,2015,FIRST_CUT,2019-07-31,196,2020-05-08,1.195985229636832,0.19598522963683207
T09_2015_FIRST_CUT,T09_2015,2015,FIRST_CUT,2019-07-31,197,2020-05-11,1.1857733137911537,0.1857733137911537
T09_2015_FIRST_CUT,T09_2015,2015,FIRST_CUT,2019-07-31,198,2020-05-12,1.1921382686045596,0.19213826860455963
T09_2015_FIRST_CUT,T09_2015,2015,FIRST_CUT,2019-07-31,199,2020-05-13,1.1987830194784848,0.19878301947848476
T09_2015_FIRST_CUT,T09_2015,2015,FIRST_CUT,2019-07-31,200,2020-05-14,1.2157096138677754,0.21570961386777543
T09_2015_FIRST_CUT,T09_2015,2015,FIRST_CUT,2019-07-31,201,2020-05-15,1.2264111941648048,0.22641119416480482
T09_2015_FIRST_CUT,T09_2015,2015,FIRST_CUT,2019-07-31,202,2020-05-18,1.2113031460962345,0.21130314609623446
T09_2015_FIRST_CUT,T09_2015,2015,FIRST_CUT,2019-07-31,203,2020-05-19,1.2199762262999416,0.21997622629994162
T09_2015_FIRST_CUT,T09_2015,2015,FIRST_CUT,2019-07-31,204,2020-05-20,1.22445270712294,0.22445270712294008
T09_2015_FIRST_CUT,T09_2015,2015,FIRST_CUT,2019-07-31,205,2020-05-21,1.2033993556408575,0.20339935564085754
T09_2015_FIRST_CUT,T09_2015,2015,FIRST_CUT,2019-07-31,206,2020-05-22,1.2132615477563293,0.21326154775632933
T09_2015_FIRST_CUT,T09_2015,2015,FIRST_CUT,2019-07-31,207,2020-05-26,1.1924180646650788,0.19241806466507883
T09_2015_FIRST_CUT,T09_2015,2015,FIRST_CUT,2019-07-31,208,2020-05-27,1.1962650256973513,0.19626502569735127
T09_2015_FIRST_CUT,T09_2015,2015,FIRST_CUT,2019-07-31,209,2020-05-28,1.1983633680785908,0.19836336807859078
T09_2015_FIRST_CUT,T09_2015,2015,FIRST_CUT,2019-07-31,210,2020-05-29,1.2252220822530404,0.2252220822530404
T09_2015_FIRST_CUT,T09_2015,2015,FIRST_CUT,2019-07-31,211,2020-06-01,1.2242429241138781,0.22424292411387814
T09_2015_FIRST_CUT,T09_2015,2015,FIRST_CUT,2019-07-31,212,2020-06-02,1.2128418963564354,0.21284189635643536
T09_2015_FIRST_CUT,T09_2015,2015,FIRST_CUT,2019-07-31,213,2020-06-03,1.1924180646650788,0.19241806466507883
T09_2015_FIRST_CUT,T09_2015,2015,FIRST_CUT,2019-07-31,214,2020-06-04,1.2082255601940626,0.20822556019406258
T09_2015_FIRST_CUT,T09_2015,2015,FIRST_CUT,2019-07-31,215,2020-06-05,1.1771700758753638,0.17717007587536382
T09_2015_FIRST_CUT,T09_2015,2015,FIRST_CUT,2019-07-31,216,2020-06-08,1.1926278476741408,0.19262784767414076
T09_2015_FIRST_CUT,T09_2015,2015,FIRST_CUT,2019-07-31,217,2020-06-09,1.2043785991617901,0.20437859916179013
T09_2015_FIRST_CUT,T09_2015,2015,FIRST_CUT,2019-07-31,218,2020-06-10,1.2035392109802323,0.2035392109802323
T09_2015_FIRST_CUT,T09_2015,2015,FIRST_CUT,2019-07-31,219,2020-06-11,1.2168987257795398,0.21689872577953984
T09_2015_FIRST_CUT,T09_2015,2015,FIRST_CUT,2019-07-31,220,2020-06-12,1.215150107128507,0.2151501071285069
T09_2015_FIRST_CUT,T09_2015,2015,FIRST_CUT,2019-07-31,221,2020-06-15,1.208085619472918,0.20808561947291793
T09_2015_FIRST_CUT,T09_2015,2015,FIRST_CUT,2019-07-31,222,2020-06-16,1.2145905150074683,0.21459051500746829
T09_2015_FIRST_CUT,T09_2015,2015,FIRST_CUT,2019-07-31,223,2020-06-17,1.2139609952167425,0.2139609952167425
T09_2015_FIRST_CUT,T09_2015,2015,FIRST_CUT,2019-07-31,224,2020-06-18,1.2108134816448832,0.21081348164488323
T09_2015_FIRST_CUT,T09_2015,2015,FIRST_CUT,2019-07-31,225,2020-06-19,1.2261313981042856,0.22613139810428562
T09_2015_FIRST_CUT,T09_2015,2015,FIRST_CUT,2019-07-31,226,2020-06-22,1.235504011150176,0.23550401115017605
T09_2015_FIRST_CUT,T09_2015,2015,FIRST_CUT,2019-07-31,227,2020-06-23,1.2464153744562676,0.2464153744562676
T09_2015_FIRST_CUT,T09_2015,2015,FIRST_CUT,2019-07-31,228,2020-06-24,1.2415891699030626,0.24158916990306256
T09_2015_FIRST_CUT,T09_2015,2015,FIRST_CUT,2019-07-31,229,2020-06-25,1.2384416563312033,0.2384416563312033
T09_2015_FIRST_CUT,T09_2015,2015,FIRST_CUT,2019-07-31,230,2020-06-26,1.2452263479262733,0.2452263479262733
T09_2015_FIRST_CUT,T09_2015,2015,FIRST_CUT,2019-07-31,231,2020-06-29,1.245855782335229,0.24585578233522898
T09_2015_FIRST_CUT,T09_2015,2015,FIRST_CUT,2019-07-31,232,2020-06-30,1.2593551524739113,0.2593551524739113
T09_2015_FIRST_CUT,T09_2015,2015,FIRST_CUT,2019-07-31,233,2020-07-01,1.2449465518657539,0.24494655186575387
T09_2015_FIRST_CUT,T09_2015,2015,FIRST_CUT,2019-07-31,234,2020-07-02,1.252010954139573,0.252010954139573
T09_2015_FIRST_CUT,T09_2015,2015,FIRST_CUT,2019-07-31,235,2020-07-06,1.254459020251019,0.2544590202510191
T09_2015_FIRST_CUT,T09_2015,2015,FIRST_CUT,2019-07-31,236,2020-07-07,1.265929975678149,0.265929975678149
T09_2015_FIRST_CUT,T09_2015,2015,FIRST_CUT,2019-07-31,237,2020-07-08,1.2734140293518619,0.2734140293518619
T09_2015_FIRST_CUT,T09_2015,2015,FIRST_CUT,2019-07-31,238,2020-07-09,1.2616633632459826,0.2616633632459826
T09_2015_FIRST_CUT,T09_2015,2015,FIRST_CUT,2019-07-31,239,2020-07-10,1.2603343959948436,0.26033439599484365
T09_2015_FIRST_CUT,T09_2015,2015,FIRST_CUT,2019-07-31,240,2020-07-13,1.2688676208591763,0.26886762085917626
T09_2015_FIRST_CUT,T09_2015,2015,FIRST_CUT,2019-07-31,241,2020-07-14,1.2683780417895951,0.2683780417895951
T09_2015_FIRST_CUT,T09_2015,2015,FIRST_CUT,2019-07-31,242,2020-07-15,1.2686578378501143,0.2686578378501143
T09_2015_FIRST_CUT,T09_2015,2015,FIRST_CUT,2019-07-31,243,2020-07-16,1.2592152971345365,0.2592152971345365
T09_2015_FIRST_CUT,T09_2015,2015,FIRST_CUT,2019-07-31,244,2020-07-17,1.2659999033478362,0.2659999033478362
T09_2015_FIRST_CUT,T09_2015,2015,FIRST_CUT,2019-07-31,245,2020-07-20,1.2711758316312478,0.2711758316312478
T09_2015_FIRST_CUT,T09_2015,2015,FIRST_CUT,2019-07-31,246,2020-07-21,1.2897111893321966,0.28971118933219664
T09_2015_FIRST_CUT,T09_2015,2015,FIRST_CUT,2019-07-31,247,2020-07-22,1.3045394413402478,0.3045394413402478
T09_2015_FIRST_CUT,T09_2015,2015,FIRST_CUT,2019-07-31,248,2020-07-23,1.32195570018089,0.3219557001808899
T09_2015_FIRST_CUT,T09_2015,2015,FIRST_CUT,2019-07-31,249,2020-07-24,1.3272015561339885,0.3272015561339885
T09_2015_FIRST_CUT,T09_2015,2015,FIRST_CUT,2019-07-31,250,2020-07-27,1.3506330460578297,0.35063304605782974
T09_2015_FIRST_CUT,T09_2015,2015,FIRST_CUT,2019-07-31,251,2020-07-28,1.360145514443095,0.36014551444309495
T09_2015_FIRST_CUT,T09_2015,2015,FIRST_CUT,2019-07-31,252,2020-07-29,1.3663006862474387,0.3663006862474387
T10_2022_FIRST_HIKE,T10_2022,2022,FIRST_HIKE,2022-03-16,-60,2021-12-16,0.9318546907149258,-0.06814530928507423
T10_2022_FIRST_HIKE,T10_2022,2022,FIRST_HIKE,2022-03-16,-59,2021-12-17,0.935326771044367,-0.06467322895563299
T10_2022_FIRST_HIKE,T10_2022,2022,FIRST_HIKE,2022-03-16,-58,2021-12-20,0.9299891283596222,-0.07001087164037778
T10_2022_FIRST_HIKE,T10_2022,2022,FIRST_HIKE,2022-03-16,-57,2021-12-21,0.926931645557449,-0.073068354442551
T10_2022_FIRST_HIKE,T10_2022,2022,FIRST_HIKE,2022-03-16,-56,2021-12-22,0.9339275518338634,-0.06607244816613655
T10_2022_FIRST_HIKE,T10_2022,2022,FIRST_HIKE,2022-03-16,-55,2021-12-23,0.9388505969913402,-0.061149403008659786
T10_2022_FIRST_HIKE,T10_2022,2022,FIRST_HIKE,2022-03-16,-54,2021-12-27,0.9373478232870714,-0.06265217671292855
T10_2022_FIRST_HIKE,T10_2022,2022,FIRST_HIKE,2022-03-16,-53,2021-12-28,0.9384360627227735,-0.06156393727722653
T10_2022_FIRST_HIKE,T10_2022,2022,FIRST_HIKE,2022-03-16,-52,2021-12-29,0.9357931774478682,-0.06420682255213184
T10_2022_FIRST_HIKE,T10_2022,2022,FIRST_HIKE,2022-03-16,-51,2021-12-30,0.940094326314443,-0.05990567368555699
T10_2022_FIRST_HIKE,T10_2022,2022,FIRST_HIKE,2022-03-16,-50,2021-12-31,0.947608447870592,-0.05239155212940805
T10_2022_FIRST_HIKE,T10_2022,2022,FIRST_HIKE,2022-03-16,-49,2022-01-03,0.9328393123981614,-0.06716068760183858
T10_2022_FIRST_HIKE,T10_2022,2022,FIRST_HIKE,2022-03-16,-48,2022-01-04,0.9403534339543103,-0.05964656604568974
T10_2022_FIRST_HIKE,T10_2022,2022,FIRST_HIKE,2022-03-16,-47,2022-01-05,0.9457946943915215,-0.05420530560847847
T10_2022_FIRST_HIKE,T10_2022,2022,FIRST_HIKE,2022-03-16,-46,2022-01-06,0.9271907531973161,-0.07280924680268386
T10_2022_FIRST_HIKE,T10_2022,2022,FIRST_HIKE,2022-03-16,-45,2022-01-07,0.9314401564463589,-0.06855984355364109
T10_2022_FIRST_HIKE,T10_2022,2022,FIRST_HIKE,2022-03-16,-44,2022-01-10,0.9321656704897273,-0.06783432951027268
T10_2022_FIRST_HIKE,T10_2022,2022,FIRST_HIKE,2022-03-16,-43,2022-01-11,0.9423744861970147,-0.057625513802985306
T10_2022_FIRST_HIKE,T10_2022,2022,FIRST_HIKE,2022-03-16,-42,2022-01-12,0.9469348059621578,-0.053065194037842156
T10_2022_FIRST_HIKE,T10_2022,2022,FIRST_HIKE,2022-03-16,-41,2022-01-13,0.9438773231599846,-0.05612267684001537
T10_2022_FIRST_HIKE,T10_2022,2022,FIRST_HIKE,2022-03-16,-40,2022-01-14,0.9413380556375459,-0.05866194436245409
T10_2022_FIRST_HIKE,T10_2022,2022,FIRST_HIKE,2022-03-16,-39,2022-01-18,0.939213385642375,-0.060786614357625
T10_2022_FIRST_HIKE,T10_2022,2022,FIRST_HIKE,2022-03-16,-38,2022-01-19,0.955174378302974,-0.044825621697025975
T10_2022_FIRST_HIKE,T10_2022,2022,FIRST_HIKE,2022-03-16,-37,2022-01-20,0.9548634617868736,-0.045136538213126354
T10_2022_FIRST_HIKE,T10_2022,2022,FIRST_HIKE,2022-03-16,-36,2022-01-21,0.9492667747209627,-0.05073322527903734
T10_2022_FIRST_HIKE,T10_2022,2022,FIRST_HIKE,2022-03-16,-35,2022-01-24,0.9543970553833724,-0.045602944616627616
T10_2022_FIRST_HIKE,T10_2022,2022,FIRST_HIKE,2022-03-16,-34,2022-01-25,0.9599938057079844,-0.04000619429201557
T10_2022_FIRST_HIKE,T10_2022,2022,FIRST_HIKE,2022-03-16,-33,2022-01-26,0.9481784720265596,-0.05182152797344042
T10_2022_FIRST_HIKE,T10_2022,2022,FIRST_HIKE,2022-03-16,-32,2022-01-27,0.9292118054400206,-0.07078819455997942
T10_2022_FIRST_HIKE,T10_2022,2022,FIRST_HIKE,2022-03-16,-31,2022-01-28,0.9249624654496789,-0.07503753455032114
T10_2022_FIRST_HIKE,T10_2022,2022,FIRST_HIKE,2022-03-16,-30,2022-01-31,0.9301964271232561,-0.06980357287674388
T10_2022_FIRST_HIKE,T10_2022,2022,FIRST_HIKE,2022-03-16,-29,2022-02-01,0.9335648264415298,-0.06643517355847017
T10_2022_FIRST_HIKE,T10_2022,2022,FIRST_HIKE,2022-03-16,-28,2022-02-02,0.938125146206673,-0.06187485379332702
T10_2022_FIRST_HIKE,T10_2022,2022,FIRST_HIKE,2022-03-16,-27,2022-02-03,0.934912173517099,-0.06508782648290101
T10_2022_FIRST_HIKE,T10_2022,2022,FIRST_HIKE,2022-03-16,-26,2022-02-04,0.936829608007337,-0.06317039199266306
T10_2022_FIRST_HIKE,T10_2022,2022,FIRST_HIKE,2022-03-16,-25,2022-02-07,0.9440846219236186,-0.05591537807638136
T10_2022_FIRST_HIKE,T10_2022,2022,FIRST_HIKE,2022-03-16,-24,2022-02-08,0.9472457224782583,-0.052754277521741666
T10_2022_FIRST_HIKE,T10_2022,2022,FIRST_HIKE,2022-03-16,-23,2022-02-09,0.9517541701084672,-0.04824582989153281
T10_2022_FIRST_HIKE,T10_2022,2022,FIRST_HIKE,2022-03-16,-22,2022-02-10,0.9521687676357351,-0.0478312323642649
T10_2022_FIRST_HIKE,T10_2022,2022,FIRST_HIKE,2022-03-16,-21,2022-02-11,0.9546043541470064,-0.045395645852993605
T10_2022_FIRST_HIKE,T10_2022,2022,FIRST_HIKE,2022-03-16,-20,2022-02-14,0.968751656587236,-0.031248343412763946
T10_2022_FIRST_HIKE,T10_2022,2022,FIRST_HIKE,2022-03-16,-19,2022-02-15,0.9619111769395212,-0.03808882306047878
T10_2022_FIRST_HIKE,T10_2022,2022,FIRST_HIKE,2022-03-16,-18,2022-02-16,0.9698398960229381,-0.030160103977061925
T10_2022_FIRST_HIKE,T10_2022,2022,FIRST_HIKE,2022-03-16,-17,2022-02-17,0.9856454620548375,-0.014354537945162504
T10_2022_FIRST_HIKE,T10_2022,2022,FIRST_HIKE,2022-03-16,-16,2022-02-18,0.9845054137429022,-0.015494586257097764
T10_2022_FIRST_HIKE,T10_2022,2022,FIRST_HIKE,2022-03-16,-15,2022-02-22,0.9884438372171435,-0.011556162782856538
T10_2022_FIRST_HIKE,T10_2022,2022,FIRST_HIKE,2022-03-16,-14,2022-02-23,0.9899984830563466,-0.010001516943653366
T10_2022_FIRST_HIKE,T10_2022,2022,FIRST_HIKE,2022-03-16,-13,2022-02-24,0.998238118655864,-0.0017618813441360182
T10_2022_FIRST_HIKE,T10_2022,2022,FIRST_HIKE,2022-03-16,-12,2022-02-25,0.9781831493749218,-0.02181685062507821
T10_2022_FIRST_HIKE,T10_2022,2022,FIRST_HIKE,2022-03-16,-11,2022-02-28,0.9849717568877022,-0.015028243112297779
T10_2022_FIRST_HIKE,T10_2022,2022,FIRST_HIKE,2022-03-16,-10,2022-03-01,1.007306886051216,0.007306886051215988
T10_2022_FIRST_HIKE,T10_2022,2022,FIRST_HIKE,2022-03-16,-9,2022-03-02,0.9961652575369263,-0.0038347424630736926
T10_2022_FIRST_HIKE,T10_2022,2022,FIRST_HIKE,2022-03-16,-8,2022-03-03,1.003212972689574,0.0032129726895739896
T10_2022_FIRST_HIKE,T10_2022,2022,FIRST_HIKE,2022-03-16,-7,2022-03-04,1.0191221564739397,0.019122156473939667
T10_2022_FIRST_HIKE,T10_2022,2022,FIRST_HIKE,2022-03-16,-6,2022-03-07,1.0343058894736383,0.03430588947363833
T10_2022_FIRST_HIKE,T10_2022,2022,FIRST_HIKE,2022-03-16,-5,2022-03-08,1.0588693063847894,0.05886930638478938
T10_2022_FIRST_HIKE,T10_2022,2022,FIRST_HIKE,2022-03-16,-4,2022-03-09,1.0303155938644626,0.030315593864462587
T10_2022_FIRST_HIKE,T10_2022,2022,FIRST_HIKE,2022-03-16,-3,2022-03-10,1.0366378582324431,0.03663785823244314
T10_2022_FIRST_HIKE,T10_2022,2022,FIRST_HIKE,2022-03-16,-2,2022-03-11,1.028657330272793,0.028657330272793047
T10_2022_FIRST_HIKE,T10_2022,2022,FIRST_HIKE,2022-03-16,-1,2022-03-14,1.016116545806701,0.016116545806700966
T10_2022_FIRST_HIKE,T10_2022,2022,FIRST_HIKE,2022-03-16,0,2022-03-15,1.0,0.0
T10_2022_FIRST_HIKE,T10_2022,2022,FIRST_HIKE,2022-03-16,1,2022-03-16,0.9893765867654447,-0.01062341323455529
T10_2022_FIRST_HIKE,T10_2022,2022,FIRST_HIKE,2022-03-16,2,2022-03-17,1.0069959062764144,0.006995906276414443
T10_2022_FIRST_HIKE,T10_2022,2022,FIRST_HIKE,2022-03-16,3,2022-03-18,0.9997927644950672,-0.0002072355049328456
T10_2022_FIRST_HIKE,T10_2022,2022,FIRST_HIKE,2022-03-16,4,2022-03-21,0.9998963822475335,-0.00010361775246647831
T10_2022_FIRST_HIKE,T10_2022,2022,FIRST_HIKE,2022-03-16,5,2022-03-22,0.9957506600096583,-0.004249339990341716
T10_2022_FIRST_HIKE,T10_2022,2022,FIRST_HIKE,2022-03-16,6,2022-03-23,1.0039384867329424,0.003938486732942392
T10_2022_FIRST_HIKE,T10_2022,2022,FIRST_HIKE,2022-03-16,7,2022-03-24,1.0168419965913682,0.016841996591368202
T10_2022_FIRST_HIKE,T10_2022,2022,FIRST_HIKE,2022-03-16,8,2022-03-25,1.0126962743534929,0.012696274353492853
T10_2022_FIRST_HIKE,T10_2022,2022,FIRST_HIKE,2022-03-16,9,2022-03-28,1.0052340249322784,0.005234024932278425
T10_2022_FIRST_HIKE,T10_2022,2022,FIRST_HIKE,2022-03-16,10,2022-03-29,0.9909312326046479,-0.009068767395352118
T10_2022_FIRST_HIKE,T10_2022,2022,FIRST_HIKE,2022-03-16,11,2022-03-30,1.001969243366471,0.001969243366471085
T10_2022_FIRST_HIKE,T10_2022,2022,FIRST_HIKE,2022-03-16,12,2022-03-31,1.0101051979548208,0.010105197954820788
T10_2022_FIRST_HIKE,T10_2022,2022,FIRST_HIKE,2022-03-16,13,2022-04-01,0.9968907083215935,-0.003109291678406456
T10_2022_FIRST_HIKE,T10_2022,2022,FIRST_HIKE,2022-03-16,14,2022-04-04,1.0022283510063383,0.002228351006338336
T10_2022_FIRST_HIKE,T10_2022,2022,FIRST_HIKE,2022-03-16,15,2022-04-05,0.9988599516880647,-0.00114004831193526
T10_2022_FIRST_HIKE,T10_2022,2022,FIRST_HIKE,2022-03-16,16,2022-04-06,0.9965797918054932,-0.0034202081945068352
T10_2022_FIRST_HIKE,T10_2022,2022,FIRST_HIKE,2022-03-16,17,2022-04-07,1.0041975943728096,0.004197594372809643
T10_2022_FIRST_HIKE,T10_2022,2022,FIRST_HIKE,2022-03-16,18,2022-04-08,1.0082396355995173,0.008239635599517348
T10_2022_FIRST_HIKE,T10_2022,2022,FIRST_HIKE,2022-03-16,19,2022-04-11,1.0095869826750865,0.009586982675086508
T10_2022_FIRST_HIKE,T10_2022,2022,FIRST_HIKE,2022-03-16,20,2022-04-12,1.0240452016314165,0.024045201631416546
T10_2022_FIRST_HIKE,T10_2022,2022,FIRST_HIKE,2022-03-16,21,2022-04-13,1.0285018403853923,0.028501840385392274
T10_2022_FIRST_HIKE,T10_2022,2022,FIRST_HIKE,2022-03-16,22,2022-04-14,1.0234233685992158,0.023423368599215788
T10_2022_FIRST_HIKE,T10_2022,2022,FIRST_HIKE,2022-03-16,23,2022-04-18,1.0293828443161614,0.02938284431616145
T10_2022_FIRST_HIKE,T10_2022,2022,FIRST_HIKE,2022-03-16,24,2022-04-19,1.0151837329996984,0.01518373299969844
T10_2022_FIRST_HIKE,T10_2022,2022,FIRST_HIKE,2022-03-16,25,2022-04-20,1.0134217883968613,0.013421788396861256
T10_2022_FIRST_HIKE,T10_2022,2022,FIRST_HIKE,2022-03-16,26,2022-04-21,1.0095869826750865,0.009586982675086508
T10_2022_FIRST_HIKE,T10_2022,2022,FIRST_HIKE,2022-03-16,27,2022-04-22,1.002383840893739,0.0023838408937391087
T10_2022_FIRST_HIKE,T10_2022,2022,FIRST_HIKE,2022-03-16,28,2022-04-25,0.982536170376431,-0.01746382962356896
T10_2022_FIRST_HIKE,T10_2022,2022,FIRST_HIKE,2022-03-16,29,2022-04-26,0.9867337014905395,-0.013266298509460484
T10_2022_FIRST_HIKE,T10_2022,2022,FIRST_HIKE,2022-03-16,30,2022-04-27,0.9787531735308894,-0.02124682646911058
T10_2022_FIRST_HIKE,T10_2022,2022,FIRST_HIKE,2022-03-16,31,2022-04-28,0.9801005838651597,-0.019899416134840253
T10_2022_FIRST_HIKE,T10_2022,2022,FIRST_HIKE,2022-03-16,32,2022-04-29,0.9906721249647807,-0.009327875035219257
T10_2022_FIRST_HIKE,T10_2022,2022,FIRST_HIKE,2022-03-16,33,2022-05-02,0.9657459826612961,-0.034254017338703924
T10_2022_FIRST_HIKE,T10_2022,2022,FIRST_HIKE,2022-03-16,34,2022-05-03,0.9693734896194369,-0.030626510380563077
T10_2022_FIRST_HIKE,T10_2022,2022,FIRST_HIKE,2022-03-16,35,2022-05-04,0.9684407400711357,-0.031559259928864325
T10_2022_FIRST_HIKE,T10_2022,2022,FIRST_HIKE,2022-03-16,36,2022-05-05,0.9720163748943421,-0.027983625105657883
T10_2022_FIRST_HIKE,T10_2022,2022,FIRST_HIKE,2022-03-16,37,2022-05-06,0.9756957539874174,-0.02430424601258263
T10_2022_FIRST_HIKE,T10_2022,2022,FIRST_HIKE,2022-03-16,38,2022-05-09,0.963154906262624,-0.03684509373737599
T10_2022_FIRST_HIKE,T10_2022,2022,FIRST_HIKE,2022-03-16,39,2022-05-10,0.9540343299910388,-0.045965670008961235
T10_2022_FIRST_HIKE,T10_2022,2022,FIRST_HIKE,2022-03-16,40,2022-05-11,0.9606156387401853,-0.039384361259814704
T10_2022_FIRST_HIKE,T10_2022,2022,FIRST_HIKE,2022-03-16,41,2022-05-12,0.9455355867516543,-0.05446441324834572
T10_2022_FIRST_HIKE,T10_2022,2022,FIRST_HIKE,2022-03-16,42,2022-05-13,0.9370368435122699,-0.0629631564877301
T10_2022_FIRST_HIKE,T10_2022,2022,FIRST_HIKE,2022-03-16,43,2022-05-16,0.9400425174382099,-0.05995748256179012
T10_2022_FIRST_HIKE,T10_2022,2022,FIRST_HIKE,2022-03-16,44,2022-05-17,0.9425817849606487,-0.057418215039351295
T10_2022_FIRST_HIKE,T10_2022,2022,FIRST_HIKE,2022-03-16,45,2022-05-18,0.9410271391214454,-0.05897286087855458
T10_2022_FIRST_HIKE,T10_2022,2022,FIRST_HIKE,2022-03-16,46,2022-05-19,0.9541379477435052,-0.045862052256494756
T10_2022_FIRST_HIKE,T10_2022,2022,FIRST_HIKE,2022-03-16,47,2022-05-20,0.9546043541470064,-0.045395645852993605
T10_2022_FIRST_HIKE,T10_2022,2022,FIRST_HIKE,2022-03-16,48,2022-05-23,0.9575582191967131,-0.042441780803286866
T10_2022_FIRST_HIKE,T10_2022,2022,FIRST_HIKE,2022-03-16,49,2022-05-24,0.9666787954682985,-0.03332120453170151
T10_2022_FIRST_HIKE,T10_2022,2022,FIRST_HIKE,2022-03-16,50,2022-05-25,0.9567808962771116,-0.0432191037228884
T10_2022_FIRST_HIKE,T10_2022,2022,FIRST_HIKE,2022-03-16,51,2022-05-26,0.9574545381855456,-0.0425454618144544
T10_2022_FIRST_HIKE,T10_2022,2022,FIRST_HIKE,2022-03-16,52,2022-05-27,0.9593719726757836,-0.04062802732421644
T10_2022_FIRST_HIKE,T10_2022,2022,FIRST_HIKE,2022-03-16,53,2022-05-31,0.9549152706631068,-0.045084729336893226
T10_2022_FIRST_HIKE,T10_2022,2022,FIRST_HIKE,2022-03-16,54,2022-06-01,0.9580245623415132,-0.04197543765848677
T10_2022_FIRST_HIKE,T10_2022,2022,FIRST_HIKE,2022-03-16,55,2022-06-02,0.969788087146705,-0.030211912853295053
T10_2022_FIRST_HIKE,T10_2022,2022,FIRST_HIKE,2022-03-16,56,2022-06-03,0.9588018852611149,-0.04119811473888513
T10_2022_FIRST_HIKE,T10_2022,2022,FIRST_HIKE,2022-03-16,57,2022-06-06,0.9554334859428412,-0.044566514057158835
T10_2022_FIRST_HIKE,T10_2022,2022,FIRST_HIKE,2022-03-16,58,2022-06-07,0.9597865069443504,-0.040213493055649585
T10_2022_FIRST_HIKE,T10_2022,2022,FIRST_HIKE,2022-03-16,59,2022-06-08,0.962066666826922,-0.03793333317307801
T10_2022_FIRST_HIKE,T10_2022,2022,FIRST_HIKE,2022-03-16,60,2022-06-09,0.9601492955953852,-0.0398507044046148
T10_2022_FIRST_HIKE,T10_2022,2022,FIRST_HIKE,2022-03-16,61,2022-06-10,0.9719127571418757,-0.02808724285812425
T10_2022_FIRST_HIKE,T10_2022,2022,FIRST_HIKE,2022-03-16,62,2022-06-13,0.9492667747209627,-0.05073322527903734
T10_2022_FIRST_HIKE,T10_2022,2022,FIRST_HIKE,2022-03-16,63,2022-06-14,0.9397834097983426,-0.06021659020165737
T10_2022_FIRST_HIKE,T10_2022,2022,FIRST_HIKE,2022-03-16,64,2022-06-15,0.9429445103529823,-0.057055489647017676
T10_2022_FIRST_HIKE,T10_2022,2022,FIRST_HIKE,2022-03-16,65,2022-06-16,0.9586464586324152,-0.041353541367584845
T10_2022_FIRST_HIKE,T10_2022,2022,FIRST_HIKE,2022-03-16,66,2022-06-17,0.9538270312274048,-0.046172968772595246
T10_2022_FIRST_HIKE,T10_2022,2022,FIRST_HIKE,2022-03-16,67,2022-06-21,0.9528942816791035,-0.047105718320896495
T10_2022_FIRST_HIKE,T10_2022,2022,FIRST_HIKE,2022-03-16,68,2022-06-22,0.9526869829154695,-0.047313017084530506
T10_2022_FIRST_HIKE,T10_2022,2022,FIRST_HIKE,2022-03-16,69,2022-06-23,0.9482303441614939,-0.05176965583850612
T10_2022_FIRST_HIKE,T10_2022,2022,FIRST_HIKE,2022-03-16,70,2022-06-24,0.9484894518013611,-0.05151054819863887
T10_2022_FIRST_HIKE,T10_2022,2022,FIRST_HIKE,2022-03-16,71,2022-06-27,0.9456392677628219,-0.05436073223717808
T10_2022_FIRST_HIKE,T10_2022,2022,FIRST_HIKE,2022-03-16,72,2022-06-28,0.9437736421488171,-0.056226357851182907
T10_2022_FIRST_HIKE,T10_2022,2022,FIRST_HIKE,2022-03-16,73,2022-06-29,0.9418562709172803,-0.0581437290827197
T10_2022_FIRST_HIKE,T10_2022,2022,FIRST_HIKE,2022-03-16,74,2022-06-30,0.9365705003674698,-0.0634294996325302
T10_2022_FIRST_HIKE,T10_2022,2022,FIRST_HIKE,2022-03-16,75,2022-07-01,0.9335648264415298,-0.06643517355847017
T10_2022_FIRST_HIKE,T10_2022,2022,FIRST_HIKE,2022-03-16,76,2022-07-05,0.9140799445752564,-0.08592005542474357
T10_2022_FIRST_HIKE,T10_2022,2022,FIRST_HIKE,2022-03-16,77,2022-07-06,0.8998808332587935,-0.10011916674120647
T10_2022_FIRST_HIKE,T10_2022,2022,FIRST_HIKE,2022-03-16,78,2022-07-07,0.9015390968504632,-0.09846090314953682
T10_2022_FIRST_HIKE,T10_2022,2022,FIRST_HIKE,2022-03-16,79,2022-07-08,0.9028865071847335,-0.09711349281526649
T10_2022_FIRST_HIKE,T10_2022,2022,FIRST_HIKE,2022-03-16,80,2022-07-11,0.897393374612588,-0.10260662538741205
T10_2022_FIRST_HIKE,T10_2022,2022,FIRST_HIKE,2022-03-16,81,2022-07-12,0.8938177397893814,-0.1061822602106186
T10_2022_FIRST_HIKE,T10_2022,2022,FIRST_HIKE,2022-03-16,82,2022-07-13,0.8993626179790591,-0.10063738202094086
T10_2022_FIRST_HIKE,T10_2022,2022,FIRST_HIKE,2022-03-16,83,2022-07-14,0.8839716494744277,-0.11602835052557225
T10_2022_FIRST_HIKE,T10_2022,2022,FIRST_HIKE,2022-03-16,84,2022-07-15,0.8828315379037913,-0.11716846209620868
T10_2022_FIRST_HIKE,T10_2022,2022,FIRST_HIKE,2022-03-16,85,2022-07-18,0.8862517460982982,-0.11374825390170185
T10_2022_FIRST_HIKE,T10_2022,2022,FIRST_HIKE,2022-03-16,86,2022-07-19,0.8865108537381654,-0.1134891462618346
T10_2022_FIRST_HIKE,T10_2022,2022,FIRST_HIKE,2022-03-16,87,2022-07-20,0.8810695933009541,-0.11893040669904587
T10_2022_FIRST_HIKE,T10_2022,2022,FIRST_HIKE,2022-03-16,88,2022-07-21,0.887910072948669,-0.11208992705133103
T10_2022_FIRST_HIKE,T10_2022,2022,FIRST_HIKE,2022-03-16,89,2022-07-22,0.8951650868649507,-0.10483491313504933
T10_2022_FIRST_HIKE,T10_2022,2022,FIRST_HIKE,2022-03-16,90,2022-07-25,0.8908638747396747,-0.10913612526032535
T10_2022_FIRST_HIKE,T10_2022,2022,FIRST_HIKE,2022-03-16,91,2022-07-26,0.8901383606963063,-0.10986163930369375
T10_2022_FIRST_HIKE,T10_2022,2022,FIRST_HIKE,2022-03-16,92,2022-07-27,0.8908638747396747,-0.10913612526032535
T10_2022_FIRST_HIKE,T10_2022,2022,FIRST_HIKE,2022-03-16,93,2022-07-28,0.9070322294226087,-0.09296777057739125
T10_2022_FIRST_HIKE,T10_2022,2022,FIRST_HIKE,2022-03-16,94,2022-07-29,0.913561729295522,-0.08643827070447796
T10_2022_FIRST_HIKE,T10_2022,2022,FIRST_HIKE,2022-03-16,95,2022-08-01,0.9264134302777145,-0.0735865697222855
T10_2022_FIRST_HIKE,T10_2022,2022,FIRST_HIKE,2022-03-16,96,2022-08-02,0.9274498608371834,-0.07255013916281661
T10_2022_FIRST_HIKE,T10_2022,2022,FIRST_HIKE,2022-03-16,97,2022-08-03,0.9205576355719365,-0.07944236442806352
T10_2022_FIRST_HIKE,T10_2022,2022,FIRST_HIKE,2022-03-16,98,2022-08-04,0.9363632016038358,-0.06363679839616421
T10_2022_FIRST_HIKE,T10_2022,2022,FIRST_HIKE,2022-03-16,99,2022-08-05,0.9282271837567849,-0.07177281624321508
T10_2022_FIRST_HIKE,T10_2022,2022,FIRST_HIKE,2022-03-16,100,2022-08-08,0.9354821976730666,-0.06451780232693338
T10_2022_FIRST_HIKE,T10_2022,2022,FIRST_HIKE,2022-03-16,101,2022-08-09,0.9391615767661419,-0.06083842323385813
T10_2022_FIRST_HIKE,T10_2022,2022,FIRST_HIKE,2022-03-16,102,2022-08-10,0.9398870275508091,-0.06011297244919089
T10_2022_FIRST_HIKE,T10_2022,2022,FIRST_HIKE,2022-03-16,103,2022-08-11,0.9365186282325354,-0.0634813717674646
T10_2022_FIRST_HIKE,T10_2022,2022,FIRST_HIKE,2022-03-16,104,2022-08-12,0.9408198403578114,-0.05918015964218859
T10_2022_FIRST_HIKE,T10_2022,2022,FIRST_HIKE,2022-03-16,105,2022-08-15,0.9318028818386926,-0.06819711816130736
T10_2022_FIRST_HIKE,T10_2022,2022,FIRST_HIKE,2022-03-16,106,2022-08-16,0.9274498608371834,-0.07255013916281661
T10_2022_FIRST_HIKE,T10_2022,2022,FIRST_HIKE,2022-03-16,107,2022-08-17,0.9207130622006361,-0.07928693779936391
T10_2022_FIRST_HIKE,T10_2022,2022,FIRST_HIKE,2022-03-16,108,2022-08-18,0.9178628781620969,-0.08213712183790312
T10_2022_FIRST_HIKE,T10_2022,2022,FIRST_HIKE,2022-03-16,109,2022-08-19,0.913561729295522,-0.08643827070447796
T10_2022_FIRST_HIKE,T10_2022,2022,FIRST_HIKE,2022-03-16,110,2022-08-22,0.9060476077393731,-0.0939523922606269
T10_2022_FIRST_HIKE,T10_2022,2022,FIRST_HIKE,2022-03-16,111,2022-08-23,0.9126807253647529,-0.08731927463524713
T10_2022_FIRST_HIKE,T10_2022,2022,FIRST_HIKE,2022-03-16,112,2022-08-24,0.9128362152521536,-0.08716378474784636
T10_2022_FIRST_HIKE,T10_2022,2022,FIRST_HIKE,2022-03-16,113,2022-08-25,0.9179665591732644,-0.08203344082673558
T10_2022_FIRST_HIKE,T10_2022,2022,FIRST_HIKE,2022-03-16,114,2022-08-26,0.9067731217827415,-0.0932268782172585
T10_2022_FIRST_HIKE,T10_2022,2022,FIRST_HIKE,2022-03-16,115,2022-08-29,0.9067212496478072,-0.0932787503521928
T10_2022_FIRST_HIKE,T10_2022,2022,FIRST_HIKE,2022-03-16,116,2022-08-30,0.899777215506327,-0.10022278449367295
T10_2022_FIRST_HIKE,T10_2022,2022,FIRST_HIKE,2022-03-16,117,2022-08-31,0.8945431905740486,-0.10545680942595137
T10_2022_FIRST_HIKE,T10_2022,2022,FIRST_HIKE,2022-03-16,118,2022-09-01,0.8857854029534982,-0.11421459704650183
T10_2022_FIRST_HIKE,T10_2022,2022,FIRST_HIKE,2022-03-16,119,2022-09-02,0.8926776282187451,-0.10732237178125492
T10_2022_FIRST_HIKE,T10_2022,2022,FIRST_HIKE,2022-03-16,120,2022-09-06,0.8876509653088018,-0.11234903469119817
T10_2022_FIRST_HIKE,T10_2022,2022,FIRST_HIKE,2022-03-16,121,2022-09-07,0.8953723856285847,-0.10462761437141532
T10_2022_FIRST_HIKE,T10_2022,2022,FIRST_HIKE,2022-03-16,122,2022-09-08,0.8914338988956423,-0.10856610110435772
T10_2022_FIRST_HIKE,T10_2022,2022,FIRST_HIKE,2022-03-16,123,2022-09-09,0.8957869198971514,-0.10421308010284858
T10_2022_FIRST_HIKE,T10_2022,2022,FIRST_HIKE,2022-03-16,124,2022-09-12,0.9020055032539643,-0.09799449674603566
T10_2022_FIRST_HIKE,T10_2022,2022,FIRST_HIKE,2022-03-16,125,2022-09-13,0.8899829340676066,-0.11001706593239335
T10_2022_FIRST_HIKE,T10_2022,2022,FIRST_HIKE,2022-03-16,126,2022-09-14,0.8856817219423306,-0.11431827805766936
T10_2022_FIRST_HIKE,T10_2022,2022,FIRST_HIKE,2022-03-16,127,2022-09-15,0.8692025140019972,-0.13079748599800278
T10_2022_FIRST_HIKE,T10_2022,2022,FIRST_HIKE,2022-03-16,128,2022-09-16,0.87241542343287,-0.12758457656712996
T10_2022_FIRST_HIKE,T10_2022,2022,FIRST_HIKE,2022-03-16,129,2022-09-19,0.8696688571467972,-0.1303311428532028
T10_2022_FIRST_HIKE,T10_2022,2022,FIRST_HIKE,2022-03-16,130,2022-09-20,0.8659895413124232,-0.13401045868757677
T10_2022_FIRST_HIKE,T10_2022,2022,FIRST_HIKE,2022-03-16,131,2022-09-21,0.8683733189474613,-0.13162668105253872
T10_2022_FIRST_HIKE,T10_2022,2022,FIRST_HIKE,2022-03-16,132,2022-09-22,0.8711716941097672,-0.12882830589023275
T10_2022_FIRST_HIKE,T10_2022,2022,FIRST_HIKE,2022-03-16,133,2022-09-23,0.8579572044765399,-0.1420427955234601
T10_2022_FIRST_HIKE,T10_2022,2022,FIRST_HIKE,2022-03-16,134,2022-09-26,0.8464528505699166,-0.1535471494300834
T10_2022_FIRST_HIKE,T10_2022,2022,FIRST_HIKE,2022-03-16,135,2022-09-27,0.8479038153979522,-0.15209618460204777
T10_2022_FIRST_HIKE,T10_2022,2022,FIRST_HIKE,2022-03-16,136,2022-09-28,0.8654195171564556,-0.1345804828435444
T10_2022_FIRST_HIKE,T10_2022,2022,FIRST_HIKE,2022-03-16,137,2022-09-29,0.8646940031130872,-0.1353059968869128
T10_2022_FIRST_HIKE,T10_2022,2022,FIRST_HIKE,2022-03-16,138,2022-09-30,0.8664559477159244,-0.13354405228407562
T10_2022_FIRST_HIKE,T10_2022,2022,FIRST_HIKE,2022-03-16,139,2022-10-03,0.8820024061079565,-0.11799759389204345
T10_2022_FIRST_HIKE,T10_2022,2022,FIRST_HIKE,2022-03-16,140,2022-10-04,0.8967715415803871,-0.10322845841961292
T10_2022_FIRST_HIKE,T10_2022,2022,FIRST_HIKE,2022-03-16,141,2022-10-05,0.8917448786704438,-0.10825512132955617
T10_2022_FIRST_HIKE,T10_2022,2022,FIRST_HIKE,2022-03-16,142,2022-10-06,0.8917448786704438,-0.10825512132955617
T10_2022_FIRST_HIKE,T10_2022,2022,FIRST_HIKE,2022-03-16,143,2022-10-07,0.8857854029534982,-0.11421459704650183
T10_2022_FIRST_HIKE,T10_2022,2022,FIRST_HIKE,2022-03-16,144,2022-10-10,0.868114211307594,-0.13188578869240597
T10_2022_FIRST_HIKE,T10_2022,2022,FIRST_HIKE,2022-03-16,145,2022-10-11,0.8737109616322061,-0.12628903836779393
T10_2022_FIRST_HIKE,T10_2022,2022,FIRST_HIKE,2022-03-16,146,2022-10-12,0.8693061317544636,-0.13069386824553642
T10_2022_FIRST_HIKE,T10_2022,2022,FIRST_HIKE,2022-03-16,147,2022-10-13,0.8690470241145964,-0.13095297588540356
T10_2022_FIRST_HIKE,T10_2022,2022,FIRST_HIKE,2022-03-16,148,2022-10-14,0.8544851874057999,-0.14551481259420007
T10_2022_FIRST_HIKE,T10_2022,2022,FIRST_HIKE,2022-03-16,149,2022-10-17,0.8623102254780491,-0.13768977452195086
T10_2022_FIRST_HIKE,T10_2022,2022,FIRST_HIKE,2022-03-16,150,2022-10-18,0.8580608854877075,-0.14193911451229246
T10_2022_FIRST_HIKE,T10_2022,2022,FIRST_HIKE,2022-03-16,151,2022-10-19,0.8468673848384835,-0.15313261516151655
T10_2022_FIRST_HIKE,T10_2022,2022,FIRST_HIKE,2022-03-16,152,2022-10-20,0.8482147951727538,-0.15178520482724622
T10_2022_FIRST_HIKE,T10_2022,2022,FIRST_HIKE,2022-03-16,153,2022-10-21,0.8583199931275747,-0.14168000687242532
T10_2022_FIRST_HIKE,T10_2022,2022,FIRST_HIKE,2022-03-16,154,2022-10-24,0.8571798815569384,-0.14282011844306164
T10_2022_FIRST_HIKE,T10_2022,2022,FIRST_HIKE,2022-03-16,155,2022-10-25,0.8592009337996427,-0.14079906620035731
T10_2022_FIRST_HIKE,T10_2022,2022,FIRST_HIKE,2022-03-16,156,2022-10-26,0.8650049196291876,-0.13499508037081243
T10_2022_FIRST_HIKE,T10_2022,2022,FIRST_HIKE,2022-03-16,157,2022-10-27,0.863139357273884,-0.13686064272611598
T10_2022_FIRST_HIKE,T10_2022,2022,FIRST_HIKE,2022-03-16,158,2022-10-28,0.852360517410629,-0.14763948258937099
T10_2022_FIRST_HIKE,T10_2022,2022,FIRST_HIKE,2022-03-16,159,2022-10-31,0.850235784156757,-0.14976421584324295
T10_2022_FIRST_HIKE,T10_2022,2022,FIRST_HIKE,2022-03-16,160,2022-11-01,0.8548997216743667,-0.14510027832563333
T10_2022_FIRST_HIKE,T10_2022,2022,FIRST_HIKE,2022-03-16,161,2022-11-02,0.8550552115617676,-0.14494478843823244
T10_2022_FIRST_HIKE,T10_2022,2022,FIRST_HIKE,2022-03-16,162,2022-11-03,0.8451573123705806,-0.15484268762941944
T10_2022_FIRST_HIKE,T10_2022,2022,FIRST_HIKE,2022-03-16,163,2022-11-04,0.8688397253509624,-0.13116027464903757
T10_2022_FIRST_HIKE,T10_2022,2022,FIRST_HIKE,2022-03-16,164,2022-11-07,0.8708607775936669,-0.12913922240633313
T10_2022_FIRST_HIKE,T10_2022,2022,FIRST_HIKE,2022-03-16,165,2022-11-08,0.8892574200242382,-0.11074257997576176
T10_2022_FIRST_HIKE,T10_2022,2022,FIRST_HIKE,2022-03-16,166,2022-11-09,0.8880654995773686,-0.11193450042263142
T10_2022_FIRST_HIKE,T10_2022,2022,FIRST_HIKE,2022-03-16,167,2022-11-10,0.9087941107667448,-0.09120588923325523
T10_2022_FIRST_HIKE,T10_2022,2022,FIRST_HIKE,2022-03-16,168,2022-11-11,0.9169301286137956,-0.08306987138620436
T10_2022_FIRST_HIKE,T10_2022,2022,FIRST_HIKE,2022-03-16,169,2022-11-14,0.9208167432118036,-0.07918325678819638
T10_2022_FIRST_HIKE,T10_2022,2022,FIRST_HIKE,2022-03-16,170,2022-11-15,0.9207649343355705,-0.0792350656644295
T10_2022_FIRST_HIKE,T10_2022,2022,FIRST_HIKE,2022-03-16,171,2022-11-16,0.9202467190558361,-0.0797532809441639
T10_2022_FIRST_HIKE,T10_2022,2022,FIRST_HIKE,2022-03-16,172,2022-11-17,0.9136135381717552,-0.08638646182824483
T10_2022_FIRST_HIKE,T10_2022,2022,FIRST_HIKE,2022-03-16,173,2022-11-18,0.9091568994177796,-0.09084310058222045
T10_2022_FIRST_HIKE,T10_2022,2022,FIRST_HIKE,2022-03-16,174,2022-11-21,0.90148728797423,-0.09851271202577006
T10_2022_FIRST_HIKE,T10_2022,2022,FIRST_HIKE,2022-03-16,175,2022-11-22,0.9016427778616307,-0.09835722213836928
T10_2022_FIRST_HIKE,T10_2022,2022,FIRST_HIKE,2022-03-16,176,2022-11-23,0.9045965796526364,-0.0954034203473636
T10_2022_FIRST_HIKE,T10_2022,2022,FIRST_HIKE,2022-03-16,177,2022-11-25,0.9089496006541455,-0.09105039934585446
T10_2022_FIRST_HIKE,T10_2022,2022,FIRST_HIKE,2022-03-16,178,2022-11-28,0.9018500766252647,-0.09814992337473527
T10_2022_FIRST_HIKE,T10_2022,2022,FIRST_HIKE,2022-03-16,179,2022-11-29,0.9060476077393731,-0.0939523922606269
T10_2022_FIRST_HIKE,T10_2022,2022,FIRST_HIKE,2022-03-16,180,2022-11-30,0.9048038784162703,-0.0951961215837297
T10_2022_FIRST_HIKE,T10_2022,2022,FIRST_HIKE,2022-03-16,181,2022-12-01,0.9406643504704106,-0.05933564952958936
T10_2022_FIRST_HIKE,T10_2022,2022,FIRST_HIKE,2022-03-16,182,2022-12-02,0.9377623575556382,-0.06223764244436181
T10_2022_FIRST_HIKE,T10_2022,2022,FIRST_HIKE,2022-03-16,183,2022-12-05,0.9230969030943753,-0.07690309690562469
T10_2022_FIRST_HIKE,T10_2022,2022,FIRST_HIKE,2022-03-16,184,2022-12-06,0.9236669272503429,-0.07633307274965706
T10_2022_FIRST_HIKE,T10_2022,2022,FIRST_HIKE,2022-03-16,185,2022-12-07,0.9317510729624594,-0.0682489270375406
T10_2022_FIRST_HIKE,T10_2022,2022,FIRST_HIKE,2022-03-16,186,2022-12-08,0.9335648264415298,-0.06643517355847017
T10_2022_FIRST_HIKE,T10_2022,2022,FIRST_HIKE,2022-03-16,187,2022-12-09,0.9383323817116058,-0.06166761828839418
T10_2022_FIRST_HIKE,T10_2022,2022,FIRST_HIKE,2022-03-16,188,2022-12-12,0.9287972711714537,-0.07120272882854628
T10_2022_FIRST_HIKE,T10_2022,2022,FIRST_HIKE,2022-03-16,189,2022-12-13,0.9460019931551555,-0.05399800684484446
T10_2022_FIRST_HIKE,T10_2022,2022,FIRST_HIKE,2022-03-16,190,2022-12-14,0.9424781039494811,-0.05752189605051894
T10_2022_FIRST_HIKE,T10_2022,2022,FIRST_HIKE,2022-03-16,191,2022-12-15,0.9264653024126489,-0.0735346975873511
T10_2022_FIRST_HIKE,T10_2022,2022,FIRST_HIKE,2022-03-16,192,2022-12-16,0.9328911212743947,-0.06710887872560534
T10_2022_FIRST_HIKE,T10_2022,2022,FIRST_HIKE,2022-03-16,193,2022-12-19,0.9315955830750586,-0.06840441692494137
T10_2022_FIRST_HIKE,T10_2022,2022,FIRST_HIKE,2022-03-16,194,2022-12-20,0.9459501842789223,-0.0540498157210777
T10_2022_FIRST_HIKE,T10_2022,2022,FIRST_HIKE,2022-03-16,195,2022-12-21,0.9459501842789223,-0.0540498157210777
T10_2022_FIRST_HIKE,T10_2022,2022,FIRST_HIKE,2022-03-16,196,2022-12-22,0.9303519170106569,-0.06964808298934311
T10_2022_FIRST_HIKE,T10_2022,2022,FIRST_HIKE,2022-03-16,197,2022-12-23,0.9349639823933322,-0.06503601760666777
T10_2022_FIRST_HIKE,T10_2022,2022,FIRST_HIKE,2022-03-16,198,2022-12-27,0.9447582638320527,-0.05524173616794725
T10_2022_FIRST_HIKE,T10_2022,2022,FIRST_HIKE,2022-03-16,199,2022-12-28,0.9409753302452122,-0.05902466975478782
T10_2022_FIRST_HIKE,T10_2022,2022,FIRST_HIKE,2022-03-16,200,2022-12-29,0.9462611007950227,-0.05373889920497732
T10_2022_FIRST_HIKE,T10_2022,2022,FIRST_HIKE,2022-03-16,201,2022-12-30,0.9463647185474892,-0.05363528145251084
T10_2022_FIRST_HIKE,T10_2022,2022,FIRST_HIKE,2022-03-16,202,2023-01-03,0.956677215265944,-0.04332278473405604
T10_2022_FIRST_HIKE,T10_2022,2022,FIRST_HIKE,2022-03-16,203,2023-01-04,0.963362205026258,-0.03663779497374198
T10_2022_FIRST_HIKE,T10_2022,2022,FIRST_HIKE,2022-03-16,204,2023-01-05,0.9538270312274048,-0.046172968772595246
T10_2022_FIRST_HIKE,T10_2022,2022,FIRST_HIKE,2022-03-16,205,2023-01-06,0.9689070832159358,-0.03109291678406423
T10_2022_FIRST_HIKE,T10_2022,2022,FIRST_HIKE,2022-03-16,206,2023-01-09,0.9731046775887453,-0.026895322411254696
T10_2022_FIRST_HIKE,T10_2022,2022,FIRST_HIKE,2022-03-16,207,2023-01-10,0.9724309724216101,-0.02756902757838986
T10_2022_FIRST_HIKE,T10_2022,2022,FIRST_HIKE,2022-03-16,208,2023-01-11,0.9736747017447129,-0.026325298255287066
T10_2022_FIRST_HIKE,T10_2022,2022,FIRST_HIKE,2022-03-16,209,2023-01-12,0.9839871984631678,-0.016012801536832155
T10_2022_FIRST_HIKE,T10_2022,2022,FIRST_HIKE,2022-03-16,210,2023-01-13,0.9958542777621248,-0.004145722237875238
T10_2022_FIRST_HIKE,T10_2022,2022,FIRST_HIKE,2022-03-16,211,2023-01-17,0.9897393754164795,-0.010260624583520506
T10_2022_FIRST_HIKE,T10_2022,2022,FIRST_HIKE,2022-03-16,212,2023-01-18,0.9882365384535094,-0.01176346154649055
T10_2022_FIRST_HIKE,T10_2022,2022,FIRST_HIKE,2022-03-16,213,2023-01-19,0.9969943893327612,-0.0030056106672388117
T10_2022_FIRST_HIKE,T10_2022,2022,FIRST_HIKE,2022-03-16,214,2023-01-20,0.9992226770803984,-0.0007773229196016418
T10_2022_FIRST_HIKE,T10_2022,2022,FIRST_HIKE,2022-03-16,215,2023-01-23,0.9994299758440324,-0.00057002415596763
T10_2022_FIRST_HIKE,T10_2022,2022,FIRST_HIKE,2022-03-16,216,2023-01-24,1.0029538650497067,0.0029538650497067387
T10_2022_FIRST_HIKE,T10_2022,2022,FIRST_HIKE,2022-03-16,217,2023-01-25,1.006684989760314,0.006684989760314064
T10_2022_FIRST_HIKE,T10_2022,2022,FIRST_HIKE,2022-03-16,218,2023-01-26,1.0001554898874008,0.00015548988740077263
T10_2022_FIRST_HIKE,T10_2022,2022,FIRST_HIKE,2022-03-16,219,2023-01-27,0.9998445733713004,-0.00015542662869960644
T10_2022_FIRST_HIKE,T10_2022,2022,FIRST_HIKE,2022-03-16,220,2023-01-30,0.9964761740530267,-0.0035238259469733135
T10_2022_FIRST_HIKE,T10_2022,2022,FIRST_HIKE,2022-03-16,221,2023-01-31,0.9998963822475335,-0.00010361775246647831
T10_2022_FIRST_HIKE,T10_2022,2022,FIRST_HIKE,2022-03-16,222,2023-02-01,1.0067886707714817,0.0067886707714817085
T10_2022_FIRST_HIKE,T10_2022,2022,FIRST_HIKE,2022-03-16,223,2023-02-02,1.0005700874146688,0.0005700874146687962
T10_2022_FIRST_HIKE,T10_2022,2022,FIRST_HIKE,2022-03-16,224,2023-02-03,0.9724827812978434,-0.02751721870215662
T10_2022_FIRST_HIKE,T10_2022,2022,FIRST_HIKE,2022-03-16,225,2023-02-06,0.9739856182608133,-0.026014381739186687
T10_2022_FIRST_HIKE,T10_2022,2022,FIRST_HIKE,2022-03-16,226,2023-02-07,0.9767321845468862,-0.02326781545311385
T10_2022_FIRST_HIKE,T10_2022,2022,FIRST_HIKE,2022-03-16,227,2023-02-08,0.9797896040903582,-0.0202103959096418
T10_2022_FIRST_HIKE,T10_2022,2022,FIRST_HIKE,2022-03-16,228,2023-02-09,0.9734674029810789,-0.026532597018921078
T10_2022_FIRST_HIKE,T10_2022,2022,FIRST_HIKE,2022-03-16,229,2023-02-10,0.9713945418621414,-0.02860545813785864
T10_2022_FIRST_HIKE,T10_2022,2022,FIRST_HIKE,2022-03-16,230,2023-02-13,0.9656941737850628,-0.03430582621493716
T10_2022_FIRST_HIKE,T10_2022,2022,FIRST_HIKE,2022-03-16,231,2023-02-14,0.9666787954682985,-0.03332120453170151
T10_2022_FIRST_HIKE,T10_2022,2022,FIRST_HIKE,2022-03-16,232,2023-02-15,0.9562626809973772,-0.04373731900262279
T10_2022_FIRST_HIKE,T10_2022,2022,FIRST_HIKE,2022-03-16,233,2023-02-16,0.9596310803156508,-0.04036891968434919
T10_2022_FIRST_HIKE,T10_2022,2022,FIRST_HIKE,2022-03-16,234,2023-02-17,0.9588018852611149,-0.04119811473888513
T10_2022_FIRST_HIKE,T10_2022,2022,FIRST_HIKE,2022-03-16,235,2023-02-21,0.9548116529106404,-0.04518834708935959
T10_2022_FIRST_HIKE,T10_2022,2022,FIRST_HIKE,2022-03-16,236,2023-02-22,0.954293437630906,-0.045706562369093984
T10_2022_FIRST_HIKE,T10_2022,2022,FIRST_HIKE,2022-03-16,237,2023-02-23,0.9466756983222907,-0.053324301677709296
T10_2022_FIRST_HIKE,T10_2022,2022,FIRST_HIKE,2022-03-16,238,2023-02-24,0.9416489721536463,-0.05835102784635371
T10_2022_FIRST_HIKE,T10_2022,2022,FIRST_HIKE,2022-03-16,239,2023-02-27,0.945691076639055,-0.05430892336094495
T10_2022_FIRST_HIKE,T10_2022,2022,FIRST_HIKE,2022-03-16,240,2023-02-28,0.9518059789847004,-0.04819402101529957
T10_2022_FIRST_HIKE,T10_2022,2022,FIRST_HIKE,2022-03-16,241,2023-03-01,0.9563144898736103,-0.04368551012638966
T10_2022_FIRST_HIKE,T10_2022,2022,FIRST_HIKE,2022-03-16,242,2023-03-02,0.9537752223511716,-0.046224777648828375
T10_2022_FIRST_HIKE,T10_2022,2022,FIRST_HIKE,2022-03-16,243,2023-03-03,0.9610820451436864,-0.03891795485631355
T10_2022_FIRST_HIKE,T10_2022,2022,FIRST_HIKE,2022-03-16,244,2023-03-06,0.9610820451436864,-0.03891795485631355
T10_2022_FIRST_HIKE,T10_2022,2022,FIRST_HIKE,2022-03-16,245,2023-03-07,0.9431518091166162,-0.056848190883383776
T10_2022_FIRST_HIKE,T10_2022,2022,FIRST_HIKE,2022-03-16,246,2023-03-08,0.9424262950732479,-0.05757370492675207
T10_2022_FIRST_HIKE,T10_2022,2022,FIRST_HIKE,2022-03-16,247,2023-03-09,0.9507177395489984,-0.04928226045100159
T10_2022_FIRST_HIKE,T10_2022,2022,FIRST_HIKE,2022-03-16,248,2023-03-10,0.9676115450165997,-0.03238845498340026
T10_2022_FIRST_HIKE,T10_2022,2022,FIRST_HIKE,2022-03-16,249,2023-03-13,0.9931595836109863,-0.0068404163890136704
T10_2022_FIRST_HIKE,T10_2022,2022,FIRST_HIKE,2022-03-16,250,2023-03-14,0.9902575906962139,-0.009742409303786115
T10_2022_FIRST_HIKE,T10_2022,2022,FIRST_HIKE,2022-03-16,251,2023-03-15,1.000829195054536,0.0008291950545360471
T10_2022_FIRST_HIKE,T10_2022,2022,FIRST_HIKE,2022-03-16,252,2023-03-16,0.9965279829292599,-0.0034720170707400744
T10_2022_TIGHTENING_CYCLE_START,T10_2022,2022,TIGHTENING_CYCLE_START,2022-03-16,-60,2021-12-16,0.9318546907149258,-0.06814530928507423
T10_2022_TIGHTENING_CYCLE_START,T10_2022,2022,TIGHTENING_CYCLE_START,2022-03-16,-59,2021-12-17,0.935326771044367,-0.06467322895563299
T10_2022_TIGHTENING_CYCLE_START,T10_2022,2022,TIGHTENING_CYCLE_START,2022-03-16,-58,2021-12-20,0.9299891283596222,-0.07001087164037778
T10_2022_TIGHTENING_CYCLE_START,T10_2022,2022,TIGHTENING_CYCLE_START,2022-03-16,-57,2021-12-21,0.926931645557449,-0.073068354442551
T10_2022_TIGHTENING_CYCLE_START,T10_2022,2022,TIGHTENING_CYCLE_START,2022-03-16,-56,2021-12-22,0.9339275518338634,-0.06607244816613655
T10_2022_TIGHTENING_CYCLE_START,T10_2022,2022,TIGHTENING_CYCLE_START,2022-03-16,-55,2021-12-23,0.9388505969913402,-0.061149403008659786
T10_2022_TIGHTENING_CYCLE_START,T10_2022,2022,TIGHTENING_CYCLE_START,2022-03-16,-54,2021-12-27,0.9373478232870714,-0.06265217671292855
T10_2022_TIGHTENING_CYCLE_START,T10_2022,2022,TIGHTENING_CYCLE_START,2022-03-16,-53,2021-12-28,0.9384360627227735,-0.06156393727722653
T10_2022_TIGHTENING_CYCLE_START,T10_2022,2022,TIGHTENING_CYCLE_START,2022-03-16,-52,2021-12-29,0.9357931774478682,-0.06420682255213184
T10_2022_TIGHTENING_CYCLE_START,T10_2022,2022,TIGHTENING_CYCLE_START,2022-03-16,-51,2021-12-30,0.940094326314443,-0.05990567368555699
T10_2022_TIGHTENING_CYCLE_START,T10_2022,2022,TIGHTENING_CYCLE_START,2022-03-16,-50,2021-12-31,0.947608447870592,-0.05239155212940805
T10_2022_TIGHTENING_CYCLE_START,T10_2022,2022,TIGHTENING_CYCLE_START,2022-03-16,-49,2022-01-03,0.9328393123981614,-0.06716068760183858
T10_2022_TIGHTENING_CYCLE_START,T10_2022,2022,TIGHTENING_CYCLE_START,2022-03-16,-48,2022-01-04,0.9403534339543103,-0.05964656604568974
T10_2022_TIGHTENING_CYCLE_START,T10_2022,2022,TIGHTENING_CYCLE_START,2022-03-16,-47,2022-01-05,0.9457946943915215,-0.05420530560847847
T10_2022_TIGHTENING_CYCLE_START,T10_2022,2022,TIGHTENING_CYCLE_START,2022-03-16,-46,2022-01-06,0.9271907531973161,-0.07280924680268386
T10_2022_TIGHTENING_CYCLE_START,T10_2022,2022,TIGHTENING_CYCLE_START,2022-03-16,-45,2022-01-07,0.9314401564463589,-0.06855984355364109
T10_2022_TIGHTENING_CYCLE_START,T10_2022,2022,TIGHTENING_CYCLE_START,2022-03-16,-44,2022-01-10,0.9321656704897273,-0.06783432951027268
T10_2022_TIGHTENING_CYCLE_START,T10_2022,2022,TIGHTENING_CYCLE_START,2022-03-16,-43,2022-01-11,0.9423744861970147,-0.057625513802985306
T10_2022_TIGHTENING_CYCLE_START,T10_2022,2022,TIGHTENING_CYCLE_START,2022-03-16,-42,2022-01-12,0.9469348059621578,-0.053065194037842156
T10_2022_TIGHTENING_CYCLE_START,T10_2022,2022,TIGHTENING_CYCLE_START,2022-03-16,-41,2022-01-13,0.9438773231599846,-0.05612267684001537
T10_2022_TIGHTENING_CYCLE_START,T10_2022,2022,TIGHTENING_CYCLE_START,2022-03-16,-40,2022-01-14,0.9413380556375459,-0.05866194436245409
T10_2022_TIGHTENING_CYCLE_START,T10_2022,2022,TIGHTENING_CYCLE_START,2022-03-16,-39,2022-01-18,0.939213385642375,-0.060786614357625
T10_2022_TIGHTENING_CYCLE_START,T10_2022,2022,TIGHTENING_CYCLE_START,2022-03-16,-38,2022-01-19,0.955174378302974,-0.044825621697025975
T10_2022_TIGHTENING_CYCLE_START,T10_2022,2022,TIGHTENING_CYCLE_START,2022-03-16,-37,2022-01-20,0.9548634617868736,-0.045136538213126354
T10_2022_TIGHTENING_CYCLE_START,T10_2022,2022,TIGHTENING_CYCLE_START,2022-03-16,-36,2022-01-21,0.9492667747209627,-0.05073322527903734
T10_2022_TIGHTENING_CYCLE_START,T10_2022,2022,TIGHTENING_CYCLE_START,2022-03-16,-35,2022-01-24,0.9543970553833724,-0.045602944616627616
T10_2022_TIGHTENING_CYCLE_START,T10_2022,2022,TIGHTENING_CYCLE_START,2022-03-16,-34,2022-01-25,0.9599938057079844,-0.04000619429201557
T10_2022_TIGHTENING_CYCLE_START,T10_2022,2022,TIGHTENING_CYCLE_START,2022-03-16,-33,2022-01-26,0.9481784720265596,-0.05182152797344042
T10_2022_TIGHTENING_CYCLE_START,T10_2022,2022,TIGHTENING_CYCLE_START,2022-03-16,-32,2022-01-27,0.9292118054400206,-0.07078819455997942
T10_2022_TIGHTENING_CYCLE_START,T10_2022,2022,TIGHTENING_CYCLE_START,2022-03-16,-31,2022-01-28,0.9249624654496789,-0.07503753455032114
T10_2022_TIGHTENING_CYCLE_START,T10_2022,2022,TIGHTENING_CYCLE_START,2022-03-16,-30,2022-01-31,0.9301964271232561,-0.06980357287674388
T10_2022_TIGHTENING_CYCLE_START,T10_2022,2022,TIGHTENING_CYCLE_START,2022-03-16,-29,2022-02-01,0.9335648264415298,-0.06643517355847017
T10_2022_TIGHTENING_CYCLE_START,T10_2022,2022,TIGHTENING_CYCLE_START,2022-03-16,-28,2022-02-02,0.938125146206673,-0.06187485379332702
T10_2022_TIGHTENING_CYCLE_START,T10_2022,2022,TIGHTENING_CYCLE_START,2022-03-16,-27,2022-02-03,0.934912173517099,-0.06508782648290101
T10_2022_TIGHTENING_CYCLE_START,T10_2022,2022,TIGHTENING_CYCLE_START,2022-03-16,-26,2022-02-04,0.936829608007337,-0.06317039199266306
T10_2022_TIGHTENING_CYCLE_START,T10_2022,2022,TIGHTENING_CYCLE_START,2022-03-16,-25,2022-02-07,0.9440846219236186,-0.05591537807638136
T10_2022_TIGHTENING_CYCLE_START,T10_2022,2022,TIGHTENING_CYCLE_START,2022-03-16,-24,2022-02-08,0.9472457224782583,-0.052754277521741666
T10_2022_TIGHTENING_CYCLE_START,T10_2022,2022,TIGHTENING_CYCLE_START,2022-03-16,-23,2022-02-09,0.9517541701084672,-0.04824582989153281
T10_2022_TIGHTENING_CYCLE_START,T10_2022,2022,TIGHTENING_CYCLE_START,2022-03-16,-22,2022-02-10,0.9521687676357351,-0.0478312323642649
T10_2022_TIGHTENING_CYCLE_START,T10_2022,2022,TIGHTENING_CYCLE_START,2022-03-16,-21,2022-02-11,0.9546043541470064,-0.045395645852993605
T10_2022_TIGHTENING_CYCLE_START,T10_2022,2022,TIGHTENING_CYCLE_START,2022-03-16,-20,2022-02-14,0.968751656587236,-0.031248343412763946
T10_2022_TIGHTENING_CYCLE_START,T10_2022,2022,TIGHTENING_CYCLE_START,2022-03-16,-19,2022-02-15,0.9619111769395212,-0.03808882306047878
T10_2022_TIGHTENING_CYCLE_START,T10_2022,2022,TIGHTENING_CYCLE_START,2022-03-16,-18,2022-02-16,0.9698398960229381,-0.030160103977061925
T10_2022_TIGHTENING_CYCLE_START,T10_2022,2022,TIGHTENING_CYCLE_START,2022-03-16,-17,2022-02-17,0.9856454620548375,-0.014354537945162504
T10_2022_TIGHTENING_CYCLE_START,T10_2022,2022,TIGHTENING_CYCLE_START,2022-03-16,-16,2022-02-18,0.9845054137429022,-0.015494586257097764
T10_2022_TIGHTENING_CYCLE_START,T10_2022,2022,TIGHTENING_CYCLE_START,2022-03-16,-15,2022-02-22,0.9884438372171435,-0.011556162782856538
T10_2022_TIGHTENING_CYCLE_START,T10_2022,2022,TIGHTENING_CYCLE_START,2022-03-16,-14,2022-02-23,0.9899984830563466,-0.010001516943653366
T10_2022_TIGHTENING_CYCLE_START,T10_2022,2022,TIGHTENING_CYCLE_START,2022-03-16,-13,2022-02-24,0.998238118655864,-0.0017618813441360182
T10_2022_TIGHTENING_CYCLE_START,T10_2022,2022,TIGHTENING_CYCLE_START,2022-03-16,-12,2022-02-25,0.9781831493749218,-0.02181685062507821
T10_2022_TIGHTENING_CYCLE_START,T10_2022,2022,TIGHTENING_CYCLE_START,2022-03-16,-11,2022-02-28,0.9849717568877022,-0.015028243112297779
T10_2022_TIGHTENING_CYCLE_START,T10_2022,2022,TIGHTENING_CYCLE_START,2022-03-16,-10,2022-03-01,1.007306886051216,0.007306886051215988
T10_2022_TIGHTENING_CYCLE_START,T10_2022,2022,TIGHTENING_CYCLE_START,2022-03-16,-9,2022-03-02,0.9961652575369263,-0.0038347424630736926
T10_2022_TIGHTENING_CYCLE_START,T10_2022,2022,TIGHTENING_CYCLE_START,2022-03-16,-8,2022-03-03,1.003212972689574,0.0032129726895739896
T10_2022_TIGHTENING_CYCLE_START,T10_2022,2022,TIGHTENING_CYCLE_START,2022-03-16,-7,2022-03-04,1.0191221564739397,0.019122156473939667
T10_2022_TIGHTENING_CYCLE_START,T10_2022,2022,TIGHTENING_CYCLE_START,2022-03-16,-6,2022-03-07,1.0343058894736383,0.03430588947363833
T10_2022_TIGHTENING_CYCLE_START,T10_2022,2022,TIGHTENING_CYCLE_START,2022-03-16,-5,2022-03-08,1.0588693063847894,0.05886930638478938
T10_2022_TIGHTENING_CYCLE_START,T10_2022,2022,TIGHTENING_CYCLE_START,2022-03-16,-4,2022-03-09,1.0303155938644626,0.030315593864462587
T10_2022_TIGHTENING_CYCLE_START,T10_2022,2022,TIGHTENING_CYCLE_START,2022-03-16,-3,2022-03-10,1.0366378582324431,0.03663785823244314
T10_2022_TIGHTENING_CYCLE_START,T10_2022,2022,TIGHTENING_CYCLE_START,2022-03-16,-2,2022-03-11,1.028657330272793,0.028657330272793047
T10_2022_TIGHTENING_CYCLE_START,T10_2022,2022,TIGHTENING_CYCLE_START,2022-03-16,-1,2022-03-14,1.016116545806701,0.016116545806700966
T10_2022_TIGHTENING_CYCLE_START,T10_2022,2022,TIGHTENING_CYCLE_START,2022-03-16,0,2022-03-15,1.0,0.0
T10_2022_TIGHTENING_CYCLE_START,T10_2022,2022,TIGHTENING_CYCLE_START,2022-03-16,1,2022-03-16,0.9893765867654447,-0.01062341323455529
T10_2022_TIGHTENING_CYCLE_START,T10_2022,2022,TIGHTENING_CYCLE_START,2022-03-16,2,2022-03-17,1.0069959062764144,0.006995906276414443
T10_2022_TIGHTENING_CYCLE_START,T10_2022,2022,TIGHTENING_CYCLE_START,2022-03-16,3,2022-03-18,0.9997927644950672,-0.0002072355049328456
T10_2022_TIGHTENING_CYCLE_START,T10_2022,2022,TIGHTENING_CYCLE_START,2022-03-16,4,2022-03-21,0.9998963822475335,-0.00010361775246647831
T10_2022_TIGHTENING_CYCLE_START,T10_2022,2022,TIGHTENING_CYCLE_START,2022-03-16,5,2022-03-22,0.9957506600096583,-0.004249339990341716
T10_2022_TIGHTENING_CYCLE_START,T10_2022,2022,TIGHTENING_CYCLE_START,2022-03-16,6,2022-03-23,1.0039384867329424,0.003938486732942392
T10_2022_TIGHTENING_CYCLE_START,T10_2022,2022,TIGHTENING_CYCLE_START,2022-03-16,7,2022-03-24,1.0168419965913682,0.016841996591368202
T10_2022_TIGHTENING_CYCLE_START,T10_2022,2022,TIGHTENING_CYCLE_START,2022-03-16,8,2022-03-25,1.0126962743534929,0.012696274353492853
T10_2022_TIGHTENING_CYCLE_START,T10_2022,2022,TIGHTENING_CYCLE_START,2022-03-16,9,2022-03-28,1.0052340249322784,0.005234024932278425
T10_2022_TIGHTENING_CYCLE_START,T10_2022,2022,TIGHTENING_CYCLE_START,2022-03-16,10,2022-03-29,0.9909312326046479,-0.009068767395352118
T10_2022_TIGHTENING_CYCLE_START,T10_2022,2022,TIGHTENING_CYCLE_START,2022-03-16,11,2022-03-30,1.001969243366471,0.001969243366471085
T10_2022_TIGHTENING_CYCLE_START,T10_2022,2022,TIGHTENING_CYCLE_START,2022-03-16,12,2022-03-31,1.0101051979548208,0.010105197954820788
T10_2022_TIGHTENING_CYCLE_START,T10_2022,2022,TIGHTENING_CYCLE_START,2022-03-16,13,2022-04-01,0.9968907083215935,-0.003109291678406456
T10_2022_TIGHTENING_CYCLE_START,T10_2022,2022,TIGHTENING_CYCLE_START,2022-03-16,14,2022-04-04,1.0022283510063383,0.002228351006338336
T10_2022_TIGHTENING_CYCLE_START,T10_2022,2022,TIGHTENING_CYCLE_START,2022-03-16,15,2022-04-05,0.9988599516880647,-0.00114004831193526
T10_2022_TIGHTENING_CYCLE_START,T10_2022,2022,TIGHTENING_CYCLE_START,2022-03-16,16,2022-04-06,0.9965797918054932,-0.0034202081945068352
T10_2022_TIGHTENING_CYCLE_START,T10_2022,2022,TIGHTENING_CYCLE_START,2022-03-16,17,2022-04-07,1.0041975943728096,0.004197594372809643
T10_2022_TIGHTENING_CYCLE_START,T10_2022,2022,TIGHTENING_CYCLE_START,2022-03-16,18,2022-04-08,1.0082396355995173,0.008239635599517348
T10_2022_TIGHTENING_CYCLE_START,T10_2022,2022,TIGHTENING_CYCLE_START,2022-03-16,19,2022-04-11,1.0095869826750865,0.009586982675086508
T10_2022_TIGHTENING_CYCLE_START,T10_2022,2022,TIGHTENING_CYCLE_START,2022-03-16,20,2022-04-12,1.0240452016314165,0.024045201631416546
T10_2022_TIGHTENING_CYCLE_START,T10_2022,2022,TIGHTENING_CYCLE_START,2022-03-16,21,2022-04-13,1.0285018403853923,0.028501840385392274
T10_2022_TIGHTENING_CYCLE_START,T10_2022,2022,TIGHTENING_CYCLE_START,2022-03-16,22,2022-04-14,1.0234233685992158,0.023423368599215788
T10_2022_TIGHTENING_CYCLE_START,T10_2022,2022,TIGHTENING_CYCLE_START,2022-03-16,23,2022-04-18,1.0293828443161614,0.02938284431616145
T10_2022_TIGHTENING_CYCLE_START,T10_2022,2022,TIGHTENING_CYCLE_START,2022-03-16,24,2022-04-19,1.0151837329996984,0.01518373299969844
T10_2022_TIGHTENING_CYCLE_START,T10_2022,2022,TIGHTENING_CYCLE_START,2022-03-16,25,2022-04-20,1.0134217883968613,0.013421788396861256
T10_2022_TIGHTENING_CYCLE_START,T10_2022,2022,TIGHTENING_CYCLE_START,2022-03-16,26,2022-04-21,1.0095869826750865,0.009586982675086508
T10_2022_TIGHTENING_CYCLE_START,T10_2022,2022,TIGHTENING_CYCLE_START,2022-03-16,27,2022-04-22,1.002383840893739,0.0023838408937391087
T10_2022_TIGHTENING_CYCLE_START,T10_2022,2022,TIGHTENING_CYCLE_START,2022-03-16,28,2022-04-25,0.982536170376431,-0.01746382962356896
T10_2022_TIGHTENING_CYCLE_START,T10_2022,2022,TIGHTENING_CYCLE_START,2022-03-16,29,2022-04-26,0.9867337014905395,-0.013266298509460484
T10_2022_TIGHTENING_CYCLE_START,T10_2022,2022,TIGHTENING_CYCLE_START,2022-03-16,30,2022-04-27,0.9787531735308894,-0.02124682646911058
T10_2022_TIGHTENING_CYCLE_START,T10_2022,2022,TIGHTENING_CYCLE_START,2022-03-16,31,2022-04-28,0.9801005838651597,-0.019899416134840253
T10_2022_TIGHTENING_CYCLE_START,T10_2022,2022,TIGHTENING_CYCLE_START,2022-03-16,32,2022-04-29,0.9906721249647807,-0.009327875035219257
T10_2022_TIGHTENING_CYCLE_START,T10_2022,2022,TIGHTENING_CYCLE_START,2022-03-16,33,2022-05-02,0.9657459826612961,-0.034254017338703924
T10_2022_TIGHTENING_CYCLE_START,T10_2022,2022,TIGHTENING_CYCLE_START,2022-03-16,34,2022-05-03,0.9693734896194369,-0.030626510380563077
T10_2022_TIGHTENING_CYCLE_START,T10_2022,2022,TIGHTENING_CYCLE_START,2022-03-16,35,2022-05-04,0.9684407400711357,-0.031559259928864325
T10_2022_TIGHTENING_CYCLE_START,T10_2022,2022,TIGHTENING_CYCLE_START,2022-03-16,36,2022-05-05,0.9720163748943421,-0.027983625105657883
T10_2022_TIGHTENING_CYCLE_START,T10_2022,2022,TIGHTENING_CYCLE_START,2022-03-16,37,2022-05-06,0.9756957539874174,-0.02430424601258263
T10_2022_TIGHTENING_CYCLE_START,T10_2022,2022,TIGHTENING_CYCLE_START,2022-03-16,38,2022-05-09,0.963154906262624,-0.03684509373737599
T10_2022_TIGHTENING_CYCLE_START,T10_2022,2022,TIGHTENING_CYCLE_START,2022-03-16,39,2022-05-10,0.9540343299910388,-0.045965670008961235
T10_2022_TIGHTENING_CYCLE_START,T10_2022,2022,TIGHTENING_CYCLE_START,2022-03-16,40,2022-05-11,0.9606156387401853,-0.039384361259814704
T10_2022_TIGHTENING_CYCLE_START,T10_2022,2022,TIGHTENING_CYCLE_START,2022-03-16,41,2022-05-12,0.9455355867516543,-0.05446441324834572
T10_2022_TIGHTENING_CYCLE_START,T10_2022,2022,TIGHTENING_CYCLE_START,2022-03-16,42,2022-05-13,0.9370368435122699,-0.0629631564877301
T10_2022_TIGHTENING_CYCLE_START,T10_2022,2022,TIGHTENING_CYCLE_START,2022-03-16,43,2022-05-16,0.9400425174382099,-0.05995748256179012
T10_2022_TIGHTENING_CYCLE_START,T10_2022,2022,TIGHTENING_CYCLE_START,2022-03-16,44,2022-05-17,0.9425817849606487,-0.057418215039351295
T10_2022_TIGHTENING_CYCLE_START,T10_2022,2022,TIGHTENING_CYCLE_START,2022-03-16,45,2022-05-18,0.9410271391214454,-0.05897286087855458
T10_2022_TIGHTENING_CYCLE_START,T10_2022,2022,TIGHTENING_CYCLE_START,2022-03-16,46,2022-05-19,0.9541379477435052,-0.045862052256494756
T10_2022_TIGHTENING_CYCLE_START,T10_2022,2022,TIGHTENING_CYCLE_START,2022-03-16,47,2022-05-20,0.9546043541470064,-0.045395645852993605
T10_2022_TIGHTENING_CYCLE_START,T10_2022,2022,TIGHTENING_CYCLE_START,2022-03-16,48,2022-05-23,0.9575582191967131,-0.042441780803286866
T10_2022_TIGHTENING_CYCLE_START,T10_2022,2022,TIGHTENING_CYCLE_START,2022-03-16,49,2022-05-24,0.9666787954682985,-0.03332120453170151
T10_2022_TIGHTENING_CYCLE_START,T10_2022,2022,TIGHTENING_CYCLE_START,2022-03-16,50,2022-05-25,0.9567808962771116,-0.0432191037228884
T10_2022_TIGHTENING_CYCLE_START,T10_2022,2022,TIGHTENING_CYCLE_START,2022-03-16,51,2022-05-26,0.9574545381855456,-0.0425454618144544
T10_2022_TIGHTENING_CYCLE_START,T10_2022,2022,TIGHTENING_CYCLE_START,2022-03-16,52,2022-05-27,0.9593719726757836,-0.04062802732421644
T10_2022_TIGHTENING_CYCLE_START,T10_2022,2022,TIGHTENING_CYCLE_START,2022-03-16,53,2022-05-31,0.9549152706631068,-0.045084729336893226
T10_2022_TIGHTENING_CYCLE_START,T10_2022,2022,TIGHTENING_CYCLE_START,2022-03-16,54,2022-06-01,0.9580245623415132,-0.04197543765848677
T10_2022_TIGHTENING_CYCLE_START,T10_2022,2022,TIGHTENING_CYCLE_START,2022-03-16,55,2022-06-02,0.969788087146705,-0.030211912853295053
T10_2022_TIGHTENING_CYCLE_START,T10_2022,2022,TIGHTENING_CYCLE_START,2022-03-16,56,2022-06-03,0.9588018852611149,-0.04119811473888513
T10_2022_TIGHTENING_CYCLE_START,T10_2022,2022,TIGHTENING_CYCLE_START,2022-03-16,57,2022-06-06,0.9554334859428412,-0.044566514057158835
T10_2022_TIGHTENING_CYCLE_START,T10_2022,2022,TIGHTENING_CYCLE_START,2022-03-16,58,2022-06-07,0.9597865069443504,-0.040213493055649585
T10_2022_TIGHTENING_CYCLE_START,T10_2022,2022,TIGHTENING_CYCLE_START,2022-03-16,59,2022-06-08,0.962066666826922,-0.03793333317307801
T10_2022_TIGHTENING_CYCLE_START,T10_2022,2022,TIGHTENING_CYCLE_START,2022-03-16,60,2022-06-09,0.9601492955953852,-0.0398507044046148
T10_2022_TIGHTENING_CYCLE_START,T10_2022,2022,TIGHTENING_CYCLE_START,2022-03-16,61,2022-06-10,0.9719127571418757,-0.02808724285812425
T10_2022_TIGHTENING_CYCLE_START,T10_2022,2022,TIGHTENING_CYCLE_START,2022-03-16,62,2022-06-13,0.9492667747209627,-0.05073322527903734
T10_2022_TIGHTENING_CYCLE_START,T10_2022,2022,TIGHTENING_CYCLE_START,2022-03-16,63,2022-06-14,0.9397834097983426,-0.06021659020165737
T10_2022_TIGHTENING_CYCLE_START,T10_2022,2022,TIGHTENING_CYCLE_START,2022-03-16,64,2022-06-15,0.9429445103529823,-0.057055489647017676
T10_2022_TIGHTENING_CYCLE_START,T10_2022,2022,TIGHTENING_CYCLE_START,2022-03-16,65,2022-06-16,0.9586464586324152,-0.041353541367584845
T10_2022_TIGHTENING_CYCLE_START,T10_2022,2022,TIGHTENING_CYCLE_START,2022-03-16,66,2022-06-17,0.9538270312274048,-0.046172968772595246
T10_2022_TIGHTENING_CYCLE_START,T10_2022,2022,TIGHTENING_CYCLE_START,2022-03-16,67,2022-06-21,0.9528942816791035,-0.047105718320896495
T10_2022_TIGHTENING_CYCLE_START,T10_2022,2022,TIGHTENING_CYCLE_START,2022-03-16,68,2022-06-22,0.9526869829154695,-0.047313017084530506
T10_2022_TIGHTENING_CYCLE_START,T10_2022,2022,TIGHTENING_CYCLE_START,2022-03-16,69,2022-06-23,0.9482303441614939,-0.05176965583850612
T10_2022_TIGHTENING_CYCLE_START,T10_2022,2022,TIGHTENING_CYCLE_START,2022-03-16,70,2022-06-24,0.9484894518013611,-0.05151054819863887
T10_2022_TIGHTENING_CYCLE_START,T10_2022,2022,TIGHTENING_CYCLE_START,2022-03-16,71,2022-06-27,0.9456392677628219,-0.05436073223717808
T10_2022_TIGHTENING_CYCLE_START,T10_2022,2022,TIGHTENING_CYCLE_START,2022-03-16,72,2022-06-28,0.9437736421488171,-0.056226357851182907
T10_2022_TIGHTENING_CYCLE_START,T10_2022,2022,TIGHTENING_CYCLE_START,2022-03-16,73,2022-06-29,0.9418562709172803,-0.0581437290827197
T10_2022_TIGHTENING_CYCLE_START,T10_2022,2022,TIGHTENING_CYCLE_START,2022-03-16,74,2022-06-30,0.9365705003674698,-0.0634294996325302
T10_2022_TIGHTENING_CYCLE_START,T10_2022,2022,TIGHTENING_CYCLE_START,2022-03-16,75,2022-07-01,0.9335648264415298,-0.06643517355847017
T10_2022_TIGHTENING_CYCLE_START,T10_2022,2022,TIGHTENING_CYCLE_START,2022-03-16,76,2022-07-05,0.9140799445752564,-0.08592005542474357
T10_2022_TIGHTENING_CYCLE_START,T10_2022,2022,TIGHTENING_CYCLE_START,2022-03-16,77,2022-07-06,0.8998808332587935,-0.10011916674120647
T10_2022_TIGHTENING_CYCLE_START,T10_2022,2022,TIGHTENING_CYCLE_START,2022-03-16,78,2022-07-07,0.9015390968504632,-0.09846090314953682
T10_2022_TIGHTENING_CYCLE_START,T10_2022,2022,TIGHTENING_CYCLE_START,2022-03-16,79,2022-07-08,0.9028865071847335,-0.09711349281526649
T10_2022_TIGHTENING_CYCLE_START,T10_2022,2022,TIGHTENING_CYCLE_START,2022-03-16,80,2022-07-11,0.897393374612588,-0.10260662538741205
T10_2022_TIGHTENING_CYCLE_START,T10_2022,2022,TIGHTENING_CYCLE_START,2022-03-16,81,2022-07-12,0.8938177397893814,-0.1061822602106186
T10_2022_TIGHTENING_CYCLE_START,T10_2022,2022,TIGHTENING_CYCLE_START,2022-03-16,82,2022-07-13,0.8993626179790591,-0.10063738202094086
T10_2022_TIGHTENING_CYCLE_START,T10_2022,2022,TIGHTENING_CYCLE_START,2022-03-16,83,2022-07-14,0.8839716494744277,-0.11602835052557225
T10_2022_TIGHTENING_CYCLE_START,T10_2022,2022,TIGHTENING_CYCLE_START,2022-03-16,84,2022-07-15,0.8828315379037913,-0.11716846209620868
T10_2022_TIGHTENING_CYCLE_START,T10_2022,2022,TIGHTENING_CYCLE_START,2022-03-16,85,2022-07-18,0.8862517460982982,-0.11374825390170185
T10_2022_TIGHTENING_CYCLE_START,T10_2022,2022,TIGHTENING_CYCLE_START,2022-03-16,86,2022-07-19,0.8865108537381654,-0.1134891462618346
T10_2022_TIGHTENING_CYCLE_START,T10_2022,2022,TIGHTENING_CYCLE_START,2022-03-16,87,2022-07-20,0.8810695933009541,-0.11893040669904587
T10_2022_TIGHTENING_CYCLE_START,T10_2022,2022,TIGHTENING_CYCLE_START,2022-03-16,88,2022-07-21,0.887910072948669,-0.11208992705133103
T10_2022_TIGHTENING_CYCLE_START,T10_2022,2022,TIGHTENING_CYCLE_START,2022-03-16,89,2022-07-22,0.8951650868649507,-0.10483491313504933
T10_2022_TIGHTENING_CYCLE_START,T10_2022,2022,TIGHTENING_CYCLE_START,2022-03-16,90,2022-07-25,0.8908638747396747,-0.10913612526032535
T10_2022_TIGHTENING_CYCLE_START,T10_2022,2022,TIGHTENING_CYCLE_START,2022-03-16,91,2022-07-26,0.8901383606963063,-0.10986163930369375
T10_2022_TIGHTENING_CYCLE_START,T10_2022,2022,TIGHTENING_CYCLE_START,2022-03-16,92,2022-07-27,0.8908638747396747,-0.10913612526032535
T10_2022_TIGHTENING_CYCLE_START,T10_2022,2022,TIGHTENING_CYCLE_START,2022-03-16,93,2022-07-28,0.9070322294226087,-0.09296777057739125
T10_2022_TIGHTENING_CYCLE_START,T10_2022,2022,TIGHTENING_CYCLE_START,2022-03-16,94,2022-07-29,0.913561729295522,-0.08643827070447796
T10_2022_TIGHTENING_CYCLE_START,T10_2022,2022,TIGHTENING_CYCLE_START,2022-03-16,95,2022-08-01,0.9264134302777145,-0.0735865697222855
T10_2022_TIGHTENING_CYCLE_START,T10_2022,2022,TIGHTENING_CYCLE_START,2022-03-16,96,2022-08-02,0.9274498608371834,-0.07255013916281661
T10_2022_TIGHTENING_CYCLE_START,T10_2022,2022,TIGHTENING_CYCLE_START,2022-03-16,97,2022-08-03,0.9205576355719365,-0.07944236442806352
T10_2022_TIGHTENING_CYCLE_START,T10_2022,2022,TIGHTENING_CYCLE_START,2022-03-16,98,2022-08-04,0.9363632016038358,-0.06363679839616421
T10_2022_TIGHTENING_CYCLE_START,T10_2022,2022,TIGHTENING_CYCLE_START,2022-03-16,99,2022-08-05,0.9282271837567849,-0.07177281624321508
T10_2022_TIGHTENING_CYCLE_START,T10_2022,2022,TIGHTENING_CYCLE_START,2022-03-16,100,2022-08-08,0.9354821976730666,-0.06451780232693338
T10_2022_TIGHTENING_CYCLE_START,T10_2022,2022,TIGHTENING_CYCLE_START,2022-03-16,101,2022-08-09,0.9391615767661419,-0.06083842323385813
T10_2022_TIGHTENING_CYCLE_START,T10_2022,2022,TIGHTENING_CYCLE_START,2022-03-16,102,2022-08-10,0.9398870275508091,-0.06011297244919089
T10_2022_TIGHTENING_CYCLE_START,T10_2022,2022,TIGHTENING_CYCLE_START,2022-03-16,103,2022-08-11,0.9365186282325354,-0.0634813717674646
T10_2022_TIGHTENING_CYCLE_START,T10_2022,2022,TIGHTENING_CYCLE_START,2022-03-16,104,2022-08-12,0.9408198403578114,-0.05918015964218859
T10_2022_TIGHTENING_CYCLE_START,T10_2022,2022,TIGHTENING_CYCLE_START,2022-03-16,105,2022-08-15,0.9318028818386926,-0.06819711816130736
T10_2022_TIGHTENING_CYCLE_START,T10_2022,2022,TIGHTENING_CYCLE_START,2022-03-16,106,2022-08-16,0.9274498608371834,-0.07255013916281661
T10_2022_TIGHTENING_CYCLE_START,T10_2022,2022,TIGHTENING_CYCLE_START,2022-03-16,107,2022-08-17,0.9207130622006361,-0.07928693779936391
T10_2022_TIGHTENING_CYCLE_START,T10_2022,2022,TIGHTENING_CYCLE_START,2022-03-16,108,2022-08-18,0.9178628781620969,-0.08213712183790312
T10_2022_TIGHTENING_CYCLE_START,T10_2022,2022,TIGHTENING_CYCLE_START,2022-03-16,109,2022-08-19,0.913561729295522,-0.08643827070447796
T10_2022_TIGHTENING_CYCLE_START,T10_2022,2022,TIGHTENING_CYCLE_START,2022-03-16,110,2022-08-22,0.9060476077393731,-0.0939523922606269
T10_2022_TIGHTENING_CYCLE_START,T10_2022,2022,TIGHTENING_CYCLE_START,2022-03-16,111,2022-08-23,0.9126807253647529,-0.08731927463524713
T10_2022_TIGHTENING_CYCLE_START,T10_2022,2022,TIGHTENING_CYCLE_START,2022-03-16,112,2022-08-24,0.9128362152521536,-0.08716378474784636
T10_2022_TIGHTENING_CYCLE_START,T10_2022,2022,TIGHTENING_CYCLE_START,2022-03-16,113,2022-08-25,0.9179665591732644,-0.08203344082673558
T10_2022_TIGHTENING_CYCLE_START,T10_2022,2022,TIGHTENING_CYCLE_START,2022-03-16,114,2022-08-26,0.9067731217827415,-0.0932268782172585
T10_2022_TIGHTENING_CYCLE_START,T10_2022,2022,TIGHTENING_CYCLE_START,2022-03-16,115,2022-08-29,0.9067212496478072,-0.0932787503521928
T10_2022_TIGHTENING_CYCLE_START,T10_2022,2022,TIGHTENING_CYCLE_START,2022-03-16,116,2022-08-30,0.899777215506327,-0.10022278449367295
T10_2022_TIGHTENING_CYCLE_START,T10_2022,2022,TIGHTENING_CYCLE_START,2022-03-16,117,2022-08-31,0.8945431905740486,-0.10545680942595137
T10_2022_TIGHTENING_CYCLE_START,T10_2022,2022,TIGHTENING_CYCLE_START,2022-03-16,118,2022-09-01,0.8857854029534982,-0.11421459704650183
T10_2022_TIGHTENING_CYCLE_START,T10_2022,2022,TIGHTENING_CYCLE_START,2022-03-16,119,2022-09-02,0.8926776282187451,-0.10732237178125492
T10_2022_TIGHTENING_CYCLE_START,T10_2022,2022,TIGHTENING_CYCLE_START,2022-03-16,120,2022-09-06,0.8876509653088018,-0.11234903469119817
T10_2022_TIGHTENING_CYCLE_START,T10_2022,2022,TIGHTENING_CYCLE_START,2022-03-16,121,2022-09-07,0.8953723856285847,-0.10462761437141532
T10_2022_TIGHTENING_CYCLE_START,T10_2022,2022,TIGHTENING_CYCLE_START,2022-03-16,122,2022-09-08,0.8914338988956423,-0.10856610110435772
T10_2022_TIGHTENING_CYCLE_START,T10_2022,2022,TIGHTENING_CYCLE_START,2022-03-16,123,2022-09-09,0.8957869198971514,-0.10421308010284858
T10_2022_TIGHTENING_CYCLE_START,T10_2022,2022,TIGHTENING_CYCLE_START,2022-03-16,124,2022-09-12,0.9020055032539643,-0.09799449674603566
T10_2022_TIGHTENING_CYCLE_START,T10_2022,2022,TIGHTENING_CYCLE_START,2022-03-16,125,2022-09-13,0.8899829340676066,-0.11001706593239335
T10_2022_TIGHTENING_CYCLE_START,T10_2022,2022,TIGHTENING_CYCLE_START,2022-03-16,126,2022-09-14,0.8856817219423306,-0.11431827805766936
T10_2022_TIGHTENING_CYCLE_START,T10_2022,2022,TIGHTENING_CYCLE_START,2022-03-16,127,2022-09-15,0.8692025140019972,-0.13079748599800278
T10_2022_TIGHTENING_CYCLE_START,T10_2022,2022,TIGHTENING_CYCLE_START,2022-03-16,128,2022-09-16,0.87241542343287,-0.12758457656712996
T10_2022_TIGHTENING_CYCLE_START,T10_2022,2022,TIGHTENING_CYCLE_START,2022-03-16,129,2022-09-19,0.8696688571467972,-0.1303311428532028
T10_2022_TIGHTENING_CYCLE_START,T10_2022,2022,TIGHTENING_CYCLE_START,2022-03-16,130,2022-09-20,0.8659895413124232,-0.13401045868757677
T10_2022_TIGHTENING_CYCLE_START,T10_2022,2022,TIGHTENING_CYCLE_START,2022-03-16,131,2022-09-21,0.8683733189474613,-0.13162668105253872
T10_2022_TIGHTENING_CYCLE_START,T10_2022,2022,TIGHTENING_CYCLE_START,2022-03-16,132,2022-09-22,0.8711716941097672,-0.12882830589023275
T10_2022_TIGHTENING_CYCLE_START,T10_2022,2022,TIGHTENING_CYCLE_START,2022-03-16,133,2022-09-23,0.8579572044765399,-0.1420427955234601
T10_2022_TIGHTENING_CYCLE_START,T10_2022,2022,TIGHTENING_CYCLE_START,2022-03-16,134,2022-09-26,0.8464528505699166,-0.1535471494300834
T10_2022_TIGHTENING_CYCLE_START,T10_2022,2022,TIGHTENING_CYCLE_START,2022-03-16,135,2022-09-27,0.8479038153979522,-0.15209618460204777
T10_2022_TIGHTENING_CYCLE_START,T10_2022,2022,TIGHTENING_CYCLE_START,2022-03-16,136,2022-09-28,0.8654195171564556,-0.1345804828435444
T10_2022_TIGHTENING_CYCLE_START,T10_2022,2022,TIGHTENING_CYCLE_START,2022-03-16,137,2022-09-29,0.8646940031130872,-0.1353059968869128
T10_2022_TIGHTENING_CYCLE_START,T10_2022,2022,TIGHTENING_CYCLE_START,2022-03-16,138,2022-09-30,0.8664559477159244,-0.13354405228407562
T10_2022_TIGHTENING_CYCLE_START,T10_2022,2022,TIGHTENING_CYCLE_START,2022-03-16,139,2022-10-03,0.8820024061079565,-0.11799759389204345
T10_2022_TIGHTENING_CYCLE_START,T10_2022,2022,TIGHTENING_CYCLE_START,2022-03-16,140,2022-10-04,0.8967715415803871,-0.10322845841961292
T10_2022_TIGHTENING_CYCLE_START,T10_2022,2022,TIGHTENING_CYCLE_START,2022-03-16,141,2022-10-05,0.8917448786704438,-0.10825512132955617
T10_2022_TIGHTENING_CYCLE_START,T10_2022,2022,TIGHTENING_CYCLE_START,2022-03-16,142,2022-10-06,0.8917448786704438,-0.10825512132955617
T10_2022_TIGHTENING_CYCLE_START,T10_2022,2022,TIGHTENING_CYCLE_START,2022-03-16,143,2022-10-07,0.8857854029534982,-0.11421459704650183
T10_2022_TIGHTENING_CYCLE_START,T10_2022,2022,TIGHTENING_CYCLE_START,2022-03-16,144,2022-10-10,0.868114211307594,-0.13188578869240597
T10_2022_TIGHTENING_CYCLE_START,T10_2022,2022,TIGHTENING_CYCLE_START,2022-03-16,145,2022-10-11,0.8737109616322061,-0.12628903836779393
T10_2022_TIGHTENING_CYCLE_START,T10_2022,2022,TIGHTENING_CYCLE_START,2022-03-16,146,2022-10-12,0.8693061317544636,-0.13069386824553642
T10_2022_TIGHTENING_CYCLE_START,T10_2022,2022,TIGHTENING_CYCLE_START,2022-03-16,147,2022-10-13,0.8690470241145964,-0.13095297588540356
T10_2022_TIGHTENING_CYCLE_START,T10_2022,2022,TIGHTENING_CYCLE_START,2022-03-16,148,2022-10-14,0.8544851874057999,-0.14551481259420007
T10_2022_TIGHTENING_CYCLE_START,T10_2022,2022,TIGHTENING_CYCLE_START,2022-03-16,149,2022-10-17,0.8623102254780491,-0.13768977452195086
T10_2022_TIGHTENING_CYCLE_START,T10_2022,2022,TIGHTENING_CYCLE_START,2022-03-16,150,2022-10-18,0.8580608854877075,-0.14193911451229246
T10_2022_TIGHTENING_CYCLE_START,T10_2022,2022,TIGHTENING_CYCLE_START,2022-03-16,151,2022-10-19,0.8468673848384835,-0.15313261516151655
T10_2022_TIGHTENING_CYCLE_START,T10_2022,2022,TIGHTENING_CYCLE_START,2022-03-16,152,2022-10-20,0.8482147951727538,-0.15178520482724622
T10_2022_TIGHTENING_CYCLE_START,T10_2022,2022,TIGHTENING_CYCLE_START,2022-03-16,153,2022-10-21,0.8583199931275747,-0.14168000687242532
T10_2022_TIGHTENING_CYCLE_START,T10_2022,2022,TIGHTENING_CYCLE_START,2022-03-16,154,2022-10-24,0.8571798815569384,-0.14282011844306164
T10_2022_TIGHTENING_CYCLE_START,T10_2022,2022,TIGHTENING_CYCLE_START,2022-03-16,155,2022-10-25,0.8592009337996427,-0.14079906620035731
T10_2022_TIGHTENING_CYCLE_START,T10_2022,2022,TIGHTENING_CYCLE_START,2022-03-16,156,2022-10-26,0.8650049196291876,-0.13499508037081243
T10_2022_TIGHTENING_CYCLE_START,T10_2022,2022,TIGHTENING_CYCLE_START,2022-03-16,157,2022-10-27,0.863139357273884,-0.13686064272611598
T10_2022_TIGHTENING_CYCLE_START,T10_2022,2022,TIGHTENING_CYCLE_START,2022-03-16,158,2022-10-28,0.852360517410629,-0.14763948258937099
T10_2022_TIGHTENING_CYCLE_START,T10_2022,2022,TIGHTENING_CYCLE_START,2022-03-16,159,2022-10-31,0.850235784156757,-0.14976421584324295
T10_2022_TIGHTENING_CYCLE_START,T10_2022,2022,TIGHTENING_CYCLE_START,2022-03-16,160,2022-11-01,0.8548997216743667,-0.14510027832563333
T10_2022_TIGHTENING_CYCLE_START,T10_2022,2022,TIGHTENING_CYCLE_START,2022-03-16,161,2022-11-02,0.8550552115617676,-0.14494478843823244
T10_2022_TIGHTENING_CYCLE_START,T10_2022,2022,TIGHTENING_CYCLE_START,2022-03-16,162,2022-11-03,0.8451573123705806,-0.15484268762941944
T10_2022_TIGHTENING_CYCLE_START,T10_2022,2022,TIGHTENING_CYCLE_START,2022-03-16,163,2022-11-04,0.8688397253509624,-0.13116027464903757
T10_2022_TIGHTENING_CYCLE_START,T10_2022,2022,TIGHTENING_CYCLE_START,2022-03-16,164,2022-11-07,0.8708607775936669,-0.12913922240633313
T10_2022_TIGHTENING_CYCLE_START,T10_2022,2022,TIGHTENING_CYCLE_START,2022-03-16,165,2022-11-08,0.8892574200242382,-0.11074257997576176
T10_2022_TIGHTENING_CYCLE_START,T10_2022,2022,TIGHTENING_CYCLE_START,2022-03-16,166,2022-11-09,0.8880654995773686,-0.11193450042263142
T10_2022_TIGHTENING_CYCLE_START,T10_2022,2022,TIGHTENING_CYCLE_START,2022-03-16,167,2022-11-10,0.9087941107667448,-0.09120588923325523
T10_2022_TIGHTENING_CYCLE_START,T10_2022,2022,TIGHTENING_CYCLE_START,2022-03-16,168,2022-11-11,0.9169301286137956,-0.08306987138620436
T10_2022_TIGHTENING_CYCLE_START,T10_2022,2022,TIGHTENING_CYCLE_START,2022-03-16,169,2022-11-14,0.9208167432118036,-0.07918325678819638
T10_2022_TIGHTENING_CYCLE_START,T10_2022,2022,TIGHTENING_CYCLE_START,2022-03-16,170,2022-11-15,0.9207649343355705,-0.0792350656644295
T10_2022_TIGHTENING_CYCLE_START,T10_2022,2022,TIGHTENING_CYCLE_START,2022-03-16,171,2022-11-16,0.9202467190558361,-0.0797532809441639
T10_2022_TIGHTENING_CYCLE_START,T10_2022,2022,TIGHTENING_CYCLE_START,2022-03-16,172,2022-11-17,0.9136135381717552,-0.08638646182824483
T10_2022_TIGHTENING_CYCLE_START,T10_2022,2022,TIGHTENING_CYCLE_START,2022-03-16,173,2022-11-18,0.9091568994177796,-0.09084310058222045
T10_2022_TIGHTENING_CYCLE_START,T10_2022,2022,TIGHTENING_CYCLE_START,2022-03-16,174,2022-11-21,0.90148728797423,-0.09851271202577006
T10_2022_TIGHTENING_CYCLE_START,T10_2022,2022,TIGHTENING_CYCLE_START,2022-03-16,175,2022-11-22,0.9016427778616307,-0.09835722213836928
T10_2022_TIGHTENING_CYCLE_START,T10_2022,2022,TIGHTENING_CYCLE_START,2022-03-16,176,2022-11-23,0.9045965796526364,-0.0954034203473636
T10_2022_TIGHTENING_CYCLE_START,T10_2022,2022,TIGHTENING_CYCLE_START,2022-03-16,177,2022-11-25,0.9089496006541455,-0.09105039934585446
T10_2022_TIGHTENING_CYCLE_START,T10_2022,2022,TIGHTENING_CYCLE_START,2022-03-16,178,2022-11-28,0.9018500766252647,-0.09814992337473527
T10_2022_TIGHTENING_CYCLE_START,T10_2022,2022,TIGHTENING_CYCLE_START,2022-03-16,179,2022-11-29,0.9060476077393731,-0.0939523922606269
T10_2022_TIGHTENING_CYCLE_START,T10_2022,2022,TIGHTENING_CYCLE_START,2022-03-16,180,2022-11-30,0.9048038784162703,-0.0951961215837297
T10_2022_TIGHTENING_CYCLE_START,T10_2022,2022,TIGHTENING_CYCLE_START,2022-03-16,181,2022-12-01,0.9406643504704106,-0.05933564952958936
T10_2022_TIGHTENING_CYCLE_START,T10_2022,2022,TIGHTENING_CYCLE_START,2022-03-16,182,2022-12-02,0.9377623575556382,-0.06223764244436181
T10_2022_TIGHTENING_CYCLE_START,T10_2022,2022,TIGHTENING_CYCLE_START,2022-03-16,183,2022-12-05,0.9230969030943753,-0.07690309690562469
T10_2022_TIGHTENING_CYCLE_START,T10_2022,2022,TIGHTENING_CYCLE_START,2022-03-16,184,2022-12-06,0.9236669272503429,-0.07633307274965706
T10_2022_TIGHTENING_CYCLE_START,T10_2022,2022,TIGHTENING_CYCLE_START,2022-03-16,185,2022-12-07,0.9317510729624594,-0.0682489270375406
T10_2022_TIGHTENING_CYCLE_START,T10_2022,2022,TIGHTENING_CYCLE_START,2022-03-16,186,2022-12-08,0.9335648264415298,-0.06643517355847017
T10_2022_TIGHTENING_CYCLE_START,T10_2022,2022,TIGHTENING_CYCLE_START,2022-03-16,187,2022-12-09,0.9383323817116058,-0.06166761828839418
T10_2022_TIGHTENING_CYCLE_START,T10_2022,2022,TIGHTENING_CYCLE_START,2022-03-16,188,2022-12-12,0.9287972711714537,-0.07120272882854628
T10_2022_TIGHTENING_CYCLE_START,T10_2022,2022,TIGHTENING_CYCLE_START,2022-03-16,189,2022-12-13,0.9460019931551555,-0.05399800684484446
T10_2022_TIGHTENING_CYCLE_START,T10_2022,2022,TIGHTENING_CYCLE_START,2022-03-16,190,2022-12-14,0.9424781039494811,-0.05752189605051894
T10_2022_TIGHTENING_CYCLE_START,T10_2022,2022,TIGHTENING_CYCLE_START,2022-03-16,191,2022-12-15,0.9264653024126489,-0.0735346975873511
T10_2022_TIGHTENING_CYCLE_START,T10_2022,2022,TIGHTENING_CYCLE_START,2022-03-16,192,2022-12-16,0.9328911212743947,-0.06710887872560534
T10_2022_TIGHTENING_CYCLE_START,T10_2022,2022,TIGHTENING_CYCLE_START,2022-03-16,193,2022-12-19,0.9315955830750586,-0.06840441692494137
T10_2022_TIGHTENING_CYCLE_START,T10_2022,2022,TIGHTENING_CYCLE_START,2022-03-16,194,2022-12-20,0.9459501842789223,-0.0540498157210777
T10_2022_TIGHTENING_CYCLE_START,T10_2022,2022,TIGHTENING_CYCLE_START,2022-03-16,195,2022-12-21,0.9459501842789223,-0.0540498157210777
T10_2022_TIGHTENING_CYCLE_START,T10_2022,2022,TIGHTENING_CYCLE_START,2022-03-16,196,2022-12-22,0.9303519170106569,-0.06964808298934311
T10_2022_TIGHTENING_CYCLE_START,T10_2022,2022,TIGHTENING_CYCLE_START,2022-03-16,197,2022-12-23,0.9349639823933322,-0.06503601760666777
T10_2022_TIGHTENING_CYCLE_START,T10_2022,2022,TIGHTENING_CYCLE_START,2022-03-16,198,2022-12-27,0.9447582638320527,-0.05524173616794725
T10_2022_TIGHTENING_CYCLE_START,T10_2022,2022,TIGHTENING_CYCLE_START,2022-03-16,199,2022-12-28,0.9409753302452122,-0.05902466975478782
T10_2022_TIGHTENING_CYCLE_START,T10_2022,2022,TIGHTENING_CYCLE_START,2022-03-16,200,2022-12-29,0.9462611007950227,-0.05373889920497732
T10_2022_TIGHTENING_CYCLE_START,T10_2022,2022,TIGHTENING_CYCLE_START,2022-03-16,201,2022-12-30,0.9463647185474892,-0.05363528145251084
T10_2022_TIGHTENING_CYCLE_START,T10_2022,2022,TIGHTENING_CYCLE_START,2022-03-16,202,2023-01-03,0.956677215265944,-0.04332278473405604
T10_2022_TIGHTENING_CYCLE_START,T10_2022,2022,TIGHTENING_CYCLE_START,2022-03-16,203,2023-01-04,0.963362205026258,-0.03663779497374198
T10_2022_TIGHTENING_CYCLE_START,T10_2022,2022,TIGHTENING_CYCLE_START,2022-03-16,204,2023-01-05,0.9538270312274048,-0.046172968772595246
T10_2022_TIGHTENING_CYCLE_START,T10_2022,2022,TIGHTENING_CYCLE_START,2022-03-16,205,2023-01-06,0.9689070832159358,-0.03109291678406423
T10_2022_TIGHTENING_CYCLE_START,T10_2022,2022,TIGHTENING_CYCLE_START,2022-03-16,206,2023-01-09,0.9731046775887453,-0.026895322411254696
T10_2022_TIGHTENING_CYCLE_START,T10_2022,2022,TIGHTENING_CYCLE_START,2022-03-16,207,2023-01-10,0.9724309724216101,-0.02756902757838986
T10_2022_TIGHTENING_CYCLE_START,T10_2022,2022,TIGHTENING_CYCLE_START,2022-03-16,208,2023-01-11,0.9736747017447129,-0.026325298255287066
T10_2022_TIGHTENING_CYCLE_START,T10_2022,2022,TIGHTENING_CYCLE_START,2022-03-16,209,2023-01-12,0.9839871984631678,-0.016012801536832155
T10_2022_TIGHTENING_CYCLE_START,T10_2022,2022,TIGHTENING_CYCLE_START,2022-03-16,210,2023-01-13,0.9958542777621248,-0.004145722237875238
T10_2022_TIGHTENING_CYCLE_START,T10_2022,2022,TIGHTENING_CYCLE_START,2022-03-16,211,2023-01-17,0.9897393754164795,-0.010260624583520506
T10_2022_TIGHTENING_CYCLE_START,T10_2022,2022,TIGHTENING_CYCLE_START,2022-03-16,212,2023-01-18,0.9882365384535094,-0.01176346154649055
T10_2022_TIGHTENING_CYCLE_START,T10_2022,2022,TIGHTENING_CYCLE_START,2022-03-16,213,2023-01-19,0.9969943893327612,-0.0030056106672388117
T10_2022_TIGHTENING_CYCLE_START,T10_2022,2022,TIGHTENING_CYCLE_START,2022-03-16,214,2023-01-20,0.9992226770803984,-0.0007773229196016418
T10_2022_TIGHTENING_CYCLE_START,T10_2022,2022,TIGHTENING_CYCLE_START,2022-03-16,215,2023-01-23,0.9994299758440324,-0.00057002415596763
T10_2022_TIGHTENING_CYCLE_START,T10_2022,2022,TIGHTENING_CYCLE_START,2022-03-16,216,2023-01-24,1.0029538650497067,0.0029538650497067387
T10_2022_TIGHTENING_CYCLE_START,T10_2022,2022,TIGHTENING_CYCLE_START,2022-03-16,217,2023-01-25,1.006684989760314,0.006684989760314064
T10_2022_TIGHTENING_CYCLE_START,T10_2022,2022,TIGHTENING_CYCLE_START,2022-03-16,218,2023-01-26,1.0001554898874008,0.00015548988740077263
T10_2022_TIGHTENING_CYCLE_START,T10_2022,2022,TIGHTENING_CYCLE_START,2022-03-16,219,2023-01-27,0.9998445733713004,-0.00015542662869960644
T10_2022_TIGHTENING_CYCLE_START,T10_2022,2022,TIGHTENING_CYCLE_START,2022-03-16,220,2023-01-30,0.9964761740530267,-0.0035238259469733135
T10_2022_TIGHTENING_CYCLE_START,T10_2022,2022,TIGHTENING_CYCLE_START,2022-03-16,221,2023-01-31,0.9998963822475335,-0.00010361775246647831
T10_2022_TIGHTENING_CYCLE_START,T10_2022,2022,TIGHTENING_CYCLE_START,2022-03-16,222,2023-02-01,1.0067886707714817,0.0067886707714817085
T10_2022_TIGHTENING_CYCLE_START,T10_2022,2022,TIGHTENING_CYCLE_START,2022-03-16,223,2023-02-02,1.0005700874146688,0.0005700874146687962
T10_2022_TIGHTENING_CYCLE_START,T10_2022,2022,TIGHTENING_CYCLE_START,2022-03-16,224,2023-02-03,0.9724827812978434,-0.02751721870215662
T10_2022_TIGHTENING_CYCLE_START,T10_2022,2022,TIGHTENING_CYCLE_START,2022-03-16,225,2023-02-06,0.9739856182608133,-0.026014381739186687
T10_2022_TIGHTENING_CYCLE_START,T10_2022,2022,TIGHTENING_CYCLE_START,2022-03-16,226,2023-02-07,0.9767321845468862,-0.02326781545311385
T10_2022_TIGHTENING_CYCLE_START,T10_2022,2022,TIGHTENING_CYCLE_START,2022-03-16,227,2023-02-08,0.9797896040903582,-0.0202103959096418
T10_2022_TIGHTENING_CYCLE_START,T10_2022,2022,TIGHTENING_CYCLE_START,2022-03-16,228,2023-02-09,0.9734674029810789,-0.026532597018921078
T10_2022_TIGHTENING_CYCLE_START,T10_2022,2022,TIGHTENING_CYCLE_START,2022-03-16,229,2023-02-10,0.9713945418621414,-0.02860545813785864
T10_2022_TIGHTENING_CYCLE_START,T10_2022,2022,TIGHTENING_CYCLE_START,2022-03-16,230,2023-02-13,0.9656941737850628,-0.03430582621493716
T10_2022_TIGHTENING_CYCLE_START,T10_2022,2022,TIGHTENING_CYCLE_START,2022-03-16,231,2023-02-14,0.9666787954682985,-0.03332120453170151
T10_2022_TIGHTENING_CYCLE_START,T10_2022,2022,TIGHTENING_CYCLE_START,2022-03-16,232,2023-02-15,0.9562626809973772,-0.04373731900262279
T10_2022_TIGHTENING_CYCLE_START,T10_2022,2022,TIGHTENING_CYCLE_START,2022-03-16,233,2023-02-16,0.9596310803156508,-0.04036891968434919
T10_2022_TIGHTENING_CYCLE_START,T10_2022,2022,TIGHTENING_CYCLE_START,2022-03-16,234,2023-02-17,0.9588018852611149,-0.04119811473888513
T10_2022_TIGHTENING_CYCLE_START,T10_2022,2022,TIGHTENING_CYCLE_START,2022-03-16,235,2023-02-21,0.9548116529106404,-0.04518834708935959
T10_2022_TIGHTENING_CYCLE_START,T10_2022,2022,TIGHTENING_CYCLE_START,2022-03-16,236,2023-02-22,0.954293437630906,-0.045706562369093984
T10_2022_TIGHTENING_CYCLE_START,T10_2022,2022,TIGHTENING_CYCLE_START,2022-03-16,237,2023-02-23,0.9466756983222907,-0.053324301677709296
T10_2022_TIGHTENING_CYCLE_START,T10_2022,2022,TIGHTENING_CYCLE_START,2022-03-16,238,2023-02-24,0.9416489721536463,-0.05835102784635371
T10_2022_TIGHTENING_CYCLE_START,T10_2022,2022,TIGHTENING_CYCLE_START,2022-03-16,239,2023-02-27,0.945691076639055,-0.05430892336094495
T10_2022_TIGHTENING_CYCLE_START,T10_2022,2022,TIGHTENING_CYCLE_START,2022-03-16,240,2023-02-28,0.9518059789847004,-0.04819402101529957
T10_2022_TIGHTENING_CYCLE_START,T10_2022,2022,TIGHTENING_CYCLE_START,2022-03-16,241,2023-03-01,0.9563144898736103,-0.04368551012638966
T10_2022_TIGHTENING_CYCLE_START,T10_2022,2022,TIGHTENING_CYCLE_START,2022-03-16,242,2023-03-02,0.9537752223511716,-0.046224777648828375
T10_2022_TIGHTENING_CYCLE_START,T10_2022,2022,TIGHTENING_CYCLE_START,2022-03-16,243,2023-03-03,0.9610820451436864,-0.03891795485631355
T10_2022_TIGHTENING_CYCLE_START,T10_2022,2022,TIGHTENING_CYCLE_START,2022-03-16,244,2023-03-06,0.9610820451436864,-0.03891795485631355
T10_2022_TIGHTENING_CYCLE_START,T10_2022,2022,TIGHTENING_CYCLE_START,2022-03-16,245,2023-03-07,0.9431518091166162,-0.056848190883383776
T10_2022_TIGHTENING_CYCLE_START,T10_2022,2022,TIGHTENING_CYCLE_START,2022-03-16,246,2023-03-08,0.9424262950732479,-0.05757370492675207
T10_2022_TIGHTENING_CYCLE_START,T10_2022,2022,TIGHTENING_CYCLE_START,2022-03-16,247,2023-03-09,0.9507177395489984,-0.04928226045100159
T10_2022_TIGHTENING_CYCLE_START,T10_2022,2022,TIGHTENING_CYCLE_START,2022-03-16,248,2023-03-10,0.9676115450165997,-0.03238845498340026
T10_2022_TIGHTENING_CYCLE_START,T10_2022,2022,TIGHTENING_CYCLE_START,2022-03-16,249,2023-03-13,0.9931595836109863,-0.0068404163890136704
T10_2022_TIGHTENING_CYCLE_START,T10_2022,2022,TIGHTENING_CYCLE_START,2022-03-16,250,2023-03-14,0.9902575906962139,-0.009742409303786115
T10_2022_TIGHTENING_CYCLE_START,T10_2022,2022,TIGHTENING_CYCLE_START,2022-03-16,251,2023-03-15,1.000829195054536,0.0008291950545360471
T10_2022_TIGHTENING_CYCLE_START,T10_2022,2022,TIGHTENING_CYCLE_START,2022-03-16,252,2023-03-16,0.9965279829292599,-0.0034720170707400744
T10_2022_LAST_HIKE,T10_2022,2022,LAST_HIKE,2023-07-26,-60,2023-04-27,1.0179762945999256,0.017976294599925557
T10_2022_LAST_HIKE,T10_2022,2022,LAST_HIKE,2023-07-26,-59,2023-04-28,1.0180272064441092,0.018027206444109156
T10_2022_LAST_HIKE,T10_2022,2022,LAST_HIKE,2023-07-26,-58,2023-05-01,1.0145134189075027,0.014513418907502684
T10_2022_LAST_HIKE,T10_2022,2022,LAST_HIKE,2023-07-26,-57,2023-05-02,1.0303509187443236,0.030350918744323607
T10_2022_LAST_HIKE,T10_2022,2022,LAST_HIKE,2023-07-26,-56,2023-05-03,1.0373275198099292,0.03732751980992921
T10_2022_LAST_HIKE,T10_2022,2022,LAST_HIKE,2023-07-26,-55,2023-05-04,1.046850334718956,0.046850334718955944
T10_2022_LAST_HIKE,T10_2022,2022,LAST_HIKE,2023-07-26,-54,2023-05-05,1.0311147828973501,0.031114782897350146
T10_2022_LAST_HIKE,T10_2022,2022,LAST_HIKE,2023-07-26,-53,2023-05-08,1.0353923724235592,0.03539237242355919
T10_2022_LAST_HIKE,T10_2022,2022,LAST_HIKE,2023-07-26,-52,2023-05-09,1.0403320645778513,0.04033206457785132
T10_2022_LAST_HIKE,T10_2022,2022,LAST_HIKE,2023-07-26,-51,2023-05-10,1.0373784316541128,0.03737843165411281
T10_2022_LAST_HIKE,T10_2022,2022,LAST_HIKE,2023-07-26,-50,2023-05-11,1.0289250141266382,0.02892501412663817
T10_2022_LAST_HIKE,T10_2022,2022,LAST_HIKE,2023-07-26,-49,2023-05-12,1.0285685690539286,0.028568569053928572
T10_2022_LAST_HIKE,T10_2022,2022,LAST_HIKE,2023-07-26,-48,2023-05-15,1.030045323352374,0.030045323352374087
T10_2022_LAST_HIKE,T10_2022,2022,LAST_HIKE,2023-07-26,-47,2023-05-16,1.0149208379878196,0.014920837987819624
T10_2022_LAST_HIKE,T10_2022,2022,LAST_HIKE,2023-07-26,-46,2023-05-17,1.0107959839941616,0.010795983994161595
T10_2022_LAST_HIKE,T10_2022,2022,LAST_HIKE,2023-07-26,-45,2023-05-18,0.9980140029328703,-0.0019859970671296523
T10_2022_LAST_HIKE,T10_2022,2022,LAST_HIKE,2023-07-26,-44,2023-05-19,1.0091154579921338,0.009115457992133758
T10_2022_LAST_HIKE,T10_2022,2022,LAST_HIKE,2023-07-26,-43,2023-05-22,1.0068747773772382,0.006874777377238184
T10_2022_LAST_HIKE,T10_2022,2022,LAST_HIKE,2023-07-26,-42,2023-05-23,1.00549984676716,0.005499846767160088
T10_2022_LAST_HIKE,T10_2022,2022,LAST_HIKE,2023-07-26,-41,2023-05-24,1.0004583309245008,0.0004583309245007605
T10_2022_LAST_HIKE,T10_2022,2022,LAST_HIKE,2023-07-26,-40,2023-05-25,0.9898151446263139,-0.010184855373686075
T10_2022_LAST_HIKE,T10_2022,2022,LAST_HIKE,2023-07-26,-39,2023-05-26,0.9901207400182637,-0.009879259981736332
T10_2022_LAST_HIKE,T10_2022,2022,LAST_HIKE,2023-07-26,-38,2023-05-30,0.997097341083869,-0.0029026589161309513
T10_2022_LAST_HIKE,T10_2022,2022,LAST_HIKE,2023-07-26,-37,2023-05-31,1.0001018858517912,0.00010188585179116139
T10_2022_LAST_HIKE,T10_2022,2022,LAST_HIKE,2023-07-26,-36,2023-06-01,1.0161939449095305,0.016193944909530522
T10_2022_LAST_HIKE,T10_2022,2022,LAST_HIKE,2023-07-26,-35,2023-06-02,1.0030045447679221,0.0030045447679221127
T10_2022_LAST_HIKE,T10_2022,2022,LAST_HIKE,2023-07-26,-34,2023-06-05,1.0053980230787927,0.005398023078792669
T10_2022_LAST_HIKE,T10_2022,2022,LAST_HIKE,2023-07-26,-33,2023-06-06,1.0090645461479502,0.009064546147950159
T10_2022_LAST_HIKE,T10_2022,2022,LAST_HIKE,2023-07-26,-32,2023-06-07,0.9973010506240275,-0.0026989493759724814
T10_2022_LAST_HIKE,T10_2022,2022,LAST_HIKE,2023-07-26,-31,2023-06-08,1.007587729686081,0.007587729686080902
T10_2022_LAST_HIKE,T10_2022,2022,LAST_HIKE,2023-07-26,-30,2023-06-09,1.0068747773772382,0.006874777377238184
T10_2022_LAST_HIKE,T10_2022,2022,LAST_HIKE,2023-07-26,-29,2023-06-12,1.003055456612106,0.0030554566121059334
T10_2022_LAST_HIKE,T10_2022,2022,LAST_HIKE,2023-07-26,-28,2023-06-13,0.9974028743123948,-0.002597125687605173
T10_2022_LAST_HIKE,T10_2022,2022,LAST_HIKE,2023-07-26,-27,2023-06-14,1.0026480996952127,0.0026480996952127356
T10_2022_LAST_HIKE,T10_2022,2022,LAST_HIKE,2023-07-26,-26,2023-06-15,1.00356469938079,0.0035646993807900706
T10_2022_LAST_HIKE,T10_2022,2022,LAST_HIKE,2023-07-26,-25,2023-06-16,1.0038193207651323,0.0038193207651322503
T10_2022_LAST_HIKE,T10_2022,2022,LAST_HIKE,2023-07-26,-24,2023-06-20,0.9918521157010511,-0.00814788429894886
T10_2022_LAST_HIKE,T10_2022,2022,LAST_HIKE,2023-07-26,-23,2023-06-21,0.9904262732467894,-0.009573726753210554
T10_2022_LAST_HIKE,T10_2022,2022,LAST_HIKE,2023-07-26,-22,2023-06-22,0.9796302892526279,-0.02036971074737215
T10_2022_LAST_HIKE,T10_2022,2022,LAST_HIKE,2023-07-26,-21,2023-06-23,0.98263483402055,-0.017365165979450037
T10_2022_LAST_HIKE,T10_2022,2022,LAST_HIKE,2023-07-26,-20,2023-06-26,0.9847736909470785,-0.01522630905292155
T10_2022_LAST_HIKE,T10_2022,2022,LAST_HIKE,2023-07-26,-19,2023-06-27,0.9796812632602354,-0.020318736739764587
T10_2022_LAST_HIKE,T10_2022,2022,LAST_HIKE,2023-07-26,-18,2023-06-28,0.9788664250996013,-0.02113357490039869
T10_2022_LAST_HIKE,T10_2022,2022,LAST_HIKE,2023-07-26,-17,2023-06-29,0.9766767184923132,-0.02332328150768681
T10_2022_LAST_HIKE,T10_2022,2022,LAST_HIKE,2023-07-26,-16,2023-06-30,0.9825330103321827,-0.017466989667817345
T10_2022_LAST_HIKE,T10_2022,2022,LAST_HIKE,2023-07-26,-15,2023-07-03,0.9825839221763664,-0.017416077823633636
T10_2022_LAST_HIKE,T10_2022,2022,LAST_HIKE,2023-07-26,-14,2023-07-05,0.9813617270988392,-0.018638272901160824
T10_2022_LAST_HIKE,T10_2022,2022,LAST_HIKE,2023-07-26,-13,2023-07-06,0.9754036115706024,-0.024596388429397598
T10_2022_LAST_HIKE,T10_2022,2022,LAST_HIKE,2023-07-26,-12,2023-07-07,0.9841116504824192,-0.01588834951758078
T10_2022_LAST_HIKE,T10_2022,2022,LAST_HIKE,2023-07-26,-11,2023-07-10,0.9833477863293928,-0.016652213670607208
T10_2022_LAST_HIKE,T10_2022,2022,LAST_HIKE,2023-07-26,-10,2023-07-11,0.9864541547856823,-0.013545845214317676
T10_2022_LAST_HIKE,T10_2022,2022,LAST_HIKE,2023-07-26,-9,2023-07-12,0.9989815144626314,-0.0010184855373686075
T10_2022_LAST_HIKE,T10_2022,2022,LAST_HIKE,2023-07-26,-8,2023-07-13,1.0000509740076076,5.0974007607562655e-05
T10_2022_LAST_HIKE,T10_2022,2022,LAST_HIKE,2023-07-26,-7,2023-07-14,1.0003565072361333,0.000356507236133341
T10_2022_LAST_HIKE,T10_2022,2022,LAST_HIKE,2023-07-26,-6,2023-07-17,0.9962825650866589,-0.003717434913341089
T10_2022_LAST_HIKE,T10_2022,2022,LAST_HIKE,2023-07-26,-5,2023-07-18,1.0087081010752408,0.008708101075240782
T10_2022_LAST_HIKE,T10_2022,2022,LAST_HIKE,2023-07-26,-4,2023-07-19,1.0087081010752408,0.008708101075240782
T10_2022_LAST_HIKE,T10_2022,2022,LAST_HIKE,2023-07-26,-3,2023-07-20,1.0036665852325812,0.003666585232581232
T10_2022_LAST_HIKE,T10_2022,2022,LAST_HIKE,2023-07-26,-2,2023-07-21,1.0014768164618693,0.001476816461869257
T10_2022_LAST_HIKE,T10_2022,2022,LAST_HIKE,2023-07-26,-1,2023-07-24,0.9992361358469736,-0.0007638641530264279
T10_2022_LAST_HIKE,T10_2022,2022,LAST_HIKE,2023-07-26,0,2023-07-25,1.0,0.0
T10_2022_LAST_HIKE,T10_2022,2022,LAST_HIKE,2023-07-26,1,2023-07-26,1.0032591661522643,0.0032591661522642923
T10_2022_LAST_HIKE,T10_2022,2022,LAST_HIKE,2023-07-26,2,2023-07-27,0.9908336301636825,-0.009166369836317467
T10_2022_LAST_HIKE,T10_2022,2022,LAST_HIKE,2023-07-26,3,2023-07-28,0.9983195361613961,-0.001680463838603874
T10_2022_LAST_HIKE,T10_2022,2022,LAST_HIKE,2023-07-26,4,2023-07-31,1.0034628756924229,0.003462875692422873
T10_2022_LAST_HIKE,T10_2022,2022,LAST_HIKE,2023-07-26,5,2023-08-01,1.007689615537872,0.007689615537872063
T10_2022_LAST_HIKE,T10_2022,2022,LAST_HIKE,2023-07-26,6,2023-08-02,1.0057544681515023,0.005754468151502268
T10_2022_LAST_HIKE,T10_2022,2022,LAST_HIKE,2023-07-26,7,2023-08-03,1.0025971878510291,0.002597187851029137
T10_2022_LAST_HIKE,T10_2022,2022,LAST_HIKE,2023-07-26,8,2023-08-04,1.0063146227643702,0.006314622764370226
T10_2022_LAST_HIKE,T10_2022,2022,LAST_HIKE,2023-07-26,9,2023-08-07,1.0032082543080807,0.0032082543080806936
T10_2022_LAST_HIKE,T10_2022,2022,LAST_HIKE,2023-07-26,10,2023-08-08,0.998064914777054,-0.0019350852229460536
T10_2022_LAST_HIKE,T10_2022,2022,LAST_HIKE,2023-07-26,11,2023-08-09,0.9933289321629204,-0.006671067837079603
T10_2022_LAST_HIKE,T10_2022,2022,LAST_HIKE,2023-07-26,12,2023-08-10,0.9924632443215267,-0.007536755678473339
T10_2022_LAST_HIKE,T10_2022,2022,LAST_HIKE,2023-07-26,13,2023-08-11,0.9912919610881832,-0.008708038911816818
T10_2022_LAST_HIKE,T10_2022,2022,LAST_HIKE,2023-07-26,14,2023-08-14,0.9899679423222888,-0.010032057677711204
T10_2022_LAST_HIKE,T10_2022,2022,LAST_HIKE,2023-07-26,15,2023-08-15,0.9854865810924973,-0.014513418907502684
T10_2022_LAST_HIKE,T10_2022,2022,LAST_HIKE,2023-07-26,16,2023-08-16,0.9819728557193147,-0.018027144280685303
T10_2022_LAST_HIKE,T10_2022,2022,LAST_HIKE,2023-07-26,17,2023-08-17,0.9753017257188112,-0.02469827428118876
T10_2022_LAST_HIKE,T10_2022,2022,LAST_HIKE,2023-07-26,18,2023-08-18,0.9759637661834704,-0.02403623381652964
T10_2022_LAST_HIKE,T10_2022,2022,LAST_HIKE,2023-07-26,19,2023-08-21,0.9792738441799184,-0.020726155820081638
T10_2022_LAST_HIKE,T10_2022,2022,LAST_HIKE,2023-07-26,20,2023-08-22,0.9808015724859712,-0.019198427514028782
T10_2022_LAST_HIKE,T10_2022,2022,LAST_HIKE,2023-07-26,21,2023-08-23,0.9920558252412096,-0.00794417475879039
T10_2022_LAST_HIKE,T10_2022,2022,LAST_HIKE,2023-07-26,22,2023-08-24,0.9915465824725254,-0.008453417527474638
T10_2022_LAST_HIKE,T10_2022,2022,LAST_HIKE,2023-07-26,23,2023-08-25,0.9878800594033679,-0.012119940596632128
T10_2022_LAST_HIKE,T10_2022,2022,LAST_HIKE,2023-07-26,24,2023-08-28,0.9913938469399743,-0.008606153060025656
T10_2022_LAST_HIKE,T10_2022,2022,LAST_HIKE,2023-07-26,25,2023-08-29,1.0007129523088427,0.0007129523088427181
T10_2022_LAST_HIKE,T10_2022,2022,LAST_HIKE,2023-07-26,26,2023-08-30,1.0047359826141335,0.004735982614133549
T10_2022_LAST_HIKE,T10_2022,2022,LAST_HIKE,2023-07-26,27,2023-08-31,1.0011203713891599,0.0011203713891598799
T10_2022_LAST_HIKE,T10_2022,2022,LAST_HIKE,2023-07-26,28,2023-09-01,1.0017314378462114,0.0017314378462114366
T10_2022_LAST_HIKE,T10_2022,2022,LAST_HIKE,2023-07-26,29,2023-09-05,0.994347417700289,-0.005652582299710995
T10_2022_LAST_HIKE,T10_2022,2022,LAST_HIKE,2023-07-26,30,2023-09-06,0.9900697660106561,-0.009930233989343895
T10_2022_LAST_HIKE,T10_2022,2022,LAST_HIKE,2023-07-26,31,2023-09-07,0.9892040781692623,-0.010795921830737742
T10_2022_LAST_HIKE,T10_2022,2022,LAST_HIKE,2023-07-26,32,2023-09-08,0.9893059018576296,-0.010694098142370434
T10_2022_LAST_HIKE,T10_2022,2022,LAST_HIKE,2023-07-26,33,2023-09-11,0.991597494316709,-0.00840250568329104
T10_2022_LAST_HIKE,T10_2022,2022,LAST_HIKE,2023-07-26,34,2023-09-12,0.9854356692483137,-0.014564330751686283
T10_2022_LAST_HIKE,T10_2022,2022,LAST_HIKE,2023-07-26,35,2023-09-13,0.9841116504824192,-0.01588834951758078
T10_2022_LAST_HIKE,T10_2022,2022,LAST_HIKE,2023-07-26,36,2023-09-14,0.9842644481783941,-0.01573555182160591
T10_2022_LAST_HIKE,T10_2022,2022,LAST_HIKE,2023-07-26,37,2023-09-15,0.9910882515480247,-0.008911748451975288
T10_2022_LAST_HIKE,T10_2022,2022,LAST_HIKE,2023-07-26,38,2023-09-18,0.994754836780606,-0.005245163219393945
T10_2022_LAST_HIKE,T10_2022,2022,LAST_HIKE,2023-07-26,39,2023-09-19,0.994907572313157,-0.005092427686843037
T10_2022_LAST_HIKE,T10_2022,2022,LAST_HIKE,2023-07-26,40,2023-09-20,1.0017314378462114,0.0017314378462114366
T10_2022_LAST_HIKE,T10_2022,2022,LAST_HIKE,2023-07-26,41,2023-09-21,0.987727261707393,-0.012272738292607
T10_2022_LAST_HIKE,T10_2022,2022,LAST_HIKE,2023-07-26,42,2023-09-22,0.9907827183194988,-0.009217281680501177
T10_2022_LAST_HIKE,T10_2022,2022,LAST_HIKE,2023-07-26,43,2023-09-25,0.9861995334013401,-0.013800466598659855
T10_2022_LAST_HIKE,T10_2022,2022,LAST_HIKE,2023-07-26,44,2023-09-26,0.9776442921854982,-0.022355707814501802
T10_2022_LAST_HIKE,T10_2022,2022,LAST_HIKE,2023-07-26,45,2023-09-27,0.9629271637378369,-0.03707283626216307
T10_2022_LAST_HIKE,T10_2022,2022,LAST_HIKE,2023-07-26,46,2023-09-28,0.9566634528176504,-0.04333654718234958
T10_2022_LAST_HIKE,T10_2022,2022,LAST_HIKE,2023-07-26,47,2023-09-29,0.9502979182090966,-0.04970208179090341
T10_2022_LAST_HIKE,T10_2022,2022,LAST_HIKE,2023-07-26,48,2023-10-02,0.9406732174482785,-0.059326782551721524
T10_2022_LAST_HIKE,T10_2022,2022,LAST_HIKE,2023-07-26,49,2023-10-03,0.9377705585321475,-0.062229441467852475
T10_2022_LAST_HIKE,T10_2022,2022,LAST_HIKE,2023-07-26,50,2023-10-04,0.9343586568473322,-0.06564134315266779
T10_2022_LAST_HIKE,T10_2022,2022,LAST_HIKE,2023-07-26,51,2023-10-05,0.9328309285412794,-0.06716907145872064
T10_2022_LAST_HIKE,T10_2022,2022,LAST_HIKE,2023-07-26,52,2023-10-06,0.9396547319109099,-0.06034526808909013
T10_2022_LAST_HIKE,T10_2022,2022,LAST_HIKE,2023-07-26,53,2023-10-09,0.9493813185235193,-0.05061868147648074
T10_2022_LAST_HIKE,T10_2022,2022,LAST_HIKE,2023-07-26,54,2023-10-10,0.9549829889790465,-0.04501701102095346
T10_2022_LAST_HIKE,T10_2022,2022,LAST_HIKE,2023-07-26,55,2023-10-11,0.9610939022032582,-0.03890609779674181
T10_2022_LAST_HIKE,T10_2022,2022,LAST_HIKE,2023-07-26,56,2023-10-12,0.9589041334325462,-0.04109586656745379
T10_2022_LAST_HIKE,T10_2022,2022,LAST_HIKE,2023-07-26,57,2023-10-13,0.988694835400578,-0.01130516459942199
T10_2022_LAST_HIKE,T10_2022,2022,LAST_HIKE,2023-07-26,58,2023-10-16,0.9850283123314205,-0.01497168766857948
T10_2022_LAST_HIKE,T10_2022,2022,LAST_HIKE,2023-07-26,59,2023-10-17,0.9857412024768395,-0.014258797523160505
T10_2022_LAST_HIKE,T10_2022,2022,LAST_HIKE,2023-07-26,60,2023-10-18,1.002342566466687,0.0023425664666869572
T10_2022_LAST_HIKE,T10_2022,2022,LAST_HIKE,2023-07-26,61,2023-10-19,1.0085553033792658,0.0085553033792658
T10_2022_LAST_HIKE,T10_2022,2022,LAST_HIKE,2023-07-26,62,2023-10-20,1.0156337902966626,0.015633790296662564
T10_2022_LAST_HIKE,T10_2022,2022,LAST_HIKE,2023-07-26,63,2023-10-23,1.0122728004560309,0.012272800456030852
T10_2022_LAST_HIKE,T10_2022,2022,LAST_HIKE,2023-07-26,64,2023-10-24,1.0114070504512132,0.011407050451213152
T10_2022_LAST_HIKE,T10_2022,2022,LAST_HIKE,2023-07-26,65,2023-10-25,1.0158884116810047,0.015888411681004744
T10_2022_LAST_HIKE,T10_2022,2022,LAST_HIKE,2023-07-26,66,2023-10-26,1.0171615186027154,0.01716151860271542
T10_2022_LAST_HIKE,T10_2022,2022,LAST_HIKE,2023-07-26,67,2023-10-27,1.0177216732155834,0.017721673215583378
T10_2022_LAST_HIKE,T10_2022,2022,LAST_HIKE,2023-07-26,68,2023-10-30,1.0213372844405573,0.02133728444055727
T10_2022_LAST_HIKE,T10_2022,2022,LAST_HIKE,2023-07-26,69,2023-10-31,1.015582878452479,0.015582878452478965
T10_2022_LAST_HIKE,T10_2022,2022,LAST_HIKE,2023-07-26,70,2023-11-01,1.012120002760056,0.012120002760056092
T10_2022_LAST_HIKE,T10_2022,2022,LAST_HIKE,2023-07-26,71,2023-11-02,1.0151754593721618,0.015175459372161804
T10_2022_LAST_HIKE,T10_2022,2022,LAST_HIKE,2023-07-26,72,2023-11-03,1.0180781182882928,0.018078118288292755
T10_2022_LAST_HIKE,T10_2022,2022,LAST_HIKE,2023-07-26,73,2023-11-06,1.012680157372924,0.01268015737292405
T10_2022_LAST_HIKE,T10_2022,2022,LAST_HIKE,2023-07-26,74,2023-11-07,1.0049906039984757,0.004990603998475729
T10_2022_LAST_HIKE,T10_2022,2022,LAST_HIKE,2023-07-26,75,2023-11-08,0.9969955173955017,-0.0030044826044982598
T10_2022_LAST_HIKE,T10_2022,2022,LAST_HIKE,2023-07-26,76,2023-11-09,1.0031064306197135,0.003106430619713496
T10_2022_LAST_HIKE,T10_2022,2022,LAST_HIKE,2023-07-26,77,2023-11-10,0.9867596880142081,-0.013240311985791897
T10_2022_LAST_HIKE,T10_2022,2022,LAST_HIKE,2023-07-26,78,2023-11-13,0.9931252226227619,-0.006874777377238073
T10_2022_LAST_HIKE,T10_2022,2022,LAST_HIKE,2023-07-26,79,2023-11-14,1.0014259046176857,0.0014259046176856582
T10_2022_LAST_HIKE,T10_2022,2022,LAST_HIKE,2023-07-26,80,2023-11-15,1.0003055953919497,0.0003055953919497423
T10_2022_LAST_HIKE,T10_2022,2022,LAST_HIKE,2023-07-26,81,2023-11-16,1.0120181790716887,0.012018179071688673
T10_2022_LAST_HIKE,T10_2022,2022,LAST_HIKE,2023-07-26,82,2023-11-17,1.0106940981423704,0.010694098142370434
T10_2022_LAST_HIKE,T10_2022,2022,LAST_HIKE,2023-07-26,83,2023-11-20,1.0084534796908986,0.008453479690898602
T10_2022_LAST_HIKE,T10_2022,2022,LAST_HIKE,2023-07-26,84,2023-11-21,1.0193003133658198,0.019300313365819832
T10_2022_LAST_HIKE,T10_2022,2022,LAST_HIKE,2023-07-26,85,2023-11-22,1.0148190142994524,0.014819014299452427
T10_2022_LAST_HIKE,T10_2022,2022,LAST_HIKE,2023-07-26,86,2023-11-23,1.0150736356837946,0.015073635683794606
T10_2022_LAST_HIKE,T10_2022,2022,LAST_HIKE,2023-07-26,87,2023-11-24,1.0200132656746628,0.020013265674662772
T10_2022_LAST_HIKE,T10_2022,2022,LAST_HIKE,2023-07-26,88,2023-11-27,1.02480016013298,0.02480016013297992
T10_2022_LAST_HIKE,T10_2022,2022,LAST_HIKE,2023-07-26,89,2023-11-28,1.038855248115982,0.038855248115982066
T10_2022_LAST_HIKE,T10_2022,2022,LAST_HIKE,2023-07-26,90,2023-11-29,1.0424708593409557,0.042470859340955736
T10_2022_LAST_HIKE,T10_2022,2022,LAST_HIKE,2023-07-26,91,2023-11-30,1.0378876744227972,0.03788767442279717
T10_2022_LAST_HIKE,T10_2022,2022,LAST_HIKE,2023-07-26,92,2023-12-01,1.0641645888542224,0.06416458885422238
T10_2022_LAST_HIKE,T10_2022,2022,LAST_HIKE,2023-07-26,93,2023-12-04,1.039975557341718,0.03997555734171798
T10_2022_LAST_HIKE,T10_2022,2022,LAST_HIKE,2023-07-26,94,2023-12-05,1.0369710747372196,0.03697107473721961
T10_2022_LAST_HIKE,T10_2022,2022,LAST_HIKE,2023-07-26,95,2023-12-06,1.042878278421273,0.0428782784212729
T10_2022_LAST_HIKE,T10_2022,2022,LAST_HIKE,2023-07-26,96,2023-12-07,1.0421144142682464,0.04211441426824636
T10_2022_LAST_HIKE,T10_2022,2022,LAST_HIKE,2023-07-26,97,2023-12-08,1.0258695575145322,0.025869557514532238
T10_2022_LAST_HIKE,T10_2022,2022,LAST_HIKE,2023-07-26,98,2023-12-11,1.0152772830605292,0.015277283060529223
T10_2022_LAST_HIKE,T10_2022,2022,LAST_HIKE,2023-07-26,99,2023-12-12,1.015022661676187,0.015022661676187044
T10_2022_LAST_HIKE,T10_2022,2022,LAST_HIKE,2023-07-26,100,2023-12-13,1.0171106067585318,0.01711060675853182
T10_2022_LAST_HIKE,T10_2022,2022,LAST_HIKE,2023-07-26,101,2023-12-14,1.0413505501152198,0.04135055011521982
T10_2022_LAST_HIKE,T10_2022,2022,LAST_HIKE,2023-07-26,102,2023-12-15,1.0366654793452699,0.03666547934526987
T10_2022_LAST_HIKE,T10_2022,2022,LAST_HIKE,2023-07-26,103,2023-12-18,1.0391098695003242,0.039109869500324246
T10_2022_LAST_HIKE,T10_2022,2022,LAST_HIKE,2023-07-26,104,2023-12-19,1.0450171353478013,0.045017135347801274
T10_2022_LAST_HIKE,T10_2022,2022,LAST_HIKE,2023-07-26,105,2023-12-20,1.0427763925694815,0.042776392569481514
T10_2022_LAST_HIKE,T10_2022,2022,LAST_HIKE,2023-07-26,106,2023-12-21,1.0446097162674843,0.044609716267484334
T10_2022_LAST_HIKE,T10_2022,2022,LAST_HIKE,2023-07-26,107,2023-12-22,1.0536742624154345,0.05367426241543449
T10_2022_LAST_HIKE,T10_2022,2022,LAST_HIKE,2023-07-26,108,2023-12-26,1.0540307074881439,0.05403070748814387
T10_2022_LAST_HIKE,T10_2022,2022,LAST_HIKE,2023-07-26,109,2023-12-27,1.0658960888638578,0.06589608886385778
T10_2022_LAST_HIKE,T10_2022,2022,LAST_HIKE,2023-07-26,110,2023-12-28,1.0610073085537493,0.06100730855374925
T10_2022_LAST_HIKE,T10_2022,2022,LAST_HIKE,2023-07-26,111,2023-12-29,1.0550491930255126,0.05504919302551259
T10_2022_LAST_HIKE,T10_2022,2022,LAST_HIKE,2023-07-26,112,2024-01-02,1.0558639068592988,0.05586390685929876
T10_2022_LAST_HIKE,T10_2022,2022,LAST_HIKE,2023-07-26,113,2024-01-03,1.0402811527336677,0.040281152733667724
T10_2022_LAST_HIKE,T10_2022,2022,LAST_HIKE,2023-07-26,114,2024-01-04,1.043947675802825,0.04394767580282499
T10_2022_LAST_HIKE,T10_2022,2022,LAST_HIKE,2023-07-26,115,2024-01-05,1.0438458521144578,0.043845852114457795
T10_2022_LAST_HIKE,T10_2022,2022,LAST_HIKE,2023-07-26,116,2024-01-08,1.035545170119534,0.03554517011953395
T10_2022_LAST_HIKE,T10_2022,2022,LAST_HIKE,2023-07-26,117,2024-01-09,1.035290548735192,0.035290548735191996
T10_2022_LAST_HIKE,T10_2022,2022,LAST_HIKE,2023-07-26,118,2024-01-10,1.032642511203403,0.032642511203403
T10_2022_LAST_HIKE,T10_2022,2022,LAST_HIKE,2023-07-26,119,2024-01-11,1.0282629736619788,0.02826297366197883
T10_2022_LAST_HIKE,T10_2022,2022,LAST_HIKE,2023-07-26,120,2024-01-12,1.044762513963459,0.044762513963459094
T10_2022_LAST_HIKE,T10_2022,2022,LAST_HIKE,2023-07-26,121,2024-01-16,1.0338646441175063,0.03386464411750634
T10_2022_LAST_HIKE,T10_2022,2022,LAST_HIKE,2023-07-26,122,2024-01-17,1.0217956153650578,0.021795615365057808
T10_2022_LAST_HIKE,T10_2022,2022,LAST_HIKE,2023-07-26,123,2024-01-18,1.0294851687395061,0.02948516873950613
T10_2022_LAST_HIKE,T10_2022,2022,LAST_HIKE,2023-07-26,124,2024-01-19,1.0334063753564295,0.03340637535642954
T10_2022_LAST_HIKE,T10_2022,2022,LAST_HIKE,2023-07-26,125,2024-01-22,1.029790701968032,0.029790701968031907
T10_2022_LAST_HIKE,T10_2022,2022,LAST_HIKE,2023-07-26,126,2024-01-23,1.0316240256660345,0.031624025666034505
T10_2022_LAST_HIKE,T10_2022,2022,LAST_HIKE,2023-07-26,127,2024-01-24,1.0266334216675588,0.026633421667558776
T10_2022_LAST_HIKE,T10_2022,2022,LAST_HIKE,2023-07-26,128,2024-01-25,1.02755008351656,0.027550083516560075
T10_2022_LAST_HIKE,T10_2022,2022,LAST_HIKE,2023-07-26,129,2024-01-26,1.027295462132218,0.027295462132217896
T10_2022_LAST_HIKE,T10_2022,2022,LAST_HIKE,2023-07-26,130,2024-01-29,1.031420316125876,0.031420316125875924
T10_2022_LAST_HIKE,T10_2022,2022,LAST_HIKE,2023-07-26,131,2024-01-30,1.0345266845821655,0.03452668458216546
T10_2022_LAST_HIKE,T10_2022,2022,LAST_HIKE,2023-07-26,132,2024-01-31,1.0431328376421911,0.04313283764219111
T10_2022_LAST_HIKE,T10_2022,2022,LAST_HIKE,2023-07-26,133,2024-02-01,1.054692747952803,0.05469274795280299
T10_2022_LAST_HIKE,T10_2022,2022,LAST_HIKE,2023-07-26,134,2024-02-02,1.0458318491815874,0.04583184918158745
T10_2022_LAST_HIKE,T10_2022,2022,LAST_HIKE,2023-07-26,135,2024-02-05,1.0403320645778513,0.04033206457785132
T10_2022_LAST_HIKE,T10_2022,2022,LAST_HIKE,2023-07-26,136,2024-02-06,1.044660565948244,0.04466056594824397
T10_2022_LAST_HIKE,T10_2022,2022,LAST_HIKE,2023-07-26,137,2024-02-07,1.0448133636442187,0.04481336364421873
T10_2022_LAST_HIKE,T10_2022,2022,LAST_HIKE,2023-07-26,138,2024-02-08,1.042878278421273,0.0428782784212729
T10_2022_LAST_HIKE,T10_2022,2022,LAST_HIKE,2023-07-26,139,2024-02-09,1.038193207651323,0.03819320765132295
T10_2022_LAST_HIKE,T10_2022,2022,LAST_HIKE,2023-07-26,140,2024-02-12,1.035290548735192,0.035290548735191996
T10_2022_LAST_HIKE,T10_2022,2022,LAST_HIKE,2023-07-26,141,2024-02-13,1.0221520604377672,0.022152060437767185
T10_2022_LAST_HIKE,T10_2022,2022,LAST_HIKE,2023-07-26,142,2024-02-14,1.020675306139322,0.020675306139321892
T10_2022_LAST_HIKE,T10_2022,2022,LAST_HIKE,2023-07-26,143,2024-02-15,1.0260732670546908,0.02607326705469082
T10_2022_LAST_HIKE,T10_2022,2022,LAST_HIKE,2023-07-26,144,2024-02-16,1.0307582756612168,0.030758275661216805
T10_2022_LAST_HIKE,T10_2022,2022,LAST_HIKE,2023-07-26,145,2024-02-20,1.0387534244276146,0.03875342442761465
T10_2022_LAST_HIKE,T10_2022,2022,LAST_HIKE,2023-07-26,146,2024-02-21,1.0359525891998511,0.035952589199851115
T10_2022_LAST_HIKE,T10_2022,2022,LAST_HIKE,2023-07-26,147,2024-02-22,1.0341192655018485,0.03411926550184852
T10_2022_LAST_HIKE,T10_2022,2022,LAST_HIKE,2023-07-26,148,2024-02-23,1.0436420804108755,0.04364208041087547
T10_2022_LAST_HIKE,T10_2022,2022,LAST_HIKE,2023-07-26,149,2024-02-26,1.038295093503114,0.03829509350311411
T10_2022_LAST_HIKE,T10_2022,2022,LAST_HIKE,2023-07-26,150,2024-02-27,1.0409431310349029,0.04094313103490288
T10_2022_LAST_HIKE,T10_2022,2022,LAST_HIKE,2023-07-26,151,2024-02-28,1.0402301787260602,0.04023017872606016
T10_2022_LAST_HIKE,T10_2022,2022,LAST_HIKE,2023-07-26,152,2024-02-29,1.0463410919502718,0.04634109195027181
T10_2022_LAST_HIKE,T10_2022,2022,LAST_HIKE,2023-07-26,153,2024-03-01,1.0672200454663283,0.06722004546632832
T10_2022_LAST_HIKE,T10_2022,2022,LAST_HIKE,2023-07-26,154,2024-03-04,1.082802923918807,0.08280292391880706
T10_2022_LAST_HIKE,T10_2022,2022,LAST_HIKE,2023-07-26,155,2024-03-05,1.0907470365141736,0.0907470365141736
T10_2022_LAST_HIKE,T10_2022,2022,LAST_HIKE,2023-07-26,156,2024-03-06,1.0990477185090972,0.09904771850909722
T10_2022_LAST_HIKE,T10_2022,2022,LAST_HIKE,2023-07-26,157,2024-03-07,1.1026124178898875,0.10261241788988751
T10_2022_LAST_HIKE,T10_2022,2022,LAST_HIKE,2023-07-26,158,2024-03-08,1.1129500709595483,0.11295007095954834
T10_2022_LAST_HIKE,T10_2022,2022,LAST_HIKE,2023-07-26,159,2024-03-11,1.1145287732732088,0.11452877327320876
T10_2022_LAST_HIKE,T10_2022,2022,LAST_HIKE,2023-07-26,160,2024-03-12,1.103070810977812,0.10307081097781201
T10_2022_LAST_HIKE,T10_2022,2022,LAST_HIKE,2023-07-26,161,2024-03-13,1.1105566548121018,0.11055665481210175
T10_2022_LAST_HIKE,T10_2022,2022,LAST_HIKE,2023-07-26,162,2024-03-14,1.103783701123231,0.10378370112323099
T10_2022_LAST_HIKE,T10_2022,2022,LAST_HIKE,2023-07-26,163,2024-03-15,1.100728244511125,0.10072824451112505
T10_2022_LAST_HIKE,T10_2022,2022,LAST_HIKE,2023-07-26,164,2024-03-18,1.1021541491288107,0.10215414912881071
T10_2022_LAST_HIKE,T10_2022,2022,LAST_HIKE,2023-07-26,165,2024-03-19,1.0998115826621238,0.09981158266212375
T10_2022_LAST_HIKE,T10_2022,2022,LAST_HIKE,2023-07-26,166,2024-03-20,1.1004736231267829,0.10047362312678287
T10_2022_LAST_HIKE,T10_2022,2022,LAST_HIKE,2023-07-26,167,2024-03-21,1.1125426518792314,0.1125426518792314
T10_2022_LAST_HIKE,T10_2022,2022,LAST_HIKE,2023-07-26,168,2024-03-22,1.0999643803580985,0.09996438035809851
T10_2022_LAST_HIKE,T10_2022,2022,LAST_HIKE,2023-07-26,169,2024-03-25,1.108315912033782,0.10831591203378199
T10_2022_LAST_HIKE,T10_2022,2022,LAST_HIKE,2023-07-26,170,2024-03-26,1.1087233311140992,0.10872333111409915
T10_2022_LAST_HIKE,T10_2022,2022,LAST_HIKE,2023-07-26,171,2024-03-27,1.1155472588105775,0.11554725881057748
T10_2022_LAST_HIKE,T10_2022,2022,LAST_HIKE,2023-07-26,172,2024-03-28,1.1291948655498385,0.1291948655498385
T10_2022_LAST_HIKE,T10_2022,2022,LAST_HIKE,2023-07-26,173,2024-04-01,1.1494119029280838,0.14941190292808382
T10_2022_LAST_HIKE,T10_2022,2022,LAST_HIKE,2023-07-26,174,2024-04-02,1.1619901744492165,0.16199017444921648
T10_2022_LAST_HIKE,T10_2022,2022,LAST_HIKE,2023-07-26,175,2024-04-03,1.178897009504166,0.17889700950416598
T10_2022_LAST_HIKE,T10_2022,2022,LAST_HIKE,2023-07-26,176,2024-04-04,1.1755869315077179,0.17558693150771787
T10_2022_LAST_HIKE,T10_2022,2022,LAST_HIKE,2023-07-26,177,2024-04-05,1.1943779399414296,0.1943779399414296
T10_2022_LAST_HIKE,T10_2022,2022,LAST_HIKE,2023-07-26,178,2024-04-08,1.197229749176801,0.19722974917680092
T10_2022_LAST_HIKE,T10_2022,2022,LAST_HIKE,2023-07-26,179,2024-04-09,1.2030350670090628,0.20303506700906282
T10_2022_LAST_HIKE,T10_2022,2022,LAST_HIKE,2023-07-26,180,2024-04-10,1.1959056682474825,0.19590566824748246
T10_2022_LAST_HIKE,T10_2022,2022,LAST_HIKE,2023-07-26,181,2024-04-11,1.2082802923918807,0.20828029239188073
T10_2022_LAST_HIKE,T10_2022,2022,LAST_HIKE,2023-07-26,182,2024-04-12,1.2089933068641474,0.2089933068641474
T10_2022_LAST_HIKE,T10_2022,2022,LAST_HIKE,2023-07-26,183,2024-04-15,1.2135255177746986,0.21352551777469864
T10_2022_LAST_HIKE,T10_2022,2022,LAST_HIKE,2023-07-26,184,2024-04-16,1.2261547633034389,0.22615476330343887
T10_2022_LAST_HIKE,T10_2022,2022,LAST_HIKE,2023-07-26,185,2024-04-17,1.2162753789948548,0.21627537899485483
T10_2022_LAST_HIKE,T10_2022,2022,LAST_HIKE,2023-07-26,186,2024-04-18,1.2211641593049631,0.22116415930496314
T10_2022_LAST_HIKE,T10_2022,2022,LAST_HIKE,2023-07-26,187,2024-04-19,1.2292102199155448,0.2292102199155448
T10_2022_LAST_HIKE,T10_2022,2022,LAST_HIKE,2023-07-26,188,2024-04-22,1.194887182710114,0.19488718271011396
T10_2022_LAST_HIKE,T10_2022,2022,LAST_HIKE,2023-07-26,189,2024-04-23,1.1926975382662497,0.1926975382662497
T10_2022_LAST_HIKE,T10_2022,2022,LAST_HIKE,2023-07-26,190,2024-04-24,1.1908132405606395,0.19081324056063953
T10_2022_LAST_HIKE,T10_2022,2022,LAST_HIKE,2023-07-26,191,2024-04-25,1.1929011856429843,0.1929011856429843
T10_2022_LAST_HIKE,T10_2022,2022,LAST_HIKE,2023-07-26,192,2024-04-26,1.195294601790431,0.1952946017904309
T10_2022_LAST_HIKE,T10_2022,2022,LAST_HIKE,2023-07-26,193,2024-04-29,1.2006416508616162,0.20064165086161623
T10_2022_LAST_HIKE,T10_2022,2022,LAST_HIKE,2023-07-26,194,2024-04-30,1.1727351222723466,0.17273512227234655
T10_2022_LAST_HIKE,T10_2022,2022,LAST_HIKE,2023-07-26,195,2024-05-01,1.1768600384294288,0.17686003842942877
T10_2022_LAST_HIKE,T10_2022,2022,LAST_HIKE,2023-07-26,196,2024-05-02,1.1761471482840098,0.1761471482840098
T10_2022_LAST_HIKE,T10_2022,2022,LAST_HIKE,2023-07-26,197,2024-05-03,1.1756379055153254,0.17563790551532543
T10_2022_LAST_HIKE,T10_2022,2022,LAST_HIKE,2023-07-26,198,2024-05-06,1.187146717491482,0.18714671749148204
T10_2022_LAST_HIKE,T10_2022,2022,LAST_HIKE,2023-07-26,199,2024-05-07,1.183582018110692,0.18358201811069197
T10_2022_LAST_HIKE,T10_2022,2022,LAST_HIKE,2023-07-26,200,2024-05-08,1.1826145065809308,0.1826145065809308
T10_2022_LAST_HIKE,T10_2022,2022,LAST_HIKE,2023-07-26,201,2024-05-09,1.1917808764172484,0.1917808764172484
T10_2022_LAST_HIKE,T10_2022,2022,LAST_HIKE,2023-07-26,202,2024-05-10,1.2094515756252242,0.2094515756252242
T10_2022_LAST_HIKE,T10_2022,2022,LAST_HIKE,2023-07-26,203,2024-05-13,1.1931558070273265,0.1931558070273265
T10_2022_LAST_HIKE,T10_2022,2022,LAST_HIKE,2023-07-26,204,2024-05-14,1.2017619600873521,0.20176196008735214
T10_2022_LAST_HIKE,T10_2022,2022,LAST_HIKE,2023-07-26,205,2024-05-15,1.2195854569913027,0.21958545699130272
T10_2022_LAST_HIKE,T10_2022,2022,LAST_HIKE,2023-07-26,206,2024-05-16,1.2147986246964093,0.2147986246964093
T10_2022_LAST_HIKE,T10_2022,2022,LAST_HIKE,2023-07-26,207,2024-05-17,1.2310434192866995,0.23104341928669947
T10_2022_LAST_HIKE,T10_2022,2022,LAST_HIKE,2023-07-26,208,2024-05-20,1.2417884914366775,0.24178849143667747
T10_2022_LAST_HIKE,T10_2022,2022,LAST_HIKE,2023-07-26,209,2024-05-21,1.235371982820516,0.23537198282051608
T10_2022_LAST_HIKE,T10_2022,2022,LAST_HIKE,2023-07-26,210,2024-05-22,1.218566971453934,0.218566971453934
T10_2022_LAST_HIKE,T10_2022,2022,LAST_HIKE,2023-07-26,211,2024-05-23,1.190202174103588,0.19020217410358797
T10_2022_LAST_HIKE,T10_2022,2022,LAST_HIKE,2023-07-26,212,2024-05-24,1.1888272434935099,0.18882724349350988
T10_2022_LAST_HIKE,T10_2022,2022,LAST_HIKE,2023-07-26,213,2024-05-28,1.2000305844045644,0.20003058440456445
T10_2022_LAST_HIKE,T10_2022,2022,LAST_HIKE,2023-07-26,214,2024-05-29,1.1922391451783252,0.1922391451783252
T10_2022_LAST_HIKE,T10_2022,2022,LAST_HIKE,2023-07-26,215,2024-05-30,1.193104833019719,0.19310483301971892
T10_2022_LAST_HIKE,T10_2022,2022,LAST_HIKE,2023-07-26,216,2024-05-31,1.1829199776460328,0.18291997764603285
T10_2022_LAST_HIKE,T10_2022,2022,LAST_HIKE,2023-07-26,217,2024-06-03,1.2065489167090933,0.20654891670909326
T10_2022_LAST_HIKE,T10_2022,2022,LAST_HIKE,2023-07-26,218,2024-06-04,1.1953964254787983,0.19539642547879832
T10_2022_LAST_HIKE,T10_2022,2022,LAST_HIKE,2023-07-26,219,2024-06-05,1.2097061970095664,0.2097061970095664
T10_2022_LAST_HIKE,T10_2022,2022,LAST_HIKE,2023-07-26,220,2024-06-06,1.2175484859165655,0.2175484859165655
T10_2022_LAST_HIKE,T10_2022,2022,LAST_HIKE,2023-07-26,221,2024-06-07,1.183989437191009,0.1839894371910089
T10_2022_LAST_HIKE,T10_2022,2022,LAST_HIKE,2023-07-26,222,2024-06-10,1.1850079227283776,0.18500792272837763
T10_2022_LAST_HIKE,T10_2022,2022,LAST_HIKE,2023-07-26,223,2024-06-11,1.184804275351643,0.184804275351643
T10_2022_LAST_HIKE,T10_2022,2022,LAST_HIKE,2023-07-26,224,2024-06-12,1.1991648965631707,0.1991648965631707
T10_2022_LAST_HIKE,T10_2022,2022,LAST_HIKE,2023-07-26,225,2024-06-13,1.1804247378102188,0.18042473781021884
T10_2022_LAST_HIKE,T10_2022,2022,LAST_HIKE,2023-07-26,226,2024-06-14,1.1962622376470398,0.19626223764703976
T10_2022_LAST_HIKE,T10_2022,2022,LAST_HIKE,2023-07-26,227,2024-06-17,1.1860264082657461,0.18602640826574612
T10_2022_LAST_HIKE,T10_2022,2022,LAST_HIKE,2023-07-26,228,2024-06-18,1.1951418040944561,0.19514180409445614
T10_2022_LAST_HIKE,T10_2022,2022,LAST_HIKE,2023-07-26,229,2024-06-20,1.2063961190131183,0.20639611901311827
T10_2022_LAST_HIKE,T10_2022,2022,LAST_HIKE,2023-07-26,230,2024-06-21,1.187146717491482,0.18714671749148204
T10_2022_LAST_HIKE,T10_2022,2022,LAST_HIKE,2023-07-26,231,2024-06-24,1.1938686971727452,0.19386869717274524
T10_2022_LAST_HIKE,T10_2022,2022,LAST_HIKE,2023-07-26,232,2024-06-25,1.1869430701147474,0.18694307011474742
T10_2022_LAST_HIKE,T10_2022,2022,LAST_HIKE,2023-07-26,233,2024-06-26,1.1779803476551645,0.17798034765516446
T10_2022_LAST_HIKE,T10_2022,2022,LAST_HIKE,2023-07-26,234,2024-06-27,1.189896703038486,0.18989670303848594
T10_2022_LAST_HIKE,T10_2022,2022,LAST_HIKE,2023-07-26,235,2024-06-28,1.191424431344539,0.19142443134453901
T10_2022_LAST_HIKE,T10_2022,2022,LAST_HIKE,2023-07-26,236,2024-07-01,1.1910678619449817,0.1910678619449817
T10_2022_LAST_HIKE,T10_2022,2022,LAST_HIKE,2023-07-26,237,2024-07-02,1.188267026717218,0.18826702671721796
T10_2022_LAST_HIKE,T10_2022,2022,LAST_HIKE,2023-07-26,238,2024-07-03,1.206599766389853,0.2065997663898529
T10_2022_LAST_HIKE,T10_2022,2022,LAST_HIKE,2023-07-26,239,2024-07-05,1.2210113616089884,0.22101136160898838
T10_2022_LAST_HIKE,T10_2022,2022,LAST_HIKE,2023-07-26,240,2024-07-08,1.2035952837853547,0.20359528378535474
T10_2022_LAST_HIKE,T10_2022,2022,LAST_HIKE,2023-07-26,241,2024-07-09,1.2058359022368266,0.20583590223682657
T10_2022_LAST_HIKE,T10_2022,2022,LAST_HIKE,2023-07-26,242,2024-07-10,1.2118449917726708,0.2118449917726708
T10_2022_LAST_HIKE,T10_2022,2022,LAST_HIKE,2023-07-26,243,2024-07-11,1.2333350117457789,0.23333501174577886
T10_2022_LAST_HIKE,T10_2022,2022,LAST_HIKE,2023-07-26,244,2024-07-12,1.2327239452887273,0.2327239452887273
T10_2022_LAST_HIKE,T10_2022,2022,LAST_HIKE,2023-07-26,245,2024-07-15,1.2368997111265692,0.23689971112656916
T10_2022_LAST_HIKE,T10_2022,2022,LAST_HIKE,2023-07-26,246,2024-07-16,1.2567093294244973,0.2567093294244973
T10_2022_LAST_HIKE,T10_2022,2022,LAST_HIKE,2023-07-26,247,2024-07-17,1.2526862369557825,0.2526862369557825
T10_2022_LAST_HIKE,T10_2022,2022,LAST_HIKE,2023-07-26,248,2024-07-18,1.2509038872653875,0.2509038872653875
T10_2022_LAST_HIKE,T10_2022,2022,LAST_HIKE,2023-07-26,249,2024-07-19,1.221724376081255,0.22172437608125506
T10_2022_LAST_HIKE,T10_2022,2022,LAST_HIKE,2023-07-26,250,2024-07-22,1.2194836333029355,0.21948363330293552
T10_2022_LAST_HIKE,T10_2022,2022,LAST_HIKE,2023-07-26,251,2024-07-23,1.2259001419190967,0.2259001419190967
T10_2022_LAST_HIKE,T10_2022,2022,LAST_HIKE,2023-07-26,252,2024-07-24,1.2301777314453057,0.23017773144530573
T10_2022_TIGHTENING_CYCLE_END,T10_2022,2022,TIGHTENING_CYCLE_END,2023-07-26,-60,2023-04-27,1.0179762945999256,0.017976294599925557
T10_2022_TIGHTENING_CYCLE_END,T10_2022,2022,TIGHTENING_CYCLE_END,2023-07-26,-59,2023-04-28,1.0180272064441092,0.018027206444109156
T10_2022_TIGHTENING_CYCLE_END,T10_2022,2022,TIGHTENING_CYCLE_END,2023-07-26,-58,2023-05-01,1.0145134189075027,0.014513418907502684
T10_2022_TIGHTENING_CYCLE_END,T10_2022,2022,TIGHTENING_CYCLE_END,2023-07-26,-57,2023-05-02,1.0303509187443236,0.030350918744323607
T10_2022_TIGHTENING_CYCLE_END,T10_2022,2022,TIGHTENING_CYCLE_END,2023-07-26,-56,2023-05-03,1.0373275198099292,0.03732751980992921
T10_2022_TIGHTENING_CYCLE_END,T10_2022,2022,TIGHTENING_CYCLE_END,2023-07-26,-55,2023-05-04,1.046850334718956,0.046850334718955944
T10_2022_TIGHTENING_CYCLE_END,T10_2022,2022,TIGHTENING_CYCLE_END,2023-07-26,-54,2023-05-05,1.0311147828973501,0.031114782897350146
T10_2022_TIGHTENING_CYCLE_END,T10_2022,2022,TIGHTENING_CYCLE_END,2023-07-26,-53,2023-05-08,1.0353923724235592,0.03539237242355919
T10_2022_TIGHTENING_CYCLE_END,T10_2022,2022,TIGHTENING_CYCLE_END,2023-07-26,-52,2023-05-09,1.0403320645778513,0.04033206457785132
T10_2022_TIGHTENING_CYCLE_END,T10_2022,2022,TIGHTENING_CYCLE_END,2023-07-26,-51,2023-05-10,1.0373784316541128,0.03737843165411281
T10_2022_TIGHTENING_CYCLE_END,T10_2022,2022,TIGHTENING_CYCLE_END,2023-07-26,-50,2023-05-11,1.0289250141266382,0.02892501412663817
T10_2022_TIGHTENING_CYCLE_END,T10_2022,2022,TIGHTENING_CYCLE_END,2023-07-26,-49,2023-05-12,1.0285685690539286,0.028568569053928572
T10_2022_TIGHTENING_CYCLE_END,T10_2022,2022,TIGHTENING_CYCLE_END,2023-07-26,-48,2023-05-15,1.030045323352374,0.030045323352374087
T10_2022_TIGHTENING_CYCLE_END,T10_2022,2022,TIGHTENING_CYCLE_END,2023-07-26,-47,2023-05-16,1.0149208379878196,0.014920837987819624
T10_2022_TIGHTENING_CYCLE_END,T10_2022,2022,TIGHTENING_CYCLE_END,2023-07-26,-46,2023-05-17,1.0107959839941616,0.010795983994161595
T10_2022_TIGHTENING_CYCLE_END,T10_2022,2022,TIGHTENING_CYCLE_END,2023-07-26,-45,2023-05-18,0.9980140029328703,-0.0019859970671296523
T10_2022_TIGHTENING_CYCLE_END,T10_2022,2022,TIGHTENING_CYCLE_END,2023-07-26,-44,2023-05-19,1.0091154579921338,0.009115457992133758
T10_2022_TIGHTENING_CYCLE_END,T10_2022,2022,TIGHTENING_CYCLE_END,2023-07-26,-43,2023-05-22,1.0068747773772382,0.006874777377238184
T10_2022_TIGHTENING_CYCLE_END,T10_2022,2022,TIGHTENING_CYCLE_END,2023-07-26,-42,2023-05-23,1.00549984676716,0.005499846767160088
T10_2022_TIGHTENING_CYCLE_END,T10_2022,2022,TIGHTENING_CYCLE_END,2023-07-26,-41,2023-05-24,1.0004583309245008,0.0004583309245007605
T10_2022_TIGHTENING_CYCLE_END,T10_2022,2022,TIGHTENING_CYCLE_END,2023-07-26,-40,2023-05-25,0.9898151446263139,-0.010184855373686075
T10_2022_TIGHTENING_CYCLE_END,T10_2022,2022,TIGHTENING_CYCLE_END,2023-07-26,-39,2023-05-26,0.9901207400182637,-0.009879259981736332
T10_2022_TIGHTENING_CYCLE_END,T10_2022,2022,TIGHTENING_CYCLE_END,2023-07-26,-38,2023-05-30,0.997097341083869,-0.0029026589161309513
T10_2022_TIGHTENING_CYCLE_END,T10_2022,2022,TIGHTENING_CYCLE_END,2023-07-26,-37,2023-05-31,1.0001018858517912,0.00010188585179116139
T10_2022_TIGHTENING_CYCLE_END,T10_2022,2022,TIGHTENING_CYCLE_END,2023-07-26,-36,2023-06-01,1.0161939449095305,0.016193944909530522
T10_2022_TIGHTENING_CYCLE_END,T10_2022,2022,TIGHTENING_CYCLE_END,2023-07-26,-35,2023-06-02,1.0030045447679221,0.0030045447679221127
T10_2022_TIGHTENING_CYCLE_END,T10_2022,2022,TIGHTENING_CYCLE_END,2023-07-26,-34,2023-06-05,1.0053980230787927,0.005398023078792669
T10_2022_TIGHTENING_CYCLE_END,T10_2022,2022,TIGHTENING_CYCLE_END,2023-07-26,-33,2023-06-06,1.0090645461479502,0.009064546147950159
T10_2022_TIGHTENING_CYCLE_END,T10_2022,2022,TIGHTENING_CYCLE_END,2023-07-26,-32,2023-06-07,0.9973010506240275,-0.0026989493759724814
T10_2022_TIGHTENING_CYCLE_END,T10_2022,2022,TIGHTENING_CYCLE_END,2023-07-26,-31,2023-06-08,1.007587729686081,0.007587729686080902
T10_2022_TIGHTENING_CYCLE_END,T10_2022,2022,TIGHTENING_CYCLE_END,2023-07-26,-30,2023-06-09,1.0068747773772382,0.006874777377238184
T10_2022_TIGHTENING_CYCLE_END,T10_2022,2022,TIGHTENING_CYCLE_END,2023-07-26,-29,2023-06-12,1.003055456612106,0.0030554566121059334
T10_2022_TIGHTENING_CYCLE_END,T10_2022,2022,TIGHTENING_CYCLE_END,2023-07-26,-28,2023-06-13,0.9974028743123948,-0.002597125687605173
T10_2022_TIGHTENING_CYCLE_END,T10_2022,2022,TIGHTENING_CYCLE_END,2023-07-26,-27,2023-06-14,1.0026480996952127,0.0026480996952127356
T10_2022_TIGHTENING_CYCLE_END,T10_2022,2022,TIGHTENING_CYCLE_END,2023-07-26,-26,2023-06-15,1.00356469938079,0.0035646993807900706
T10_2022_TIGHTENING_CYCLE_END,T10_2022,2022,TIGHTENING_CYCLE_END,2023-07-26,-25,2023-06-16,1.0038193207651323,0.0038193207651322503
T10_2022_TIGHTENING_CYCLE_END,T10_2022,2022,TIGHTENING_CYCLE_END,2023-07-26,-24,2023-06-20,0.9918521157010511,-0.00814788429894886
T10_2022_TIGHTENING_CYCLE_END,T10_2022,2022,TIGHTENING_CYCLE_END,2023-07-26,-23,2023-06-21,0.9904262732467894,-0.009573726753210554
T10_2022_TIGHTENING_CYCLE_END,T10_2022,2022,TIGHTENING_CYCLE_END,2023-07-26,-22,2023-06-22,0.9796302892526279,-0.02036971074737215
T10_2022_TIGHTENING_CYCLE_END,T10_2022,2022,TIGHTENING_CYCLE_END,2023-07-26,-21,2023-06-23,0.98263483402055,-0.017365165979450037
T10_2022_TIGHTENING_CYCLE_END,T10_2022,2022,TIGHTENING_CYCLE_END,2023-07-26,-20,2023-06-26,0.9847736909470785,-0.01522630905292155
T10_2022_TIGHTENING_CYCLE_END,T10_2022,2022,TIGHTENING_CYCLE_END,2023-07-26,-19,2023-06-27,0.9796812632602354,-0.020318736739764587
T10_2022_TIGHTENING_CYCLE_END,T10_2022,2022,TIGHTENING_CYCLE_END,2023-07-26,-18,2023-06-28,0.9788664250996013,-0.02113357490039869
T10_2022_TIGHTENING_CYCLE_END,T10_2022,2022,TIGHTENING_CYCLE_END,2023-07-26,-17,2023-06-29,0.9766767184923132,-0.02332328150768681
T10_2022_TIGHTENING_CYCLE_END,T10_2022,2022,TIGHTENING_CYCLE_END,2023-07-26,-16,2023-06-30,0.9825330103321827,-0.017466989667817345
T10_2022_TIGHTENING_CYCLE_END,T10_2022,2022,TIGHTENING_CYCLE_END,2023-07-26,-15,2023-07-03,0.9825839221763664,-0.017416077823633636
T10_2022_TIGHTENING_CYCLE_END,T10_2022,2022,TIGHTENING_CYCLE_END,2023-07-26,-14,2023-07-05,0.9813617270988392,-0.018638272901160824
T10_2022_TIGHTENING_CYCLE_END,T10_2022,2022,TIGHTENING_CYCLE_END,2023-07-26,-13,2023-07-06,0.9754036115706024,-0.024596388429397598
T10_2022_TIGHTENING_CYCLE_END,T10_2022,2022,TIGHTENING_CYCLE_END,2023-07-26,-12,2023-07-07,0.9841116504824192,-0.01588834951758078
T10_2022_TIGHTENING_CYCLE_END,T10_2022,2022,TIGHTENING_CYCLE_END,2023-07-26,-11,2023-07-10,0.9833477863293928,-0.016652213670607208
T10_2022_TIGHTENING_CYCLE_END,T10_2022,2022,TIGHTENING_CYCLE_END,2023-07-26,-10,2023-07-11,0.9864541547856823,-0.013545845214317676
T10_2022_TIGHTENING_CYCLE_END,T10_2022,2022,TIGHTENING_CYCLE_END,2023-07-26,-9,2023-07-12,0.9989815144626314,-0.0010184855373686075
T10_2022_TIGHTENING_CYCLE_END,T10_2022,2022,TIGHTENING_CYCLE_END,2023-07-26,-8,2023-07-13,1.0000509740076076,5.0974007607562655e-05
T10_2022_TIGHTENING_CYCLE_END,T10_2022,2022,TIGHTENING_CYCLE_END,2023-07-26,-7,2023-07-14,1.0003565072361333,0.000356507236133341
T10_2022_TIGHTENING_CYCLE_END,T10_2022,2022,TIGHTENING_CYCLE_END,2023-07-26,-6,2023-07-17,0.9962825650866589,-0.003717434913341089
T10_2022_TIGHTENING_CYCLE_END,T10_2022,2022,TIGHTENING_CYCLE_END,2023-07-26,-5,2023-07-18,1.0087081010752408,0.008708101075240782
T10_2022_TIGHTENING_CYCLE_END,T10_2022,2022,TIGHTENING_CYCLE_END,2023-07-26,-4,2023-07-19,1.0087081010752408,0.008708101075240782
T10_2022_TIGHTENING_CYCLE_END,T10_2022,2022,TIGHTENING_CYCLE_END,2023-07-26,-3,2023-07-20,1.0036665852325812,0.003666585232581232
T10_2022_TIGHTENING_CYCLE_END,T10_2022,2022,TIGHTENING_CYCLE_END,2023-07-26,-2,2023-07-21,1.0014768164618693,0.001476816461869257
T10_2022_TIGHTENING_CYCLE_END,T10_2022,2022,TIGHTENING_CYCLE_END,2023-07-26,-1,2023-07-24,0.9992361358469736,-0.0007638641530264279
T10_2022_TIGHTENING_CYCLE_END,T10_2022,2022,TIGHTENING_CYCLE_END,2023-07-26,0,2023-07-25,1.0,0.0
T10_2022_TIGHTENING_CYCLE_END,T10_2022,2022,TIGHTENING_CYCLE_END,2023-07-26,1,2023-07-26,1.0032591661522643,0.0032591661522642923
T10_2022_TIGHTENING_CYCLE_END,T10_2022,2022,TIGHTENING_CYCLE_END,2023-07-26,2,2023-07-27,0.9908336301636825,-0.009166369836317467
T10_2022_TIGHTENING_CYCLE_END,T10_2022,2022,TIGHTENING_CYCLE_END,2023-07-26,3,2023-07-28,0.9983195361613961,-0.001680463838603874
T10_2022_TIGHTENING_CYCLE_END,T10_2022,2022,TIGHTENING_CYCLE_END,2023-07-26,4,2023-07-31,1.0034628756924229,0.003462875692422873
T10_2022_TIGHTENING_CYCLE_END,T10_2022,2022,TIGHTENING_CYCLE_END,2023-07-26,5,2023-08-01,1.007689615537872,0.007689615537872063
T10_2022_TIGHTENING_CYCLE_END,T10_2022,2022,TIGHTENING_CYCLE_END,2023-07-26,6,2023-08-02,1.0057544681515023,0.005754468151502268
T10_2022_TIGHTENING_CYCLE_END,T10_2022,2022,TIGHTENING_CYCLE_END,2023-07-26,7,2023-08-03,1.0025971878510291,0.002597187851029137
T10_2022_TIGHTENING_CYCLE_END,T10_2022,2022,TIGHTENING_CYCLE_END,2023-07-26,8,2023-08-04,1.0063146227643702,0.006314622764370226
T10_2022_TIGHTENING_CYCLE_END,T10_2022,2022,TIGHTENING_CYCLE_END,2023-07-26,9,2023-08-07,1.0032082543080807,0.0032082543080806936
T10_2022_TIGHTENING_CYCLE_END,T10_2022,2022,TIGHTENING_CYCLE_END,2023-07-26,10,2023-08-08,0.998064914777054,-0.0019350852229460536
T10_2022_TIGHTENING_CYCLE_END,T10_2022,2022,TIGHTENING_CYCLE_END,2023-07-26,11,2023-08-09,0.9933289321629204,-0.006671067837079603
T10_2022_TIGHTENING_CYCLE_END,T10_2022,2022,TIGHTENING_CYCLE_END,2023-07-26,12,2023-08-10,0.9924632443215267,-0.007536755678473339
T10_2022_TIGHTENING_CYCLE_END,T10_2022,2022,TIGHTENING_CYCLE_END,2023-07-26,13,2023-08-11,0.9912919610881832,-0.008708038911816818
T10_2022_TIGHTENING_CYCLE_END,T10_2022,2022,TIGHTENING_CYCLE_END,2023-07-26,14,2023-08-14,0.9899679423222888,-0.010032057677711204
T10_2022_TIGHTENING_CYCLE_END,T10_2022,2022,TIGHTENING_CYCLE_END,2023-07-26,15,2023-08-15,0.9854865810924973,-0.014513418907502684
T10_2022_TIGHTENING_CYCLE_END,T10_2022,2022,TIGHTENING_CYCLE_END,2023-07-26,16,2023-08-16,0.9819728557193147,-0.018027144280685303
T10_2022_TIGHTENING_CYCLE_END,T10_2022,2022,TIGHTENING_CYCLE_END,2023-07-26,17,2023-08-17,0.9753017257188112,-0.02469827428118876
T10_2022_TIGHTENING_CYCLE_END,T10_2022,2022,TIGHTENING_CYCLE_END,2023-07-26,18,2023-08-18,0.9759637661834704,-0.02403623381652964
T10_2022_TIGHTENING_CYCLE_END,T10_2022,2022,TIGHTENING_CYCLE_END,2023-07-26,19,2023-08-21,0.9792738441799184,-0.020726155820081638
T10_2022_TIGHTENING_CYCLE_END,T10_2022,2022,TIGHTENING_CYCLE_END,2023-07-26,20,2023-08-22,0.9808015724859712,-0.019198427514028782
T10_2022_TIGHTENING_CYCLE_END,T10_2022,2022,TIGHTENING_CYCLE_END,2023-07-26,21,2023-08-23,0.9920558252412096,-0.00794417475879039
T10_2022_TIGHTENING_CYCLE_END,T10_2022,2022,TIGHTENING_CYCLE_END,2023-07-26,22,2023-08-24,0.9915465824725254,-0.008453417527474638
T10_2022_TIGHTENING_CYCLE_END,T10_2022,2022,TIGHTENING_CYCLE_END,2023-07-26,23,2023-08-25,0.9878800594033679,-0.012119940596632128
T10_2022_TIGHTENING_CYCLE_END,T10_2022,2022,TIGHTENING_CYCLE_END,2023-07-26,24,2023-08-28,0.9913938469399743,-0.008606153060025656
T10_2022_TIGHTENING_CYCLE_END,T10_2022,2022,TIGHTENING_CYCLE_END,2023-07-26,25,2023-08-29,1.0007129523088427,0.0007129523088427181
T10_2022_TIGHTENING_CYCLE_END,T10_2022,2022,TIGHTENING_CYCLE_END,2023-07-26,26,2023-08-30,1.0047359826141335,0.004735982614133549
T10_2022_TIGHTENING_CYCLE_END,T10_2022,2022,TIGHTENING_CYCLE_END,2023-07-26,27,2023-08-31,1.0011203713891599,0.0011203713891598799
T10_2022_TIGHTENING_CYCLE_END,T10_2022,2022,TIGHTENING_CYCLE_END,2023-07-26,28,2023-09-01,1.0017314378462114,0.0017314378462114366
T10_2022_TIGHTENING_CYCLE_END,T10_2022,2022,TIGHTENING_CYCLE_END,2023-07-26,29,2023-09-05,0.994347417700289,-0.005652582299710995
T10_2022_TIGHTENING_CYCLE_END,T10_2022,2022,TIGHTENING_CYCLE_END,2023-07-26,30,2023-09-06,0.9900697660106561,-0.009930233989343895
T10_2022_TIGHTENING_CYCLE_END,T10_2022,2022,TIGHTENING_CYCLE_END,2023-07-26,31,2023-09-07,0.9892040781692623,-0.010795921830737742
T10_2022_TIGHTENING_CYCLE_END,T10_2022,2022,TIGHTENING_CYCLE_END,2023-07-26,32,2023-09-08,0.9893059018576296,-0.010694098142370434
T10_2022_TIGHTENING_CYCLE_END,T10_2022,2022,TIGHTENING_CYCLE_END,2023-07-26,33,2023-09-11,0.991597494316709,-0.00840250568329104
T10_2022_TIGHTENING_CYCLE_END,T10_2022,2022,TIGHTENING_CYCLE_END,2023-07-26,34,2023-09-12,0.9854356692483137,-0.014564330751686283
T10_2022_TIGHTENING_CYCLE_END,T10_2022,2022,TIGHTENING_CYCLE_END,2023-07-26,35,2023-09-13,0.9841116504824192,-0.01588834951758078
T10_2022_TIGHTENING_CYCLE_END,T10_2022,2022,TIGHTENING_CYCLE_END,2023-07-26,36,2023-09-14,0.9842644481783941,-0.01573555182160591
T10_2022_TIGHTENING_CYCLE_END,T10_2022,2022,TIGHTENING_CYCLE_END,2023-07-26,37,2023-09-15,0.9910882515480247,-0.008911748451975288
T10_2022_TIGHTENING_CYCLE_END,T10_2022,2022,TIGHTENING_CYCLE_END,2023-07-26,38,2023-09-18,0.994754836780606,-0.005245163219393945
T10_2022_TIGHTENING_CYCLE_END,T10_2022,2022,TIGHTENING_CYCLE_END,2023-07-26,39,2023-09-19,0.994907572313157,-0.005092427686843037
T10_2022_TIGHTENING_CYCLE_END,T10_2022,2022,TIGHTENING_CYCLE_END,2023-07-26,40,2023-09-20,1.0017314378462114,0.0017314378462114366
T10_2022_TIGHTENING_CYCLE_END,T10_2022,2022,TIGHTENING_CYCLE_END,2023-07-26,41,2023-09-21,0.987727261707393,-0.012272738292607
T10_2022_TIGHTENING_CYCLE_END,T10_2022,2022,TIGHTENING_CYCLE_END,2023-07-26,42,2023-09-22,0.9907827183194988,-0.009217281680501177
T10_2022_TIGHTENING_CYCLE_END,T10_2022,2022,TIGHTENING_CYCLE_END,2023-07-26,43,2023-09-25,0.9861995334013401,-0.013800466598659855
T10_2022_TIGHTENING_CYCLE_END,T10_2022,2022,TIGHTENING_CYCLE_END,2023-07-26,44,2023-09-26,0.9776442921854982,-0.022355707814501802
T10_2022_TIGHTENING_CYCLE_END,T10_2022,2022,TIGHTENING_CYCLE_END,2023-07-26,45,2023-09-27,0.9629271637378369,-0.03707283626216307
T10_2022_TIGHTENING_CYCLE_END,T10_2022,2022,TIGHTENING_CYCLE_END,2023-07-26,46,2023-09-28,0.9566634528176504,-0.04333654718234958
T10_2022_TIGHTENING_CYCLE_END,T10_2022,2022,TIGHTENING_CYCLE_END,2023-07-26,47,2023-09-29,0.9502979182090966,-0.04970208179090341
T10_2022_TIGHTENING_CYCLE_END,T10_2022,2022,TIGHTENING_CYCLE_END,2023-07-26,48,2023-10-02,0.9406732174482785,-0.059326782551721524
T10_2022_TIGHTENING_CYCLE_END,T10_2022,2022,TIGHTENING_CYCLE_END,2023-07-26,49,2023-10-03,0.9377705585321475,-0.062229441467852475
T10_2022_TIGHTENING_CYCLE_END,T10_2022,2022,TIGHTENING_CYCLE_END,2023-07-26,50,2023-10-04,0.9343586568473322,-0.06564134315266779
T10_2022_TIGHTENING_CYCLE_END,T10_2022,2022,TIGHTENING_CYCLE_END,2023-07-26,51,2023-10-05,0.9328309285412794,-0.06716907145872064
T10_2022_TIGHTENING_CYCLE_END,T10_2022,2022,TIGHTENING_CYCLE_END,2023-07-26,52,2023-10-06,0.9396547319109099,-0.06034526808909013
T10_2022_TIGHTENING_CYCLE_END,T10_2022,2022,TIGHTENING_CYCLE_END,2023-07-26,53,2023-10-09,0.9493813185235193,-0.05061868147648074
T10_2022_TIGHTENING_CYCLE_END,T10_2022,2022,TIGHTENING_CYCLE_END,2023-07-26,54,2023-10-10,0.9549829889790465,-0.04501701102095346
T10_2022_TIGHTENING_CYCLE_END,T10_2022,2022,TIGHTENING_CYCLE_END,2023-07-26,55,2023-10-11,0.9610939022032582,-0.03890609779674181
T10_2022_TIGHTENING_CYCLE_END,T10_2022,2022,TIGHTENING_CYCLE_END,2023-07-26,56,2023-10-12,0.9589041334325462,-0.04109586656745379
T10_2022_TIGHTENING_CYCLE_END,T10_2022,2022,TIGHTENING_CYCLE_END,2023-07-26,57,2023-10-13,0.988694835400578,-0.01130516459942199
T10_2022_TIGHTENING_CYCLE_END,T10_2022,2022,TIGHTENING_CYCLE_END,2023-07-26,58,2023-10-16,0.9850283123314205,-0.01497168766857948
T10_2022_TIGHTENING_CYCLE_END,T10_2022,2022,TIGHTENING_CYCLE_END,2023-07-26,59,2023-10-17,0.9857412024768395,-0.014258797523160505
T10_2022_TIGHTENING_CYCLE_END,T10_2022,2022,TIGHTENING_CYCLE_END,2023-07-26,60,2023-10-18,1.002342566466687,0.0023425664666869572
T10_2022_TIGHTENING_CYCLE_END,T10_2022,2022,TIGHTENING_CYCLE_END,2023-07-26,61,2023-10-19,1.0085553033792658,0.0085553033792658
T10_2022_TIGHTENING_CYCLE_END,T10_2022,2022,TIGHTENING_CYCLE_END,2023-07-26,62,2023-10-20,1.0156337902966626,0.015633790296662564
T10_2022_TIGHTENING_CYCLE_END,T10_2022,2022,TIGHTENING_CYCLE_END,2023-07-26,63,2023-10-23,1.0122728004560309,0.012272800456030852
T10_2022_TIGHTENING_CYCLE_END,T10_2022,2022,TIGHTENING_CYCLE_END,2023-07-26,64,2023-10-24,1.0114070504512132,0.011407050451213152
T10_2022_TIGHTENING_CYCLE_END,T10_2022,2022,TIGHTENING_CYCLE_END,2023-07-26,65,2023-10-25,1.0158884116810047,0.015888411681004744
T10_2022_TIGHTENING_CYCLE_END,T10_2022,2022,TIGHTENING_CYCLE_END,2023-07-26,66,2023-10-26,1.0171615186027154,0.01716151860271542
T10_2022_TIGHTENING_CYCLE_END,T10_2022,2022,TIGHTENING_CYCLE_END,2023-07-26,67,2023-10-27,1.0177216732155834,0.017721673215583378
T10_2022_TIGHTENING_CYCLE_END,T10_2022,2022,TIGHTENING_CYCLE_END,2023-07-26,68,2023-10-30,1.0213372844405573,0.02133728444055727
T10_2022_TIGHTENING_CYCLE_END,T10_2022,2022,TIGHTENING_CYCLE_END,2023-07-26,69,2023-10-31,1.015582878452479,0.015582878452478965
T10_2022_TIGHTENING_CYCLE_END,T10_2022,2022,TIGHTENING_CYCLE_END,2023-07-26,70,2023-11-01,1.012120002760056,0.012120002760056092
T10_2022_TIGHTENING_CYCLE_END,T10_2022,2022,TIGHTENING_CYCLE_END,2023-07-26,71,2023-11-02,1.0151754593721618,0.015175459372161804
T10_2022_TIGHTENING_CYCLE_END,T10_2022,2022,TIGHTENING_CYCLE_END,2023-07-26,72,2023-11-03,1.0180781182882928,0.018078118288292755
T10_2022_TIGHTENING_CYCLE_END,T10_2022,2022,TIGHTENING_CYCLE_END,2023-07-26,73,2023-11-06,1.012680157372924,0.01268015737292405
T10_2022_TIGHTENING_CYCLE_END,T10_2022,2022,TIGHTENING_CYCLE_END,2023-07-26,74,2023-11-07,1.0049906039984757,0.004990603998475729
T10_2022_TIGHTENING_CYCLE_END,T10_2022,2022,TIGHTENING_CYCLE_END,2023-07-26,75,2023-11-08,0.9969955173955017,-0.0030044826044982598
T10_2022_TIGHTENING_CYCLE_END,T10_2022,2022,TIGHTENING_CYCLE_END,2023-07-26,76,2023-11-09,1.0031064306197135,0.003106430619713496
T10_2022_TIGHTENING_CYCLE_END,T10_2022,2022,TIGHTENING_CYCLE_END,2023-07-26,77,2023-11-10,0.9867596880142081,-0.013240311985791897
T10_2022_TIGHTENING_CYCLE_END,T10_2022,2022,TIGHTENING_CYCLE_END,2023-07-26,78,2023-11-13,0.9931252226227619,-0.006874777377238073
T10_2022_TIGHTENING_CYCLE_END,T10_2022,2022,TIGHTENING_CYCLE_END,2023-07-26,79,2023-11-14,1.0014259046176857,0.0014259046176856582
T10_2022_TIGHTENING_CYCLE_END,T10_2022,2022,TIGHTENING_CYCLE_END,2023-07-26,80,2023-11-15,1.0003055953919497,0.0003055953919497423
T10_2022_TIGHTENING_CYCLE_END,T10_2022,2022,TIGHTENING_CYCLE_END,2023-07-26,81,2023-11-16,1.0120181790716887,0.012018179071688673
T10_2022_TIGHTENING_CYCLE_END,T10_2022,2022,TIGHTENING_CYCLE_END,2023-07-26,82,2023-11-17,1.0106940981423704,0.010694098142370434
T10_2022_TIGHTENING_CYCLE_END,T10_2022,2022,TIGHTENING_CYCLE_END,2023-07-26,83,2023-11-20,1.0084534796908986,0.008453479690898602
T10_2022_TIGHTENING_CYCLE_END,T10_2022,2022,TIGHTENING_CYCLE_END,2023-07-26,84,2023-11-21,1.0193003133658198,0.019300313365819832
T10_2022_TIGHTENING_CYCLE_END,T10_2022,2022,TIGHTENING_CYCLE_END,2023-07-26,85,2023-11-22,1.0148190142994524,0.014819014299452427
T10_2022_TIGHTENING_CYCLE_END,T10_2022,2022,TIGHTENING_CYCLE_END,2023-07-26,86,2023-11-23,1.0150736356837946,0.015073635683794606
T10_2022_TIGHTENING_CYCLE_END,T10_2022,2022,TIGHTENING_CYCLE_END,2023-07-26,87,2023-11-24,1.0200132656746628,0.020013265674662772
T10_2022_TIGHTENING_CYCLE_END,T10_2022,2022,TIGHTENING_CYCLE_END,2023-07-26,88,2023-11-27,1.02480016013298,0.02480016013297992
T10_2022_TIGHTENING_CYCLE_END,T10_2022,2022,TIGHTENING_CYCLE_END,2023-07-26,89,2023-11-28,1.038855248115982,0.038855248115982066
T10_2022_TIGHTENING_CYCLE_END,T10_2022,2022,TIGHTENING_CYCLE_END,2023-07-26,90,2023-11-29,1.0424708593409557,0.042470859340955736
T10_2022_TIGHTENING_CYCLE_END,T10_2022,2022,TIGHTENING_CYCLE_END,2023-07-26,91,2023-11-30,1.0378876744227972,0.03788767442279717
T10_2022_TIGHTENING_CYCLE_END,T10_2022,2022,TIGHTENING_CYCLE_END,2023-07-26,92,2023-12-01,1.0641645888542224,0.06416458885422238
T10_2022_TIGHTENING_CYCLE_END,T10_2022,2022,TIGHTENING_CYCLE_END,2023-07-26,93,2023-12-04,1.039975557341718,0.03997555734171798
T10_2022_TIGHTENING_CYCLE_END,T10_2022,2022,TIGHTENING_CYCLE_END,2023-07-26,94,2023-12-05,1.0369710747372196,0.03697107473721961
T10_2022_TIGHTENING_CYCLE_END,T10_2022,2022,TIGHTENING_CYCLE_END,2023-07-26,95,2023-12-06,1.042878278421273,0.0428782784212729
T10_2022_TIGHTENING_CYCLE_END,T10_2022,2022,TIGHTENING_CYCLE_END,2023-07-26,96,2023-12-07,1.0421144142682464,0.04211441426824636
T10_2022_TIGHTENING_CYCLE_END,T10_2022,2022,TIGHTENING_CYCLE_END,2023-07-26,97,2023-12-08,1.0258695575145322,0.025869557514532238
T10_2022_TIGHTENING_CYCLE_END,T10_2022,2022,TIGHTENING_CYCLE_END,2023-07-26,98,2023-12-11,1.0152772830605292,0.015277283060529223
T10_2022_TIGHTENING_CYCLE_END,T10_2022,2022,TIGHTENING_CYCLE_END,2023-07-26,99,2023-12-12,1.015022661676187,0.015022661676187044
T10_2022_TIGHTENING_CYCLE_END,T10_2022,2022,TIGHTENING_CYCLE_END,2023-07-26,100,2023-12-13,1.0171106067585318,0.01711060675853182
T10_2022_TIGHTENING_CYCLE_END,T10_2022,2022,TIGHTENING_CYCLE_END,2023-07-26,101,2023-12-14,1.0413505501152198,0.04135055011521982
T10_2022_TIGHTENING_CYCLE_END,T10_2022,2022,TIGHTENING_CYCLE_END,2023-07-26,102,2023-12-15,1.0366654793452699,0.03666547934526987
T10_2022_TIGHTENING_CYCLE_END,T10_2022,2022,TIGHTENING_CYCLE_END,2023-07-26,103,2023-12-18,1.0391098695003242,0.039109869500324246
T10_2022_TIGHTENING_CYCLE_END,T10_2022,2022,TIGHTENING_CYCLE_END,2023-07-26,104,2023-12-19,1.0450171353478013,0.045017135347801274
T10_2022_TIGHTENING_CYCLE_END,T10_2022,2022,TIGHTENING_CYCLE_END,2023-07-26,105,2023-12-20,1.0427763925694815,0.042776392569481514
T10_2022_TIGHTENING_CYCLE_END,T10_2022,2022,TIGHTENING_CYCLE_END,2023-07-26,106,2023-12-21,1.0446097162674843,0.044609716267484334
T10_2022_TIGHTENING_CYCLE_END,T10_2022,2022,TIGHTENING_CYCLE_END,2023-07-26,107,2023-12-22,1.0536742624154345,0.05367426241543449
T10_2022_TIGHTENING_CYCLE_END,T10_2022,2022,TIGHTENING_CYCLE_END,2023-07-26,108,2023-12-26,1.0540307074881439,0.05403070748814387
T10_2022_TIGHTENING_CYCLE_END,T10_2022,2022,TIGHTENING_CYCLE_END,2023-07-26,109,2023-12-27,1.0658960888638578,0.06589608886385778
T10_2022_TIGHTENING_CYCLE_END,T10_2022,2022,TIGHTENING_CYCLE_END,2023-07-26,110,2023-12-28,1.0610073085537493,0.06100730855374925
T10_2022_TIGHTENING_CYCLE_END,T10_2022,2022,TIGHTENING_CYCLE_END,2023-07-26,111,2023-12-29,1.0550491930255126,0.05504919302551259
T10_2022_TIGHTENING_CYCLE_END,T10_2022,2022,TIGHTENING_CYCLE_END,2023-07-26,112,2024-01-02,1.0558639068592988,0.05586390685929876
T10_2022_TIGHTENING_CYCLE_END,T10_2022,2022,TIGHTENING_CYCLE_END,2023-07-26,113,2024-01-03,1.0402811527336677,0.040281152733667724
T10_2022_TIGHTENING_CYCLE_END,T10_2022,2022,TIGHTENING_CYCLE_END,2023-07-26,114,2024-01-04,1.043947675802825,0.04394767580282499
T10_2022_TIGHTENING_CYCLE_END,T10_2022,2022,TIGHTENING_CYCLE_END,2023-07-26,115,2024-01-05,1.0438458521144578,0.043845852114457795
T10_2022_TIGHTENING_CYCLE_END,T10_2022,2022,TIGHTENING_CYCLE_END,2023-07-26,116,2024-01-08,1.035545170119534,0.03554517011953395
T10_2022_TIGHTENING_CYCLE_END,T10_2022,2022,TIGHTENING_CYCLE_END,2023-07-26,117,2024-01-09,1.035290548735192,0.035290548735191996
T10_2022_TIGHTENING_CYCLE_END,T10_2022,2022,TIGHTENING_CYCLE_END,2023-07-26,118,2024-01-10,1.032642511203403,0.032642511203403
T10_2022_TIGHTENING_CYCLE_END,T10_2022,2022,TIGHTENING_CYCLE_END,2023-07-26,119,2024-01-11,1.0282629736619788,0.02826297366197883
T10_2022_TIGHTENING_CYCLE_END,T10_2022,2022,TIGHTENING_CYCLE_END,2023-07-26,120,2024-01-12,1.044762513963459,0.044762513963459094
T10_2022_TIGHTENING_CYCLE_END,T10_2022,2022,TIGHTENING_CYCLE_END,2023-07-26,121,2024-01-16,1.0338646441175063,0.03386464411750634
T10_2022_TIGHTENING_CYCLE_END,T10_2022,2022,TIGHTENING_CYCLE_END,2023-07-26,122,2024-01-17,1.0217956153650578,0.021795615365057808
T10_2022_TIGHTENING_CYCLE_END,T10_2022,2022,TIGHTENING_CYCLE_END,2023-07-26,123,2024-01-18,1.0294851687395061,0.02948516873950613
T10_2022_TIGHTENING_CYCLE_END,T10_2022,2022,TIGHTENING_CYCLE_END,2023-07-26,124,2024-01-19,1.0334063753564295,0.03340637535642954
T10_2022_TIGHTENING_CYCLE_END,T10_2022,2022,TIGHTENING_CYCLE_END,2023-07-26,125,2024-01-22,1.029790701968032,0.029790701968031907
T10_2022_TIGHTENING_CYCLE_END,T10_2022,2022,TIGHTENING_CYCLE_END,2023-07-26,126,2024-01-23,1.0316240256660345,0.031624025666034505
T10_2022_TIGHTENING_CYCLE_END,T10_2022,2022,TIGHTENING_CYCLE_END,2023-07-26,127,2024-01-24,1.0266334216675588,0.026633421667558776
T10_2022_TIGHTENING_CYCLE_END,T10_2022,2022,TIGHTENING_CYCLE_END,2023-07-26,128,2024-01-25,1.02755008351656,0.027550083516560075
T10_2022_TIGHTENING_CYCLE_END,T10_2022,2022,TIGHTENING_CYCLE_END,2023-07-26,129,2024-01-26,1.027295462132218,0.027295462132217896
T10_2022_TIGHTENING_CYCLE_END,T10_2022,2022,TIGHTENING_CYCLE_END,2023-07-26,130,2024-01-29,1.031420316125876,0.031420316125875924
T10_2022_TIGHTENING_CYCLE_END,T10_2022,2022,TIGHTENING_CYCLE_END,2023-07-26,131,2024-01-30,1.0345266845821655,0.03452668458216546
T10_2022_TIGHTENING_CYCLE_END,T10_2022,2022,TIGHTENING_CYCLE_END,2023-07-26,132,2024-01-31,1.0431328376421911,0.04313283764219111
T10_2022_TIGHTENING_CYCLE_END,T10_2022,2022,TIGHTENING_CYCLE_END,2023-07-26,133,2024-02-01,1.054692747952803,0.05469274795280299
T10_2022_TIGHTENING_CYCLE_END,T10_2022,2022,TIGHTENING_CYCLE_END,2023-07-26,134,2024-02-02,1.0458318491815874,0.04583184918158745
T10_2022_TIGHTENING_CYCLE_END,T10_2022,2022,TIGHTENING_CYCLE_END,2023-07-26,135,2024-02-05,1.0403320645778513,0.04033206457785132
T10_2022_TIGHTENING_CYCLE_END,T10_2022,2022,TIGHTENING_CYCLE_END,2023-07-26,136,2024-02-06,1.044660565948244,0.04466056594824397
T10_2022_TIGHTENING_CYCLE_END,T10_2022,2022,TIGHTENING_CYCLE_END,2023-07-26,137,2024-02-07,1.0448133636442187,0.04481336364421873
T10_2022_TIGHTENING_CYCLE_END,T10_2022,2022,TIGHTENING_CYCLE_END,2023-07-26,138,2024-02-08,1.042878278421273,0.0428782784212729
T10_2022_TIGHTENING_CYCLE_END,T10_2022,2022,TIGHTENING_CYCLE_END,2023-07-26,139,2024-02-09,1.038193207651323,0.03819320765132295
T10_2022_TIGHTENING_CYCLE_END,T10_2022,2022,TIGHTENING_CYCLE_END,2023-07-26,140,2024-02-12,1.035290548735192,0.035290548735191996
T10_2022_TIGHTENING_CYCLE_END,T10_2022,2022,TIGHTENING_CYCLE_END,2023-07-26,141,2024-02-13,1.0221520604377672,0.022152060437767185
T10_2022_TIGHTENING_CYCLE_END,T10_2022,2022,TIGHTENING_CYCLE_END,2023-07-26,142,2024-02-14,1.020675306139322,0.020675306139321892
T10_2022_TIGHTENING_CYCLE_END,T10_2022,2022,TIGHTENING_CYCLE_END,2023-07-26,143,2024-02-15,1.0260732670546908,0.02607326705469082
T10_2022_TIGHTENING_CYCLE_END,T10_2022,2022,TIGHTENING_CYCLE_END,2023-07-26,144,2024-02-16,1.0307582756612168,0.030758275661216805
T10_2022_TIGHTENING_CYCLE_END,T10_2022,2022,TIGHTENING_CYCLE_END,2023-07-26,145,2024-02-20,1.0387534244276146,0.03875342442761465
T10_2022_TIGHTENING_CYCLE_END,T10_2022,2022,TIGHTENING_CYCLE_END,2023-07-26,146,2024-02-21,1.0359525891998511,0.035952589199851115
T10_2022_TIGHTENING_CYCLE_END,T10_2022,2022,TIGHTENING_CYCLE_END,2023-07-26,147,2024-02-22,1.0341192655018485,0.03411926550184852
T10_2022_TIGHTENING_CYCLE_END,T10_2022,2022,TIGHTENING_CYCLE_END,2023-07-26,148,2024-02-23,1.0436420804108755,0.04364208041087547
T10_2022_TIGHTENING_CYCLE_END,T10_2022,2022,TIGHTENING_CYCLE_END,2023-07-26,149,2024-02-26,1.038295093503114,0.03829509350311411
T10_2022_TIGHTENING_CYCLE_END,T10_2022,2022,TIGHTENING_CYCLE_END,2023-07-26,150,2024-02-27,1.0409431310349029,0.04094313103490288
T10_2022_TIGHTENING_CYCLE_END,T10_2022,2022,TIGHTENING_CYCLE_END,2023-07-26,151,2024-02-28,1.0402301787260602,0.04023017872606016
T10_2022_TIGHTENING_CYCLE_END,T10_2022,2022,TIGHTENING_CYCLE_END,2023-07-26,152,2024-02-29,1.0463410919502718,0.04634109195027181
T10_2022_TIGHTENING_CYCLE_END,T10_2022,2022,TIGHTENING_CYCLE_END,2023-07-26,153,2024-03-01,1.0672200454663283,0.06722004546632832
T10_2022_TIGHTENING_CYCLE_END,T10_2022,2022,TIGHTENING_CYCLE_END,2023-07-26,154,2024-03-04,1.082802923918807,0.08280292391880706
T10_2022_TIGHTENING_CYCLE_END,T10_2022,2022,TIGHTENING_CYCLE_END,2023-07-26,155,2024-03-05,1.0907470365141736,0.0907470365141736
T10_2022_TIGHTENING_CYCLE_END,T10_2022,2022,TIGHTENING_CYCLE_END,2023-07-26,156,2024-03-06,1.0990477185090972,0.09904771850909722
T10_2022_TIGHTENING_CYCLE_END,T10_2022,2022,TIGHTENING_CYCLE_END,2023-07-26,157,2024-03-07,1.1026124178898875,0.10261241788988751
T10_2022_TIGHTENING_CYCLE_END,T10_2022,2022,TIGHTENING_CYCLE_END,2023-07-26,158,2024-03-08,1.1129500709595483,0.11295007095954834
T10_2022_TIGHTENING_CYCLE_END,T10_2022,2022,TIGHTENING_CYCLE_END,2023-07-26,159,2024-03-11,1.1145287732732088,0.11452877327320876
T10_2022_TIGHTENING_CYCLE_END,T10_2022,2022,TIGHTENING_CYCLE_END,2023-07-26,160,2024-03-12,1.103070810977812,0.10307081097781201
T10_2022_TIGHTENING_CYCLE_END,T10_2022,2022,TIGHTENING_CYCLE_END,2023-07-26,161,2024-03-13,1.1105566548121018,0.11055665481210175
T10_2022_TIGHTENING_CYCLE_END,T10_2022,2022,TIGHTENING_CYCLE_END,2023-07-26,162,2024-03-14,1.103783701123231,0.10378370112323099
T10_2022_TIGHTENING_CYCLE_END,T10_2022,2022,TIGHTENING_CYCLE_END,2023-07-26,163,2024-03-15,1.100728244511125,0.10072824451112505
T10_2022_TIGHTENING_CYCLE_END,T10_2022,2022,TIGHTENING_CYCLE_END,2023-07-26,164,2024-03-18,1.1021541491288107,0.10215414912881071
T10_2022_TIGHTENING_CYCLE_END,T10_2022,2022,TIGHTENING_CYCLE_END,2023-07-26,165,2024-03-19,1.0998115826621238,0.09981158266212375
T10_2022_TIGHTENING_CYCLE_END,T10_2022,2022,TIGHTENING_CYCLE_END,2023-07-26,166,2024-03-20,1.1004736231267829,0.10047362312678287
T10_2022_TIGHTENING_CYCLE_END,T10_2022,2022,TIGHTENING_CYCLE_END,2023-07-26,167,2024-03-21,1.1125426518792314,0.1125426518792314
T10_2022_TIGHTENING_CYCLE_END,T10_2022,2022,TIGHTENING_CYCLE_END,2023-07-26,168,2024-03-22,1.0999643803580985,0.09996438035809851
T10_2022_TIGHTENING_CYCLE_END,T10_2022,2022,TIGHTENING_CYCLE_END,2023-07-26,169,2024-03-25,1.108315912033782,0.10831591203378199
T10_2022_TIGHTENING_CYCLE_END,T10_2022,2022,TIGHTENING_CYCLE_END,2023-07-26,170,2024-03-26,1.1087233311140992,0.10872333111409915
T10_2022_TIGHTENING_CYCLE_END,T10_2022,2022,TIGHTENING_CYCLE_END,2023-07-26,171,2024-03-27,1.1155472588105775,0.11554725881057748
T10_2022_TIGHTENING_CYCLE_END,T10_2022,2022,TIGHTENING_CYCLE_END,2023-07-26,172,2024-03-28,1.1291948655498385,0.1291948655498385
T10_2022_TIGHTENING_CYCLE_END,T10_2022,2022,TIGHTENING_CYCLE_END,2023-07-26,173,2024-04-01,1.1494119029280838,0.14941190292808382
T10_2022_TIGHTENING_CYCLE_END,T10_2022,2022,TIGHTENING_CYCLE_END,2023-07-26,174,2024-04-02,1.1619901744492165,0.16199017444921648
T10_2022_TIGHTENING_CYCLE_END,T10_2022,2022,TIGHTENING_CYCLE_END,2023-07-26,175,2024-04-03,1.178897009504166,0.17889700950416598
T10_2022_TIGHTENING_CYCLE_END,T10_2022,2022,TIGHTENING_CYCLE_END,2023-07-26,176,2024-04-04,1.1755869315077179,0.17558693150771787
T10_2022_TIGHTENING_CYCLE_END,T10_2022,2022,TIGHTENING_CYCLE_END,2023-07-26,177,2024-04-05,1.1943779399414296,0.1943779399414296
T10_2022_TIGHTENING_CYCLE_END,T10_2022,2022,TIGHTENING_CYCLE_END,2023-07-26,178,2024-04-08,1.197229749176801,0.19722974917680092
T10_2022_TIGHTENING_CYCLE_END,T10_2022,2022,TIGHTENING_CYCLE_END,2023-07-26,179,2024-04-09,1.2030350670090628,0.20303506700906282
T10_2022_TIGHTENING_CYCLE_END,T10_2022,2022,TIGHTENING_CYCLE_END,2023-07-26,180,2024-04-10,1.1959056682474825,0.19590566824748246
T10_2022_TIGHTENING_CYCLE_END,T10_2022,2022,TIGHTENING_CYCLE_END,2023-07-26,181,2024-04-11,1.2082802923918807,0.20828029239188073
T10_2022_TIGHTENING_CYCLE_END,T10_2022,2022,TIGHTENING_CYCLE_END,2023-07-26,182,2024-04-12,1.2089933068641474,0.2089933068641474
T10_2022_TIGHTENING_CYCLE_END,T10_2022,2022,TIGHTENING_CYCLE_END,2023-07-26,183,2024-04-15,1.2135255177746986,0.21352551777469864
T10_2022_TIGHTENING_CYCLE_END,T10_2022,2022,TIGHTENING_CYCLE_END,2023-07-26,184,2024-04-16,1.2261547633034389,0.22615476330343887
T10_2022_TIGHTENING_CYCLE_END,T10_2022,2022,TIGHTENING_CYCLE_END,2023-07-26,185,2024-04-17,1.2162753789948548,0.21627537899485483
T10_2022_TIGHTENING_CYCLE_END,T10_2022,2022,TIGHTENING_CYCLE_END,2023-07-26,186,2024-04-18,1.2211641593049631,0.22116415930496314
T10_2022_TIGHTENING_CYCLE_END,T10_2022,2022,TIGHTENING_CYCLE_END,2023-07-26,187,2024-04-19,1.2292102199155448,0.2292102199155448
T10_2022_TIGHTENING_CYCLE_END,T10_2022,2022,TIGHTENING_CYCLE_END,2023-07-26,188,2024-04-22,1.194887182710114,0.19488718271011396
T10_2022_TIGHTENING_CYCLE_END,T10_2022,2022,TIGHTENING_CYCLE_END,2023-07-26,189,2024-04-23,1.1926975382662497,0.1926975382662497
T10_2022_TIGHTENING_CYCLE_END,T10_2022,2022,TIGHTENING_CYCLE_END,2023-07-26,190,2024-04-24,1.1908132405606395,0.19081324056063953
T10_2022_TIGHTENING_CYCLE_END,T10_2022,2022,TIGHTENING_CYCLE_END,2023-07-26,191,2024-04-25,1.1929011856429843,0.1929011856429843
T10_2022_TIGHTENING_CYCLE_END,T10_2022,2022,TIGHTENING_CYCLE_END,2023-07-26,192,2024-04-26,1.195294601790431,0.1952946017904309
T10_2022_TIGHTENING_CYCLE_END,T10_2022,2022,TIGHTENING_CYCLE_END,2023-07-26,193,2024-04-29,1.2006416508616162,0.20064165086161623
T10_2022_TIGHTENING_CYCLE_END,T10_2022,2022,TIGHTENING_CYCLE_END,2023-07-26,194,2024-04-30,1.1727351222723466,0.17273512227234655
T10_2022_TIGHTENING_CYCLE_END,T10_2022,2022,TIGHTENING_CYCLE_END,2023-07-26,195,2024-05-01,1.1768600384294288,0.17686003842942877
T10_2022_TIGHTENING_CYCLE_END,T10_2022,2022,TIGHTENING_CYCLE_END,2023-07-26,196,2024-05-02,1.1761471482840098,0.1761471482840098
T10_2022_TIGHTENING_CYCLE_END,T10_2022,2022,TIGHTENING_CYCLE_END,2023-07-26,197,2024-05-03,1.1756379055153254,0.17563790551532543
T10_2022_TIGHTENING_CYCLE_END,T10_2022,2022,TIGHTENING_CYCLE_END,2023-07-26,198,2024-05-06,1.187146717491482,0.18714671749148204
T10_2022_TIGHTENING_CYCLE_END,T10_2022,2022,TIGHTENING_CYCLE_END,2023-07-26,199,2024-05-07,1.183582018110692,0.18358201811069197
T10_2022_TIGHTENING_CYCLE_END,T10_2022,2022,TIGHTENING_CYCLE_END,2023-07-26,200,2024-05-08,1.1826145065809308,0.1826145065809308
T10_2022_TIGHTENING_CYCLE_END,T10_2022,2022,TIGHTENING_CYCLE_END,2023-07-26,201,2024-05-09,1.1917808764172484,0.1917808764172484
T10_2022_TIGHTENING_CYCLE_END,T10_2022,2022,TIGHTENING_CYCLE_END,2023-07-26,202,2024-05-10,1.2094515756252242,0.2094515756252242
T10_2022_TIGHTENING_CYCLE_END,T10_2022,2022,TIGHTENING_CYCLE_END,2023-07-26,203,2024-05-13,1.1931558070273265,0.1931558070273265
T10_2022_TIGHTENING_CYCLE_END,T10_2022,2022,TIGHTENING_CYCLE_END,2023-07-26,204,2024-05-14,1.2017619600873521,0.20176196008735214
T10_2022_TIGHTENING_CYCLE_END,T10_2022,2022,TIGHTENING_CYCLE_END,2023-07-26,205,2024-05-15,1.2195854569913027,0.21958545699130272
T10_2022_TIGHTENING_CYCLE_END,T10_2022,2022,TIGHTENING_CYCLE_END,2023-07-26,206,2024-05-16,1.2147986246964093,0.2147986246964093
T10_2022_TIGHTENING_CYCLE_END,T10_2022,2022,TIGHTENING_CYCLE_END,2023-07-26,207,2024-05-17,1.2310434192866995,0.23104341928669947
T10_2022_TIGHTENING_CYCLE_END,T10_2022,2022,TIGHTENING_CYCLE_END,2023-07-26,208,2024-05-20,1.2417884914366775,0.24178849143667747
T10_2022_TIGHTENING_CYCLE_END,T10_2022,2022,TIGHTENING_CYCLE_END,2023-07-26,209,2024-05-21,1.235371982820516,0.23537198282051608
T10_2022_TIGHTENING_CYCLE_END,T10_2022,2022,TIGHTENING_CYCLE_END,2023-07-26,210,2024-05-22,1.218566971453934,0.218566971453934
T10_2022_TIGHTENING_CYCLE_END,T10_2022,2022,TIGHTENING_CYCLE_END,2023-07-26,211,2024-05-23,1.190202174103588,0.19020217410358797
T10_2022_TIGHTENING_CYCLE_END,T10_2022,2022,TIGHTENING_CYCLE_END,2023-07-26,212,2024-05-24,1.1888272434935099,0.18882724349350988
T10_2022_TIGHTENING_CYCLE_END,T10_2022,2022,TIGHTENING_CYCLE_END,2023-07-26,213,2024-05-28,1.2000305844045644,0.20003058440456445
T10_2022_TIGHTENING_CYCLE_END,T10_2022,2022,TIGHTENING_CYCLE_END,2023-07-26,214,2024-05-29,1.1922391451783252,0.1922391451783252
T10_2022_TIGHTENING_CYCLE_END,T10_2022,2022,TIGHTENING_CYCLE_END,2023-07-26,215,2024-05-30,1.193104833019719,0.19310483301971892
T10_2022_TIGHTENING_CYCLE_END,T10_2022,2022,TIGHTENING_CYCLE_END,2023-07-26,216,2024-05-31,1.1829199776460328,0.18291997764603285
T10_2022_TIGHTENING_CYCLE_END,T10_2022,2022,TIGHTENING_CYCLE_END,2023-07-26,217,2024-06-03,1.2065489167090933,0.20654891670909326
T10_2022_TIGHTENING_CYCLE_END,T10_2022,2022,TIGHTENING_CYCLE_END,2023-07-26,218,2024-06-04,1.1953964254787983,0.19539642547879832
T10_2022_TIGHTENING_CYCLE_END,T10_2022,2022,TIGHTENING_CYCLE_END,2023-07-26,219,2024-06-05,1.2097061970095664,0.2097061970095664
T10_2022_TIGHTENING_CYCLE_END,T10_2022,2022,TIGHTENING_CYCLE_END,2023-07-26,220,2024-06-06,1.2175484859165655,0.2175484859165655
T10_2022_TIGHTENING_CYCLE_END,T10_2022,2022,TIGHTENING_CYCLE_END,2023-07-26,221,2024-06-07,1.183989437191009,0.1839894371910089
T10_2022_TIGHTENING_CYCLE_END,T10_2022,2022,TIGHTENING_CYCLE_END,2023-07-26,222,2024-06-10,1.1850079227283776,0.18500792272837763
T10_2022_TIGHTENING_CYCLE_END,T10_2022,2022,TIGHTENING_CYCLE_END,2023-07-26,223,2024-06-11,1.184804275351643,0.184804275351643
T10_2022_TIGHTENING_CYCLE_END,T10_2022,2022,TIGHTENING_CYCLE_END,2023-07-26,224,2024-06-12,1.1991648965631707,0.1991648965631707
T10_2022_TIGHTENING_CYCLE_END,T10_2022,2022,TIGHTENING_CYCLE_END,2023-07-26,225,2024-06-13,1.1804247378102188,0.18042473781021884
T10_2022_TIGHTENING_CYCLE_END,T10_2022,2022,TIGHTENING_CYCLE_END,2023-07-26,226,2024-06-14,1.1962622376470398,0.19626223764703976
T10_2022_TIGHTENING_CYCLE_END,T10_2022,2022,TIGHTENING_CYCLE_END,2023-07-26,227,2024-06-17,1.1860264082657461,0.18602640826574612
T10_2022_TIGHTENING_CYCLE_END,T10_2022,2022,TIGHTENING_CYCLE_END,2023-07-26,228,2024-06-18,1.1951418040944561,0.19514180409445614
T10_2022_TIGHTENING_CYCLE_END,T10_2022,2022,TIGHTENING_CYCLE_END,2023-07-26,229,2024-06-20,1.2063961190131183,0.20639611901311827
T10_2022_TIGHTENING_CYCLE_END,T10_2022,2022,TIGHTENING_CYCLE_END,2023-07-26,230,2024-06-21,1.187146717491482,0.18714671749148204
T10_2022_TIGHTENING_CYCLE_END,T10_2022,2022,TIGHTENING_CYCLE_END,2023-07-26,231,2024-06-24,1.1938686971727452,0.19386869717274524
T10_2022_TIGHTENING_CYCLE_END,T10_2022,2022,TIGHTENING_CYCLE_END,2023-07-26,232,2024-06-25,1.1869430701147474,0.18694307011474742
T10_2022_TIGHTENING_CYCLE_END,T10_2022,2022,TIGHTENING_CYCLE_END,2023-07-26,233,2024-06-26,1.1779803476551645,0.17798034765516446
T10_2022_TIGHTENING_CYCLE_END,T10_2022,2022,TIGHTENING_CYCLE_END,2023-07-26,234,2024-06-27,1.189896703038486,0.18989670303848594
T10_2022_TIGHTENING_CYCLE_END,T10_2022,2022,TIGHTENING_CYCLE_END,2023-07-26,235,2024-06-28,1.191424431344539,0.19142443134453901
T10_2022_TIGHTENING_CYCLE_END,T10_2022,2022,TIGHTENING_CYCLE_END,2023-07-26,236,2024-07-01,1.1910678619449817,0.1910678619449817
T10_2022_TIGHTENING_CYCLE_END,T10_2022,2022,TIGHTENING_CYCLE_END,2023-07-26,237,2024-07-02,1.188267026717218,0.18826702671721796
T10_2022_TIGHTENING_CYCLE_END,T10_2022,2022,TIGHTENING_CYCLE_END,2023-07-26,238,2024-07-03,1.206599766389853,0.2065997663898529
T10_2022_TIGHTENING_CYCLE_END,T10_2022,2022,TIGHTENING_CYCLE_END,2023-07-26,239,2024-07-05,1.2210113616089884,0.22101136160898838
T10_2022_TIGHTENING_CYCLE_END,T10_2022,2022,TIGHTENING_CYCLE_END,2023-07-26,240,2024-07-08,1.2035952837853547,0.20359528378535474
T10_2022_TIGHTENING_CYCLE_END,T10_2022,2022,TIGHTENING_CYCLE_END,2023-07-26,241,2024-07-09,1.2058359022368266,0.20583590223682657
T10_2022_TIGHTENING_CYCLE_END,T10_2022,2022,TIGHTENING_CYCLE_END,2023-07-26,242,2024-07-10,1.2118449917726708,0.2118449917726708
T10_2022_TIGHTENING_CYCLE_END,T10_2022,2022,TIGHTENING_CYCLE_END,2023-07-26,243,2024-07-11,1.2333350117457789,0.23333501174577886
T10_2022_TIGHTENING_CYCLE_END,T10_2022,2022,TIGHTENING_CYCLE_END,2023-07-26,244,2024-07-12,1.2327239452887273,0.2327239452887273
T10_2022_TIGHTENING_CYCLE_END,T10_2022,2022,TIGHTENING_CYCLE_END,2023-07-26,245,2024-07-15,1.2368997111265692,0.23689971112656916
T10_2022_TIGHTENING_CYCLE_END,T10_2022,2022,TIGHTENING_CYCLE_END,2023-07-26,246,2024-07-16,1.2567093294244973,0.2567093294244973
T10_2022_TIGHTENING_CYCLE_END,T10_2022,2022,TIGHTENING_CYCLE_END,2023-07-26,247,2024-07-17,1.2526862369557825,0.2526862369557825
T10_2022_TIGHTENING_CYCLE_END,T10_2022,2022,TIGHTENING_CYCLE_END,2023-07-26,248,2024-07-18,1.2509038872653875,0.2509038872653875
T10_2022_TIGHTENING_CYCLE_END,T10_2022,2022,TIGHTENING_CYCLE_END,2023-07-26,249,2024-07-19,1.221724376081255,0.22172437608125506
T10_2022_TIGHTENING_CYCLE_END,T10_2022,2022,TIGHTENING_CYCLE_END,2023-07-26,250,2024-07-22,1.2194836333029355,0.21948363330293552
T10_2022_TIGHTENING_CYCLE_END,T10_2022,2022,TIGHTENING_CYCLE_END,2023-07-26,251,2024-07-23,1.2259001419190967,0.2259001419190967
T10_2022_TIGHTENING_CYCLE_END,T10_2022,2022,TIGHTENING_CYCLE_END,2023-07-26,252,2024-07-24,1.2301777314453057,0.23017773144530573
T10_2022_PAUSE_START,T10_2022,2022,PAUSE_START,2023-09-20,-60,2023-06-23,0.9876644437793625,-0.012335556220637534
T10_2022_PAUSE_START,T10_2022,2022,PAUSE_START,2023-09-20,-59,2023-06-26,0.9898142484306183,-0.010185751569381729
T10_2022_PAUSE_START,T10_2022,2022,PAUSE_START,2023-09-20,-58,2023-06-27,0.9846957551870668,-0.015304244812933243
T10_2022_PAUSE_START,T10_2022,2022,PAUSE_START,2023-09-20,-57,2023-06-28,0.983876746282813,-0.016123253717187036
T10_2022_PAUSE_START,T10_2022,2022,PAUSE_START,2023-09-20,-56,2023-06-29,0.9816758316770501,-0.01832416832294992
T10_2022_PAUSE_START,T10_2022,2022,PAUSE_START,2023-09-20,-55,2023-06-30,0.9875620989071342,-0.0124379010928658
T10_2022_PAUSE_START,T10_2022,2022,PAUSE_START,2023-09-20,-54,2023-07-03,0.9876132713432483,-0.012386728656751722
T10_2022_PAUSE_START,T10_2022,2022,PAUSE_START,2023-09-20,-53,2023-07-05,0.9863848204684746,-0.013615179531525357
T10_2022_PAUSE_START,T10_2022,2022,PAUSE_START,2023-09-20,-52,2023-07-06,0.9803962083661623,-0.01960379163383774
T10_2022_PAUSE_START,T10_2022,2022,PAUSE_START,2023-09-20,-51,2023-07-07,0.9891488193163137,-0.01085118068368629
T10_2022_PAUSE_START,T10_2022,2022,PAUSE_START,2023-09-20,-50,2023-07-10,0.988381045329781,-0.011618954670219006
T10_2022_PAUSE_START,T10_2022,2022,PAUSE_START,2023-09-20,-49,2023-07-11,0.991503313712026,-0.008496686287973954
T10_2022_PAUSE_START,T10_2022,2022,PAUSE_START,2023-09-20,-48,2023-07-12,1.004094794594841,0.004094794594841078
T10_2022_PAUSE_START,T10_2022,2022,PAUSE_START,2023-09-20,-47,2023-07-13,1.0051697281612726,0.005169728161272591
T10_2022_PAUSE_START,T10_2022,2022,PAUSE_START,2023-09-20,-46,2023-07-14,1.0054768252595643,0.0054768252595642775
T10_2022_PAUSE_START,T10_2022,2022,PAUSE_START,2023-09-20,-45,2023-07-17,1.001382030664723,0.0013820306647229774
T10_2022_PAUSE_START,T10_2022,2022,PAUSE_START,2023-09-20,-44,2023-07-18,1.01387116667531,0.013871166675309965
T10_2022_PAUSE_START,T10_2022,2022,PAUSE_START,2023-09-20,-43,2023-07-19,1.01387116667531,0.013871166675309965
T10_2022_PAUSE_START,T10_2022,2022,PAUSE_START,2023-09-20,-42,2023-07-20,1.0088038458678728,0.00880384586787275
T10_2022_PAUSE_START,T10_2022,2022,PAUSE_START,2023-09-20,-41,2023-07-21,1.0066028687805026,0.0066028687805026465
T10_2022_PAUSE_START,T10_2022,2022,PAUSE_START,2023-09-20,-40,2023-07-24,1.0043507192570187,0.004350719257018687
T10_2022_PAUSE_START,T10_2022,2022,PAUSE_START,2023-09-20,-39,2023-07-25,1.0051184932435515,0.005118493243551514
T10_2022_PAUSE_START,T10_2022,2022,PAUSE_START,2023-09-20,-38,2023-07-26,1.0083943414157457,0.008394341415745687
T10_2022_PAUSE_START,T10_2022,2022,PAUSE_START,2023-09-20,-37,2023-07-27,0.9959052054051588,-0.004094794594841189
T10_2022_PAUSE_START,T10_2022,2022,PAUSE_START,2023-09-20,-36,2023-07-28,1.0034294279621436,0.0034294279621436274
T10_2022_PAUSE_START,T10_2022,2022,PAUSE_START,2023-09-20,-35,2023-07-31,1.0085990936418092,0.008599093641809219
T10_2022_PAUSE_START,T10_2022,2022,PAUSE_START,2023-09-20,-34,2023-08-01,1.0128474680265998,0.012847468026599751
T10_2022_PAUSE_START,T10_2022,2022,PAUSE_START,2023-09-20,-33,2023-08-02,1.0109024156014073,0.010902415601407256
T10_2022_PAUSE_START,T10_2022,2022,PAUSE_START,2023-09-20,-32,2023-08-03,1.0077289747830482,0.007728974783048237
T10_2022_PAUSE_START,T10_2022,2022,PAUSE_START,2023-09-20,-31,2023-08-04,1.0114654373618766,0.011465437361876551
T10_2022_PAUSE_START,T10_2022,2022,PAUSE_START,2023-09-20,-30,2023-08-07,1.0083431689796316,0.00834316897963161
T10_2022_PAUSE_START,T10_2022,2022,PAUSE_START,2023-09-20,-29,2023-08-08,1.003173503299966,0.0031735032999660184
T10_2022_PAUSE_START,T10_2022,2022,PAUSE_START,2023-09-20,-28,2023-08-09,0.9984132795908205,-0.0015867204091795095
T10_2022_PAUSE_START,T10_2022,2022,PAUSE_START,2023-09-20,-27,2023-08-10,0.9975431607320595,-0.0024568392679404916
T10_2022_PAUSE_START,T10_2022,2022,PAUSE_START,2023-09-20,-26,2023-08-11,0.9963658822933998,-0.0036341177066001595
T10_2022_PAUSE_START,T10_2022,2022,PAUSE_START,2023-09-20,-25,2023-08-14,0.9950350865463979,-0.00496491345360206
T10_2022_PAUSE_START,T10_2022,2022,PAUSE_START,2023-09-20,-24,2023-08-15,0.9905307874994299,-0.00946921250057009
T10_2022_PAUSE_START,T10_2022,2022,PAUSE_START,2023-09-20,-23,2023-08-16,0.9869990771466649,-0.013000922853335095
T10_2022_PAUSE_START,T10_2022,2022,PAUSE_START,2023-09-20,-22,2023-08-17,0.980293801012327,-0.019706198987673007
T10_2022_PAUSE_START,T10_2022,2022,PAUSE_START,2023-09-20,-21,2023-08-18,0.9809592301266314,-0.019040769873368557
T10_2022_PAUSE_START,T10_2022,2022,PAUSE_START,2023-09-20,-20,2023-08-21,0.9842862507349399,-0.015713749265060084
T10_2022_PAUSE_START,T10_2022,2022,PAUSE_START,2023-09-20,-19,2023-08-22,0.9858217987080053,-0.014178201291994652
T10_2022_PAUSE_START,T10_2022,2022,PAUSE_START,2023-09-20,-18,2023-08-23,0.9971336562799326,-0.0028663437200674435
T10_2022_PAUSE_START,T10_2022,2022,PAUSE_START,2023-09-20,-17,2023-08-24,0.9966218069555774,-0.0033781930444225505
T10_2022_PAUSE_START,T10_2022,2022,PAUSE_START,2023-09-20,-16,2023-08-25,0.9929365168128632,-0.007063483187136788
T10_2022_PAUSE_START,T10_2022,2022,PAUSE_START,2023-09-20,-15,2023-08-28,0.9964682896472351,-0.003531710352764894
T10_2022_PAUSE_START,T10_2022,2022,PAUSE_START,2023-09-20,-14,2023-08-29,1.00583509479397,0.0058350947939700415
T10_2022_PAUSE_START,T10_2022,2022,PAUSE_START,2023-09-20,-13,2023-08-30,1.009878716952697,0.009878716952697042
T10_2022_PAUSE_START,T10_2022,2022,PAUSE_START,2023-09-20,-12,2023-08-31,1.0062445992460969,0.0062445992460968824
T10_2022_PAUSE_START,T10_2022,2022,PAUSE_START,2023-09-20,-11,2023-09-01,1.0068587934426803,0.0068587934426802555
T10_2022_PAUSE_START,T10_2022,2022,PAUSE_START,2023-09-20,-10,2023-09-05,0.9994369782395307,-0.0005630217604692955
T10_2022_PAUSE_START,T10_2022,2022,PAUSE_START,2023-09-20,-9,2023-09-06,0.9951374314186261,-0.004862568581373905
T10_2022_PAUSE_START,T10_2022,2022,PAUSE_START,2023-09-20,-8,2023-09-07,0.9942673125598652,-0.005732687440134776
T10_2022_PAUSE_START,T10_2022,2022,PAUSE_START,2023-09-20,-7,2023-09-08,0.9943696574320934,-0.005630342567906621
T10_2022_PAUSE_START,T10_2022,2022,PAUSE_START,2023-09-20,-6,2023-09-11,0.9966729793916915,-0.003327020608308473
T10_2022_PAUSE_START,T10_2022,2022,PAUSE_START,2023-09-20,-5,2023-09-12,0.9904796150633157,-0.009520384936684279
T10_2022_PAUSE_START,T10_2022,2022,PAUSE_START,2023-09-20,-4,2023-09-13,0.9891488193163137,-0.01085118068368629
T10_2022_PAUSE_START,T10_2022,2022,PAUSE_START,2023-09-20,-3,2023-09-14,0.989302399106263,-0.010697600893736947
T10_2022_PAUSE_START,T10_2022,2022,PAUSE_START,2023-09-20,-2,2023-09-15,0.9961611300673364,-0.00383886993266358
T10_2022_PAUSE_START,T10_2022,2022,PAUSE_START,2023-09-20,-1,2023-09-18,0.9998464826916577,-0.00015351730834234356
T10_2022_PAUSE_START,T10_2022,2022,PAUSE_START,2023-09-20,0,2023-09-19,1.0,0.0
T10_2022_PAUSE_START,T10_2022,2022,PAUSE_START,2023-09-20,1,2023-09-20,1.0068587934426803,0.0068587934426802555
T10_2022_PAUSE_START,T10_2022,2022,PAUSE_START,2023-09-20,2,2023-09-21,0.9927829370229139,-0.0072170629770861305
T10_2022_PAUSE_START,T10_2022,2022,PAUSE_START,2023-09-20,3,2023-09-22,0.9958540329690447,-0.0041459670309552665
T10_2022_PAUSE_START,T10_2022,2022,PAUSE_START,2023-09-20,4,2023-09-25,0.9912473890498484,-0.008752610950151563
T10_2022_PAUSE_START,T10_2022,2022,PAUSE_START,2023-09-20,5,2023-09-26,0.9826483578896462,-0.017351642110353782
T10_2022_PAUSE_START,T10_2022,2022,PAUSE_START,2023-09-20,6,2023-09-27,0.9678558999194612,-0.03214410008053881
T10_2022_PAUSE_START,T10_2022,2022,PAUSE_START,2023-09-20,7,2023-09-28,0.9615601282372501,-0.03843987176274988
T10_2022_PAUSE_START,T10_2022,2022,PAUSE_START,2023-09-20,8,2023-09-29,0.9551620116828109,-0.044837988317189104
T10_2022_PAUSE_START,T10_2022,2022,PAUSE_START,2023-09-20,9,2023-10-02,0.9454880469561773,-0.054511953043822725
T10_2022_PAUSE_START,T10_2022,2022,PAUSE_START,2023-09-20,10,2023-10-03,0.9425705307999958,-0.057429469200004246
T10_2022_PAUSE_START,T10_2022,2022,PAUSE_START,2023-09-20,11,2023-10-04,0.9391411653194591,-0.060858834680540874
T10_2022_PAUSE_START,T10_2022,2022,PAUSE_START,2023-09-20,12,2023-10-05,0.9376056173463937,-0.062394382653606306
T10_2022_PAUSE_START,T10_2022,2022,PAUSE_START,2023-09-20,13,2023-10-06,0.944464348307467,-0.05553565169253305
T10_2022_PAUSE_START,T10_2022,2022,PAUSE_START,2023-09-20,14,2023-10-09,0.9542407203879358,-0.04575927961206416
T10_2022_PAUSE_START,T10_2022,2022,PAUSE_START,2023-09-20,15,2023-10-10,0.9598710629558423,-0.04012893704415765
T10_2022_PAUSE_START,T10_2022,2022,PAUSE_START,2023-09-20,16,2023-10-11,0.9660132548481041,-0.033986745151895925
T10_2022_PAUSE_START,T10_2022,2022,PAUSE_START,2023-09-20,17,2023-10-12,0.9638122777607342,-0.03618772223926581
T10_2022_PAUSE_START,T10_2022,2022,PAUSE_START,2023-09-20,18,2023-10-13,0.99375546323551,-0.006244536764489994
T10_2022_PAUSE_START,T10_2022,2022,PAUSE_START,2023-09-20,19,2023-10-16,0.9900701730927958,-0.009929826907204231
T10_2022_PAUSE_START,T10_2022,2022,PAUSE_START,2023-09-20,20,2023-10-17,0.9907867121616074,-0.009213287838392592
T10_2022_PAUSE_START,T10_2022,2022,PAUSE_START,2023-09-20,21,2023-10-18,1.0074730501208706,0.007473050120870628
T10_2022_PAUSE_START,T10_2022,2022,PAUSE_START,2023-09-20,22,2023-10-19,1.0137175868853605,0.013717586885360511
T10_2022_PAUSE_START,T10_2022,2022,PAUSE_START,2023-09-20,23,2023-10-20,1.0208323049902186,0.020832304990218597
T10_2022_PAUSE_START,T10_2022,2022,PAUSE_START,2023-09-20,24,2023-10-23,1.017454111945796,0.017454111945796047
T10_2022_PAUSE_START,T10_2022,2022,PAUSE_START,2023-09-20,25,2023-10-24,1.016583930605428,0.016583930605428066
T10_2022_PAUSE_START,T10_2022,2022,PAUSE_START,2023-09-20,26,2023-10-25,1.021088229652396,0.021088229652395984
T10_2022_PAUSE_START,T10_2022,2022,PAUSE_START,2023-09-20,27,2023-10-26,1.022367852963284,0.02236785296328403
T10_2022_PAUSE_START,T10_2022,2022,PAUSE_START,2023-09-20,28,2023-10-27,1.022930874723753,0.022930874723753103
T10_2022_PAUSE_START,T10_2022,2022,PAUSE_START,2023-09-20,29,2023-10-30,1.0265649924303533,0.026564992430353263
T10_2022_PAUSE_START,T10_2022,2022,PAUSE_START,2023-09-20,30,2023-10-31,1.0207811325541043,0.020781132554104298
T10_2022_PAUSE_START,T10_2022,2022,PAUSE_START,2023-09-20,31,2023-11-01,1.0173005321558466,0.017300532155846593
T10_2022_PAUSE_START,T10_2022,2022,PAUSE_START,2023-09-20,32,2023-11-02,1.0203716281019775,0.020371628101977457
T10_2022_PAUSE_START,T10_2022,2022,PAUSE_START,2023-09-20,33,2023-11-03,1.023289144258159,0.02328914425815909
T10_2022_PAUSE_START,T10_2022,2022,PAUSE_START,2023-09-20,34,2023-11-06,1.0178635539163159,0.01786355391631589
T10_2022_PAUSE_START,T10_2022,2022,PAUSE_START,2023-09-20,35,2023-11-07,1.0101346416148747,0.010134641614874651
T10_2022_PAUSE_START,T10_2022,2022,PAUSE_START,2023-09-20,36,2023-11-08,1.0020986322151417,0.002098632215141727
T10_2022_PAUSE_START,T10_2022,2022,PAUSE_START,2023-09-20,37,2023-11-09,1.0082408241074035,0.008240824107403455
T10_2022_PAUSE_START,T10_2022,2022,PAUSE_START,2023-09-20,38,2023-11-10,0.9918104108103177,-0.008189589189682267
T10_2022_PAUSE_START,T10_2022,2022,PAUSE_START,2023-09-20,39,2023-11-13,0.998208527364757,-0.001791472635243041
T10_2022_PAUSE_START,T10_2022,2022,PAUSE_START,2023-09-20,40,2023-11-14,1.0065516963443886,0.006551696344388569
T10_2022_PAUSE_START,T10_2022,2022,PAUSE_START,2023-09-20,41,2023-11-15,1.0054256528234502,0.0054256528234502
T10_2022_PAUSE_START,T10_2022,2022,PAUSE_START,2023-09-20,42,2023-11-16,1.0171981872836184,0.017198187283618438
T10_2022_PAUSE_START,T10_2022,2022,PAUSE_START,2023-09-20,43,2023-11-17,1.0158673290550095,0.015867329055009538
T10_2022_PAUSE_START,T10_2022,2022,PAUSE_START,2023-09-20,44,2023-11-20,1.0136152420131324,0.013615242013132356
T10_2022_PAUSE_START,T10_2022,2022,PAUSE_START,2023-09-20,45,2023-11-21,1.0245175951329328,0.024517595132932835
T10_2022_PAUSE_START,T10_2022,2022,PAUSE_START,2023-09-20,46,2023-11-22,1.0200133585675717,0.020013358567571693
T10_2022_PAUSE_START,T10_2022,2022,PAUSE_START,2023-09-20,47,2023-11-23,1.0202692832297493,0.020269283229749302
T10_2022_PAUSE_START,T10_2022,2022,PAUSE_START,2023-09-20,48,2023-11-24,1.0252341966833514,0.025234196683351362
T10_2022_PAUSE_START,T10_2022,2022,PAUSE_START,2023-09-20,49,2023-11-27,1.030045592828611,0.030045592828610967
T10_2022_PAUSE_START,T10_2022,2022,PAUSE_START,2023-09-20,50,2023-11-28,1.0441726216844915,0.04417262168449154
T10_2022_PAUSE_START,T10_2022,2022,PAUSE_START,2023-09-20,51,2023-11-29,1.0478067393910917,0.0478067393910917
T10_2022_PAUSE_START,T10_2022,2022,PAUSE_START,2023-09-20,52,2023-11-30,1.0432000954718954,0.043200095471895406
T10_2022_PAUSE_START,T10_2022,2022,PAUSE_START,2023-09-20,53,2023-12-01,1.0696115081122994,0.06961150811229944
T10_2022_PAUSE_START,T10_2022,2022,PAUSE_START,2023-09-20,54,2023-12-04,1.0452986652054301,0.04529866520543013
T10_2022_PAUSE_START,T10_2022,2022,PAUSE_START,2023-09-20,55,2023-12-05,1.0422788041770203,0.042278804177020346
T10_2022_PAUSE_START,T10_2022,2022,PAUSE_START,2023-09-20,56,2023-12-06,1.0482162438432185,0.04821624384321854
T10_2022_PAUSE_START,T10_2022,2022,PAUSE_START,2023-09-20,57,2023-12-07,1.047448469856686,0.04744846985668594
T10_2022_PAUSE_START,T10_2022,2022,PAUSE_START,2023-09-20,58,2023-12-08,1.0311204639134355,0.03112046391343548
T10_2022_PAUSE_START,T10_2022,2022,PAUSE_START,2023-09-20,59,2023-12-11,1.0204739729742056,0.020473972974205612
T10_2022_PAUSE_START,T10_2022,2022,PAUSE_START,2023-09-20,60,2023-12-12,1.0202180483120282,0.020218048312028225
T10_2022_PAUSE_START,T10_2022,2022,PAUSE_START,2023-09-20,61,2023-12-13,1.0223166805271697,0.02231668052716973
T10_2022_PAUSE_START,T10_2022,2022,PAUSE_START,2023-09-20,62,2023-12-14,1.0466806958701533,0.04668069587015333
T10_2022_PAUSE_START,T10_2022,2022,PAUSE_START,2023-09-20,63,2023-12-15,1.0419716445971217,0.04197164459712166
T10_2022_PAUSE_START,T10_2022,2022,PAUSE_START,2023-09-20,64,2023-12-18,1.0444285463466692,0.04442854634666915
T10_2022_PAUSE_START,T10_2022,2022,PAUSE_START,2023-09-20,65,2023-12-19,1.0503660484944743,0.05036604849447435
T10_2022_PAUSE_START,T10_2022,2022,PAUSE_START,2023-09-20,66,2023-12-20,1.0481138364893834,0.04811383648938339
T10_2022_PAUSE_START,T10_2022,2022,PAUSE_START,2023-09-20,67,2023-12-21,1.0499565440423475,0.049956544042347506
T10_2022_PAUSE_START,T10_2022,2022,PAUSE_START,2023-09-20,68,2023-12-22,1.059067487008512,0.05906748700851194
T10_2022_PAUSE_START,T10_2022,2022,PAUSE_START,2023-09-20,69,2023-12-26,1.0594257565429177,0.05942575654291771
T10_2022_PAUSE_START,T10_2022,2022,PAUSE_START,2023-09-20,70,2023-12-27,1.0713518707930354,0.0713518707930354
T10_2022_PAUSE_START,T10_2022,2022,PAUSE_START,2023-09-20,71,2023-12-28,1.0664380672939404,0.06643806729394042
T10_2022_PAUSE_START,T10_2022,2022,PAUSE_START,2023-09-20,72,2023-12-29,1.060449455191628,0.06044945519162792
T10_2022_PAUSE_START,T10_2022,2022,PAUSE_START,2023-09-20,73,2024-01-02,1.0612683391326678,0.061268339132667826
T10_2022_PAUSE_START,T10_2022,2022,PAUSE_START,2023-09-20,74,2024-01-03,1.0456058247853288,0.04560582478532882
T10_2022_PAUSE_START,T10_2022,2022,PAUSE_START,2023-09-20,75,2024-01-04,1.049291114928043,0.049291114928043056
T10_2022_PAUSE_START,T10_2022,2022,PAUSE_START,2023-09-20,76,2024-01-05,1.049188770055815,0.0491887700558149
T10_2022_PAUSE_START,T10_2022,2022,PAUSE_START,2023-09-20,77,2024-01-08,1.0408456010761833,0.04084560107618329
T10_2022_PAUSE_START,T10_2022,2022,PAUSE_START,2023-09-20,78,2024-01-09,1.0405896764140057,0.04058967641400568
T10_2022_PAUSE_START,T10_2022,2022,PAUSE_START,2023-09-20,79,2024-01-10,1.0379280849200017,0.03792808492000166
T10_2022_PAUSE_START,T10_2022,2022,PAUSE_START,2023-09-20,80,2024-01-11,1.033526130745262,0.033526130745261895
T10_2022_PAUSE_START,T10_2022,2022,PAUSE_START,2023-09-20,81,2024-01-12,1.050110123832297,0.05011012383229696
T10_2022_PAUSE_START,T10_2022,2022,PAUSE_START,2023-09-20,82,2024-01-16,1.0391564733131684,0.039156473313168405
T10_2022_PAUSE_START,T10_2022,2022,PAUSE_START,2023-09-20,83,2024-01-17,1.0270256693185944,0.027025669318594403
T10_2022_PAUSE_START,T10_2022,2022,PAUSE_START,2023-09-20,84,2024-01-18,1.0347545816200356,0.03475458162003564
T10_2022_PAUSE_START,T10_2022,2022,PAUSE_START,2023-09-20,85,2024-01-19,1.0386958589065345,0.038695858906534486
T10_2022_PAUSE_START,T10_2022,2022,PAUSE_START,2023-09-20,86,2024-01-22,1.0350616787183273,0.03506167871832733
T10_2022_PAUSE_START,T10_2022,2022,PAUSE_START,2023-09-20,87,2024-01-23,1.0369043862712914,0.036904386271291445
T10_2022_PAUSE_START,T10_2022,2022,PAUSE_START,2023-09-20,88,2024-01-24,1.031888237899968,0.031888237899968086
T10_2022_PAUSE_START,T10_2022,2022,PAUSE_START,2023-09-20,89,2024-01-25,1.0328095916764501,0.032809591676450145
T10_2022_PAUSE_START,T10_2022,2022,PAUSE_START,2023-09-20,90,2024-01-26,1.0325536670142728,0.03255366701427276
T10_2022_PAUSE_START,T10_2022,2022,PAUSE_START,2023-09-20,91,2024-01-29,1.036699634045228,0.036699634045227914
T10_2022_PAUSE_START,T10_2022,2022,PAUSE_START,2023-09-20,92,2024-01-30,1.0398219024274729,0.039821902427472855
T10_2022_PAUSE_START,T10_2022,2022,PAUSE_START,2023-09-20,93,2024-01-31,1.0484721060237892,0.04847210602378915
T10_2022_PAUSE_START,T10_2022,2022,PAUSE_START,2023-09-20,94,2024-02-01,1.0600911856572222,0.06009118565722216
T10_2022_PAUSE_START,T10_2022,2022,PAUSE_START,2023-09-20,95,2024-02-02,1.0511849324355143,0.05118493243551425
T10_2022_PAUSE_START,T10_2022,2022,PAUSE_START,2023-09-20,96,2024-02-05,1.045656997221443,0.045656997221442897
T10_2022_PAUSE_START,T10_2022,2022,PAUSE_START,2023-09-20,97,2024-02-06,1.0500076539968546,0.050007653996854584
T10_2022_PAUSE_START,T10_2022,2022,PAUSE_START,2023-09-20,98,2024-02-07,1.050161233786804,0.05016123378680404
T10_2022_PAUSE_START,T10_2022,2022,PAUSE_START,2023-09-20,99,2024-02-08,1.0482162438432185,0.04821624384321854
T10_2022_PAUSE_START,T10_2022,2022,PAUSE_START,2023-09-20,100,2024-02-09,1.043507192570187,0.04350719257018709
T10_2022_PAUSE_START,T10_2022,2022,PAUSE_START,2023-09-20,101,2024-02-12,1.0405896764140057,0.04058967641400568
T10_2022_PAUSE_START,T10_2022,2022,PAUSE_START,2023-09-20,102,2024-02-13,1.0273839388530002,0.027383938853000167
T10_2022_PAUSE_START,T10_2022,2022,PAUSE_START,2023-09-20,103,2024-02-14,1.0258996257976558,0.025899625797655812
T10_2022_PAUSE_START,T10_2022,2022,PAUSE_START,2023-09-20,104,2024-02-15,1.031325216139499,0.03132521613949901
T10_2022_PAUSE_START,T10_2022,2022,PAUSE_START,2023-09-20,105,2024-02-16,1.0360342049309235,0.036034204930923464
T10_2022_PAUSE_START,T10_2022,2022,PAUSE_START,2023-09-20,106,2024-02-20,1.0440702768122634,0.04407027681226339
T10_2022_PAUSE_START,T10_2022,2022,PAUSE_START,2023-09-20,107,2024-02-21,1.0412551055283101,0.04125510552831013
T10_2022_PAUSE_START,T10_2022,2022,PAUSE_START,2023-09-20,108,2024-02-22,1.039412397975346,0.039412397975346014
T10_2022_PAUSE_START,T10_2022,2022,PAUSE_START,2023-09-20,109,2024-02-23,1.0489839553481444,0.04898395534814437
T10_2022_PAUSE_START,T10_2022,2022,PAUSE_START,2023-09-20,110,2024-02-26,1.0436095999240225,0.04360959992402247
T10_2022_PAUSE_START,T10_2022,2022,PAUSE_START,2023-09-20,111,2024-02-27,1.0462711914180263,0.04627119141802627
T10_2022_PAUSE_START,T10_2022,2022,PAUSE_START,2023-09-20,112,2024-02-28,1.0455545898676077,0.04555458986760774
T10_2022_PAUSE_START,T10_2022,2022,PAUSE_START,2023-09-20,113,2024-02-29,1.0516967817598695,0.05169678175986947
T10_2022_PAUSE_START,T10_2022,2022,PAUSE_START,2023-09-20,114,2024-03-01,1.0726826040584303,0.0726826040584303
T10_2022_PAUSE_START,T10_2022,2022,PAUSE_START,2023-09-20,115,2024-03-04,1.0883452433689833,0.0883452433689833
T10_2022_PAUSE_START,T10_2022,2022,PAUSE_START,2023-09-20,116,2024-03-05,1.0963300178509952,0.09633001785099515
T10_2022_PAUSE_START,T10_2022,2022,PAUSE_START,2023-09-20,117,2024-03-06,1.1046731868306268,0.10467318683062676
T10_2022_PAUSE_START,T10_2022,2022,PAUSE_START,2023-09-20,118,2024-03-07,1.1082561321011128,0.10825613210111285
T10_2022_PAUSE_START,T10_2022,2022,PAUSE_START,2023-09-20,119,2024-03-08,1.1186466983781649,0.11864669837816488
T10_2022_PAUSE_START,T10_2022,2022,PAUSE_START,2023-09-20,120,2024-03-11,1.1202334812689514,0.12023348126895139
T10_2022_PAUSE_START,T10_2022,2022,PAUSE_START,2023-09-20,121,2024-03-12,1.1087168714709608,0.10871687147096076
T10_2022_PAUSE_START,T10_2022,2022,PAUSE_START,2023-09-20,122,2024-03-13,1.1162410315463385,0.11624103154633847
T10_2022_PAUSE_START,T10_2022,2022,PAUSE_START,2023-09-20,123,2024-03-14,1.1094334105397723,0.10943341053977229
T10_2022_PAUSE_START,T10_2022,2022,PAUSE_START,2023-09-20,124,2024-03-15,1.1063623145936414,0.10636231459364143
T10_2022_PAUSE_START,T10_2022,2022,PAUSE_START,2023-09-20,125,2024-03-18,1.1077955176944787,0.1077955176944787
T10_2022_PAUSE_START,T10_2022,2022,PAUSE_START,2023-09-20,126,2024-03-19,1.1054409608171594,0.10544096081715937
T10_2022_PAUSE_START,T10_2022,2022,PAUSE_START,2023-09-20,127,2024-03-20,1.1061063899314638,0.10610638993146382
T10_2022_PAUSE_START,T10_2022,2022,PAUSE_START,2023-09-20,128,2024-03-21,1.118237193926038,0.11823719392603804
T10_2022_PAUSE_START,T10_2022,2022,PAUSE_START,2023-09-20,129,2024-03-22,1.1055945406071088,0.10559454060710882
T10_2022_PAUSE_START,T10_2022,2022,PAUSE_START,2023-09-20,130,2024-03-25,1.1139888195412475,0.11398881954124751
T10_2022_PAUSE_START,T10_2022,2022,PAUSE_START,2023-09-20,131,2024-03-26,1.1143983239933744,0.11439832399337435
T10_2022_PAUSE_START,T10_2022,2022,PAUSE_START,2023-09-20,132,2024-03-27,1.1212571799176618,0.12125717991766183
T10_2022_PAUSE_START,T10_2022,2022,PAUSE_START,2023-09-20,133,2024-03-28,1.1349746418398083,0.13497464183980834
T10_2022_PAUSE_START,T10_2022,2022,PAUSE_START,2023-09-20,134,2024-04-01,1.1552951599872787,0.15529515998727872
T10_2022_PAUSE_START,T10_2022,2022,PAUSE_START,2023-09-20,135,2024-04-02,1.167937813306208,0.16793781330620794
T10_2022_PAUSE_START,T10_2022,2022,PAUSE_START,2023-09-20,136,2024-04-03,1.1849311858821558,0.18493118588215585
T10_2022_PAUSE_START,T10_2022,2022,PAUSE_START,2023-09-20,137,2024-04-04,1.1816041652738476,0.1816041652738476
T10_2022_PAUSE_START,T10_2022,2022,PAUSE_START,2023-09-20,138,2024-04-05,1.2004913553572667,0.2004913553572667
T10_2022_PAUSE_START,T10_2022,2022,PAUSE_START,2023-09-20,139,2024-04-08,1.203357761558941,0.20335776155894103
T10_2022_PAUSE_START,T10_2022,2022,PAUSE_START,2023-09-20,140,2024-04-09,1.209192793871304,0.20919279387130407
T10_2022_PAUSE_START,T10_2022,2022,PAUSE_START,2023-09-20,141,2024-04-10,1.2020269033303321,0.20202690333033213
T10_2022_PAUSE_START,T10_2022,2022,PAUSE_START,2023-09-20,142,2024-04-11,1.2144648669048048,0.21446486690480482
T10_2022_PAUSE_START,T10_2022,2022,PAUSE_START,2023-09-20,143,2024-04-12,1.2151815309368306,0.21518153093683057
T10_2022_PAUSE_START,T10_2022,2022,PAUSE_START,2023-09-20,144,2024-04-15,1.2197369399383056,0.21973693993830556
T10_2022_PAUSE_START,T10_2022,2022,PAUSE_START,2023-09-20,145,2024-04-16,1.232430828174956,0.23243082817495608
T10_2022_PAUSE_START,T10_2022,2022,PAUSE_START,2023-09-20,146,2024-04-17,1.2225008763045377,0.22250087630453774
T10_2022_PAUSE_START,T10_2022,2022,PAUSE_START,2023-09-20,147,2024-04-18,1.2274146798036327,0.22741467980363272
T10_2022_PAUSE_START,T10_2022,2022,PAUSE_START,2023-09-20,148,2024-04-19,1.235501924121087,0.23550192412108695
T10_2022_PAUSE_START,T10_2022,2022,PAUSE_START,2023-09-20,149,2024-04-22,1.201003204681622,0.20100320468162192
T10_2022_PAUSE_START,T10_2022,2022,PAUSE_START,2023-09-20,150,2024-04-23,1.1988023525574658,0.1988023525574658
T10_2022_PAUSE_START,T10_2022,2022,PAUSE_START,2023-09-20,151,2024-04-24,1.1969084100867806,0.19690841008678062
T10_2022_PAUSE_START,T10_2022,2022,PAUSE_START,2023-09-20,152,2024-04-25,1.1990070423019223,0.19900704230192234
T10_2022_PAUSE_START,T10_2022,2022,PAUSE_START,2023-09-20,153,2024-04-26,1.2014127091337488,0.20141270913374876
T10_2022_PAUSE_START,T10_2022,2022,PAUSE_START,2023-09-20,154,2024-04-29,1.2067871270394777,0.20678712703947766
T10_2022_PAUSE_START,T10_2022,2022,PAUSE_START,2023-09-20,155,2024-04-30,1.178737759072173,0.17873775907217304
T10_2022_PAUSE_START,T10_2022,2022,PAUSE_START,2023-09-20,156,2024-05-01,1.1828837885847354,0.18288378858473542
T10_2022_PAUSE_START,T10_2022,2022,PAUSE_START,2023-09-20,157,2024-05-02,1.1821672495159237,0.18216724951592367
T10_2022_PAUSE_START,T10_2022,2022,PAUSE_START,2023-09-20,158,2024-05-03,1.1816554001915687,0.18165540019156867
T10_2022_PAUSE_START,T10_2022,2022,PAUSE_START,2023-09-20,159,2024-05-06,1.1932231199440664,0.19322311994406638
T10_2022_PAUSE_START,T10_2022,2022,PAUSE_START,2023-09-20,160,2024-05-07,1.1896401746735805,0.18964017467358052
T10_2022_PAUSE_START,T10_2022,2022,PAUSE_START,2023-09-20,161,2024-05-08,1.1886677109425914,0.18866771094259138
T10_2022_PAUSE_START,T10_2022,2022,PAUSE_START,2023-09-20,162,2024-05-09,1.1978809987809838,0.19788099878098375
T10_2022_PAUSE_START,T10_2022,2022,PAUSE_START,2023-09-20,163,2024-05-10,1.2156421453434645,0.2156421453434645
T10_2022_PAUSE_START,T10_2022,2022,PAUSE_START,2023-09-20,164,2024-05-13,1.1992629669641,0.19926296696409995
T10_2022_PAUSE_START,T10_2022,2022,PAUSE_START,2023-09-20,165,2024-05-14,1.2079131705604162,0.20791317056041625
T10_2022_PAUSE_START,T10_2022,2022,PAUSE_START,2023-09-20,166,2024-05-15,1.2258278969128462,0.22582789691284622
T10_2022_PAUSE_START,T10_2022,2022,PAUSE_START,2023-09-20,167,2024-05-16,1.2210165632491936,0.2210165632491936
T10_2022_PAUSE_START,T10_2022,2022,PAUSE_START,2023-09-20,168,2024-05-17,1.237344506710837,0.23734450671083707
T10_2022_PAUSE_START,T10_2022,2022,PAUSE_START,2023-09-20,169,2024-05-20,1.2481445774400162,0.24814457744001617
T10_2022_PAUSE_START,T10_2022,2022,PAUSE_START,2023-09-20,170,2024-05-21,1.2416952259678558,0.24169522596785575
T10_2022_PAUSE_START,T10_2022,2022,PAUSE_START,2023-09-20,171,2024-05-22,1.224804198264136,0.224804198264136
T10_2022_PAUSE_START,T10_2022,2022,PAUSE_START,2023-09-20,172,2024-05-23,1.1962942158901972,0.19629421589019724
T10_2022_PAUSE_START,T10_2022,2022,PAUSE_START,2023-09-20,173,2024-05-24,1.1949122477070813,0.19491224770708127
T10_2022_PAUSE_START,T10_2022,2022,PAUSE_START,2023-09-20,174,2024-05-28,1.2061729328428943,0.20617293284289429
T10_2022_PAUSE_START,T10_2022,2022,PAUSE_START,2023-09-20,175,2024-05-29,1.198341613187618,0.1983416131876179
T10_2022_PAUSE_START,T10_2022,2022,PAUSE_START,2023-09-20,176,2024-05-30,1.1992117320463789,0.19921173204637888
T10_2022_PAUSE_START,T10_2022,2022,PAUSE_START,2023-09-20,177,2024-05-31,1.188974745559276,0.18897474555927607
T10_2022_PAUSE_START,T10_2022,2022,PAUSE_START,2023-09-20,178,2024-06-03,1.212724629187283,0.21272462918728308
T10_2022_PAUSE_START,T10_2022,2022,PAUSE_START,2023-09-20,179,2024-06-04,1.201515054005977,0.2015150540059769
T10_2022_PAUSE_START,T10_2022,2022,PAUSE_START,2023-09-20,180,2024-06-05,1.215898070005642,0.2158980700056421
T10_2022_PAUSE_START,T10_2022,2022,PAUSE_START,2023-09-20,181,2024-06-06,1.2237804996154258,0.2237804996154258
T10_2022_PAUSE_START,T10_2022,2022,PAUSE_START,2023-09-20,182,2024-06-07,1.1900496791257074,0.19004967912570736
T10_2022_PAUSE_START,T10_2022,2022,PAUSE_START,2023-09-20,183,2024-06-10,1.1910733777744176,0.19107337777441757
T10_2022_PAUSE_START,T10_2022,2022,PAUSE_START,2023-09-20,184,2024-06-11,1.1908686880299613,0.19086868802996126
T10_2022_PAUSE_START,T10_2022,2022,PAUSE_START,2023-09-20,185,2024-06-12,1.2053028139841335,0.20530281398413353
T10_2022_PAUSE_START,T10_2022,2022,PAUSE_START,2023-09-20,186,2024-06-13,1.1864667338552213,0.18646673385522128
T10_2022_PAUSE_START,T10_2022,2022,PAUSE_START,2023-09-20,187,2024-06-14,1.202385297827952,0.2023852978279519
T10_2022_PAUSE_START,T10_2022,2022,PAUSE_START,2023-09-20,188,2024-06-17,1.192097076423128,0.192097076423128
T10_2022_PAUSE_START,T10_2022,2022,PAUSE_START,2023-09-20,189,2024-06-18,1.2012591293437995,0.20125912934379953
T10_2022_PAUSE_START,T10_2022,2022,PAUSE_START,2023-09-20,190,2024-06-20,1.2125710493973336,0.21257104939733362
T10_2022_PAUSE_START,T10_2022,2022,PAUSE_START,2023-09-20,191,2024-06-21,1.1932231199440664,0.19322311994406638
T10_2022_PAUSE_START,T10_2022,2022,PAUSE_START,2023-09-20,192,2024-06-24,1.1999795060329115,0.19997950603291148
T10_2022_PAUSE_START,T10_2022,2022,PAUSE_START,2023-09-20,193,2024-06-25,1.19301843019961,0.19301843019961007
T10_2022_PAUSE_START,T10_2022,2022,PAUSE_START,2023-09-20,194,2024-06-26,1.1840098321056738,0.1840098321056738
T10_2022_PAUSE_START,T10_2022,2022,PAUSE_START,2023-09-20,195,2024-06-27,1.1959871812735126,0.19598718127351256
T10_2022_PAUSE_START,T10_2022,2022,PAUSE_START,2023-09-20,196,2024-06-28,1.197522729246578,0.197522729246578
T10_2022_PAUSE_START,T10_2022,2022,PAUSE_START,2023-09-20,197,2024-07-01,1.1971643347489582,0.19716433474895823
T10_2022_PAUSE_START,T10_2022,2022,PAUSE_START,2023-09-20,198,2024-07-02,1.194349163465005,0.19434916346500497
T10_2022_PAUSE_START,T10_2022,2022,PAUSE_START,2023-09-20,199,2024-07-03,1.2127757391417902,0.21277573914179015
T10_2022_PAUSE_START,T10_2022,2022,PAUSE_START,2023-09-20,200,2024-07-05,1.2272611000136835,0.2272611000136835
T10_2022_PAUSE_START,T10_2022,2022,PAUSE_START,2023-09-20,201,2024-07-08,1.2097558781133804,0.20975587811338037
T10_2022_PAUSE_START,T10_2022,2022,PAUSE_START,2023-09-20,202,2024-07-09,1.2120079651552573,0.21200796515525733
T10_2022_PAUSE_START,T10_2022,2022,PAUSE_START,2023-09-20,203,2024-07-10,1.218047812175291,0.2180478121752909
T10_2022_PAUSE_START,T10_2022,2022,PAUSE_START,2023-09-20,204,2024-07-11,1.239647828670435,0.2396478286704351
T10_2022_PAUSE_START,T10_2022,2022,PAUSE_START,2023-09-20,205,2024-07-12,1.2390336344738517,0.23903363447385173
T10_2022_PAUSE_START,T10_2022,2022,PAUSE_START,2023-09-20,206,2024-07-15,1.2432307739409212,0.24323077394092119
T10_2022_PAUSE_START,T10_2022,2022,PAUSE_START,2023-09-20,207,2024-07-16,1.2631417876362645,0.2631417876362645
T10_2022_PAUSE_START,T10_2022,2022,PAUSE_START,2023-09-20,208,2024-07-17,1.2590981029959305,0.2590981029959305
T10_2022_PAUSE_START,T10_2022,2022,PAUSE_START,2023-09-20,209,2024-07-18,1.2573066303606877,0.2573066303606877
T10_2022_PAUSE_START,T10_2022,2022,PAUSE_START,2023-09-20,210,2024-07-19,1.227977764045709,0.22797776404570902
T10_2022_PAUSE_START,T10_2022,2022,PAUSE_START,2023-09-20,211,2024-07-22,1.225725552040618,0.22572555204061806
T10_2022_PAUSE_START,T10_2022,2022,PAUSE_START,2023-09-20,212,2024-07-23,1.2321749035127785,0.23217490351277847
T10_2022_PAUSE_START,T10_2022,2022,PAUSE_START,2023-09-20,213,2024-07-24,1.236474387852076,0.23647438785207608
T10_2022_PAUSE_START,T10_2022,2022,PAUSE_START,2023-09-20,214,2024-07-25,1.2046373848698289,0.20463738486982885
T10_2022_PAUSE_START,T10_2022,2022,PAUSE_START,2023-09-20,215,2024-07-26,1.2187132412895954,0.21871324128959535
T10_2022_PAUSE_START,T10_2022,2022,PAUSE_START,2023-09-20,216,2024-07-29,1.2170753484443018,0.21707534844430176
T10_2022_PAUSE_START,T10_2022,2022,PAUSE_START,2023-09-20,217,2024-07-30,1.2309976250741188,0.2309976250741188
T10_2022_PAUSE_START,T10_2022,2022,PAUSE_START,2023-09-20,218,2024-07-31,1.2420023855477544,0.24200238554775444
T10_2022_PAUSE_START,T10_2022,2022,PAUSE_START,2023-09-20,219,2024-08-01,1.2697958288528814,0.26979582885288145
T10_2022_PAUSE_START,T10_2022,2022,PAUSE_START,2023-09-20,220,2024-08-02,1.264165486284975,0.26416548628497494
T10_2022_PAUSE_START,T10_2022,2022,PAUSE_START,2023-09-20,221,2024-08-05,1.251164438468426,0.25116443846842595
T10_2022_PAUSE_START,T10_2022,2022,PAUSE_START,2023-09-20,222,2024-08-06,1.2446128670872512,0.24461286708725116
T10_2022_PAUSE_START,T10_2022,2022,PAUSE_START,2023-09-20,223,2024-08-07,1.2450222465761642,0.24502224657616423
T10_2022_PAUSE_START,T10_2022,2022,PAUSE_START,2023-09-20,224,2024-08-08,1.2608384656766665,0.26083846567666646
T10_2022_PAUSE_START,T10_2022,2022,PAUSE_START,2023-09-20,225,2024-08-09,1.266008068874725,0.26600806887472506
T10_2022_PAUSE_START,T10_2022,2022,PAUSE_START,2023-09-20,226,2024-08-12,1.281670708185278,0.28167070818527806
T10_2022_PAUSE_START,T10_2022,2022,PAUSE_START,2023-09-20,227,2024-08-13,1.2836157606104703,0.28361576061047034
T10_2022_PAUSE_START,T10_2022,2022,PAUSE_START,2023-09-20,228,2024-08-14,1.2692327446108052,0.26923274461080515
T10_2022_PAUSE_START,T10_2022,2022,PAUSE_START,2023-09-20,229,2024-08-15,1.2757332060374726,0.27573320603747264
T10_2022_PAUSE_START,T10_2022,2022,PAUSE_START,2023-09-20,230,2024-08-16,1.2989712403411247,0.29897124034112466
T10_2022_PAUSE_START,T10_2022,2022,PAUSE_START,2023-09-20,231,2024-08-19,1.3007627129763675,0.3007627129763675
T10_2022_PAUSE_START,T10_2022,2022,PAUSE_START,2023-09-20,232,2024-08-20,1.3055229366855132,0.3055229366855132
T10_2022_PAUSE_START,T10_2022,2022,PAUSE_START,2023-09-20,233,2024-08-21,1.3039361537947267,0.3039361537947267
T10_2022_PAUSE_START,T10_2022,2022,PAUSE_START,2023-09-20,234,2024-08-22,1.2881711696119456,0.28817116961194555
T10_2022_PAUSE_START,T10_2022,2022,PAUSE_START,2023-09-20,235,2024-08-23,1.3033219595981433,0.30332195959814334
T10_2022_PAUSE_START,T10_2022,2022,PAUSE_START,2023-09-20,236,2024-08-26,1.3078773685996186,0.30787736859961856
T10_2022_PAUSE_START,T10_2022,2022,PAUSE_START,2023-09-20,237,2024-08-27,1.306700090160959,0.3067000901609589
T10_2022_PAUSE_START,T10_2022,2022,PAUSE_START,2023-09-20,238,2024-08-28,1.2989712403411247,0.29897124034112466
T10_2022_PAUSE_START,T10_2022,2022,PAUSE_START,2023-09-20,239,2024-08-29,1.3104878501391153,0.3104878501391153
T10_2022_PAUSE_START,T10_2022,2022,PAUSE_START,2023-09-20,240,2024-08-30,1.293750402225345,0.293750402225345
T10_2022_PAUSE_START,T10_2022,2022,PAUSE_START,2023-09-20,241,2024-09-03,1.2913958453480257,0.29139584534802565
T10_2022_PAUSE_START,T10_2022,2022,PAUSE_START,2023-09-20,242,2024-09-04,1.292931393321091,0.2929313933210911
T10_2022_PAUSE_START,T10_2022,2022,PAUSE_START,2023-09-20,243,2024-09-05,1.3016840667528495,0.30168406675284953
T10_2022_PAUSE_START,T10_2022,2022,PAUSE_START,2023-09-20,244,2024-09-06,1.2922148542522796,0.29221485425227955
T10_2022_PAUSE_START,T10_2022,2022,PAUSE_START,2023-09-20,245,2024-09-09,1.2963607588016277,0.2963607588016277
T10_2022_PAUSE_START,T10_2022,2022,PAUSE_START,2023-09-20,246,2024-09-10,1.3016840667528495,0.30168406675284953
T10_2022_PAUSE_START,T10_2022,2022,PAUSE_START,2023-09-20,247,2024-09-11,1.3013256722552298,0.30132567225522977
T10_2022_PAUSE_START,T10_2022,2022,PAUSE_START,2023-09-20,248,2024-09-12,1.3208784164161675,0.32087841641616754
T10_2022_PAUSE_START,T10_2022,2022,PAUSE_START,2023-09-20,249,2024-09-13,1.336285006101329,0.33628500610132894
T10_2022_PAUSE_START,T10_2022,2022,PAUSE_START,2023-09-20,250,2024-09-16,1.3353636523248469,0.3353636523248469
T10_2022_PAUSE_START,T10_2022,2022,PAUSE_START,2023-09-20,251,2024-09-17,1.3269181384729871,0.3269181384729871
T10_2022_PAUSE_START,T10_2022,2022,PAUSE_START,2023-09-20,252,2024-09-18,1.3300917042545601,0.33009170425456014
T10_2022_FIRST_CUT,T10_2022,2022,FIRST_CUT,2024-09-18,-60,2024-06-21,0.8992439588754312,-0.10075604112456882
T10_2022_FIRST_CUT,T10_2022,2022,FIRST_CUT,2024-09-18,-59,2024-06-24,0.9043357470520705,-0.09566425294792946
T10_2022_FIRST_CUT,T10_2022,2022,FIRST_CUT,2024-09-18,-58,2024-06-25,0.8990896993634676,-0.10091030063653239
T10_2022_FIRST_CUT,T10_2022,2022,FIRST_CUT,2024-09-18,-57,2024-06-26,0.8923005856775976,-0.10769941432240238
T10_2022_FIRST_CUT,T10_2022,2022,FIRST_CUT,2024-09-18,-56,2024-06-27,0.9013270273400971,-0.09867297265990294
T10_2022_FIRST_CUT,T10_2022,2022,FIRST_CUT,2024-09-18,-55,2024-06-28,0.9024842562064026,-0.0975157437935974
T10_2022_FIRST_CUT,T10_2022,2022,FIRST_CUT,2024-09-18,-54,2024-07-01,0.902214160797177,-0.09778583920282302
T10_2022_FIRST_CUT,T10_2022,2022,FIRST_CUT,2024-09-18,-53,2024-07-02,0.9000925745422834,-0.09990742545771658
T10_2022_FIRST_CUT,T10_2022,2022,FIRST_CUT,2024-09-18,-52,2024-07-03,0.9139793209379505,-0.08602067906204947
T10_2022_FIRST_CUT,T10_2022,2022,FIRST_CUT,2024-09-18,-51,2024-07-05,0.924895865411872,-0.07510413458812804
T10_2022_FIRST_CUT,T10_2022,2022,FIRST_CUT,2024-09-18,-50,2024-07-08,0.9117034751710934,-0.0882965248289066
T10_2022_FIRST_CUT,T10_2022,2022,FIRST_CUT,2024-09-18,-49,2024-07-09,0.9134007065047978,-0.08659929349520223
T10_2022_FIRST_CUT,T10_2022,2022,FIRST_CUT,2024-09-18,-48,2024-07-10,0.9179524922140384,-0.0820475077859616
T10_2022_FIRST_CUT,T10_2022,2022,FIRST_CUT,2024-09-18,-47,2024-07-11,0.9342308260982986,-0.06576917390170145
T10_2022_FIRST_CUT,T10_2022,2022,FIRST_CUT,2024-09-18,-46,2024-07-12,0.9337679533868816,-0.06623204661311843
T10_2022_FIRST_CUT,T10_2022,2022,FIRST_CUT,2024-09-18,-45,2024-07-15,0.9369310267863449,-0.06306897321365512
T10_2022_FIRST_CUT,T10_2022,2022,FIRST_CUT,2024-09-18,-44,2024-07-16,0.95193648425809,-0.048063515741910035
T10_2022_FIRST_CUT,T10_2022,2022,FIRST_CUT,2024-09-18,-43,2024-07-17,0.9488890584048361,-0.05111094159516394
T10_2022_FIRST_CUT,T10_2022,2022,FIRST_CUT,2024-09-18,-42,2024-07-18,0.9475389580608129,-0.0524610419391871
T10_2022_FIRST_CUT,T10_2022,2022,FIRST_CUT,2024-09-18,-41,2024-07-19,0.925435962054797,-0.07456403794520305
T10_2022_FIRST_CUT,T10_2022,2022,FIRST_CUT,2024-09-18,-40,2024-07-22,0.9237386365455663,-0.07626136345443368
T10_2022_FIRST_CUT,T10_2022,2022,FIRST_CUT,2024-09-18,-39,2024-07-23,0.9285990354542604,-0.07140096454573963
T10_2022_FIRST_CUT,T10_2022,2022,FIRST_CUT,2024-09-18,-38,2024-07-24,0.9318392386097055,-0.06816076139029448
T10_2022_FIRST_CUT,T10_2022,2022,FIRST_CUT,2024-09-18,-37,2024-07-25,0.9078460456167414,-0.09215395438325857
T10_2022_FIRST_CUT,T10_2022,2022,FIRST_CUT,2024-09-18,-36,2024-07-26,0.9184539768912093,-0.08154602310879067
T10_2022_FIRST_CUT,T10_2022,2022,FIRST_CUT,2024-09-18,-35,2024-07-29,0.917219618268922,-0.08278038173107805
T10_2022_FIRST_CUT,T10_2022,2022,FIRST_CUT,2024-09-18,-34,2024-07-30,0.9277118078216542,-0.07228819217834581
T10_2022_FIRST_CUT,T10_2022,2022,FIRST_CUT,2024-09-18,-33,2024-07-31,0.9360052813635109,-0.06399471863648909
T10_2022_FIRST_CUT,T10_2022,2022,FIRST_CUT,2024-09-18,-32,2024-08-01,0.9569511426787475,-0.04304885732125252
T10_2022_FIRST_CUT,T10_2022,2022,FIRST_CUT,2024-09-18,-31,2024-08-02,0.9527079701689604,-0.04729202983103964
T10_2022_FIRST_CUT,T10_2022,2022,FIRST_CUT,2024-09-18,-30,2024-08-05,0.9429100425955905,-0.057089957404409475
T10_2022_FIRST_CUT,T10_2022,2022,FIRST_CUT,2024-09-18,-29,2024-08-06,0.9379726081064409,-0.0620273918935591
T10_2022_FIRST_CUT,T10_2022,2022,FIRST_CUT,2024-09-18,-28,2024-08-07,0.9382811271303682,-0.06171887286963185
T10_2022_FIRST_CUT,T10_2022,2022,FIRST_CUT,2024-09-18,-27,2024-08-08,0.9502006409586315,-0.04979935904136845
T10_2022_FIRST_CUT,T10_2022,2022,FIRST_CUT,2024-09-18,-26,2024-08-09,0.9540965883032113,-0.04590341169678869
T10_2022_FIRST_CUT,T10_2022,2022,FIRST_CUT,2024-09-18,-25,2024-08-12,0.9659003604097389,-0.03409963959026108
T10_2022_FIRST_CUT,T10_2022,2022,FIRST_CUT,2024-09-18,-24,2024-08-13,0.9673662024754979,-0.03263379752450213
T10_2022_FIRST_CUT,T10_2022,2022,FIRST_CUT,2024-09-18,-23,2024-08-14,0.9565267877575583,-0.04347321224244172
T10_2022_FIRST_CUT,T10_2022,2022,FIRST_CUT,2024-09-18,-22,2024-08-15,0.9614257044564801,-0.038574295543519876
T10_2022_FIRST_CUT,T10_2022,2022,FIRST_CUT,2024-09-18,-21,2024-08-16,0.9789384911385539,-0.021061508861446088
T10_2022_FIRST_CUT,T10_2022,2022,FIRST_CUT,2024-09-18,-20,2024-08-19,0.9802885914825771,-0.019711408517422924
T10_2022_FIRST_CUT,T10_2022,2022,FIRST_CUT,2024-09-18,-19,2024-08-20,0.9838760198032297,-0.016123980196770304
T10_2022_FIRST_CUT,T10_2022,2022,FIRST_CUT,2024-09-18,-18,2024-08-21,0.98268017897117,-0.017319821028830007
T10_2022_FIRST_CUT,T10_2022,2022,FIRST_CUT,2024-09-18,-17,2024-08-22,0.9707992771086607,-0.029200722891339348
T10_2022_FIRST_CUT,T10_2022,2022,FIRST_CUT,2024-09-18,-16,2024-08-23,0.982217306259753,-0.01778269374024699
T10_2022_FIRST_CUT,T10_2022,2022,FIRST_CUT,2024-09-18,-15,2024-08-26,0.9856503808929158,-0.01434961910708421
T10_2022_FIRST_CUT,T10_2022,2022,FIRST_CUT,2024-09-18,-14,2024-08-27,0.9847631532603096,-0.01523684673969039
T10_2022_FIRST_CUT,T10_2022,2022,FIRST_CUT,2024-09-18,-13,2024-08-28,0.9789384911385539,-0.021061508861446088
T10_2022_FIRST_CUT,T10_2022,2022,FIRST_CUT,2024-09-18,-12,2024-08-29,0.9876177076358459,-0.012382292364154113
T10_2022_FIRST_CUT,T10_2022,2022,FIRST_CUT,2024-09-18,-11,2024-08-30,0.9750039318282201,-0.024996068171779906
T10_2022_FIRST_CUT,T10_2022,2022,FIRST_CUT,2024-09-18,-10,2024-09-03,0.9732294765630076,-0.026770523436992377
T10_2022_FIRST_CUT,T10_2022,2022,FIRST_CUT,2024-09-18,-9,2024-09-04,0.9743867054293133,-0.02561329457068673
T10_2022_FIRST_CUT,T10_2022,2022,FIRST_CUT,2024-09-18,-8,2024-09-05,0.9809829476374656,-0.01901705236253437
T10_2022_FIRST_CUT,T10_2022,2022,FIRST_CUT,2024-09-18,-7,2024-09-06,0.9738467029619144,-0.026153297038085555
T10_2022_FIRST_CUT,T10_2022,2022,FIRST_CUT,2024-09-18,-6,2024-09-09,0.9769711643956238,-0.023028835604376185
T10_2022_FIRST_CUT,T10_2022,2022,FIRST_CUT,2024-09-18,-5,2024-09-10,0.9809829476374656,-0.01901705236253437
T10_2022_FIRST_CUT,T10_2022,2022,FIRST_CUT,2024-09-18,-4,2024-09-11,0.98071285222824,-0.019287147771759994
T10_2022_FIRST_CUT,T10_2022,2022,FIRST_CUT,2024-09-18,-3,2024-09-12,0.9954483084662856,-0.004551691533714375
T10_2022_FIRST_CUT,T10_2022,2022,FIRST_CUT,2024-09-18,-2,2024-09-13,1.0070591149195693,0.0070591149195693426
T10_2022_FIRST_CUT,T10_2022,2022,FIRST_CUT,2024-09-18,-1,2024-09-16,1.0063647587646807,0.006364758764680678
T10_2022_FIRST_CUT,T10_2022,2022,FIRST_CUT,2024-09-18,0,2024-09-17,1.0,0.0
T10_2022_FIRST_CUT,T10_2022,2022,FIRST_CUT,2024-09-18,1,2024-09-18,1.0023916816641192,0.002391681664119183
T10_2022_FIRST_CUT,T10_2022,2022,FIRST_CUT,2024-09-18,2,2024-09-19,1.0085635689510823,0.008563568951082345
T10_2022_FIRST_CUT,T10_2022,2022,FIRST_CUT,2024-09-18,3,2024-09-20,1.020752989837519,0.020752989837518943
T10_2022_FIRST_CUT,T10_2022,2022,FIRST_CUT,2024-09-18,4,2024-09-23,1.023183189291866,0.023183189291865913
T10_2022_FIRST_CUT,T10_2022,2022,FIRST_CUT,2024-09-18,5,2024-09-24,1.0326338917000284,0.032633891700028395
T10_2022_FIRST_CUT,T10_2022,2022,FIRST_CUT,2024-09-18,6,2024-09-25,1.035604093621774,0.03560409362177408
T10_2022_FIRST_CUT,T10_2022,2022,FIRST_CUT,2024-09-18,7,2024-09-26,1.039538652932108,0.03953865293210801
T10_2022_FIRST_CUT,T10_2022,2022,FIRST_CUT,2024-09-18,8,2024-09-27,1.0292008170668656,0.029200817066865614
T10_2022_FIRST_CUT,T10_2022,2022,FIRST_CUT,2024-09-18,9,2024-09-30,1.0258447780141584,0.02584477801415841
T10_2022_FIRST_CUT,T10_2022,2022,FIRST_CUT,2024-09-18,10,2024-10-01,1.0377642918424217,0.03776429184242169
T10_2022_FIRST_CUT,T10_2022,2022,FIRST_CUT,2024-09-18,11,2024-10-02,1.0298179492902462,0.02981794929024617
T10_2022_FIRST_CUT,T10_2022,2022,FIRST_CUT,2024-09-18,12,2024-10-03,1.0334825073668805,0.03348250736688052
T10_2022_FIRST_CUT,T10_2022,2022,FIRST_CUT,2024-09-18,13,2024-10-04,1.0290850753451297,0.02908507534512972
T10_2022_FIRST_CUT,T10_2022,2022,FIRST_CUT,2024-09-18,14,2024-10-07,1.028390719190241,0.028390719190241054
T10_2022_FIRST_CUT,T10_2022,2022,FIRST_CUT,2024-09-18,15,2024-10-08,1.0165869470837137,0.016586947083713666
T10_2022_FIRST_CUT,T10_2022,2022,FIRST_CUT,2024-09-18,16,2024-10-09,1.0129610009728331,0.012961000972833148
T10_2022_FIRST_CUT,T10_2022,2022,FIRST_CUT,2024-09-18,17,2024-10-10,1.0180914011152267,0.01809140111522667
T10_2022_FIRST_CUT,T10_2022,2022,FIRST_CUT,2024-09-18,18,2024-10-11,1.032363890466329,0.03236389046632904
T10_2022_FIRST_CUT,T10_2022,2022,FIRST_CUT,2024-09-18,19,2024-10-14,1.0282364596782776,0.028236459678277592
T10_2022_FIRST_CUT,T10_2022,2022,FIRST_CUT,2024-09-18,20,2024-10-15,1.0333667656451446,0.033366765645144625
T10_2022_FIRST_CUT,T10_2022,2022,FIRST_CUT,2024-09-18,21,2024-10-16,1.038150034797857,0.038150034797856947
T10_2022_FIRST_CUT,T10_2022,2022,FIRST_CUT,2024-09-18,22,2024-10-17,1.044399051840802,0.04439905184080195
T10_2022_FIRST_CUT,T10_2022,2022,FIRST_CUT,2024-09-18,23,2024-10-18,1.053078268338094,0.053078268338093926
T10_2022_FIRST_CUT,T10_2022,2022,FIRST_CUT,2024-09-18,24,2024-10-21,1.0565113429712567,0.056511342971256706
T10_2022_FIRST_CUT,T10_2022,2022,FIRST_CUT,2024-09-18,25,2024-10-22,1.0645734272451681,0.06457342724516812
T10_2022_FIRST_CUT,T10_2022,2022,FIRST_CUT,2024-09-18,26,2024-10-23,1.0528467848946224,0.052846784894622356
T10_2022_FIRST_CUT,T10_2022,2022,FIRST_CUT,2024-09-18,27,2024-10-24,1.0603687725256086,0.06036877252560857
T10_2022_FIRST_CUT,T10_2022,2022,FIRST_CUT,2024-09-18,28,2024-10-25,1.0625675827120102,0.06256758271201024
T10_2022_FIRST_CUT,T10_2022,2022,FIRST_CUT,2024-09-18,29,2024-10-28,1.0630689732136551,0.06306897321365512
T10_2022_FIRST_CUT,T10_2022,2022,FIRST_CUT,2024-09-18,30,2024-10-29,1.072789771031043,0.072789771031043
T10_2022_FIRST_CUT,T10_2022,2022,FIRST_CUT,2024-09-18,31,2024-10-30,1.0803888884180113,0.08038888841801128
T10_2022_FIRST_CUT,T10_2022,2022,FIRST_CUT,2024-09-18,32,2024-10-31,1.0605231262130985,0.06052312621309852
T10_2022_FIRST_CUT,T10_2022,2022,FIRST_CUT,2024-09-18,33,2024-11-01,1.0604845142473445,0.06048451424734447
T10_2022_FIRST_CUT,T10_2022,2022,FIRST_CUT,2024-09-18,34,2024-11-04,1.059327285381039,0.05932728538103893
T10_2022_FIRST_CUT,T10_2022,2022,FIRST_CUT,2024-09-18,35,2024-11-05,1.060677385725062,0.06067738572506198
T10_2022_FIRST_CUT,T10_2022,2022,FIRST_CUT,2024-09-18,36,2024-11-06,1.032363890466329,0.03236389046632904
T10_2022_FIRST_CUT,T10_2022,2022,FIRST_CUT,2024-09-18,37,2024-11-07,1.0437433076516673,0.04374330765166734
T10_2022_FIRST_CUT,T10_2022,2022,FIRST_CUT,2024-09-18,38,2024-11-08,1.0395001351418802,0.03950013514188022
T10_2022_FIRST_CUT,T10_2022,2022,FIRST_CUT,2024-09-18,39,2024-11-11,1.009759315607616,0.009759315607615893
T10_2022_FIRST_CUT,T10_2022,2022,FIRST_CUT,2024-09-18,40,2024-11-12,1.005361883585865,0.00536188358586509
T10_2022_FIRST_CUT,T10_2022,2022,FIRST_CUT,2024-09-18,41,2024-11-13,0.9977241542331429,-0.002275845766857132
T10_2022_FIRST_CUT,T10_2022,2022,FIRST_CUT,2024-09-18,42,2024-11-14,0.9924780123690136,-0.0075219876309864375
T10_2022_FIRST_CUT,T10_2022,2022,FIRST_CUT,2024-09-18,43,2024-11-15,0.991398007434216,-0.008601992565783978
T10_2022_FIRST_CUT,T10_2022,2022,FIRST_CUT,2024-09-18,44,2024-11-18,1.0085635689510823,0.008563568951082345
T10_2022_FIRST_CUT,T10_2022,2022,FIRST_CUT,2024-09-18,45,2024-11-19,1.0148897157500092,0.014889715750009191
T10_2022_FIRST_CUT,T10_2022,2022,FIRST_CUT,2024-09-18,46,2024-11-20,1.0228745760924125,0.022874576092412502
T10_2022_FIRST_CUT,T10_2022,2022,FIRST_CUT,2024-09-18,47,2024-11-21,1.0318237938234038,0.031823793823403834
T10_2022_FIRST_CUT,T10_2022,2022,FIRST_CUT,2024-09-18,48,2024-11-22,1.046212024896242,0.0462120248962421
T10_2022_FIRST_CUT,T10_2022,2022,FIRST_CUT,2024-09-18,49,2024-11-25,1.010067928807069,0.010067928807069082
T10_2022_FIRST_CUT,T10_2022,2022,FIRST_CUT,2024-09-18,50,2024-11-26,1.011148027917393,0.011148027917393
T10_2022_FIRST_CUT,T10_2022,2022,FIRST_CUT,2024-09-18,51,2024-11-27,1.018322790383172,0.018322790383171972
T10_2022_FIRST_CUT,T10_2022,2022,FIRST_CUT,2024-09-18,52,2024-11-29,1.0249190325913244,0.02491903259132444
T10_2022_FIRST_CUT,T10_2022,2022,FIRST_CUT,2024-09-18,53,2024-12-02,1.0254976470244772,0.02549764702447721
T10_2022_FIRST_CUT,T10_2022,2022,FIRST_CUT,2024-09-18,54,2024-12-03,1.0291235931353575,0.029123593135357506
T10_2022_FIRST_CUT,T10_2022,2022,FIRST_CUT,2024-09-18,55,2024-12-04,1.032325278500575,0.03232527850057498
T10_2022_FIRST_CUT,T10_2022,2022,FIRST_CUT,2024-09-18,56,2024-12-05,1.021601605504371,0.02160160550437107
T10_2022_FIRST_CUT,T10_2022,2022,FIRST_CUT,2024-09-18,57,2024-12-06,1.0259220019456663,0.025922001945666295
T10_2022_FIRST_CUT,T10_2022,2022,FIRST_CUT,2024-09-18,58,2024-12-09,1.0360284485429634,0.03602844854296339
T10_2022_FIRST_CUT,T10_2022,2022,FIRST_CUT,2024-09-18,59,2024-12-10,1.048603612384835,0.048603612384835015
T10_2022_FIRST_CUT,T10_2022,2022,FIRST_CUT,2024-09-18,60,2024-12-11,1.0633775864131085,0.06337758641310853
T10_2022_FIRST_CUT,T10_2022,2022,FIRST_CUT,2024-09-18,61,2024-12-12,1.0451319257859184,0.0451319257859184
T10_2022_FIRST_CUT,T10_2022,2022,FIRST_CUT,2024-09-18,62,2024-12-13,1.0321710189886113,0.0321710189886113
T10_2022_FIRST_CUT,T10_2022,2022,FIRST_CUT,2024-09-18,63,2024-12-16,1.0299336910119818,0.029933691011981844
T10_2022_FIRST_CUT,T10_2022,2022,FIRST_CUT,2024-09-18,64,2024-12-17,1.0268477473685003,0.026847747368500263
T10_2022_FIRST_CUT,T10_2022,2022,FIRST_CUT,2024-09-18,65,2024-12-18,1.0234918024913193,0.023491802491319325
T10_2022_FIRST_CUT,T10_2022,2022,FIRST_CUT,2024-09-18,66,2024-12-19,1.0060562397407535,0.006056239740753533
T10_2022_FIRST_CUT,T10_2022,2022,FIRST_CUT,2024-09-18,67,2024-12-20,1.020328729091856,0.0203287290918559
T10_2022_FIRST_CUT,T10_2022,2022,FIRST_CUT,2024-09-18,68,2024-12-23,1.0138096166396853,0.013809616639685274
T10_2022_FIRST_CUT,T10_2022,2022,FIRST_CUT,2024-09-18,69,2024-12-24,1.0166255590494675,0.016625559049467498
T10_2022_FIRST_CUT,T10_2022,2022,FIRST_CUT,2024-09-18,70,2024-12-26,1.0237231917592649,0.02372319175926485
T10_2022_FIRST_CUT,T10_2022,2022,FIRST_CUT,2024-09-18,71,2024-12-27,1.0152368467396904,0.01523684673969039
T10_2022_FIRST_CUT,T10_2022,2022,FIRST_CUT,2024-09-18,72,2024-12-30,1.0099136692951056,0.00991366929510562
T10_2022_FIRST_CUT,T10_2022,2022,FIRST_CUT,2024-09-18,73,2024-12-31,1.0187471453043613,0.01874714530436128
T10_2022_FIRST_CUT,T10_2022,2022,FIRST_CUT,2024-09-18,74,2025-01-02,1.0295479480565468,0.029547948056546813
T10_2022_FIRST_CUT,T10_2022,2022,FIRST_CUT,2024-09-18,75,2025-01-03,1.0240318049587183,0.02403180495871826
T10_2022_FIRST_CUT,T10_2022,2022,FIRST_CUT,2024-09-18,76,2025-01-06,1.021215862548936,0.021215862548936038
T10_2022_FIRST_CUT,T10_2022,2022,FIRST_CUT,2024-09-18,77,2025-01-07,1.0281592357467695,0.028159235746769484
T10_2022_FIRST_CUT,T10_2022,2022,FIRST_CUT,2024-09-18,78,2025-01-08,1.030859436434816,0.030859436434816034
T10_2022_FIRST_CUT,T10_2022,2022,FIRST_CUT,2024-09-18,79,2025-01-09,1.0379571633201394,0.03795716332013943
T10_2022_FIRST_CUT,T10_2022,2022,FIRST_CUT,2024-09-18,80,2025-01-10,1.047292124006566,0.047292124006566016
T10_2022_FIRST_CUT,T10_2022,2022,FIRST_CUT,2024-09-18,81,2025-01-13,1.0332511180989352,0.03325111809893522
T10_2022_FIRST_CUT,T10_2022,2022,FIRST_CUT,2024-09-18,82,2025-01-14,1.0346783481989401,0.03467834819894011
T10_2022_FIRST_CUT,T10_2022,2022,FIRST_CUT,2024-09-18,83,2025-01-15,1.0483722231168897,0.04837222311688971
T10_2022_FIRST_CUT,T10_2022,2022,FIRST_CUT,2024-09-18,84,2025-01-16,1.061140258436479,0.06114025843647908
T10_2022_FIRST_CUT,T10_2022,2022,FIRST_CUT,2024-09-18,85,2025-01-17,1.060291642769627,0.06029164276962695
T10_2022_FIRST_CUT,T10_2022,2022,FIRST_CUT,2024-09-18,86,2025-01-21,1.0643419438016966,0.06434194380169656
T10_2022_FIRST_CUT,T10_2022,2022,FIRST_CUT,2024-09-18,87,2025-01-22,1.068855117545183,0.06885511754518303
T10_2022_FIRST_CUT,T10_2022,2022,FIRST_CUT,2024-09-18,88,2025-01-23,1.0665792717783258,0.06657927177832579
T10_2022_FIRST_CUT,T10_2022,2022,FIRST_CUT,2024-09-18,89,2025-01-24,1.0719410611886646,0.07194106118866461
T10_2022_FIRST_CUT,T10_2022,2022,FIRST_CUT,2024-09-18,90,2025-01-27,1.0563184714935392,0.05631847149353919
T10_2022_FIRST_CUT,T10_2022,2022,FIRST_CUT,2024-09-18,91,2025-01-28,1.0675436291669138,0.06754362916691381
T10_2022_FIRST_CUT,T10_2022,2022,FIRST_CUT,2024-09-18,92,2025-01-29,1.06843085679952,0.06843085679951999
T10_2022_FIRST_CUT,T10_2022,2022,FIRST_CUT,2024-09-18,93,2025-01-30,1.0889523631935674,0.08895236319356736
T10_2022_FIRST_CUT,T10_2022,2022,FIRST_CUT,2024-09-18,94,2025-01-31,1.0849020621614978,0.08490206216149776
T10_2022_FIRST_CUT,T10_2022,2022,FIRST_CUT,2024-09-18,95,2025-02-03,1.1021062356441182,0.10210623564411825
T10_2022_FIRST_CUT,T10_2022,2022,FIRST_CUT,2024-09-18,96,2025-02-04,1.1093196100756513,0.10931961007565127
T10_2022_FIRST_CUT,T10_2022,2022,FIRST_CUT,2024-09-18,97,2025-02-05,1.1159543700740313,0.11595437007403131
T10_2022_FIRST_CUT,T10_2022,2022,FIRST_CUT,2024-09-18,98,2025-02-06,1.1096667410653325,0.10966674106533247
T10_2022_FIRST_CUT,T10_2022,2022,FIRST_CUT,2024-09-18,99,2025-02-07,1.1138713957848918,0.1138713957848918
T10_2022_FIRST_CUT,T10_2022,2022,FIRST_CUT,2024-09-18,100,2025-02-10,1.1319240907588382,0.13192409075883815
T10_2022_FIRST_CUT,T10_2022,2022,FIRST_CUT,2024-09-18,101,2025-02-11,1.1312298287794758,0.13122982877947575
T10_2022_FIRST_CUT,T10_2022,2022,FIRST_CUT,2024-09-18,102,2025-02-12,1.1297253747479628,0.12972537474796275
T10_2022_FIRST_CUT,T10_2022,2022,FIRST_CUT,2024-09-18,103,2025-02-13,1.1361672632686253,0.13616726326862527
T10_2022_FIRST_CUT,T10_2022,2022,FIRST_CUT,2024-09-18,104,2025-02-14,1.1189245719957772,0.11892457199577722
T10_2022_FIRST_CUT,T10_2022,2022,FIRST_CUT,2024-09-18,105,2025-02-18,1.1375559755784026,0.1375559755784026
T10_2022_FIRST_CUT,T10_2022,2022,FIRST_CUT,2024-09-18,106,2025-02-19,1.132579929123499,0.13257992912349903
T10_2022_FIRST_CUT,T10_2022,2022,FIRST_CUT,2024-09-18,107,2025-02-20,1.140294788232203,0.14029478823220298
T10_2022_FIRST_CUT,T10_2022,2022,FIRST_CUT,2024-09-18,108,2025-02-21,1.1391760771561252,0.13917607715612523
T10_2022_FIRST_CUT,T10_2022,2022,FIRST_CUT,2024-09-18,109,2025-02-24,1.143033506710477,0.1430335067104771
T10_2022_FIRST_CUT,T10_2022,2022,FIRST_CUT,2024-09-18,110,2025-02-25,1.1259065571593647,0.12590655715936472
T10_2022_FIRST_CUT,T10_2022,2022,FIRST_CUT,2024-09-18,111,2025-02-26,1.1304583428686055,0.13045834286860547
T10_2022_FIRST_CUT,T10_2022,2022,FIRST_CUT,2024-09-18,112,2025-02-27,1.117072986974583,0.11707298697458302
T10_2022_FIRST_CUT,T10_2022,2022,FIRST_CUT,2024-09-18,113,2025-02-28,1.098788808557165,0.0987888085571651
T10_2022_FIRST_CUT,T10_2022,2022,FIRST_CUT,2024-09-18,114,2025-03-03,1.119078925683267,0.11907892568326695
T10_2022_FIRST_CUT,T10_2022,2022,FIRST_CUT,2024-09-18,115,2025-03-04,1.1266009133142534,0.12660091331425338
T10_2022_FIRST_CUT,T10_2022,2022,FIRST_CUT,2024-09-18,116,2025-03-05,1.1286838876033929,0.1286838876033929
T10_2022_FIRST_CUT,T10_2022,2022,FIRST_CUT,2024-09-18,117,2025-03-06,1.1289153710468645,0.12891537104686446
T10_2022_FIRST_CUT,T10_2022,2022,FIRST_CUT,2024-09-18,118,2025-03-07,1.1240935841039246,0.12409358410392457
T10_2022_FIRST_CUT,T10_2022,2022,FIRST_CUT,2024-09-18,119,2025-03-10,1.118423087318606,0.11842308731860607
T10_2022_FIRST_CUT,T10_2022,2022,FIRST_CUT,2024-09-18,120,2025-03-11,1.126716560860463,0.126716560860463
T10_2022_FIRST_CUT,T10_2022,2022,FIRST_CUT,2024-09-18,121,2025-03-12,1.1367073599115503,0.13670735991155025
T10_2022_FIRST_CUT,T10_2022,2022,FIRST_CUT,2024-09-18,122,2025-03-13,1.1538729214284167,0.1538729214284167
T10_2022_FIRST_CUT,T10_2022,2022,FIRST_CUT,2024-09-18,123,2025-03-14,1.157653221226787,0.15765322122678693
T10_2022_FIRST_CUT,T10_2022,2022,FIRST_CUT,2024-09-18,124,2025-03-17,1.159581936003963,0.15958193600396298
T10_2022_FIRST_CUT,T10_2022,2022,FIRST_CUT,2024-09-18,125,2025-03-18,1.1729671977224592,0.17296719772245917
T10_2022_FIRST_CUT,T10_2022,2022,FIRST_CUT,2024-09-18,126,2025-03-19,1.1731214572344226,0.17312145723442263
T10_2022_FIRST_CUT,T10_2022,2022,FIRST_CUT,2024-09-18,127,2025-03-20,1.1741244265887647,0.1741244265887647
T10_2022_FIRST_CUT,T10_2022,2022,FIRST_CUT,2024-09-18,128,2025-03-21,1.1654837278817005,0.16548372788170052
T10_2022_FIRST_CUT,T10_2022,2022,FIRST_CUT,2024-09-18,129,2025-03-24,1.1632464940805973,0.16324649408059733
T10_2022_FIRST_CUT,T10_2022,2022,FIRST_CUT,2024-09-18,130,2025-03-25,1.1672195711811588,0.16721957118115882
T10_2022_FIRST_CUT,T10_2022,2022,FIRST_CUT,2024-09-18,131,2025-03-26,1.1659080828028896,0.1659080828028896
T10_2022_FIRST_CUT,T10_2022,2022,FIRST_CUT,2024-09-18,132,2025-03-27,1.180759186587145,0.18075918658714496
T10_2022_FIRST_CUT,T10_2022,2022,FIRST_CUT,2024-09-18,133,2025-03-28,1.1905956319507425,0.19059563195074247
T10_2022_FIRST_CUT,T10_2022,2022,FIRST_CUT,2024-09-18,134,2025-03-31,1.2045981200681455,0.20459812006814548
T10_2022_FIRST_CUT,T10_2022,2022,FIRST_CUT,2024-09-18,135,2025-04-01,1.2135473377991368,0.21354733779913682
T10_2022_FIRST_CUT,T10_2022,2022,FIRST_CUT,2024-09-18,136,2025-04-02,1.2213393266638226,0.2213393266638226
T10_2022_FIRST_CUT,T10_2022,2022,FIRST_CUT,2024-09-18,137,2025-04-03,1.2041737651469562,0.20417376514695618
T10_2022_FIRST_CUT,T10_2022,2022,FIRST_CUT,2024-09-18,138,2025-04-04,1.1708841292577932,0.17088412925779317
T10_2022_FIRST_CUT,T10_2022,2022,FIRST_CUT,2024-09-18,139,2025-04-07,1.147045289952319,0.1470452899523189
T10_2022_FIRST_CUT,T10_2022,2022,FIRST_CUT,2024-09-18,140,2025-04-08,1.1534485665072276,0.1534485665072276
T10_2022_FIRST_CUT,T10_2022,2022,FIRST_CUT,2024-09-18,141,2025-04-09,1.187856819296942,0.1878568192969421
T10_2022_FIRST_CUT,T10_2022,2022,FIRST_CUT,2024-09-18,142,2025-04-10,1.2256982408953456,0.22569824089534563
T10_2022_FIRST_CUT,T10_2022,2022,FIRST_CUT,2024-09-18,143,2025-04-11,1.2515816308752579,0.25158163087525787
T10_2022_FIRST_CUT,T10_2022,2022,FIRST_CUT,2024-09-18,144,2025-04-14,1.2445225159556885,0.24452251595568852
T10_2022_FIRST_CUT,T10_2022,2022,FIRST_CUT,2024-09-18,145,2025-04-15,1.2499614351220092,0.2499614351220092
T10_2022_FIRST_CUT,T10_2022,2022,FIRST_CUT,2024-09-18,146,2025-04-16,1.2908501883981403,0.29085018839814025
T10_2022_FIRST_CUT,T10_2022,2022,FIRST_CUT,2024-09-18,147,2025-04-17,1.2839068152003066,0.2839068152003066
T10_2022_FIRST_CUT,T10_2022,2022,FIRST_CUT,2024-09-18,148,2025-04-21,1.3212853640872932,0.32128536408729325
T10_2022_FIRST_CUT,T10_2022,2022,FIRST_CUT,2024-09-18,149,2025-04-22,1.3190094241449097,0.31900942414490974
T10_2022_FIRST_CUT,T10_2022,2022,FIRST_CUT,2024-09-18,150,2025-04-23,1.2706759071693003,0.27067590716930034
T10_2022_FIRST_CUT,T10_2022,2022,FIRST_CUT,2024-09-18,151,2025-04-24,1.2916988982405186,0.29169889824051864
T10_2022_FIRST_CUT,T10_2022,2022,FIRST_CUT,2024-09-18,152,2025-04-25,1.2723345265372508,0.27233452653725077
T10_2022_FIRST_CUT,T10_2022,2022,FIRST_CUT,2024-09-18,153,2025-04-28,1.2913516730753112,0.2913516730753112
T10_2022_FIRST_CUT,T10_2022,2022,FIRST_CUT,2024-09-18,154,2025-04-29,1.2859127539089907,0.28591275390899074
T10_2022_FIRST_CUT,T10_2022,2022,FIRST_CUT,2024-09-18,155,2025-04-30,1.2803194810551803,0.28031948105518034
T10_2022_FIRST_CUT,T10_2022,2022,FIRST_CUT,2024-09-18,156,2025-05-01,1.2429409321681937,0.24294093216819368
T10_2022_FIRST_CUT,T10_2022,2022,FIRST_CUT,2024-09-18,157,2025-05-02,1.251080146198087,0.25108014619808694
T10_2022_FIRST_CUT,T10_2022,2022,FIRST_CUT,2024-09-18,158,2025-05-05,1.2815538396774677,0.2815538396774677
T10_2022_FIRST_CUT,T10_2022,2022,FIRST_CUT,2024-09-18,159,2025-05-06,1.3203210066987052,0.3203210066987052
T10_2022_FIRST_CUT,T10_2022,2022,FIRST_CUT,2024-09-18,160,2025-05-07,1.3084014928704417,0.3084014928704417
T10_2022_FIRST_CUT,T10_2022,2022,FIRST_CUT,2024-09-18,161,2025-05-08,1.2752662106687687,0.27526621066876866
T10_2022_FIRST_CUT,T10_2022,2022,FIRST_CUT,2024-09-18,162,2025-05-09,1.2899244429753063,0.2899244429753063
T10_2022_FIRST_CUT,T10_2022,2022,FIRST_CUT,2024-09-18,163,2025-05-12,1.2451782601448231,0.24517826014482313
T10_2022_FIRST_CUT,T10_2022,2022,FIRST_CUT,2024-09-18,164,2025-05-13,1.2528159894975452,0.25281598949754525
T10_2022_FIRST_CUT,T10_2022,2022,FIRST_CUT,2024-09-18,165,2025-05-14,1.229864283649151,0.2298642836491509
T10_2022_FIRST_CUT,T10_2022,2022,FIRST_CUT,2024-09-18,166,2025-05-15,1.2446382576774244,0.24463825767742442
T10_2022_FIRST_CUT,T10_2022,2022,FIRST_CUT,2024-09-18,167,2025-05-16,1.2294399287279618,0.22943992872796182
T10_2022_FIRST_CUT,T10_2022,2022,FIRST_CUT,2024-09-18,168,2025-05-19,1.2472998463997167,0.2472998463997167
T10_2022_FIRST_CUT,T10_2022,2022,FIRST_CUT,2024-09-18,169,2025-05-20,1.267011349092666,0.267011349092666
T10_2022_FIRST_CUT,T10_2022,2022,FIRST_CUT,2024-09-18,170,2025-05-21,1.2781592828345327,0.27815928283453273
T10_2022_FIRST_CUT,T10_2022,2022,FIRST_CUT,2024-09-18,171,2025-05-22,1.2710230381589815,0.27102303815898154
T10_2022_FIRST_CUT,T10_2022,2022,FIRST_CUT,2024-09-18,172,2025-05-23,1.298333658238899,0.2983336582388989
T10_2022_FIRST_CUT,T10_2022,2022,FIRST_CUT,2024-09-18,173,2025-05-27,1.273106012448121,0.27310601244812105
T10_2022_FIRST_CUT,T10_2022,2022,FIRST_CUT,2024-09-18,174,2025-05-28,1.2709844261932275,0.2709844261932275
T10_2022_FIRST_CUT,T10_2022,2022,FIRST_CUT,2024-09-18,175,2025-05-29,1.2795479951443098,0.27954799514430984
T10_2022_FIRST_CUT,T10_2022,2022,FIRST_CUT,2024-09-18,176,2025-05-30,1.2686699684606162,0.2686699684606162
T10_2022_FIRST_CUT,T10_2022,2022,FIRST_CUT,2024-09-18,177,2025-06-02,1.3104459493693537,0.31044594936935366
T10_2022_FIRST_CUT,T10_2022,2022,FIRST_CUT,2024-09-18,178,2025-06-03,1.302692572470422,0.3026925724704219
T10_2022_FIRST_CUT,T10_2022,2022,FIRST_CUT,2024-09-18,179,2025-06-04,1.311217435280224,0.31121743528022394
T10_2022_FIRST_CUT,T10_2022,2022,FIRST_CUT,2024-09-18,180,2025-06-05,1.3019210865595514,0.3019210865595514
T10_2022_FIRST_CUT,T10_2022,2022,FIRST_CUT,2024-09-18,181,2025-06-06,1.2909274123296481,0.29092741232964814
T10_2022_FIRST_CUT,T10_2022,2022,FIRST_CUT,2024-09-18,182,2025-06-09,1.2941290035193393,0.29412900351933935
T10_2022_FIRST_CUT,T10_2022,2022,FIRST_CUT,2024-09-18,183,2025-06-10,1.2896929595318347,0.2896929595318347
T10_2022_FIRST_CUT,T10_2022,2022,FIRST_CUT,2024-09-18,184,2025-06-11,1.2898087012535704,0.2898087012535704
T10_2022_FIRST_CUT,T10_2022,2022,FIRST_CUT,2024-09-18,185,2025-06-12,1.3124517939025113,0.3124517939025113
T10_2022_FIRST_CUT,T10_2022,2022,FIRST_CUT,2024-09-18,186,2025-06-13,1.3318932953617613,0.33189329536176126
T10_2022_FIRST_CUT,T10_2022,2022,FIRST_CUT,2024-09-18,187,2025-06-16,1.3181994204438117,0.31819942044381166
T10_2022_FIRST_CUT,T10_2022,2022,FIRST_CUT,2024-09-18,188,2025-06-17,1.3141876372019698,0.31418763720196985
T10_2022_FIRST_CUT,T10_2022,2022,FIRST_CUT,2024-09-18,189,2025-06-18,1.314650604088913,0.314650604088913
T10_2022_FIRST_CUT,T10_2022,2022,FIRST_CUT,2024-09-18,190,2025-06-20,1.3060099053818488,0.3060099053818488
T10_2022_FIRST_CUT,T10_2022,2022,FIRST_CUT,2024-09-18,191,2025-06-23,1.3095973337025013,0.3095973337025013
T10_2022_FIRST_CUT,T10_2022,2022,FIRST_CUT,2024-09-18,192,2025-06-24,1.2860284014552001,0.28602840145520014
T10_2022_FIRST_CUT,T10_2022,2022,FIRST_CUT,2024-09-18,193,2025-06-25,1.289577311985625,0.2895773119856251
T10_2022_FIRST_CUT,T10_2022,2022,FIRST_CUT,2024-09-18,194,2025-06-26,1.291467414797047,0.2914674147970471
T10_2022_FIRST_CUT,T10_2022,2022,FIRST_CUT,2024-09-18,195,2025-06-27,1.2681685779589715,0.26816857795897153
T10_2022_FIRST_CUT,T10_2022,2022,FIRST_CUT,2024-09-18,196,2025-06-30,1.2759219548579033,0.2759219548579033
T10_2022_FIRST_CUT,T10_2022,2022,FIRST_CUT,2024-09-18,197,2025-07-01,1.2921617709519357,0.29216177095193574
T10_2022_FIRST_CUT,T10_2022,2022,FIRST_CUT,2024-09-18,198,2025-07-02,1.2959805885405336,0.29598058854053355
T10_2022_FIRST_CUT,T10_2022,2022,FIRST_CUT,2024-09-18,199,2025-07-03,1.289500088054117,0.289500088054117
T10_2022_FIRST_CUT,T10_2022,2022,FIRST_CUT,2024-09-18,200,2025-07-04,1.2908888003638943,0.2908888003638943
T10_2022_FIRST_CUT,T10_2022,2022,FIRST_CUT,2024-09-18,201,2025-07-07,1.2894615702638892,0.2894615702638892
T10_2022_FIRST_CUT,T10_2022,2022,FIRST_CUT,2024-09-18,202,2025-07-08,1.279470771212802,0.27947077121280195
T10_2022_FIRST_CUT,T10_2022,2022,FIRST_CUT,2024-09-18,203,2025-07-09,1.2810523550002966,0.28105235500029657
T10_2022_FIRST_CUT,T10_2022,2022,FIRST_CUT,2024-09-18,204,2025-07-10,1.282865328055737,0.28286532805573694
T10_2022_FIRST_CUT,T10_2022,2022,FIRST_CUT,2024-09-18,205,2025-07-11,1.2976393020840102,0.29763930208401024
T10_2022_FIRST_CUT,T10_2022,2022,FIRST_CUT,2024-09-18,206,2025-07-14,1.2957491992725882,0.29574919927258825
T10_2022_FIRST_CUT,T10_2022,2022,FIRST_CUT,2024-09-18,207,2025-07-15,1.287108500565524,0.28710850056552406
T10_2022_FIRST_CUT,T10_2022,2022,FIRST_CUT,2024-09-18,208,2025-07-16,1.2957491992725882,0.29574919927258825
T10_2022_FIRST_CUT,T10_2022,2022,FIRST_CUT,2024-09-18,209,2025-07-17,1.2904259276524772,0.2904259276524772
T10_2022_FIRST_CUT,T10_2022,2022,FIRST_CUT,2024-09-18,210,2025-07-18,1.2954405860731348,0.29544058607313484
T10_2022_FIRST_CUT,T10_2022,2022,FIRST_CUT,2024-09-18,211,2025-07-21,1.3139947657242521,0.3139947657242521
T10_2022_FIRST_CUT,T10_2022,2022,FIRST_CUT,2024-09-18,212,2025-07-22,1.3283829967970904,0.3283829967970904
T10_2022_FIRST_CUT,T10_2022,2022,FIRST_CUT,2024-09-18,213,2025-07-23,1.3106003030568434,0.3106003030568434
T10_2022_FIRST_CUT,T10_2022,2022,FIRST_CUT,2024-09-18,214,2025-07-24,1.3013038601606446,0.3013038601606446
T10_2022_FIRST_CUT,T10_2022,2022,FIRST_CUT,2024-09-18,215,2025-07-25,1.286684239819861,0.286684239819861
T10_2022_FIRST_CUT,T10_2022,2022,FIRST_CUT,2024-09-18,216,2025-07-28,1.2768091824905095,0.27680918249050945
T10_2022_FIRST_CUT,T10_2022,2022,FIRST_CUT,2024-09-18,217,2025-07-29,1.2822095838666023,0.28220958386660233
T10_2022_FIRST_CUT,T10_2022,2022,FIRST_CUT,2024-09-18,218,2025-07-30,1.271331651358435,0.27133165135843496
T10_2022_FIRST_CUT,T10_2022,2022,FIRST_CUT,2024-09-18,219,2025-07-31,1.2703286820040929,0.2703286820040929
T10_2022_FIRST_CUT,T10_2022,2022,FIRST_CUT,2024-09-18,220,2025-08-01,1.3114489187236955,0.3114489187236955
T10_2022_FIRST_CUT,T10_2022,2022,FIRST_CUT,2024-09-18,221,2025-08-04,1.321709624832956,0.32170962483295606
T10_2022_FIRST_CUT,T10_2022,2022,FIRST_CUT,2024-09-18,222,2025-08-05,1.3249113101981735,0.32491131019817354
T10_2022_FIRST_CUT,T10_2022,2022,FIRST_CUT,2024-09-18,223,2025-08-06,1.3244098255210026,0.3244098255210026
T10_2022_FIRST_CUT,T10_2022,2022,FIRST_CUT,2024-09-18,224,2025-08-07,1.3322404263514422,0.33224042635144224
T10_2022_FIRST_CUT,T10_2022,2022,FIRST_CUT,2024-09-18,225,2025-08-08,1.3467443991460164,0.3467443991460164
T10_2022_FIRST_CUT,T10_2022,2022,FIRST_CUT,2024-09-18,226,2025-08-11,1.3133390215351175,0.3133390215351175
T10_2022_FIRST_CUT,T10_2022,2022,FIRST_CUT,2024-09-18,227,2025-08-12,1.311140305524242,0.3111403055242421
T10_2022_FIRST_CUT,T10_2022,2022,FIRST_CUT,2024-09-18,228,2025-08-13,1.3147277338448948,0.31472773384489483
T10_2022_FIRST_CUT,T10_2022,2022,FIRST_CUT,2024-09-18,229,2025-08-14,1.3050455479932608,0.3050455479932608
T10_2022_FIRST_CUT,T10_2022,2022,FIRST_CUT,2024-09-18,230,2025-08-15,1.3048141587253155,0.3048141587253155
T10_2022_FIRST_CUT,T10_2022,2022,FIRST_CUT,2024-09-18,231,2025-08-18,1.3030397034601031,0.3030397034601031
T10_2022_FIRST_CUT,T10_2022,2022,FIRST_CUT,2024-09-18,232,2025-08-19,1.2955948455850985,0.2955948455850985
T10_2022_FIRST_CUT,T10_2022,2022,FIRST_CUT,2024-09-18,233,2025-08-20,1.3070900044921725,0.3070900044921725
T10_2022_FIRST_CUT,T10_2022,2022,FIRST_CUT,2024-09-18,234,2025-08-21,1.3044284157698802,0.3044284157698802
T10_2022_FIRST_CUT,T10_2022,2022,FIRST_CUT,2024-09-18,235,2025-08-22,1.3186622931552285,0.31866229315522854
T10_2022_FIRST_CUT,T10_2022,2022,FIRST_CUT,2024-09-18,236,2025-08-25,1.3182765501997933,0.3182765501997933
T10_2022_FIRST_CUT,T10_2022,2022,FIRST_CUT,2024-09-18,237,2025-08-26,1.324255566009039,0.32425556600903893
T10_2022_FIRST_CUT,T10_2022,2022,FIRST_CUT,2024-09-18,238,2025-08-27,1.3302731937840386,0.33027319378403863
T10_2022_FIRST_CUT,T10_2022,2022,FIRST_CUT,2024-09-18,239,2025-08-28,1.340186768903618,0.340186768903618
T10_2022_FIRST_CUT,T10_2022,2022,FIRST_CUT,2024-09-18,240,2025-08-29,1.3563108432759146,0.35631084327591456
T10_2022_FIRST_CUT,T10_2022,2022,FIRST_CUT,2024-09-18,241,2025-09-02,1.3856658256792174,0.38566582567921737
T10_2022_FIRST_CUT,T10_2022,2022,FIRST_CUT,2024-09-18,242,2025-09-03,1.4023685144846667,0.4023685144846667
T10_2022_FIRST_CUT,T10_2022,2022,FIRST_CUT,2024-09-18,243,2025-09-04,1.3912590985330278,0.39125909853302776
T10_2022_FIRST_CUT,T10_2022,2022,FIRST_CUT,2024-09-18,244,2025-09-05,1.4092347579265185,0.40923475792651853
T10_2022_FIRST_CUT,T10_2022,2022,FIRST_CUT,2024-09-18,245,2025-09-08,1.418531106647191,0.41853110664719106
T10_2022_FIRST_CUT,T10_2022,2022,FIRST_CUT,2024-09-18,246,2025-09-09,1.4203826916683853,0.42038269166838527
T10_2022_FIRST_CUT,T10_2022,2022,FIRST_CUT,2024-09-18,247,2025-09-10,1.4203055619124036,0.42030556191240365
T10_2022_FIRST_CUT,T10_2022,2022,FIRST_CUT,2024-09-18,248,2025-09-11,1.4170653587569584,0.4170653587569584
T10_2022_FIRST_CUT,T10_2022,2022,FIRST_CUT,2024-09-18,249,2025-09-12,1.422002793246108,0.4220027932461079
T10_2022_FIRST_CUT,T10_2022,2022,FIRST_CUT,2024-09-18,250,2025-09-15,1.434578051263506,0.434578051263506
T10_2022_FIRST_CUT,T10_2022,2022,FIRST_CUT,2024-09-18,251,2025-09-16,1.4369311209618711,0.43693112096187114
T10_2022_FIRST_CUT,T10_2022,2022,FIRST_CUT,2024-09-18,252,2025-09-17,1.434115178552089,0.4341151785520889
