observable,observable_kind,anchor,cycle_id,broad_episode_id,cycle_start_year,anchor_date,episode_weight,event_month,value,secondary_value,change_from_baseline,running_stress_extreme
VIX,volatility_level,FIRST_HIKE,T06_1994,B03,1994,1994-02-04,1.0,1,15.223478260869564,20.45,3.933002070393375,3.933002070393375
VIX,volatility_level,FIRST_HIKE,T06_1994,B03,1994,1994-02-04,1.0,2,16.471052631578946,23.87,5.180576441102756,5.180576441102756
VIX,volatility_level,FIRST_HIKE,T06_1994,B03,1994,1994-02-04,1.0,3,13.897142857142857,16.16,2.6066666666666674,5.180576441102756
VIX,volatility_level,FIRST_HIKE,T06_1994,B03,1994,1994-02-04,1.0,4,13.408636363636363,16.72,2.118160173160174,5.180576441102756
VIX,volatility_level,FIRST_HIKE,T06_1994,B03,1994,1994-02-04,1.0,5,12.4845,14.92,1.1940238095238112,5.180576441102756
VIX,volatility_level,FIRST_HIKE,T06_1994,B03,1994,1994-02-04,1.0,6,11.889130434782608,12.83,0.5986542443064184,5.180576441102756
VIX,volatility_level,FIRST_HIKE,T06_1994,B03,1994,1994-02-04,1.0,7,13.233333333333333,14.56,1.942857142857143,5.180576441102756
VIX,volatility_level,FIRST_HIKE,T06_1994,B03,1994,1994-02-04,1.0,8,15.245238095238093,16.97,3.954761904761904,5.180576441102756
VIX,volatility_level,FIRST_HIKE,T06_1994,B03,1994,1994-02-04,1.0,9,16.383809523809525,18.41,5.0933333333333355,5.180576441102756
VIX,volatility_level,FIRST_HIKE,T06_1994,B03,1994,1994-02-04,1.0,10,14.177142857142858,18.15,2.8866666666666685,5.180576441102756
VIX,volatility_level,FIRST_HIKE,T06_1994,B03,1994,1994-02-04,1.0,11,12.274285714285714,14.25,0.9838095238095246,5.180576441102756
VIX,volatility_level,FIRST_HIKE,T06_1994,B03,1994,1994-02-04,1.0,12,11.47,12.51,0.1795238095238112,5.180576441102756
VIX,volatility_level,FIRST_HIKE,T07_1999,B04,1999,1999-06-30,1.0,1,21.04904761904762,24.98,-5.155452380952383,-5.155452380952383
VIX,volatility_level,FIRST_HIKE,T07_1999,B04,1999,1999-06-30,1.0,2,24.323636363636364,28.45,-1.8808636363636388,-1.8808636363636388
VIX,volatility_level,FIRST_HIKE,T07_1999,B04,1999,1999-06-30,1.0,3,24.541428571428572,27.84,-1.6630714285714312,-1.6630714285714312
VIX,volatility_level,FIRST_HIKE,T07_1999,B04,1999,1999-06-30,1.0,4,24.021428571428572,28.75,-2.1830714285714308,-1.6630714285714312
VIX,volatility_level,FIRST_HIKE,T07_1999,B04,1999,1999-06-30,1.0,5,21.81809523809524,24.18,-4.386404761904764,-1.6630714285714312
VIX,volatility_level,FIRST_HIKE,T07_1999,B04,1999,1999-06-30,1.0,6,22.15909090909091,24.76,-4.045409090909093,-1.6630714285714312
VIX,volatility_level,FIRST_HIKE,T07_1999,B04,1999,1999-06-30,1.0,7,23.202,27.01,-3.0025000000000013,-1.6630714285714312
VIX,volatility_level,FIRST_HIKE,T07_1999,B04,1999,1999-06-30,1.0,8,23.5955,26.0,-2.6090000000000018,-1.6630714285714312
VIX,volatility_level,FIRST_HIKE,T07_1999,B04,1999,1999-06-30,1.0,9,22.718260869565217,25.47,-3.486239130434786,-1.6630714285714312
VIX,volatility_level,FIRST_HIKE,T07_1999,B04,1999,1999-06-30,1.0,10,27.164210526315788,33.49,0.959710526315785,0.959710526315785
VIX,volatility_level,FIRST_HIKE,T07_1999,B04,1999,1999-06-30,1.0,11,26.37318181818182,31.63,0.16868181818181682,0.959710526315785
VIX,volatility_level,FIRST_HIKE,T07_1999,B04,1999,1999-06-30,1.0,12,21.54,23.05,-4.664500000000004,0.959710526315785
VIX,volatility_level,FIRST_HIKE,T08_2004,B05,2004,2004-06-30,1.0,1,15.502380952380953,17.3,-2.2026190476190486,-2.2026190476190486
VIX,volatility_level,FIRST_HIKE,T08_2004,B05,2004,2004-06-30,1.0,2,16.68409090909091,19.34,-1.0209090909090932,-1.0209090909090932
VIX,volatility_level,FIRST_HIKE,T08_2004,B05,2004,2004-06-30,1.0,3,14.08095238095238,14.91,-3.624047619047621,-1.0209090909090932
VIX,volatility_level,FIRST_HIKE,T08_2004,B05,2004,2004-06-30,1.0,4,14.973809523809523,16.58,-2.731190476190479,-1.0209090909090932
VIX,volatility_level,FIRST_HIKE,T08_2004,B05,2004,2004-06-30,1.0,5,13.577619047619047,16.27,-4.127380952380955,-1.0209090909090932
VIX,volatility_level,FIRST_HIKE,T08_2004,B05,2004,2004-06-30,1.0,6,12.459545454545456,13.67,-5.245454545454546,-1.0209090909090932
VIX,volatility_level,FIRST_HIKE,T08_2004,B05,2004,2004-06-30,1.0,7,13.437999999999999,14.65,-4.267000000000003,-1.0209090909090932
VIX,volatility_level,FIRST_HIKE,T08_2004,B05,2004,2004-06-30,1.0,8,11.708947368421052,13.14,-5.99605263157895,-1.0209090909090932
VIX,volatility_level,FIRST_HIKE,T08_2004,B05,2004,2004-06-30,1.0,9,13.126363636363635,14.49,-4.578636363636367,-1.0209090909090932
VIX,volatility_level,FIRST_HIKE,T08_2004,B05,2004,2004-06-30,1.0,10,14.459047619047618,17.74,-3.2459523809523834,-1.0209090909090932
VIX,volatility_level,FIRST_HIKE,T08_2004,B05,2004,2004-06-30,1.0,11,13.967619047619047,16.32,-3.7373809523809545,-1.0209090909090932
VIX,volatility_level,FIRST_HIKE,T08_2004,B05,2004,2004-06-30,1.0,12,11.868636363636364,12.7,-5.836363636363638,-1.0209090909090932
VIX,volatility_level,FIRST_HIKE,T09_2015,B06,2015,2015-12-16,1.0,1,23.717894736842105,27.59,7.507894736842104,7.507894736842104
VIX,volatility_level,FIRST_HIKE,T09_2015,B06,2015,2015-12-16,1.0,2,22.517,28.14,6.306999999999999,7.507894736842104
VIX,volatility_level,FIRST_HIKE,T09_2015,B06,2015,2015-12-16,1.0,3,15.84909090909091,18.67,-0.3609090909090913,7.507894736842104
VIX,volatility_level,FIRST_HIKE,T09_2015,B06,2015,2015-12-16,1.0,4,14.300476190476191,16.26,-1.9095238095238098,7.507894736842104
VIX,volatility_level,FIRST_HIKE,T09_2015,B06,2015,2015-12-16,1.0,5,14.852857142857141,16.33,-1.3571428571428594,7.507894736842104
VIX,volatility_level,FIRST_HIKE,T09_2015,B06,2015,2015-12-16,1.0,6,17.774545454545457,25.76,1.5645454545454562,7.507894736842104
VIX,volatility_level,FIRST_HIKE,T09_2015,B06,2015,2015-12-16,1.0,7,13.1585,15.58,-3.0515000000000008,7.507894736842104
VIX,volatility_level,FIRST_HIKE,T09_2015,B06,2015,2015-12-16,1.0,8,12.399565217391304,13.65,-3.810434782608697,7.507894736842104
VIX,volatility_level,FIRST_HIKE,T09_2015,B06,2015,2015-12-16,1.0,9,14.21952380952381,18.14,-1.9904761904761905,7.507894736842104
VIX,volatility_level,FIRST_HIKE,T09_2015,B06,2015,2015-12-16,1.0,10,14.585238095238097,17.06,-1.624761904761904,7.507894736842104
VIX,volatility_level,FIRST_HIKE,T09_2015,B06,2015,2015-12-16,1.0,11,15.236190476190476,22.51,-0.9738095238095248,7.507894736842104
VIX,volatility_level,FIRST_HIKE,T09_2015,B06,2015,2015-12-16,1.0,12,12.472380952380954,14.12,-3.737619047619047,7.507894736842104
VIX,volatility_level,FIRST_HIKE,T10_2022,B07,2022,2022-03-16,1.0,1,24.3735,33.52,-1.3749210526315778,-1.3749210526315778
VIX,volatility_level,FIRST_HIKE,T10_2022,B07,2022,2022-03-16,1.0,2,29.313636363636363,34.75,3.565215311004785,3.565215311004785
VIX,volatility_level,FIRST_HIKE,T10_2022,B07,2022,2022-03-16,1.0,3,28.23318181818182,34.02,2.4847607655502415,3.565215311004785
VIX,volatility_level,FIRST_HIKE,T10_2022,B07,2022,2022-03-16,1.0,4,24.995238095238093,27.54,-0.7531829573934843,3.565215311004785
VIX,volatility_level,FIRST_HIKE,T10_2022,B07,2022,2022-03-16,1.0,5,22.169565217391302,26.21,-3.578855835240276,3.565215311004785
VIX,volatility_level,FIRST_HIKE,T10_2022,B07,2022,2022-03-16,1.0,6,27.34181818181818,32.6,1.5933971291866023,3.565215311004785
VIX,volatility_level,FIRST_HIKE,T10_2022,B07,2022,2022-03-16,1.0,7,30.005714285714287,33.63,4.257293233082709,4.257293233082709
VIX,volatility_level,FIRST_HIKE,T10_2022,B07,2022,2022-03-16,1.0,8,23.29909090909091,26.09,-2.449330143540667,4.257293233082709
VIX,volatility_level,FIRST_HIKE,T10_2022,B07,2022,2022-03-16,1.0,9,21.784285714285716,25.0,-3.964135338345862,4.257293233082709
VIX,volatility_level,FIRST_HIKE,T10_2022,B07,2022,2022-03-16,1.0,10,20.16904761904762,22.9,-5.579373433583957,4.257293233082709
VIX,volatility_level,FIRST_HIKE,T10_2022,B07,2022,2022-03-16,1.0,11,20.1205,22.87,-5.627921052631578,4.257293233082709
VIX,volatility_level,FIRST_HIKE,T10_2022,B07,2022,2022-03-16,1.0,12,21.644347826086957,26.52,-4.104073226544621,4.257293233082709
VIX,volatility_level,LAST_HIKE,T06_1994,B03,1994,1995-02-01,1.0,1,12.166521739130435,14.22,-0.10776397515527947,-0.10776397515527947
VIX,volatility_level,LAST_HIKE,T06_1994,B03,1994,1995-02-01,1.0,2,12.442631578947369,13.5,0.1683458646616547,0.1683458646616547
VIX,volatility_level,LAST_HIKE,T06_1994,B03,1994,1995-02-01,1.0,3,12.265909090909092,13.13,-0.008376623376621595,0.1683458646616547
VIX,volatility_level,LAST_HIKE,T06_1994,B03,1994,1995-02-01,1.0,4,11.896818181818183,13.45,-0.37746753246753073,0.1683458646616547
VIX,volatility_level,LAST_HIKE,T06_1994,B03,1994,1995-02-01,1.0,5,12.514,13.49,0.23971428571428532,0.23971428571428532
VIX,volatility_level,LAST_HIKE,T06_1994,B03,1994,1995-02-01,1.0,6,12.798260869565217,13.78,0.5239751552795031,0.5239751552795031
VIX,volatility_level,LAST_HIKE,T06_1994,B03,1994,1995-02-01,1.0,7,12.057,13.22,-0.21728571428571364,0.5239751552795031
VIX,volatility_level,LAST_HIKE,T06_1994,B03,1994,1995-02-01,1.0,8,14.357272727272727,15.74,2.0829870129870134,2.0829870129870134
VIX,volatility_level,LAST_HIKE,T06_1994,B03,1994,1995-02-01,1.0,9,12.46904761904762,13.41,0.19476190476190602,2.0829870129870134
VIX,volatility_level,LAST_HIKE,T06_1994,B03,1994,1995-02-01,1.0,10,11.7485,14.55,-0.5257857142857141,2.0829870129870134
VIX,volatility_level,LAST_HIKE,T06_1994,B03,1994,1995-02-01,1.0,11,13.473636363636365,16.4,1.1993506493506505,2.0829870129870134
VIX,volatility_level,LAST_HIKE,T06_1994,B03,1994,1995-02-01,1.0,12,15.032999999999998,17.04,2.7587142857142837,2.7587142857142837
VIX,volatility_level,LAST_HIKE,T07_1999,B04,1999,2000-05-16,1.0,1,21.54,23.05,-5.624210526315789,-5.624210526315789
VIX,volatility_level,LAST_HIKE,T07_1999,B04,1999,2000-05-16,1.0,2,19.893,21.16,-7.271210526315787,-5.624210526315789
VIX,volatility_level,LAST_HIKE,T07_1999,B04,1999,2000-05-16,1.0,3,18.088695652173914,20.55,-9.075514874141874,-5.624210526315789
VIX,volatility_level,LAST_HIKE,T07_1999,B04,1999,2000-05-16,1.0,4,19.6875,21.88,-7.476710526315788,-5.624210526315789
VIX,volatility_level,LAST_HIKE,T07_1999,B04,1999,2000-05-16,1.0,5,25.2,30.51,-1.9642105263157887,-1.9642105263157887
VIX,volatility_level,LAST_HIKE,T07_1999,B04,1999,2000-05-16,1.0,6,26.38285714285714,29.65,-0.7813533834586472,-0.7813533834586472
VIX,volatility_level,LAST_HIKE,T07_1999,B04,1999,2000-05-16,1.0,7,26.5305,31.74,-0.6337105263157881,-0.6337105263157881
VIX,volatility_level,LAST_HIKE,T07_1999,B04,1999,2000-05-16,1.0,8,24.918571428571425,29.99,-2.2456390977443625,-0.6337105263157881
VIX,volatility_level,LAST_HIKE,T07_1999,B04,1999,2000-05-16,1.0,9,23.411578947368422,28.35,-3.7526315789473657,-0.6337105263157881
VIX,volatility_level,LAST_HIKE,T07_1999,B04,1999,2000-05-16,1.0,10,28.49681818181818,32.84,1.3326076555023931,1.3326076555023931
VIX,volatility_level,LAST_HIKE,T07_1999,B04,1999,2000-05-16,1.0,11,28.133999999999997,34.72,0.9697894736842088,1.3326076555023931
VIX,volatility_level,LAST_HIKE,T07_1999,B04,1999,2000-05-16,1.0,12,22.944090909090907,25.78,-4.220119617224881,1.3326076555023931
VIX,volatility_level,LAST_HIKE,T08_2004,B05,2004,2006-06-29,1.0,1,15.325999999999999,18.64,0.8714545454545437,0.8714545454545437
VIX,volatility_level,LAST_HIKE,T08_2004,B05,2004,2006-06-29,1.0,2,13.351739130434783,15.23,-1.1028063241106718,0.8714545454545437
VIX,volatility_level,LAST_HIKE,T08_2004,B05,2004,2006-06-29,1.0,3,12.1845,13.88,-2.270045454545455,0.8714545454545437
VIX,volatility_level,LAST_HIKE,T08_2004,B05,2004,2006-06-29,1.0,4,11.306363636363637,12.57,-3.1481818181818184,0.8714545454545437
VIX,volatility_level,LAST_HIKE,T08_2004,B05,2004,2006-06-29,1.0,5,10.817619047619049,12.3,-3.6369264069264062,0.8714545454545437
VIX,volatility_level,LAST_HIKE,T08_2004,B05,2004,2006-06-29,1.0,6,10.9645,12.67,-3.490045454545456,0.8714545454545437
VIX,volatility_level,LAST_HIKE,T08_2004,B05,2004,2006-06-29,1.0,7,11.0425,12.14,-3.4120454545454546,0.8714545454545437
VIX,volatility_level,LAST_HIKE,T08_2004,B05,2004,2006-06-29,1.0,8,11.155263157894737,18.31,-3.299282296650718,0.8714545454545437
VIX,volatility_level,LAST_HIKE,T08_2004,B05,2004,2006-06-29,1.0,9,15.162727272727272,19.63,0.7081818181818171,0.8714545454545437
VIX,volatility_level,LAST_HIKE,T08_2004,B05,2004,2006-06-29,1.0,10,12.933000000000002,14.53,-1.5215454545454534,0.8714545454545437
VIX,volatility_level,LAST_HIKE,T08_2004,B05,2004,2006-06-29,1.0,11,13.297727272727274,14.08,-1.1568181818181813,0.8714545454545437
VIX,volatility_level,LAST_HIKE,T08_2004,B05,2004,2006-06-29,1.0,12,14.947619047619046,18.89,0.493073593073591,0.8714545454545437
VIX,volatility_level,LAST_HIKE,T09_2015,B06,2015,2018-12-19,1.0,1,19.57238095238095,25.45,0.18333333333333002,0.18333333333333002
VIX,volatility_level,LAST_HIKE,T09_2015,B06,2015,2018-12-19,1.0,2,15.234736842105262,16.37,-4.154310776942358,0.18333333333333002
VIX,volatility_level,LAST_HIKE,T09_2015,B06,2015,2018-12-19,1.0,3,14.485238095238095,16.59,-4.9038095238095245,0.18333333333333002
VIX,volatility_level,LAST_HIKE,T09_2015,B06,2015,2018-12-19,1.0,4,12.949047619047619,14.28,-6.440000000000001,0.18333333333333002
VIX,volatility_level,LAST_HIKE,T09_2015,B06,2015,2018-12-19,1.0,5,16.721818181818183,20.55,-2.6672294372294374,0.18333333333333002
VIX,volatility_level,LAST_HIKE,T09_2015,B06,2015,2018-12-19,1.0,6,15.836000000000002,18.86,-3.553047619047618,0.18333333333333002
VIX,volatility_level,LAST_HIKE,T09_2015,B06,2015,2018-12-19,1.0,7,13.305909090909092,16.12,-6.083138528138528,0.18333333333333002
VIX,volatility_level,LAST_HIKE,T09_2015,B06,2015,2018-12-19,1.0,8,18.97909090909091,24.59,-0.40995670995670963,0.18333333333333002
VIX,volatility_level,LAST_HIKE,T09_2015,B06,2015,2018-12-19,1.0,9,15.559000000000001,19.66,-3.830047619047619,0.18333333333333002
VIX,volatility_level,LAST_HIKE,T09_2015,B06,2015,2018-12-19,1.0,10,15.466521739130435,20.56,-3.9225258799171847,0.18333333333333002
VIX,volatility_level,LAST_HIKE,T09_2015,B06,2015,2018-12-19,1.0,11,12.5235,13.13,-6.86554761904762,0.18333333333333002
VIX,volatility_level,LAST_HIKE,T09_2015,B06,2015,2018-12-19,1.0,12,13.756666666666666,15.96,-5.632380952380954,0.18333333333333002
VIX,volatility_level,LAST_HIKE,T10_2022,B07,2022,2023-07-26,1.0,1,15.85391304347826,17.89,1.8507312252964425,1.8507312252964425
VIX,volatility_level,LAST_HIKE,T10_2022,B07,2022,2023-07-26,1.0,2,15.173333333333332,18.94,1.170151515151515,1.8507312252964425
VIX,volatility_level,LAST_HIKE,T10_2022,B07,2022,2023-07-26,1.0,3,18.887727272727272,21.71,4.884545454545455,4.884545454545455
VIX,volatility_level,LAST_HIKE,T10_2022,B07,2022,2023-07-26,1.0,4,14.01909090909091,16.87,0.015909090909092427,4.884545454545455
VIX,volatility_level,LAST_HIKE,T10_2022,B07,2022,2023-07-26,1.0,5,12.7185,13.67,-1.2846818181818165,4.884545454545455
VIX,volatility_level,LAST_HIKE,T10_2022,B07,2022,2023-07-26,1.0,6,13.388636363636364,14.79,-0.6145454545454534,4.884545454545455
VIX,volatility_level,LAST_HIKE,T10_2022,B07,2022,2023-07-26,1.0,7,13.980476190476189,15.85,-0.022705627705628117,4.884545454545455
VIX,volatility_level,LAST_HIKE,T10_2022,B07,2022,2023-07-26,1.0,8,13.7875,15.22,-0.21568181818181742,4.884545454545455
VIX,volatility_level,LAST_HIKE,T10_2022,B07,2022,2023-07-26,1.0,9,16.137727272727275,19.23,2.1345454545454583,4.884545454545455
VIX,volatility_level,LAST_HIKE,T10_2022,B07,2022,2023-07-26,1.0,10,13.058695652173913,15.39,-0.9444861660079038,4.884545454545455
VIX,volatility_level,LAST_HIKE,T10_2022,B07,2022,2023-07-26,1.0,11,12.667,13.33,-1.3361818181818172,4.884545454545455
VIX,volatility_level,LAST_HIKE,T10_2022,B07,2022,2023-07-26,1.0,12,14.373913043478263,18.46,0.37073122529644564,4.884545454545455
VIX,volatility_level,PAUSE_START,T06_1994,B03,1994,1995-03-28,1.0,1,12.442631578947369,13.5,0.9726315789473681,0.9726315789473681
VIX,volatility_level,PAUSE_START,T06_1994,B03,1994,1995-03-28,1.0,2,12.265909090909092,13.13,0.7959090909090918,0.9726315789473681
VIX,volatility_level,PAUSE_START,T06_1994,B03,1994,1995-03-28,1.0,3,11.896818181818183,13.45,0.42681818181818265,0.9726315789473681
VIX,volatility_level,PAUSE_START,T06_1994,B03,1994,1995-03-28,1.0,4,12.514,13.49,1.0439999999999987,1.0439999999999987
VIX,volatility_level,PAUSE_START,T06_1994,B03,1994,1995-03-28,1.0,5,12.798260869565217,13.78,1.3282608695652165,1.3282608695652165
VIX,volatility_level,PAUSE_START,T06_1994,B03,1994,1995-03-28,1.0,6,12.057,13.22,0.5869999999999997,1.3282608695652165
VIX,volatility_level,PAUSE_START,T06_1994,B03,1994,1995-03-28,1.0,7,14.357272727272727,15.74,2.8872727272727268,2.8872727272727268
VIX,volatility_level,PAUSE_START,T06_1994,B03,1994,1995-03-28,1.0,8,12.46904761904762,13.41,0.9990476190476194,2.8872727272727268
VIX,volatility_level,PAUSE_START,T06_1994,B03,1994,1995-03-28,1.0,9,11.7485,14.55,0.2784999999999993,2.8872727272727268
VIX,volatility_level,PAUSE_START,T06_1994,B03,1994,1995-03-28,1.0,10,13.473636363636365,16.4,2.003636363636364,2.8872727272727268
VIX,volatility_level,PAUSE_START,T06_1994,B03,1994,1995-03-28,1.0,11,15.032999999999998,17.04,3.562999999999997,3.562999999999997
VIX,volatility_level,PAUSE_START,T06_1994,B03,1994,1995-03-28,1.0,12,17.76238095238095,20.7,6.292380952380951,6.292380952380951
VIX,volatility_level,PAUSE_START,T07_1999,B04,1999,2000-06-28,1.0,1,19.893,21.16,-6.480181818181819,-6.480181818181819
VIX,volatility_level,PAUSE_START,T07_1999,B04,1999,2000-06-28,1.0,2,18.088695652173914,20.55,-8.284486166007905,-6.480181818181819
VIX,volatility_level,PAUSE_START,T07_1999,B04,1999,2000-06-28,1.0,3,19.6875,21.88,-6.68568181818182,-6.480181818181819
VIX,volatility_level,PAUSE_START,T07_1999,B04,1999,2000-06-28,1.0,4,25.2,30.51,-1.1731818181818205,-1.1731818181818205
VIX,volatility_level,PAUSE_START,T07_1999,B04,1999,2000-06-28,1.0,5,26.38285714285714,29.65,0.009675324675320951,0.009675324675320951
VIX,volatility_level,PAUSE_START,T07_1999,B04,1999,2000-06-28,1.0,6,26.5305,31.74,0.15731818181818014,0.15731818181818014
VIX,volatility_level,PAUSE_START,T07_1999,B04,1999,2000-06-28,1.0,7,24.918571428571425,29.99,-1.4546103896103943,0.15731818181818014
VIX,volatility_level,PAUSE_START,T07_1999,B04,1999,2000-06-28,1.0,8,23.411578947368422,28.35,-2.9616028708133975,0.15731818181818014
VIX,volatility_level,PAUSE_START,T07_1999,B04,1999,2000-06-28,1.0,9,28.49681818181818,32.84,2.1236363636363613,2.1236363636363613
VIX,volatility_level,PAUSE_START,T07_1999,B04,1999,2000-06-28,1.0,10,28.133999999999997,34.72,1.760818181818177,2.1236363636363613
VIX,volatility_level,PAUSE_START,T07_1999,B04,1999,2000-06-28,1.0,11,22.944090909090907,25.78,-3.429090909090913,2.1236363636363613
VIX,volatility_level,PAUSE_START,T07_1999,B04,1999,2000-06-28,1.0,12,20.94047619047619,23.17,-5.43270562770563,2.1236363636363613
VIX,volatility_level,PAUSE_START,T08_2004,B05,2004,2006-08-08,1.0,1,12.1845,13.88,-3.141499999999999,-3.141499999999999
VIX,volatility_level,PAUSE_START,T08_2004,B05,2004,2006-08-08,1.0,2,11.306363636363637,12.57,-4.019636363636362,-3.141499999999999
VIX,volatility_level,PAUSE_START,T08_2004,B05,2004,2006-08-08,1.0,3,10.817619047619049,12.3,-4.50838095238095,-3.141499999999999
VIX,volatility_level,PAUSE_START,T08_2004,B05,2004,2006-08-08,1.0,4,10.9645,12.67,-4.3614999999999995,-3.141499999999999
VIX,volatility_level,PAUSE_START,T08_2004,B05,2004,2006-08-08,1.0,5,11.0425,12.14,-4.283499999999998,-3.141499999999999
VIX,volatility_level,PAUSE_START,T08_2004,B05,2004,2006-08-08,1.0,6,11.155263157894737,18.31,-4.170736842105262,-3.141499999999999
VIX,volatility_level,PAUSE_START,T08_2004,B05,2004,2006-08-08,1.0,7,15.162727272727272,19.63,-0.16327272727272657,-0.16327272727272657
VIX,volatility_level,PAUSE_START,T08_2004,B05,2004,2006-08-08,1.0,8,12.933000000000002,14.53,-2.392999999999997,-0.16327272727272657
VIX,volatility_level,PAUSE_START,T08_2004,B05,2004,2006-08-08,1.0,9,13.297727272727274,14.08,-2.028272727272725,-0.16327272727272657
VIX,volatility_level,PAUSE_START,T08_2004,B05,2004,2006-08-08,1.0,10,14.947619047619046,18.89,-0.3783809523809527,-0.16327272727272657
VIX,volatility_level,PAUSE_START,T08_2004,B05,2004,2006-08-08,1.0,11,17.273333333333333,24.17,1.9473333333333347,1.9473333333333347
VIX,volatility_level,PAUSE_START,T08_2004,B05,2004,2006-08-08,1.0,12,25.02608695652174,30.83,9.700086956521742,9.700086956521742
VIX,volatility_level,PAUSE_START,T09_2015,B06,2015,2019-01-30,1.0,1,15.234736842105262,16.37,-9.718421052631582,-9.718421052631582
VIX,volatility_level,PAUSE_START,T09_2015,B06,2015,2019-01-30,1.0,2,14.485238095238095,16.59,-10.467919799498748,-9.718421052631582
VIX,volatility_level,PAUSE_START,T09_2015,B06,2015,2019-01-30,1.0,3,12.949047619047619,14.28,-12.004110275689225,-9.718421052631582
VIX,volatility_level,PAUSE_START,T09_2015,B06,2015,2019-01-30,1.0,4,16.721818181818183,20.55,-8.231339712918661,-8.231339712918661
VIX,volatility_level,PAUSE_START,T09_2015,B06,2015,2019-01-30,1.0,5,15.836000000000002,18.86,-9.117157894736842,-8.231339712918661
VIX,volatility_level,PAUSE_START,T09_2015,B06,2015,2019-01-30,1.0,6,13.305909090909092,16.12,-11.647248803827752,-8.231339712918661
VIX,volatility_level,PAUSE_START,T09_2015,B06,2015,2019-01-30,1.0,7,18.97909090909091,24.59,-5.974066985645933,-5.974066985645933
VIX,volatility_level,PAUSE_START,T09_2015,B06,2015,2019-01-30,1.0,8,15.559000000000001,19.66,-9.394157894736843,-5.974066985645933
VIX,volatility_level,PAUSE_START,T09_2015,B06,2015,2019-01-30,1.0,9,15.466521739130435,20.56,-9.486636155606408,-5.974066985645933
VIX,volatility_level,PAUSE_START,T09_2015,B06,2015,2019-01-30,1.0,10,12.5235,13.13,-12.429657894736843,-5.974066985645933
VIX,volatility_level,PAUSE_START,T09_2015,B06,2015,2019-01-30,1.0,11,13.756666666666666,15.96,-11.196491228070178,-5.974066985645933
VIX,volatility_level,PAUSE_START,T09_2015,B06,2015,2019-01-30,1.0,12,13.94095238095238,18.84,-11.012205513784464,-5.974066985645933
VIX,volatility_level,PAUSE_START,T10_2022,B07,2022,2023-09-20,1.0,1,18.887727272727272,21.71,3.0338142292490122,3.0338142292490122
VIX,volatility_level,PAUSE_START,T10_2022,B07,2022,2023-09-20,1.0,2,14.01909090909091,16.87,-1.83482213438735,3.0338142292490122
VIX,volatility_level,PAUSE_START,T10_2022,B07,2022,2023-09-20,1.0,3,12.7185,13.67,-3.135413043478259,3.0338142292490122
VIX,volatility_level,PAUSE_START,T10_2022,B07,2022,2023-09-20,1.0,4,13.388636363636364,14.79,-2.465276679841896,3.0338142292490122
VIX,volatility_level,PAUSE_START,T10_2022,B07,2022,2023-09-20,1.0,5,13.980476190476189,15.85,-1.8734368530020706,3.0338142292490122
VIX,volatility_level,PAUSE_START,T10_2022,B07,2022,2023-09-20,1.0,6,13.7875,15.22,-2.06641304347826,3.0338142292490122
VIX,volatility_level,PAUSE_START,T10_2022,B07,2022,2023-09-20,1.0,7,16.137727272727275,19.23,0.2838142292490158,3.0338142292490122
VIX,volatility_level,PAUSE_START,T10_2022,B07,2022,2023-09-20,1.0,8,13.058695652173913,15.39,-2.7952173913043463,3.0338142292490122
VIX,volatility_level,PAUSE_START,T10_2022,B07,2022,2023-09-20,1.0,9,12.667,13.33,-3.1869130434782598,3.0338142292490122
VIX,volatility_level,PAUSE_START,T10_2022,B07,2022,2023-09-20,1.0,10,14.373913043478263,18.46,-1.4799999999999969,3.0338142292490122
VIX,volatility_level,PAUSE_START,T10_2022,B07,2022,2023-09-20,1.0,11,19.312272727272727,38.57,3.458359683794468,3.458359683794468
VIX,volatility_level,PAUSE_START,T10_2022,B07,2022,2023-09-20,1.0,12,17.663333333333334,22.38,1.8094202898550744,3.458359683794468
VIX,volatility_level,FIRST_CUT,T06_1994,B03,1994,1995-07-06,1.0,1,12.798260869565217,13.78,0.9014426877470338,0.9014426877470338
VIX,volatility_level,FIRST_CUT,T06_1994,B03,1994,1995-07-06,1.0,2,12.057,13.22,0.1601818181818171,0.9014426877470338
VIX,volatility_level,FIRST_CUT,T06_1994,B03,1994,1995-07-06,1.0,3,14.357272727272727,15.74,2.460454545454544,2.460454545454544
VIX,volatility_level,FIRST_CUT,T06_1994,B03,1994,1995-07-06,1.0,4,12.46904761904762,13.41,0.5722294372294368,2.460454545454544
VIX,volatility_level,FIRST_CUT,T06_1994,B03,1994,1995-07-06,1.0,5,11.7485,14.55,-0.14831818181818335,2.460454545454544
VIX,volatility_level,FIRST_CUT,T06_1994,B03,1994,1995-07-06,1.0,6,13.473636363636365,16.4,1.5768181818181812,2.460454545454544
VIX,volatility_level,FIRST_CUT,T06_1994,B03,1994,1995-07-06,1.0,7,15.032999999999998,17.04,3.1361818181818144,3.1361818181818144
VIX,volatility_level,FIRST_CUT,T06_1994,B03,1994,1995-07-06,1.0,8,17.76238095238095,20.7,5.865562770562768,5.865562770562768
VIX,volatility_level,FIRST_CUT,T06_1994,B03,1994,1995-07-06,1.0,9,16.575238095238095,20.22,4.678419913419912,5.865562770562768
VIX,volatility_level,FIRST_CUT,T06_1994,B03,1994,1995-07-06,1.0,10,16.14636363636364,18.62,4.249545454545455,5.865562770562768
VIX,volatility_level,FIRST_CUT,T06_1994,B03,1994,1995-07-06,1.0,11,16.395,18.64,4.498181818181816,5.865562770562768
VIX,volatility_level,FIRST_CUT,T06_1994,B03,1994,1995-07-06,1.0,12,17.978636363636365,21.55,6.081818181818182,6.081818181818182
VIX,volatility_level,FIRST_CUT,T07_1999,B04,1999,2001-01-03,1.0,1,23.411578947368422,28.35,-3.1189210526315776,-3.1189210526315776
VIX,volatility_level,FIRST_CUT,T07_1999,B04,1999,2001-01-03,1.0,2,28.49681818181818,32.84,1.9663181818181812,1.9663181818181812
VIX,volatility_level,FIRST_CUT,T07_1999,B04,1999,2001-01-03,1.0,3,28.133999999999997,34.72,1.6034999999999968,1.9663181818181812
VIX,volatility_level,FIRST_CUT,T07_1999,B04,1999,2001-01-03,1.0,4,22.944090909090907,25.78,-3.5864090909090933,1.9663181818181812
VIX,volatility_level,FIRST_CUT,T07_1999,B04,1999,2001-01-03,1.0,5,20.94047619047619,23.17,-5.59002380952381,1.9663181818181812
VIX,volatility_level,FIRST_CUT,T07_1999,B04,1999,2001-01-03,1.0,6,22.316190476190474,25.24,-4.214309523809526,1.9663181818181812
VIX,volatility_level,FIRST_CUT,T07_1999,B04,1999,2001-01-03,1.0,7,21.86173913043478,25.41,-4.668760869565219,1.9663181818181812
VIX,volatility_level,FIRST_CUT,T07_1999,B04,1999,2001-01-03,1.0,8,35.065333333333335,43.74,8.534833333333335,8.534833333333335
VIX,volatility_level,FIRST_CUT,T07_1999,B04,1999,2001-01-03,1.0,9,32.72130434782609,35.31,6.1908043478260915,8.534833333333335
VIX,volatility_level,FIRST_CUT,T07_1999,B04,1999,2001-01-03,1.0,10,26.63095238095238,32.31,0.10045238095237963,8.534833333333335
VIX,volatility_level,FIRST_CUT,T07_1999,B04,1999,2001-01-03,1.0,11,23.72,25.91,-2.810500000000001,8.534833333333335
VIX,volatility_level,FIRST_CUT,T07_1999,B04,1999,2001-01-03,1.0,12,22.252857142857142,24.35,-4.277642857142858,8.534833333333335
VIX,volatility_level,FIRST_CUT,T08_2004,B05,2004,2007-09-18,1.0,1,19.115652173913045,22.96,-5.9104347826086965,-5.9104347826086965
VIX,volatility_level,FIRST_CUT,T08_2004,B05,2004,2007-09-18,1.0,2,25.58238095238095,31.09,0.5562939958592104,0.5562939958592104
VIX,volatility_level,FIRST_CUT,T08_2004,B05,2004,2007-09-18,1.0,3,21.651,24.52,-3.3750869565217414,0.5562939958592104
VIX,volatility_level,FIRST_CUT,T08_2004,B05,2004,2007-09-18,1.0,4,25.816190476190474,31.01,0.7901035196687332,0.7901035196687332
VIX,volatility_level,FIRST_CUT,T08_2004,B05,2004,2007-09-18,1.0,5,25.456,28.97,0.4299130434782583,0.7901035196687332
VIX,volatility_level,FIRST_CUT,T08_2004,B05,2004,2007-09-18,1.0,6,27.103500000000004,32.24,2.0774130434782627,2.0774130434782627
VIX,volatility_level,FIRST_CUT,T08_2004,B05,2004,2007-09-18,1.0,7,21.562727272727273,23.82,-3.4633596837944687,2.0774130434782627
VIX,volatility_level,FIRST_CUT,T08_2004,B05,2004,2007-09-18,1.0,8,18.303333333333335,19.73,-6.722753623188407,2.0774130434782627
VIX,volatility_level,FIRST_CUT,T08_2004,B05,2004,2007-09-18,1.0,9,22.11047619047619,24.12,-2.9156107660455497,2.0774130434782627
VIX,volatility_level,FIRST_CUT,T08_2004,B05,2004,2007-09-18,1.0,10,24.321818181818184,28.54,-0.7042687747035572,2.0774130434782627
VIX,volatility_level,FIRST_CUT,T08_2004,B05,2004,2007-09-18,1.0,11,20.695714285714285,23.49,-4.330372670807456,2.0774130434782627
VIX,volatility_level,FIRST_CUT,T08_2004,B05,2004,2007-09-18,1.0,12,30.23857142857143,46.72,5.212484472049688,5.212484472049688
VIX,volatility_level,FIRST_CUT,T09_2015,B06,2015,2019-07-31,1.0,1,18.97909090909091,24.59,3.1430909090909083,3.1430909090909083
VIX,volatility_level,FIRST_CUT,T09_2015,B06,2015,2019-07-31,1.0,2,15.559000000000001,19.66,-0.277000000000001,3.1430909090909083
VIX,volatility_level,FIRST_CUT,T09_2015,B06,2015,2019-07-31,1.0,3,15.466521739130435,20.56,-0.3694782608695668,3.1430909090909083
VIX,volatility_level,FIRST_CUT,T09_2015,B06,2015,2019-07-31,1.0,4,12.5235,13.13,-3.3125000000000018,3.1430909090909083
VIX,volatility_level,FIRST_CUT,T09_2015,B06,2015,2019-07-31,1.0,5,13.756666666666666,15.96,-2.079333333333336,3.1430909090909083
VIX,volatility_level,FIRST_CUT,T09_2015,B06,2015,2019-07-31,1.0,6,13.94095238095238,18.84,-1.895047619047622,3.1430909090909083
VIX,volatility_level,FIRST_CUT,T09_2015,B06,2015,2019-07-31,1.0,7,19.628947368421052,40.11,3.79294736842105,3.79294736842105
VIX,volatility_level,FIRST_CUT,T09_2015,B06,2015,2019-07-31,1.0,8,57.73681818181819,82.69,41.90081818181818,41.90081818181818
VIX,volatility_level,FIRST_CUT,T09_2015,B06,2015,2019-07-31,1.0,9,41.453809523809525,57.06,25.617809523809523,41.90081818181818
VIX,volatility_level,FIRST_CUT,T09_2015,B06,2015,2019-07-31,1.0,10,30.897000000000002,37.19,15.061,41.90081818181818
VIX,volatility_level,FIRST_CUT,T09_2015,B06,2015,2019-07-31,1.0,11,31.119545454545456,40.79,15.283545454545454,41.90081818181818
VIX,volatility_level,FIRST_CUT,T09_2015,B06,2015,2019-07-31,1.0,12,26.840454545454545,32.19,11.004454545454543,41.90081818181818
VIX,volatility_level,FIRST_CUT,T10_2022,B07,2022,2024-09-18,1.0,1,19.960869565217394,23.16,0.648596837944666,0.648596837944666
VIX,volatility_level,FIRST_CUT,T10_2022,B07,2022,2024-09-18,1.0,2,16.015238095238097,21.98,-3.297034632034631,0.648596837944666
VIX,volatility_level,FIRST_CUT,T10_2022,B07,2022,2024-09-18,1.0,3,15.866190476190477,27.62,-3.4460822510822506,0.648596837944666
VIX,volatility_level,FIRST_CUT,T10_2022,B07,2022,2024-09-18,1.0,4,16.763636363636365,19.54,-2.548636363636362,0.648596837944666
VIX,volatility_level,FIRST_CUT,T10_2022,B07,2022,2024-09-18,1.0,5,16.968,21.13,-2.3442727272727275,0.648596837944666
VIX,volatility_level,FIRST_CUT,T10_2022,B07,2022,2024-09-18,1.0,6,21.841428571428573,27.86,2.529155844155845,2.529155844155845
VIX,volatility_level,FIRST_CUT,T10_2022,B07,2022,2024-09-18,1.0,7,31.966190476190473,52.33,12.653917748917745,12.653917748917745
VIX,volatility_level,FIRST_CUT,T10_2022,B07,2022,2024-09-18,1.0,8,20.46227272727273,24.76,1.1500000000000021,12.653917748917745
VIX,volatility_level,FIRST_CUT,T10_2022,B07,2022,2024-09-18,1.0,9,18.403333333333336,22.17,-0.9089393939393915,12.653917748917745
VIX,volatility_level,FIRST_CUT,T10_2022,B07,2022,2024-09-18,1.0,10,16.381304347826084,17.79,-2.930968379446643,12.653917748917745
VIX,volatility_level,FIRST_CUT,T10_2022,B07,2022,2024-09-18,1.0,11,15.75,20.38,-3.5622727272727275,12.653917748917745
VIX,volatility_level,FIRST_CUT,T10_2022,B07,2022,2024-09-18,1.0,12,15.789090909090909,17.17,-3.5231818181818184,12.653917748917745
BAA10Y_SPREAD,credit_spread,FIRST_HIKE,T01_1983,B01,1983,1983-03-31,0.5,1,2.89,,-33.999999999999986,-33.999999999999986
BAA10Y_SPREAD,credit_spread,FIRST_HIKE,T01_1983,B01,1983,1983-03-31,0.5,2,2.71,,-52.0,-33.999999999999986
BAA10Y_SPREAD,credit_spread,FIRST_HIKE,T01_1983,B01,1983,1983-03-31,0.5,3,2.52,,-71.0,-33.999999999999986
BAA10Y_SPREAD,credit_spread,FIRST_HIKE,T01_1983,B01,1983,1983-03-31,0.5,4,2.01,,-122.00000000000001,-33.999999999999986
BAA10Y_SPREAD,credit_spread,FIRST_HIKE,T01_1983,B01,1983,1983-03-31,0.5,5,1.79,,-144.0,-33.999999999999986
BAA10Y_SPREAD,credit_spread,FIRST_HIKE,T01_1983,B01,1983,1983-03-31,0.5,6,1.9,,-133.0,-33.999999999999986
BAA10Y_SPREAD,credit_spread,FIRST_HIKE,T01_1983,B01,1983,1983-03-31,0.5,7,1.92,,-131.0,-33.999999999999986
BAA10Y_SPREAD,credit_spread,FIRST_HIKE,T01_1983,B01,1983,1983-03-31,0.5,8,1.92,,-131.0,-33.999999999999986
BAA10Y_SPREAD,credit_spread,FIRST_HIKE,T01_1983,B01,1983,1983-03-31,0.5,9,1.92,,-131.0,-33.999999999999986
BAA10Y_SPREAD,credit_spread,FIRST_HIKE,T01_1983,B01,1983,1983-03-31,0.5,10,1.98,,-125.0,-33.999999999999986
BAA10Y_SPREAD,credit_spread,FIRST_HIKE,T01_1983,B01,1983,1983-03-31,0.5,11,1.75,,-148.0,-33.999999999999986
BAA10Y_SPREAD,credit_spread,FIRST_HIKE,T01_1983,B01,1983,1983-03-31,0.5,12,1.67,,-156.0,-33.999999999999986
BAA10Y_SPREAD,credit_spread,FIRST_HIKE,T02_1984,B01,1984,1984-03-29,0.5,1,1.68,,-7.000000000000006,-7.000000000000006
BAA10Y_SPREAD,credit_spread,FIRST_HIKE,T02_1984,B01,1984,1984-03-29,0.5,2,1.33,,-41.99999999999999,-7.000000000000006
BAA10Y_SPREAD,credit_spread,FIRST_HIKE,T02_1984,B01,1984,1984-03-29,0.5,3,1.49,,-26.0,-7.000000000000006
BAA10Y_SPREAD,credit_spread,FIRST_HIKE,T02_1984,B01,1984,1984-03-29,0.5,4,1.79,,4.0000000000000036,4.0000000000000036
BAA10Y_SPREAD,credit_spread,FIRST_HIKE,T02_1984,B01,1984,1984-03-29,0.5,5,1.91,,15.999999999999993,15.999999999999993
BAA10Y_SPREAD,credit_spread,FIRST_HIKE,T02_1984,B01,1984,1984-03-29,0.5,6,1.83,,8.000000000000007,15.999999999999993
BAA10Y_SPREAD,credit_spread,FIRST_HIKE,T02_1984,B01,1984,1984-03-29,0.5,7,1.78,,3.0000000000000027,15.999999999999993
BAA10Y_SPREAD,credit_spread,FIRST_HIKE,T02_1984,B01,1984,1984-03-29,0.5,8,1.91,,15.999999999999993,15.999999999999993
BAA10Y_SPREAD,credit_spread,FIRST_HIKE,T02_1984,B01,1984,1984-03-29,0.5,9,1.9,,14.999999999999991,15.999999999999993
BAA10Y_SPREAD,credit_spread,FIRST_HIKE,T02_1984,B01,1984,1984-03-29,0.5,10,1.88,,12.99999999999999,15.999999999999993
BAA10Y_SPREAD,credit_spread,FIRST_HIKE,T02_1984,B01,1984,1984-03-29,0.5,11,1.72,,-3.0000000000000027,15.999999999999993
BAA10Y_SPREAD,credit_spread,FIRST_HIKE,T02_1984,B01,1984,1984-03-29,0.5,12,1.83,,8.000000000000007,15.999999999999993
BAA10Y_SPREAD,credit_spread,FIRST_HIKE,T03_1987,B02,1987,1987-01-05,0.3333333333333333,1,2.4,,-46.0,-46.0
BAA10Y_SPREAD,credit_spread,FIRST_HIKE,T03_1987,B02,1987,1987-01-05,0.3333333333333333,2,2.36,,-50.0,-46.0
BAA10Y_SPREAD,credit_spread,FIRST_HIKE,T03_1987,B02,1987,1987-01-05,0.3333333333333333,3,2.02,,-83.99999999999999,-46.0
BAA10Y_SPREAD,credit_spread,FIRST_HIKE,T03_1987,B02,1987,1987-01-05,0.3333333333333333,4,1.9,,-96.0,-46.0
BAA10Y_SPREAD,credit_spread,FIRST_HIKE,T03_1987,B02,1987,1987-01-05,0.3333333333333333,5,2.12,,-73.99999999999997,-46.0
BAA10Y_SPREAD,credit_spread,FIRST_HIKE,T03_1987,B02,1987,1987-01-05,0.3333333333333333,6,2.16,,-69.99999999999997,-46.0
BAA10Y_SPREAD,credit_spread,FIRST_HIKE,T03_1987,B02,1987,1987-01-05,0.3333333333333333,7,2.04,,-81.99999999999999,-46.0
BAA10Y_SPREAD,credit_spread,FIRST_HIKE,T03_1987,B02,1987,1987-01-05,0.3333333333333333,8,1.89,,-97.0,-46.0
BAA10Y_SPREAD,credit_spread,FIRST_HIKE,T03_1987,B02,1987,1987-01-05,0.3333333333333333,9,2.1,,-75.99999999999997,-46.0
BAA10Y_SPREAD,credit_spread,FIRST_HIKE,T03_1987,B02,1987,1987-01-05,0.3333333333333333,10,2.37,,-48.99999999999998,-46.0
BAA10Y_SPREAD,credit_spread,FIRST_HIKE,T03_1987,B02,1987,1987-01-05,0.3333333333333333,11,2.3,,-56.00000000000001,-46.0
BAA10Y_SPREAD,credit_spread,FIRST_HIKE,T03_1987,B02,1987,1987-01-05,0.3333333333333333,12,2.4,,-46.0,-46.0
BAA10Y_SPREAD,credit_spread,FIRST_HIKE,T04_1987,B02,1987,1987-08-27,0.3333333333333333,1,1.89,,-27.000000000000025,-27.000000000000025
BAA10Y_SPREAD,credit_spread,FIRST_HIKE,T04_1987,B02,1987,1987-08-27,0.3333333333333333,2,2.1,,-6.000000000000005,-6.000000000000005
BAA10Y_SPREAD,credit_spread,FIRST_HIKE,T04_1987,B02,1987,1987-08-27,0.3333333333333333,3,2.37,,20.999999999999996,20.999999999999996
BAA10Y_SPREAD,credit_spread,FIRST_HIKE,T04_1987,B02,1987,1987-08-27,0.3333333333333333,4,2.3,,13.999999999999968,20.999999999999996
BAA10Y_SPREAD,credit_spread,FIRST_HIKE,T04_1987,B02,1987,1987-08-27,0.3333333333333333,5,2.4,,23.99999999999998,23.99999999999998
BAA10Y_SPREAD,credit_spread,FIRST_HIKE,T04_1987,B02,1987,1987-08-27,0.3333333333333333,6,2.41,,25.0,25.0
BAA10Y_SPREAD,credit_spread,FIRST_HIKE,T04_1987,B02,1987,1987-08-27,0.3333333333333333,7,2.2,,4.0000000000000036,25.0
BAA10Y_SPREAD,credit_spread,FIRST_HIKE,T04_1987,B02,1987,1987-08-27,0.3333333333333333,8,2.18,,2.0000000000000018,25.0
BAA10Y_SPREAD,credit_spread,FIRST_HIKE,T04_1987,B02,1987,1987-08-27,0.3333333333333333,9,1.95,,-21.000000000000018,25.0
BAA10Y_SPREAD,credit_spread,FIRST_HIKE,T04_1987,B02,1987,1987-08-27,0.3333333333333333,10,2.08,,-8.000000000000007,25.0
BAA10Y_SPREAD,credit_spread,FIRST_HIKE,T04_1987,B02,1987,1987-08-27,0.3333333333333333,11,2.05,,-11.000000000000032,25.0
BAA10Y_SPREAD,credit_spread,FIRST_HIKE,T04_1987,B02,1987,1987-08-27,0.3333333333333333,12,1.95,,-21.000000000000018,25.0
BAA10Y_SPREAD,credit_spread,FIRST_HIKE,T05_1988,B02,1988,1988-03-30,0.3333333333333333,1,2.18,,-23.0,-23.0
BAA10Y_SPREAD,credit_spread,FIRST_HIKE,T05_1988,B02,1988,1988-03-30,0.3333333333333333,2,1.95,,-46.00000000000002,-23.0
BAA10Y_SPREAD,credit_spread,FIRST_HIKE,T05_1988,B02,1988,1988-03-30,0.3333333333333333,3,2.08,,-33.00000000000001,-23.0
BAA10Y_SPREAD,credit_spread,FIRST_HIKE,T05_1988,B02,1988,1988-03-30,0.3333333333333333,4,2.05,,-36.00000000000003,-23.0
BAA10Y_SPREAD,credit_spread,FIRST_HIKE,T05_1988,B02,1988,1988-03-30,0.3333333333333333,5,1.95,,-46.00000000000002,-23.0
BAA10Y_SPREAD,credit_spread,FIRST_HIKE,T05_1988,B02,1988,1988-03-30,0.3333333333333333,6,1.92,,-49.00000000000002,-23.0
BAA10Y_SPREAD,credit_spread,FIRST_HIKE,T05_1988,B02,1988,1988-03-30,0.3333333333333333,7,1.61,,-80.0,-23.0
BAA10Y_SPREAD,credit_spread,FIRST_HIKE,T05_1988,B02,1988,1988-03-30,0.3333333333333333,8,1.52,,-89.00000000000001,-23.0
BAA10Y_SPREAD,credit_spread,FIRST_HIKE,T05_1988,B02,1988,1988-03-30,0.3333333333333333,9,1.54,,-87.00000000000001,-23.0
BAA10Y_SPREAD,credit_spread,FIRST_HIKE,T05_1988,B02,1988,1988-03-30,0.3333333333333333,10,1.56,,-85.00000000000001,-23.0
BAA10Y_SPREAD,credit_spread,FIRST_HIKE,T05_1988,B02,1988,1988-03-30,0.3333333333333333,11,1.44,,-97.00000000000001,-23.0
BAA10Y_SPREAD,credit_spread,FIRST_HIKE,T05_1988,B02,1988,1988-03-30,0.3333333333333333,12,1.31,,-110.00000000000001,-23.0
BAA10Y_SPREAD,credit_spread,FIRST_HIKE,T06_1994,B03,1994,1994-02-04,1.0,1,1.65,,-25.0,-25.0
BAA10Y_SPREAD,credit_spread,FIRST_HIKE,T06_1994,B03,1994,1994-02-04,1.0,2,1.55,,-34.999999999999986,-25.0
BAA10Y_SPREAD,credit_spread,FIRST_HIKE,T06_1994,B03,1994,1994-02-04,1.0,3,1.44,,-46.0,-25.0
BAA10Y_SPREAD,credit_spread,FIRST_HIKE,T06_1994,B03,1994,1994-02-04,1.0,4,1.55,,-34.999999999999986,-25.0
BAA10Y_SPREAD,credit_spread,FIRST_HIKE,T06_1994,B03,1994,1994-02-04,1.0,5,1.5,,-39.99999999999999,-25.0
BAA10Y_SPREAD,credit_spread,FIRST_HIKE,T06_1994,B03,1994,1994-02-04,1.0,6,1.5,,-39.99999999999999,-25.0
BAA10Y_SPREAD,credit_spread,FIRST_HIKE,T06_1994,B03,1994,1994-02-04,1.0,7,1.52,,-37.999999999999986,-25.0
BAA10Y_SPREAD,credit_spread,FIRST_HIKE,T06_1994,B03,1994,1994-02-04,1.0,8,1.46,,-43.99999999999999,-25.0
BAA10Y_SPREAD,credit_spread,FIRST_HIKE,T06_1994,B03,1994,1994-02-04,1.0,9,1.36,,-53.99999999999998,-25.0
BAA10Y_SPREAD,credit_spread,FIRST_HIKE,T06_1994,B03,1994,1994-02-04,1.0,10,1.29,,-60.999999999999986,-25.0
BAA10Y_SPREAD,credit_spread,FIRST_HIKE,T06_1994,B03,1994,1994-02-04,1.0,11,1.3,,-59.999999999999986,-25.0
BAA10Y_SPREAD,credit_spread,FIRST_HIKE,T06_1994,B03,1994,1994-02-04,1.0,12,1.38,,-52.0,-25.0
BAA10Y_SPREAD,credit_spread,FIRST_HIKE,T07_1999,B04,1999,1999-06-30,1.0,1,2.16,,-2.0000000000000018,-2.0000000000000018
BAA10Y_SPREAD,credit_spread,FIRST_HIKE,T07_1999,B04,1999,1999-06-30,1.0,2,2.21,,2.9999999999999805,2.9999999999999805
BAA10Y_SPREAD,credit_spread,FIRST_HIKE,T07_1999,B04,1999,1999-06-30,1.0,3,2.28,,9.999999999999964,9.999999999999964
BAA10Y_SPREAD,credit_spread,FIRST_HIKE,T07_1999,B04,1999,1999-06-30,1.0,4,2.27,,8.999999999999986,9.999999999999964
BAA10Y_SPREAD,credit_spread,FIRST_HIKE,T07_1999,B04,1999,1999-06-30,1.0,5,2.12,,-6.000000000000005,9.999999999999964
BAA10Y_SPREAD,credit_spread,FIRST_HIKE,T07_1999,B04,1999,1999-06-30,1.0,6,1.91,,-27.000000000000025,9.999999999999964
BAA10Y_SPREAD,credit_spread,FIRST_HIKE,T07_1999,B04,1999,1999-06-30,1.0,7,1.67,,-51.00000000000002,9.999999999999964
BAA10Y_SPREAD,credit_spread,FIRST_HIKE,T07_1999,B04,1999,1999-06-30,1.0,8,1.77,,-41.000000000000014,9.999999999999964
BAA10Y_SPREAD,credit_spread,FIRST_HIKE,T07_1999,B04,1999,1999-06-30,1.0,9,2.11,,-7.000000000000028,9.999999999999964
BAA10Y_SPREAD,credit_spread,FIRST_HIKE,T07_1999,B04,1999,1999-06-30,1.0,10,2.41,,23.0,23.0
BAA10Y_SPREAD,credit_spread,FIRST_HIKE,T07_1999,B04,1999,1999-06-30,1.0,11,2.46,,27.99999999999998,27.99999999999998
BAA10Y_SPREAD,credit_spread,FIRST_HIKE,T07_1999,B04,1999,1999-06-30,1.0,12,2.38,,19.99999999999997,27.99999999999998
BAA10Y_SPREAD,credit_spread,FIRST_HIKE,T08_2004,B05,2004,2004-06-30,1.0,1,2.12,,9.00000000000003,9.00000000000003
BAA10Y_SPREAD,credit_spread,FIRST_HIKE,T08_2004,B05,2004,2004-06-30,1.0,2,2.18,,15.000000000000036,15.000000000000036
BAA10Y_SPREAD,credit_spread,FIRST_HIKE,T08_2004,B05,2004,2004-06-30,1.0,3,2.14,,11.000000000000032,15.000000000000036
BAA10Y_SPREAD,credit_spread,FIRST_HIKE,T08_2004,B05,2004,2004-06-30,1.0,4,2.11,,8.000000000000007,15.000000000000036
BAA10Y_SPREAD,credit_spread,FIRST_HIKE,T08_2004,B05,2004,2004-06-30,1.0,5,2.01,,-2.0000000000000018,15.000000000000036
BAA10Y_SPREAD,credit_spread,FIRST_HIKE,T08_2004,B05,2004,2004-06-30,1.0,6,1.92,,-10.999999999999988,15.000000000000036
BAA10Y_SPREAD,credit_spread,FIRST_HIKE,T08_2004,B05,2004,2004-06-30,1.0,7,1.8,,-22.999999999999975,15.000000000000036
BAA10Y_SPREAD,credit_spread,FIRST_HIKE,T08_2004,B05,2004,2004-06-30,1.0,8,1.65,,-37.999999999999986,15.000000000000036
BAA10Y_SPREAD,credit_spread,FIRST_HIKE,T08_2004,B05,2004,2004-06-30,1.0,9,1.56,,-46.99999999999997,15.000000000000036
BAA10Y_SPREAD,credit_spread,FIRST_HIKE,T08_2004,B05,2004,2004-06-30,1.0,10,1.71,,-31.999999999999986,15.000000000000036
BAA10Y_SPREAD,credit_spread,FIRST_HIKE,T08_2004,B05,2004,2004-06-30,1.0,11,1.87,,-15.99999999999997,15.000000000000036
BAA10Y_SPREAD,credit_spread,FIRST_HIKE,T08_2004,B05,2004,2004-06-30,1.0,12,1.86,,-16.99999999999997,15.000000000000036
BAA10Y_SPREAD,credit_spread,FIRST_HIKE,T09_2015,B06,2015,2015-12-16,1.0,1,3.36,,15.99999999999997,15.99999999999997
BAA10Y_SPREAD,credit_spread,FIRST_HIKE,T09_2015,B06,2015,2015-12-16,1.0,2,3.56,,35.999999999999986,35.999999999999986
BAA10Y_SPREAD,credit_spread,FIRST_HIKE,T09_2015,B06,2015,2015-12-16,1.0,3,3.24,,4.0000000000000036,35.999999999999986
BAA10Y_SPREAD,credit_spread,FIRST_HIKE,T09_2015,B06,2015,2015-12-16,1.0,4,2.98,,-22.00000000000002,35.999999999999986
BAA10Y_SPREAD,credit_spread,FIRST_HIKE,T09_2015,B06,2015,2015-12-16,1.0,5,2.87,,-33.00000000000001,35.999999999999986
BAA10Y_SPREAD,credit_spread,FIRST_HIKE,T09_2015,B06,2015,2015-12-16,1.0,6,2.89,,-31.000000000000007,35.999999999999986
BAA10Y_SPREAD,credit_spread,FIRST_HIKE,T09_2015,B06,2015,2015-12-16,1.0,7,2.72,,-48.0,35.999999999999986
BAA10Y_SPREAD,credit_spread,FIRST_HIKE,T09_2015,B06,2015,2015-12-16,1.0,8,2.68,,-52.0,35.999999999999986
BAA10Y_SPREAD,credit_spread,FIRST_HIKE,T09_2015,B06,2015,2015-12-16,1.0,9,2.68,,-52.0,35.999999999999986
BAA10Y_SPREAD,credit_spread,FIRST_HIKE,T09_2015,B06,2015,2015-12-16,1.0,10,2.62,,-58.00000000000001,35.999999999999986
BAA10Y_SPREAD,credit_spread,FIRST_HIKE,T09_2015,B06,2015,2015-12-16,1.0,11,2.57,,-63.000000000000036,35.999999999999986
BAA10Y_SPREAD,credit_spread,FIRST_HIKE,T09_2015,B06,2015,2015-12-16,1.0,12,2.34,,-86.00000000000003,35.999999999999986
BAA10Y_SPREAD,credit_spread,FIRST_HIKE,T10_2022,B07,2022,2022-03-16,1.0,1,1.91,,-13.00000000000001,-13.00000000000001
BAA10Y_SPREAD,credit_spread,FIRST_HIKE,T10_2022,B07,2022,2022-03-16,1.0,2,2.22,,18.000000000000014,18.000000000000014
BAA10Y_SPREAD,credit_spread,FIRST_HIKE,T10_2022,B07,2022,2022-03-16,1.0,3,2.13,,8.999999999999986,18.000000000000014
BAA10Y_SPREAD,credit_spread,FIRST_HIKE,T10_2022,B07,2022,2022-03-16,1.0,4,2.31,,27.0,27.0
BAA10Y_SPREAD,credit_spread,FIRST_HIKE,T10_2022,B07,2022,2022-03-16,1.0,5,2.25,,20.999999999999996,27.0
BAA10Y_SPREAD,credit_spread,FIRST_HIKE,T10_2022,B07,2022,2022-03-16,1.0,6,2.17,,12.99999999999999,27.0
BAA10Y_SPREAD,credit_spread,FIRST_HIKE,T10_2022,B07,2022,2022-03-16,1.0,7,2.28,,23.99999999999998,27.0
BAA10Y_SPREAD,credit_spread,FIRST_HIKE,T10_2022,B07,2022,2022-03-16,1.0,8,2.18,,14.000000000000012,27.0
BAA10Y_SPREAD,credit_spread,FIRST_HIKE,T10_2022,B07,2022,2022-03-16,1.0,9,1.97,,-7.000000000000006,27.0
BAA10Y_SPREAD,credit_spread,FIRST_HIKE,T10_2022,B07,2022,2022-03-16,1.0,10,1.97,,-7.000000000000006,27.0
BAA10Y_SPREAD,credit_spread,FIRST_HIKE,T10_2022,B07,2022,2022-03-16,1.0,11,1.84,,-19.999999999999996,27.0
BAA10Y_SPREAD,credit_spread,FIRST_HIKE,T10_2022,B07,2022,2022-03-16,1.0,12,2.05,,0.9999999999999787,27.0
BAA10Y_SPREAD,credit_spread,LAST_HIKE,T01_1983,B01,1983,1983-08-11,0.5,1,1.9,,-10.999999999999988,-10.999999999999988
BAA10Y_SPREAD,credit_spread,LAST_HIKE,T01_1983,B01,1983,1983-08-11,0.5,2,1.92,,-8.999999999999986,-8.999999999999986
BAA10Y_SPREAD,credit_spread,LAST_HIKE,T01_1983,B01,1983,1983-08-11,0.5,3,1.92,,-8.999999999999986,-8.999999999999986
BAA10Y_SPREAD,credit_spread,LAST_HIKE,T01_1983,B01,1983,1983-08-11,0.5,4,1.92,,-8.999999999999986,-8.999999999999986
BAA10Y_SPREAD,credit_spread,LAST_HIKE,T01_1983,B01,1983,1983-08-11,0.5,5,1.98,,-2.9999999999999805,-2.9999999999999805
BAA10Y_SPREAD,credit_spread,LAST_HIKE,T01_1983,B01,1983,1983-08-11,0.5,6,1.75,,-25.99999999999998,-2.9999999999999805
BAA10Y_SPREAD,credit_spread,LAST_HIKE,T01_1983,B01,1983,1983-08-11,0.5,7,1.67,,-33.999999999999986,-2.9999999999999805
BAA10Y_SPREAD,credit_spread,LAST_HIKE,T01_1983,B01,1983,1983-08-11,0.5,8,1.68,,-32.999999999999986,-2.9999999999999805
BAA10Y_SPREAD,credit_spread,LAST_HIKE,T01_1983,B01,1983,1983-08-11,0.5,9,1.33,,-67.99999999999997,-2.9999999999999805
BAA10Y_SPREAD,credit_spread,LAST_HIKE,T01_1983,B01,1983,1983-08-11,0.5,10,1.49,,-51.99999999999998,-2.9999999999999805
BAA10Y_SPREAD,credit_spread,LAST_HIKE,T01_1983,B01,1983,1983-08-11,0.5,11,1.79,,-21.999999999999975,-2.9999999999999805
BAA10Y_SPREAD,credit_spread,LAST_HIKE,T01_1983,B01,1983,1983-08-11,0.5,12,1.91,,-9.999999999999986,-2.9999999999999805
BAA10Y_SPREAD,credit_spread,LAST_HIKE,T02_1984,B01,1984,1984-08-09,0.5,1,1.83,,4.0000000000000036,4.0000000000000036
BAA10Y_SPREAD,credit_spread,LAST_HIKE,T02_1984,B01,1984,1984-08-09,0.5,2,1.78,,-1.0000000000000009,4.0000000000000036
BAA10Y_SPREAD,credit_spread,LAST_HIKE,T02_1984,B01,1984,1984-08-09,0.5,3,1.91,,11.99999999999999,11.99999999999999
BAA10Y_SPREAD,credit_spread,LAST_HIKE,T02_1984,B01,1984,1984-08-09,0.5,4,1.9,,10.999999999999988,11.99999999999999
BAA10Y_SPREAD,credit_spread,LAST_HIKE,T02_1984,B01,1984,1984-08-09,0.5,5,1.88,,8.999999999999986,11.99999999999999
BAA10Y_SPREAD,credit_spread,LAST_HIKE,T02_1984,B01,1984,1984-08-09,0.5,6,1.72,,-7.000000000000006,11.99999999999999
BAA10Y_SPREAD,credit_spread,LAST_HIKE,T02_1984,B01,1984,1984-08-09,0.5,7,1.83,,4.0000000000000036,11.99999999999999
BAA10Y_SPREAD,credit_spread,LAST_HIKE,T02_1984,B01,1984,1984-08-09,0.5,8,2.08,,29.000000000000004,29.000000000000004
BAA10Y_SPREAD,credit_spread,LAST_HIKE,T02_1984,B01,1984,1984-08-09,0.5,9,2.3,,50.99999999999998,50.99999999999998
BAA10Y_SPREAD,credit_spread,LAST_HIKE,T02_1984,B01,1984,1984-08-09,0.5,10,2.24,,45.000000000000014,50.99999999999998
BAA10Y_SPREAD,credit_spread,LAST_HIKE,T02_1984,B01,1984,1984-08-09,0.5,11,2.12,,33.00000000000001,50.99999999999998
BAA10Y_SPREAD,credit_spread,LAST_HIKE,T02_1984,B01,1984,1984-08-09,0.5,12,2.17,,37.999999999999986,50.99999999999998
BAA10Y_SPREAD,credit_spread,LAST_HIKE,T03_1987,B02,1987,1987-05-22,0.3333333333333333,1,2.12,,10.000000000000009,10.000000000000009
BAA10Y_SPREAD,credit_spread,LAST_HIKE,T03_1987,B02,1987,1987-05-22,0.3333333333333333,2,2.16,,14.000000000000012,14.000000000000012
BAA10Y_SPREAD,credit_spread,LAST_HIKE,T03_1987,B02,1987,1987-05-22,0.3333333333333333,3,2.04,,2.0000000000000018,14.000000000000012
BAA10Y_SPREAD,credit_spread,LAST_HIKE,T03_1987,B02,1987,1987-05-22,0.3333333333333333,4,1.89,,-13.00000000000001,14.000000000000012
BAA10Y_SPREAD,credit_spread,LAST_HIKE,T03_1987,B02,1987,1987-05-22,0.3333333333333333,5,2.1,,8.000000000000007,14.000000000000012
BAA10Y_SPREAD,credit_spread,LAST_HIKE,T03_1987,B02,1987,1987-05-22,0.3333333333333333,6,2.37,,35.00000000000001,35.00000000000001
BAA10Y_SPREAD,credit_spread,LAST_HIKE,T03_1987,B02,1987,1987-05-22,0.3333333333333333,7,2.3,,27.99999999999998,35.00000000000001
BAA10Y_SPREAD,credit_spread,LAST_HIKE,T03_1987,B02,1987,1987-05-22,0.3333333333333333,8,2.4,,37.999999999999986,37.999999999999986
BAA10Y_SPREAD,credit_spread,LAST_HIKE,T03_1987,B02,1987,1987-05-22,0.3333333333333333,9,2.41,,39.000000000000014,39.000000000000014
BAA10Y_SPREAD,credit_spread,LAST_HIKE,T03_1987,B02,1987,1987-05-22,0.3333333333333333,10,2.2,,18.000000000000014,39.000000000000014
BAA10Y_SPREAD,credit_spread,LAST_HIKE,T03_1987,B02,1987,1987-05-22,0.3333333333333333,11,2.18,,16.000000000000014,39.000000000000014
BAA10Y_SPREAD,credit_spread,LAST_HIKE,T03_1987,B02,1987,1987-05-22,0.3333333333333333,12,1.95,,-7.000000000000006,39.000000000000014
BAA10Y_SPREAD,credit_spread,LAST_HIKE,T04_1987,B02,1987,1987-09-24,0.3333333333333333,1,2.1,,6.000000000000005,6.000000000000005
BAA10Y_SPREAD,credit_spread,LAST_HIKE,T04_1987,B02,1987,1987-09-24,0.3333333333333333,2,2.37,,33.00000000000001,33.00000000000001
BAA10Y_SPREAD,credit_spread,LAST_HIKE,T04_1987,B02,1987,1987-09-24,0.3333333333333333,3,2.3,,25.99999999999998,33.00000000000001
BAA10Y_SPREAD,credit_spread,LAST_HIKE,T04_1987,B02,1987,1987-09-24,0.3333333333333333,4,2.4,,35.999999999999986,35.999999999999986
BAA10Y_SPREAD,credit_spread,LAST_HIKE,T04_1987,B02,1987,1987-09-24,0.3333333333333333,5,2.41,,37.000000000000014,37.000000000000014
BAA10Y_SPREAD,credit_spread,LAST_HIKE,T04_1987,B02,1987,1987-09-24,0.3333333333333333,6,2.2,,16.000000000000014,37.000000000000014
BAA10Y_SPREAD,credit_spread,LAST_HIKE,T04_1987,B02,1987,1987-09-24,0.3333333333333333,7,2.18,,14.000000000000012,37.000000000000014
BAA10Y_SPREAD,credit_spread,LAST_HIKE,T04_1987,B02,1987,1987-09-24,0.3333333333333333,8,1.95,,-9.000000000000007,37.000000000000014
BAA10Y_SPREAD,credit_spread,LAST_HIKE,T04_1987,B02,1987,1987-09-24,0.3333333333333333,9,2.08,,4.0000000000000036,37.000000000000014
BAA10Y_SPREAD,credit_spread,LAST_HIKE,T04_1987,B02,1987,1987-09-24,0.3333333333333333,10,2.05,,0.9999999999999787,37.000000000000014
BAA10Y_SPREAD,credit_spread,LAST_HIKE,T04_1987,B02,1987,1987-09-24,0.3333333333333333,11,1.95,,-9.000000000000007,37.000000000000014
BAA10Y_SPREAD,credit_spread,LAST_HIKE,T04_1987,B02,1987,1987-09-24,0.3333333333333333,12,1.92,,-12.00000000000001,37.000000000000014
BAA10Y_SPREAD,credit_spread,LAST_HIKE,T05_1988,B02,1988,1989-05-17,0.3333333333333333,1,1.75,,32.00000000000001,32.00000000000001
BAA10Y_SPREAD,credit_spread,LAST_HIKE,T05_1988,B02,1988,1989-05-17,0.3333333333333333,2,1.85,,42.000000000000014,42.000000000000014
BAA10Y_SPREAD,credit_spread,LAST_HIKE,T05_1988,B02,1988,1989-05-17,0.3333333333333333,3,1.77,,34.00000000000001,42.000000000000014
BAA10Y_SPREAD,credit_spread,LAST_HIKE,T05_1988,B02,1988,1989-05-17,0.3333333333333333,4,1.72,,29.000000000000004,42.000000000000014
BAA10Y_SPREAD,credit_spread,LAST_HIKE,T05_1988,B02,1988,1989-05-17,0.3333333333333333,5,1.8,,37.000000000000014,42.000000000000014
BAA10Y_SPREAD,credit_spread,LAST_HIKE,T05_1988,B02,1988,1989-05-17,0.3333333333333333,6,1.94,,51.0,51.0
BAA10Y_SPREAD,credit_spread,LAST_HIKE,T05_1988,B02,1988,1989-05-17,0.3333333333333333,7,1.98,,55.00000000000001,55.00000000000001
BAA10Y_SPREAD,credit_spread,LAST_HIKE,T05_1988,B02,1988,1989-05-17,0.3333333333333333,8,1.73,,30.000000000000004,55.00000000000001
BAA10Y_SPREAD,credit_spread,LAST_HIKE,T05_1988,B02,1988,1989-05-17,0.3333333333333333,9,1.67,,24.0,55.00000000000001
BAA10Y_SPREAD,credit_spread,LAST_HIKE,T05_1988,B02,1988,1989-05-17,0.3333333333333333,10,1.62,,19.000000000000018,55.00000000000001
BAA10Y_SPREAD,credit_spread,LAST_HIKE,T05_1988,B02,1988,1989-05-17,0.3333333333333333,11,1.51,,8.000000000000007,55.00000000000001
BAA10Y_SPREAD,credit_spread,LAST_HIKE,T05_1988,B02,1988,1989-05-17,0.3333333333333333,12,1.65,,21.999999999999996,55.00000000000001
BAA10Y_SPREAD,credit_spread,LAST_HIKE,T06_1994,B03,1994,1995-02-01,1.0,1,1.5,,19.999999999999996,19.999999999999996
BAA10Y_SPREAD,credit_spread,LAST_HIKE,T06_1994,B03,1994,1995-02-01,1.0,2,1.54,,24.0,24.0
BAA10Y_SPREAD,credit_spread,LAST_HIKE,T06_1994,B03,1994,1995-02-01,1.0,3,1.57,,27.0,27.0
BAA10Y_SPREAD,credit_spread,LAST_HIKE,T06_1994,B03,1994,1995-02-01,1.0,4,1.73,,42.99999999999999,42.99999999999999
BAA10Y_SPREAD,credit_spread,LAST_HIKE,T06_1994,B03,1994,1995-02-01,1.0,5,1.76,,46.0,46.0
BAA10Y_SPREAD,credit_spread,LAST_HIKE,T06_1994,B03,1994,1995-02-01,1.0,6,1.7,,39.99999999999999,46.0
BAA10Y_SPREAD,credit_spread,LAST_HIKE,T06_1994,B03,1994,1995-02-01,1.0,7,1.73,,42.99999999999999,46.0
BAA10Y_SPREAD,credit_spread,LAST_HIKE,T06_1994,B03,1994,1995-02-01,1.0,8,1.71,,40.99999999999999,46.0
BAA10Y_SPREAD,credit_spread,LAST_HIKE,T06_1994,B03,1994,1995-02-01,1.0,9,1.75,,44.99999999999999,46.0
BAA10Y_SPREAD,credit_spread,LAST_HIKE,T06_1994,B03,1994,1995-02-01,1.0,10,1.78,,48.0,48.0
BAA10Y_SPREAD,credit_spread,LAST_HIKE,T06_1994,B03,1994,1995-02-01,1.0,11,1.82,,52.0,52.0
BAA10Y_SPREAD,credit_spread,LAST_HIKE,T06_1994,B03,1994,1995-02-01,1.0,12,1.82,,52.0,52.0
BAA10Y_SPREAD,credit_spread,LAST_HIKE,T07_1999,B04,1999,2000-05-16,1.0,1,2.38,,-3.000000000000025,-3.000000000000025
BAA10Y_SPREAD,credit_spread,LAST_HIKE,T07_1999,B04,1999,2000-05-16,1.0,2,2.3,,-11.000000000000032,-3.000000000000025
BAA10Y_SPREAD,credit_spread,LAST_HIKE,T07_1999,B04,1999,2000-05-16,1.0,3,2.43,,2.0000000000000018,2.0000000000000018
BAA10Y_SPREAD,credit_spread,LAST_HIKE,T07_1999,B04,1999,2000-05-16,1.0,4,2.55,,13.999999999999968,13.999999999999968
BAA10Y_SPREAD,credit_spread,LAST_HIKE,T07_1999,B04,1999,2000-05-16,1.0,5,2.6,,18.999999999999993,18.999999999999993
BAA10Y_SPREAD,credit_spread,LAST_HIKE,T07_1999,B04,1999,2000-05-16,1.0,6,2.56,,14.999999999999991,18.999999999999993
BAA10Y_SPREAD,credit_spread,LAST_HIKE,T07_1999,B04,1999,2000-05-16,1.0,7,2.78,,36.999999999999964,36.999999999999964
BAA10Y_SPREAD,credit_spread,LAST_HIKE,T07_1999,B04,1999,2000-05-16,1.0,8,2.77,,35.999999999999986,36.999999999999964
BAA10Y_SPREAD,credit_spread,LAST_HIKE,T07_1999,B04,1999,2000-05-16,1.0,9,2.77,,35.999999999999986,36.999999999999964
BAA10Y_SPREAD,credit_spread,LAST_HIKE,T07_1999,B04,1999,2000-05-16,1.0,10,2.95,,54.0,54.0
BAA10Y_SPREAD,credit_spread,LAST_HIKE,T07_1999,B04,1999,2000-05-16,1.0,11,2.93,,52.0,54.0
BAA10Y_SPREAD,credit_spread,LAST_HIKE,T07_1999,B04,1999,2000-05-16,1.0,12,2.68,,27.0,54.0
BAA10Y_SPREAD,credit_spread,LAST_HIKE,T08_2004,B05,2004,2006-06-29,1.0,1,1.67,,3.0000000000000027,3.0000000000000027
BAA10Y_SPREAD,credit_spread,LAST_HIKE,T08_2004,B05,2004,2006-06-29,1.0,2,1.71,,7.000000000000006,7.000000000000006
BAA10Y_SPREAD,credit_spread,LAST_HIKE,T08_2004,B05,2004,2006-06-29,1.0,3,1.71,,7.000000000000006,7.000000000000006
BAA10Y_SPREAD,credit_spread,LAST_HIKE,T08_2004,B05,2004,2006-06-29,1.0,4,1.69,,5.000000000000004,7.000000000000006
BAA10Y_SPREAD,credit_spread,LAST_HIKE,T08_2004,B05,2004,2006-06-29,1.0,5,1.6,,-3.9999999999999813,7.000000000000006
BAA10Y_SPREAD,credit_spread,LAST_HIKE,T08_2004,B05,2004,2006-06-29,1.0,6,1.66,,2.0000000000000018,7.000000000000006
BAA10Y_SPREAD,credit_spread,LAST_HIKE,T08_2004,B05,2004,2006-06-29,1.0,7,1.58,,-5.999999999999983,7.000000000000006
BAA10Y_SPREAD,credit_spread,LAST_HIKE,T08_2004,B05,2004,2006-06-29,1.0,8,1.56,,-7.999999999999985,7.000000000000006
BAA10Y_SPREAD,credit_spread,LAST_HIKE,T08_2004,B05,2004,2006-06-29,1.0,9,1.71,,7.000000000000006,7.000000000000006
BAA10Y_SPREAD,credit_spread,LAST_HIKE,T08_2004,B05,2004,2006-06-29,1.0,10,1.7,,6.000000000000005,7.000000000000006
BAA10Y_SPREAD,credit_spread,LAST_HIKE,T08_2004,B05,2004,2006-06-29,1.0,11,1.64,,0.0,7.000000000000006
BAA10Y_SPREAD,credit_spread,LAST_HIKE,T08_2004,B05,2004,2006-06-29,1.0,12,1.6,,-3.9999999999999813,7.000000000000006
BAA10Y_SPREAD,credit_spread,LAST_HIKE,T09_2015,B06,2015,2018-12-19,1.0,1,2.41,,31.000000000000007,31.000000000000007
BAA10Y_SPREAD,credit_spread,LAST_HIKE,T09_2015,B06,2015,2018-12-19,1.0,2,2.27,,16.999999999999993,31.000000000000007
BAA10Y_SPREAD,credit_spread,LAST_HIKE,T09_2015,B06,2015,2018-12-19,1.0,3,2.27,,16.999999999999993,31.000000000000007
BAA10Y_SPREAD,credit_spread,LAST_HIKE,T09_2015,B06,2015,2018-12-19,1.0,4,2.17,,6.999999999999984,31.000000000000007
BAA10Y_SPREAD,credit_spread,LAST_HIKE,T09_2015,B06,2015,2018-12-19,1.0,5,2.23,,12.99999999999999,31.000000000000007
BAA10Y_SPREAD,credit_spread,LAST_HIKE,T09_2015,B06,2015,2018-12-19,1.0,6,2.39,,29.000000000000004,31.000000000000007
BAA10Y_SPREAD,credit_spread,LAST_HIKE,T09_2015,B06,2015,2018-12-19,1.0,7,2.22,,12.00000000000001,31.000000000000007
BAA10Y_SPREAD,credit_spread,LAST_HIKE,T09_2015,B06,2015,2018-12-19,1.0,8,2.24,,14.000000000000012,31.000000000000007
BAA10Y_SPREAD,credit_spread,LAST_HIKE,T09_2015,B06,2015,2018-12-19,1.0,9,2.21,,10.999999999999988,31.000000000000007
BAA10Y_SPREAD,credit_spread,LAST_HIKE,T09_2015,B06,2015,2018-12-19,1.0,10,2.21,,10.999999999999988,31.000000000000007
BAA10Y_SPREAD,credit_spread,LAST_HIKE,T09_2015,B06,2015,2018-12-19,1.0,11,2.13,,2.9999999999999805,31.000000000000007
BAA10Y_SPREAD,credit_spread,LAST_HIKE,T09_2015,B06,2015,2018-12-19,1.0,12,2.02,,-8.000000000000007,31.000000000000007
BAA10Y_SPREAD,credit_spread,LAST_HIKE,T10_2022,B07,2022,2023-07-26,1.0,1,1.85,,-14.999999999999991,-14.999999999999991
BAA10Y_SPREAD,credit_spread,LAST_HIKE,T10_2022,B07,2022,2023-07-26,1.0,2,1.78,,-21.999999999999996,-14.999999999999991
BAA10Y_SPREAD,credit_spread,LAST_HIKE,T10_2022,B07,2022,2023-07-26,1.0,3,1.83,,-16.999999999999993,-14.999999999999991
BAA10Y_SPREAD,credit_spread,LAST_HIKE,T10_2022,B07,2022,2023-07-26,1.0,4,1.79,,-20.999999999999996,-14.999999999999991
BAA10Y_SPREAD,credit_spread,LAST_HIKE,T10_2022,B07,2022,2023-07-26,1.0,5,1.62,,-37.999999999999986,-14.999999999999991
BAA10Y_SPREAD,credit_spread,LAST_HIKE,T10_2022,B07,2022,2023-07-26,1.0,6,1.62,,-37.999999999999986,-14.999999999999991
BAA10Y_SPREAD,credit_spread,LAST_HIKE,T10_2022,B07,2022,2023-07-26,1.0,7,1.56,,-43.99999999999999,-14.999999999999991
BAA10Y_SPREAD,credit_spread,LAST_HIKE,T10_2022,B07,2022,2023-07-26,1.0,8,1.54,,-46.0,-14.999999999999991
BAA10Y_SPREAD,credit_spread,LAST_HIKE,T10_2022,B07,2022,2023-07-26,1.0,9,1.46,,-54.0,-14.999999999999991
BAA10Y_SPREAD,credit_spread,LAST_HIKE,T10_2022,B07,2022,2023-07-26,1.0,10,1.47,,-53.0,-14.999999999999991
BAA10Y_SPREAD,credit_spread,LAST_HIKE,T10_2022,B07,2022,2023-07-26,1.0,11,1.51,,-49.0,-14.999999999999991
BAA10Y_SPREAD,credit_spread,LAST_HIKE,T10_2022,B07,2022,2023-07-26,1.0,12,1.59,,-40.99999999999999,-14.999999999999991
BAA10Y_SPREAD,credit_spread,PAUSE_START,T02_1984,B01,1984,1984-08-21,1.0,1,1.83,,4.0000000000000036,4.0000000000000036
BAA10Y_SPREAD,credit_spread,PAUSE_START,T02_1984,B01,1984,1984-08-21,1.0,2,1.78,,-1.0000000000000009,4.0000000000000036
BAA10Y_SPREAD,credit_spread,PAUSE_START,T02_1984,B01,1984,1984-08-21,1.0,3,1.91,,11.99999999999999,11.99999999999999
BAA10Y_SPREAD,credit_spread,PAUSE_START,T02_1984,B01,1984,1984-08-21,1.0,4,1.9,,10.999999999999988,11.99999999999999
BAA10Y_SPREAD,credit_spread,PAUSE_START,T02_1984,B01,1984,1984-08-21,1.0,5,1.88,,8.999999999999986,11.99999999999999
BAA10Y_SPREAD,credit_spread,PAUSE_START,T02_1984,B01,1984,1984-08-21,1.0,6,1.72,,-7.000000000000006,11.99999999999999
BAA10Y_SPREAD,credit_spread,PAUSE_START,T02_1984,B01,1984,1984-08-21,1.0,7,1.83,,4.0000000000000036,11.99999999999999
BAA10Y_SPREAD,credit_spread,PAUSE_START,T02_1984,B01,1984,1984-08-21,1.0,8,2.08,,29.000000000000004,29.000000000000004
BAA10Y_SPREAD,credit_spread,PAUSE_START,T02_1984,B01,1984,1984-08-21,1.0,9,2.3,,50.99999999999998,50.99999999999998
BAA10Y_SPREAD,credit_spread,PAUSE_START,T02_1984,B01,1984,1984-08-21,1.0,10,2.24,,45.000000000000014,50.99999999999998
BAA10Y_SPREAD,credit_spread,PAUSE_START,T02_1984,B01,1984,1984-08-21,1.0,11,2.12,,33.00000000000001,50.99999999999998
BAA10Y_SPREAD,credit_spread,PAUSE_START,T02_1984,B01,1984,1984-08-21,1.0,12,2.17,,37.999999999999986,50.99999999999998
BAA10Y_SPREAD,credit_spread,PAUSE_START,T04_1987,B02,1987,1987-11-03,1.0,1,2.3,,19.99999999999997,19.99999999999997
BAA10Y_SPREAD,credit_spread,PAUSE_START,T04_1987,B02,1987,1987-11-03,1.0,2,2.4,,29.999999999999982,29.999999999999982
BAA10Y_SPREAD,credit_spread,PAUSE_START,T04_1987,B02,1987,1987-11-03,1.0,3,2.41,,31.000000000000007,31.000000000000007
BAA10Y_SPREAD,credit_spread,PAUSE_START,T04_1987,B02,1987,1987-11-03,1.0,4,2.2,,10.000000000000009,31.000000000000007
BAA10Y_SPREAD,credit_spread,PAUSE_START,T04_1987,B02,1987,1987-11-03,1.0,5,2.18,,8.000000000000007,31.000000000000007
BAA10Y_SPREAD,credit_spread,PAUSE_START,T04_1987,B02,1987,1987-11-03,1.0,6,1.95,,-15.000000000000014,31.000000000000007
BAA10Y_SPREAD,credit_spread,PAUSE_START,T04_1987,B02,1987,1987-11-03,1.0,7,2.08,,-2.0000000000000018,31.000000000000007
BAA10Y_SPREAD,credit_spread,PAUSE_START,T04_1987,B02,1987,1987-11-03,1.0,8,2.05,,-5.000000000000027,31.000000000000007
BAA10Y_SPREAD,credit_spread,PAUSE_START,T04_1987,B02,1987,1987-11-03,1.0,9,1.95,,-15.000000000000014,31.000000000000007
BAA10Y_SPREAD,credit_spread,PAUSE_START,T04_1987,B02,1987,1987-11-03,1.0,10,1.92,,-18.000000000000014,31.000000000000007
BAA10Y_SPREAD,credit_spread,PAUSE_START,T04_1987,B02,1987,1987-11-03,1.0,11,1.61,,-49.0,31.000000000000007
BAA10Y_SPREAD,credit_spread,PAUSE_START,T04_1987,B02,1987,1987-11-03,1.0,12,1.52,,-58.00000000000001,31.000000000000007
BAA10Y_SPREAD,credit_spread,PAUSE_START,T06_1994,B03,1994,1995-03-28,1.0,1,1.54,,16.000000000000014,16.000000000000014
BAA10Y_SPREAD,credit_spread,PAUSE_START,T06_1994,B03,1994,1995-03-28,1.0,2,1.57,,19.000000000000018,19.000000000000018
BAA10Y_SPREAD,credit_spread,PAUSE_START,T06_1994,B03,1994,1995-03-28,1.0,3,1.73,,35.00000000000001,35.00000000000001
BAA10Y_SPREAD,credit_spread,PAUSE_START,T06_1994,B03,1994,1995-03-28,1.0,4,1.76,,38.000000000000014,38.000000000000014
BAA10Y_SPREAD,credit_spread,PAUSE_START,T06_1994,B03,1994,1995-03-28,1.0,5,1.7,,32.00000000000001,38.000000000000014
BAA10Y_SPREAD,credit_spread,PAUSE_START,T06_1994,B03,1994,1995-03-28,1.0,6,1.73,,35.00000000000001,38.000000000000014
BAA10Y_SPREAD,credit_spread,PAUSE_START,T06_1994,B03,1994,1995-03-28,1.0,7,1.71,,33.00000000000001,38.000000000000014
BAA10Y_SPREAD,credit_spread,PAUSE_START,T06_1994,B03,1994,1995-03-28,1.0,8,1.75,,37.000000000000014,38.000000000000014
BAA10Y_SPREAD,credit_spread,PAUSE_START,T06_1994,B03,1994,1995-03-28,1.0,9,1.78,,40.000000000000014,40.000000000000014
BAA10Y_SPREAD,credit_spread,PAUSE_START,T06_1994,B03,1994,1995-03-28,1.0,10,1.82,,44.000000000000014,44.000000000000014
BAA10Y_SPREAD,credit_spread,PAUSE_START,T06_1994,B03,1994,1995-03-28,1.0,11,1.82,,44.000000000000014,44.000000000000014
BAA10Y_SPREAD,credit_spread,PAUSE_START,T06_1994,B03,1994,1995-03-28,1.0,12,1.76,,38.000000000000014,44.000000000000014
BAA10Y_SPREAD,credit_spread,PAUSE_START,T07_1999,B04,1999,2000-06-28,1.0,1,2.3,,-16.000000000000014,-16.000000000000014
BAA10Y_SPREAD,credit_spread,PAUSE_START,T07_1999,B04,1999,2000-06-28,1.0,2,2.43,,-2.9999999999999805,-2.9999999999999805
BAA10Y_SPREAD,credit_spread,PAUSE_START,T07_1999,B04,1999,2000-06-28,1.0,3,2.55,,8.999999999999986,8.999999999999986
BAA10Y_SPREAD,credit_spread,PAUSE_START,T07_1999,B04,1999,2000-06-28,1.0,4,2.6,,14.000000000000012,14.000000000000012
BAA10Y_SPREAD,credit_spread,PAUSE_START,T07_1999,B04,1999,2000-06-28,1.0,5,2.56,,10.000000000000009,14.000000000000012
BAA10Y_SPREAD,credit_spread,PAUSE_START,T07_1999,B04,1999,2000-06-28,1.0,6,2.78,,31.999999999999986,31.999999999999986
BAA10Y_SPREAD,credit_spread,PAUSE_START,T07_1999,B04,1999,2000-06-28,1.0,7,2.77,,31.000000000000007,31.999999999999986
BAA10Y_SPREAD,credit_spread,PAUSE_START,T07_1999,B04,1999,2000-06-28,1.0,8,2.77,,31.000000000000007,31.999999999999986
BAA10Y_SPREAD,credit_spread,PAUSE_START,T07_1999,B04,1999,2000-06-28,1.0,9,2.95,,49.00000000000002,49.00000000000002
BAA10Y_SPREAD,credit_spread,PAUSE_START,T07_1999,B04,1999,2000-06-28,1.0,10,2.93,,47.00000000000002,49.00000000000002
BAA10Y_SPREAD,credit_spread,PAUSE_START,T07_1999,B04,1999,2000-06-28,1.0,11,2.68,,22.00000000000002,49.00000000000002
BAA10Y_SPREAD,credit_spread,PAUSE_START,T07_1999,B04,1999,2000-06-28,1.0,12,2.69,,23.0,49.00000000000002
BAA10Y_SPREAD,credit_spread,PAUSE_START,T08_2004,B05,2004,2006-08-08,1.0,1,1.71,,4.0000000000000036,4.0000000000000036
BAA10Y_SPREAD,credit_spread,PAUSE_START,T08_2004,B05,2004,2006-08-08,1.0,2,1.69,,2.0000000000000018,4.0000000000000036
BAA10Y_SPREAD,credit_spread,PAUSE_START,T08_2004,B05,2004,2006-08-08,1.0,3,1.6,,-6.999999999999984,4.0000000000000036
BAA10Y_SPREAD,credit_spread,PAUSE_START,T08_2004,B05,2004,2006-08-08,1.0,4,1.66,,-1.0000000000000009,4.0000000000000036
BAA10Y_SPREAD,credit_spread,PAUSE_START,T08_2004,B05,2004,2006-08-08,1.0,5,1.58,,-8.999999999999986,4.0000000000000036
BAA10Y_SPREAD,credit_spread,PAUSE_START,T08_2004,B05,2004,2006-08-08,1.0,6,1.56,,-10.999999999999988,4.0000000000000036
BAA10Y_SPREAD,credit_spread,PAUSE_START,T08_2004,B05,2004,2006-08-08,1.0,7,1.71,,4.0000000000000036,4.0000000000000036
BAA10Y_SPREAD,credit_spread,PAUSE_START,T08_2004,B05,2004,2006-08-08,1.0,8,1.7,,3.0000000000000027,4.0000000000000036
BAA10Y_SPREAD,credit_spread,PAUSE_START,T08_2004,B05,2004,2006-08-08,1.0,9,1.64,,-3.0000000000000027,4.0000000000000036
BAA10Y_SPREAD,credit_spread,PAUSE_START,T08_2004,B05,2004,2006-08-08,1.0,10,1.6,,-6.999999999999984,4.0000000000000036
BAA10Y_SPREAD,credit_spread,PAUSE_START,T08_2004,B05,2004,2006-08-08,1.0,11,1.65,,-2.0000000000000018,4.0000000000000036
BAA10Y_SPREAD,credit_spread,PAUSE_START,T08_2004,B05,2004,2006-08-08,1.0,12,1.98,,31.000000000000007,31.000000000000007
BAA10Y_SPREAD,credit_spread,PAUSE_START,T09_2015,B06,2015,2019-01-30,1.0,1,2.27,,-2.9999999999999805,-2.9999999999999805
BAA10Y_SPREAD,credit_spread,PAUSE_START,T09_2015,B06,2015,2019-01-30,1.0,2,2.27,,-2.9999999999999805,-2.9999999999999805
BAA10Y_SPREAD,credit_spread,PAUSE_START,T09_2015,B06,2015,2019-01-30,1.0,3,2.17,,-12.99999999999999,-2.9999999999999805
BAA10Y_SPREAD,credit_spread,PAUSE_START,T09_2015,B06,2015,2019-01-30,1.0,4,2.23,,-6.999999999999984,-2.9999999999999805
BAA10Y_SPREAD,credit_spread,PAUSE_START,T09_2015,B06,2015,2019-01-30,1.0,5,2.39,,9.00000000000003,9.00000000000003
BAA10Y_SPREAD,credit_spread,PAUSE_START,T09_2015,B06,2015,2019-01-30,1.0,6,2.22,,-7.999999999999963,9.00000000000003
BAA10Y_SPREAD,credit_spread,PAUSE_START,T09_2015,B06,2015,2019-01-30,1.0,7,2.24,,-5.999999999999961,9.00000000000003
BAA10Y_SPREAD,credit_spread,PAUSE_START,T09_2015,B06,2015,2019-01-30,1.0,8,2.21,,-8.999999999999986,9.00000000000003
BAA10Y_SPREAD,credit_spread,PAUSE_START,T09_2015,B06,2015,2019-01-30,1.0,9,2.21,,-8.999999999999986,9.00000000000003
BAA10Y_SPREAD,credit_spread,PAUSE_START,T09_2015,B06,2015,2019-01-30,1.0,10,2.13,,-16.999999999999993,9.00000000000003
BAA10Y_SPREAD,credit_spread,PAUSE_START,T09_2015,B06,2015,2019-01-30,1.0,11,2.02,,-27.99999999999998,9.00000000000003
BAA10Y_SPREAD,credit_spread,PAUSE_START,T09_2015,B06,2015,2019-01-30,1.0,12,2.01,,-29.000000000000004,9.00000000000003
BAA10Y_SPREAD,credit_spread,PAUSE_START,T10_2022,B07,2022,2023-09-20,1.0,1,1.83,,-2.0000000000000018,-2.0000000000000018
BAA10Y_SPREAD,credit_spread,PAUSE_START,T10_2022,B07,2022,2023-09-20,1.0,2,1.79,,-6.000000000000005,-2.0000000000000018
BAA10Y_SPREAD,credit_spread,PAUSE_START,T10_2022,B07,2022,2023-09-20,1.0,3,1.62,,-23.0,-2.0000000000000018
BAA10Y_SPREAD,credit_spread,PAUSE_START,T10_2022,B07,2022,2023-09-20,1.0,4,1.62,,-23.0,-2.0000000000000018
BAA10Y_SPREAD,credit_spread,PAUSE_START,T10_2022,B07,2022,2023-09-20,1.0,5,1.56,,-29.000000000000004,-2.0000000000000018
BAA10Y_SPREAD,credit_spread,PAUSE_START,T10_2022,B07,2022,2023-09-20,1.0,6,1.54,,-31.000000000000007,-2.0000000000000018
BAA10Y_SPREAD,credit_spread,PAUSE_START,T10_2022,B07,2022,2023-09-20,1.0,7,1.46,,-39.000000000000014,-2.0000000000000018
BAA10Y_SPREAD,credit_spread,PAUSE_START,T10_2022,B07,2022,2023-09-20,1.0,8,1.47,,-38.000000000000014,-2.0000000000000018
BAA10Y_SPREAD,credit_spread,PAUSE_START,T10_2022,B07,2022,2023-09-20,1.0,9,1.51,,-34.00000000000001,-2.0000000000000018
BAA10Y_SPREAD,credit_spread,PAUSE_START,T10_2022,B07,2022,2023-09-20,1.0,10,1.59,,-26.0,-2.0000000000000018
BAA10Y_SPREAD,credit_spread,PAUSE_START,T10_2022,B07,2022,2023-09-20,1.0,11,1.73,,-12.00000000000001,-2.0000000000000018
BAA10Y_SPREAD,credit_spread,PAUSE_START,T10_2022,B07,2022,2023-09-20,1.0,12,1.7,,-15.000000000000014,-2.0000000000000018
BAA10Y_SPREAD,credit_spread,FIRST_CUT,T01_1983,B01,1983,1983-08-17,0.5,1,1.9,,-10.999999999999988,-10.999999999999988
BAA10Y_SPREAD,credit_spread,FIRST_CUT,T01_1983,B01,1983,1983-08-17,0.5,2,1.92,,-8.999999999999986,-8.999999999999986
BAA10Y_SPREAD,credit_spread,FIRST_CUT,T01_1983,B01,1983,1983-08-17,0.5,3,1.92,,-8.999999999999986,-8.999999999999986
BAA10Y_SPREAD,credit_spread,FIRST_CUT,T01_1983,B01,1983,1983-08-17,0.5,4,1.92,,-8.999999999999986,-8.999999999999986
BAA10Y_SPREAD,credit_spread,FIRST_CUT,T01_1983,B01,1983,1983-08-17,0.5,5,1.98,,-2.9999999999999805,-2.9999999999999805
BAA10Y_SPREAD,credit_spread,FIRST_CUT,T01_1983,B01,1983,1983-08-17,0.5,6,1.75,,-25.99999999999998,-2.9999999999999805
BAA10Y_SPREAD,credit_spread,FIRST_CUT,T01_1983,B01,1983,1983-08-17,0.5,7,1.67,,-33.999999999999986,-2.9999999999999805
BAA10Y_SPREAD,credit_spread,FIRST_CUT,T01_1983,B01,1983,1983-08-17,0.5,8,1.68,,-32.999999999999986,-2.9999999999999805
BAA10Y_SPREAD,credit_spread,FIRST_CUT,T01_1983,B01,1983,1983-08-17,0.5,9,1.33,,-67.99999999999997,-2.9999999999999805
BAA10Y_SPREAD,credit_spread,FIRST_CUT,T01_1983,B01,1983,1983-08-17,0.5,10,1.49,,-51.99999999999998,-2.9999999999999805
BAA10Y_SPREAD,credit_spread,FIRST_CUT,T01_1983,B01,1983,1983-08-17,0.5,11,1.79,,-21.999999999999975,-2.9999999999999805
BAA10Y_SPREAD,credit_spread,FIRST_CUT,T01_1983,B01,1983,1983-08-17,0.5,12,1.91,,-9.999999999999986,-2.9999999999999805
BAA10Y_SPREAD,credit_spread,FIRST_CUT,T02_1984,B01,1984,1984-09-20,0.5,1,1.78,,-12.99999999999999,-12.99999999999999
BAA10Y_SPREAD,credit_spread,FIRST_CUT,T02_1984,B01,1984,1984-09-20,0.5,2,1.91,,0.0,0.0
BAA10Y_SPREAD,credit_spread,FIRST_CUT,T02_1984,B01,1984,1984-09-20,0.5,3,1.9,,-1.0000000000000009,0.0
BAA10Y_SPREAD,credit_spread,FIRST_CUT,T02_1984,B01,1984,1984-09-20,0.5,4,1.88,,-3.0000000000000027,0.0
BAA10Y_SPREAD,credit_spread,FIRST_CUT,T02_1984,B01,1984,1984-09-20,0.5,5,1.72,,-18.999999999999993,0.0
BAA10Y_SPREAD,credit_spread,FIRST_CUT,T02_1984,B01,1984,1984-09-20,0.5,6,1.83,,-7.999999999999985,0.0
BAA10Y_SPREAD,credit_spread,FIRST_CUT,T02_1984,B01,1984,1984-09-20,0.5,7,2.08,,17.000000000000014,17.000000000000014
BAA10Y_SPREAD,credit_spread,FIRST_CUT,T02_1984,B01,1984,1984-09-20,0.5,8,2.3,,38.99999999999999,38.99999999999999
BAA10Y_SPREAD,credit_spread,FIRST_CUT,T02_1984,B01,1984,1984-09-20,0.5,9,2.24,,33.00000000000003,38.99999999999999
BAA10Y_SPREAD,credit_spread,FIRST_CUT,T02_1984,B01,1984,1984-09-20,0.5,10,2.12,,21.000000000000018,38.99999999999999
BAA10Y_SPREAD,credit_spread,FIRST_CUT,T02_1984,B01,1984,1984-09-20,0.5,11,2.17,,26.0,38.99999999999999
BAA10Y_SPREAD,credit_spread,FIRST_CUT,T02_1984,B01,1984,1984-09-20,0.5,12,2.11,,19.999999999999996,38.99999999999999
BAA10Y_SPREAD,credit_spread,FIRST_CUT,T03_1987,B02,1987,1987-07-02,0.3333333333333333,1,2.04,,-8.000000000000007,-8.000000000000007
BAA10Y_SPREAD,credit_spread,FIRST_CUT,T03_1987,B02,1987,1987-07-02,0.3333333333333333,2,1.89,,-23.00000000000002,-8.000000000000007
BAA10Y_SPREAD,credit_spread,FIRST_CUT,T03_1987,B02,1987,1987-07-02,0.3333333333333333,3,2.1,,-2.0000000000000018,-2.0000000000000018
BAA10Y_SPREAD,credit_spread,FIRST_CUT,T03_1987,B02,1987,1987-07-02,0.3333333333333333,4,2.37,,25.0,25.0
BAA10Y_SPREAD,credit_spread,FIRST_CUT,T03_1987,B02,1987,1987-07-02,0.3333333333333333,5,2.3,,17.99999999999997,25.0
BAA10Y_SPREAD,credit_spread,FIRST_CUT,T03_1987,B02,1987,1987-07-02,0.3333333333333333,6,2.4,,27.99999999999998,27.99999999999998
BAA10Y_SPREAD,credit_spread,FIRST_CUT,T03_1987,B02,1987,1987-07-02,0.3333333333333333,7,2.41,,29.000000000000004,29.000000000000004
BAA10Y_SPREAD,credit_spread,FIRST_CUT,T03_1987,B02,1987,1987-07-02,0.3333333333333333,8,2.2,,8.000000000000007,29.000000000000004
BAA10Y_SPREAD,credit_spread,FIRST_CUT,T03_1987,B02,1987,1987-07-02,0.3333333333333333,9,2.18,,6.000000000000005,29.000000000000004
BAA10Y_SPREAD,credit_spread,FIRST_CUT,T03_1987,B02,1987,1987-07-02,0.3333333333333333,10,1.95,,-17.000000000000014,29.000000000000004
BAA10Y_SPREAD,credit_spread,FIRST_CUT,T03_1987,B02,1987,1987-07-02,0.3333333333333333,11,2.08,,-4.0000000000000036,29.000000000000004
BAA10Y_SPREAD,credit_spread,FIRST_CUT,T03_1987,B02,1987,1987-07-02,0.3333333333333333,12,2.05,,-7.000000000000028,29.000000000000004
BAA10Y_SPREAD,credit_spread,FIRST_CUT,T04_1987,B02,1987,1987-11-04,0.3333333333333333,1,2.3,,19.99999999999997,19.99999999999997
BAA10Y_SPREAD,credit_spread,FIRST_CUT,T04_1987,B02,1987,1987-11-04,0.3333333333333333,2,2.4,,29.999999999999982,29.999999999999982
BAA10Y_SPREAD,credit_spread,FIRST_CUT,T04_1987,B02,1987,1987-11-04,0.3333333333333333,3,2.41,,31.000000000000007,31.000000000000007
BAA10Y_SPREAD,credit_spread,FIRST_CUT,T04_1987,B02,1987,1987-11-04,0.3333333333333333,4,2.2,,10.000000000000009,31.000000000000007
BAA10Y_SPREAD,credit_spread,FIRST_CUT,T04_1987,B02,1987,1987-11-04,0.3333333333333333,5,2.18,,8.000000000000007,31.000000000000007
BAA10Y_SPREAD,credit_spread,FIRST_CUT,T04_1987,B02,1987,1987-11-04,0.3333333333333333,6,1.95,,-15.000000000000014,31.000000000000007
BAA10Y_SPREAD,credit_spread,FIRST_CUT,T04_1987,B02,1987,1987-11-04,0.3333333333333333,7,2.08,,-2.0000000000000018,31.000000000000007
BAA10Y_SPREAD,credit_spread,FIRST_CUT,T04_1987,B02,1987,1987-11-04,0.3333333333333333,8,2.05,,-5.000000000000027,31.000000000000007
BAA10Y_SPREAD,credit_spread,FIRST_CUT,T04_1987,B02,1987,1987-11-04,0.3333333333333333,9,1.95,,-15.000000000000014,31.000000000000007
BAA10Y_SPREAD,credit_spread,FIRST_CUT,T04_1987,B02,1987,1987-11-04,0.3333333333333333,10,1.92,,-18.000000000000014,31.000000000000007
BAA10Y_SPREAD,credit_spread,FIRST_CUT,T04_1987,B02,1987,1987-11-04,0.3333333333333333,11,1.61,,-49.0,31.000000000000007
BAA10Y_SPREAD,credit_spread,FIRST_CUT,T04_1987,B02,1987,1987-11-04,0.3333333333333333,12,1.52,,-58.00000000000001,31.000000000000007
BAA10Y_SPREAD,credit_spread,FIRST_CUT,T05_1988,B02,1988,1989-06-06,0.3333333333333333,1,1.85,,25.0,25.0
BAA10Y_SPREAD,credit_spread,FIRST_CUT,T05_1988,B02,1988,1989-06-06,0.3333333333333333,2,1.77,,16.999999999999993,25.0
BAA10Y_SPREAD,credit_spread,FIRST_CUT,T05_1988,B02,1988,1989-06-06,0.3333333333333333,3,1.72,,11.99999999999999,25.0
BAA10Y_SPREAD,credit_spread,FIRST_CUT,T05_1988,B02,1988,1989-06-06,0.3333333333333333,4,1.8,,19.999999999999996,25.0
BAA10Y_SPREAD,credit_spread,FIRST_CUT,T05_1988,B02,1988,1989-06-06,0.3333333333333333,5,1.94,,33.999999999999986,33.999999999999986
BAA10Y_SPREAD,credit_spread,FIRST_CUT,T05_1988,B02,1988,1989-06-06,0.3333333333333333,6,1.98,,37.999999999999986,37.999999999999986
BAA10Y_SPREAD,credit_spread,FIRST_CUT,T05_1988,B02,1988,1989-06-06,0.3333333333333333,7,1.73,,12.99999999999999,37.999999999999986
BAA10Y_SPREAD,credit_spread,FIRST_CUT,T05_1988,B02,1988,1989-06-06,0.3333333333333333,8,1.67,,6.999999999999984,37.999999999999986
BAA10Y_SPREAD,credit_spread,FIRST_CUT,T05_1988,B02,1988,1989-06-06,0.3333333333333333,9,1.62,,2.0000000000000018,37.999999999999986
BAA10Y_SPREAD,credit_spread,FIRST_CUT,T05_1988,B02,1988,1989-06-06,0.3333333333333333,10,1.51,,-9.000000000000007,37.999999999999986
BAA10Y_SPREAD,credit_spread,FIRST_CUT,T05_1988,B02,1988,1989-06-06,0.3333333333333333,11,1.65,,4.999999999999982,37.999999999999986
BAA10Y_SPREAD,credit_spread,FIRST_CUT,T05_1988,B02,1988,1989-06-06,0.3333333333333333,12,1.74,,13.99999999999999,37.999999999999986
BAA10Y_SPREAD,credit_spread,FIRST_CUT,T06_1994,B03,1994,1995-07-06,1.0,1,1.7,,-3.0000000000000027,-3.0000000000000027
BAA10Y_SPREAD,credit_spread,FIRST_CUT,T06_1994,B03,1994,1995-07-06,1.0,2,1.73,,0.0,0.0
BAA10Y_SPREAD,credit_spread,FIRST_CUT,T06_1994,B03,1994,1995-07-06,1.0,3,1.71,,-2.0000000000000018,0.0
BAA10Y_SPREAD,credit_spread,FIRST_CUT,T06_1994,B03,1994,1995-07-06,1.0,4,1.75,,2.0000000000000018,2.0000000000000018
BAA10Y_SPREAD,credit_spread,FIRST_CUT,T06_1994,B03,1994,1995-07-06,1.0,5,1.78,,5.000000000000004,5.000000000000004
BAA10Y_SPREAD,credit_spread,FIRST_CUT,T06_1994,B03,1994,1995-07-06,1.0,6,1.82,,9.000000000000007,9.000000000000007
BAA10Y_SPREAD,credit_spread,FIRST_CUT,T06_1994,B03,1994,1995-07-06,1.0,7,1.82,,9.000000000000007,9.000000000000007
BAA10Y_SPREAD,credit_spread,FIRST_CUT,T06_1994,B03,1994,1995-07-06,1.0,8,1.76,,3.0000000000000027,9.000000000000007
BAA10Y_SPREAD,credit_spread,FIRST_CUT,T06_1994,B03,1994,1995-07-06,1.0,9,1.68,,-5.000000000000004,9.000000000000007
BAA10Y_SPREAD,credit_spread,FIRST_CUT,T06_1994,B03,1994,1995-07-06,1.0,10,1.56,,-16.999999999999993,9.000000000000007
BAA10Y_SPREAD,credit_spread,FIRST_CUT,T06_1994,B03,1994,1995-07-06,1.0,11,1.49,,-24.0,9.000000000000007
BAA10Y_SPREAD,credit_spread,FIRST_CUT,T06_1994,B03,1994,1995-07-06,1.0,12,1.48,,-25.0,9.000000000000007
BAA10Y_SPREAD,credit_spread,FIRST_CUT,T07_1999,B04,1999,2001-01-03,1.0,1,2.77,,-0.9999999999999787,-0.9999999999999787
BAA10Y_SPREAD,credit_spread,FIRST_CUT,T07_1999,B04,1999,2001-01-03,1.0,2,2.95,,17.000000000000036,17.000000000000036
BAA10Y_SPREAD,credit_spread,FIRST_CUT,T07_1999,B04,1999,2001-01-03,1.0,3,2.93,,15.000000000000036,17.000000000000036
BAA10Y_SPREAD,credit_spread,FIRST_CUT,T07_1999,B04,1999,2001-01-03,1.0,4,2.68,,-9.999999999999964,17.000000000000036
BAA10Y_SPREAD,credit_spread,FIRST_CUT,T07_1999,B04,1999,2001-01-03,1.0,5,2.69,,-8.999999999999986,17.000000000000036
BAA10Y_SPREAD,credit_spread,FIRST_CUT,T07_1999,B04,1999,2001-01-03,1.0,6,2.73,,-4.999999999999982,17.000000000000036
BAA10Y_SPREAD,credit_spread,FIRST_CUT,T07_1999,B04,1999,2001-01-03,1.0,7,2.88,,10.000000000000009,17.000000000000036
BAA10Y_SPREAD,credit_spread,FIRST_CUT,T07_1999,B04,1999,2001-01-03,1.0,8,3.3,,52.0,52.0
BAA10Y_SPREAD,credit_spread,FIRST_CUT,T07_1999,B04,1999,2001-01-03,1.0,9,3.34,,56.00000000000001,56.00000000000001
BAA10Y_SPREAD,credit_spread,FIRST_CUT,T07_1999,B04,1999,2001-01-03,1.0,10,3.16,,38.000000000000036,56.00000000000001
BAA10Y_SPREAD,credit_spread,FIRST_CUT,T07_1999,B04,1999,2001-01-03,1.0,11,2.96,,18.000000000000014,56.00000000000001
BAA10Y_SPREAD,credit_spread,FIRST_CUT,T07_1999,B04,1999,2001-01-03,1.0,12,2.83,,5.000000000000027,56.00000000000001
BAA10Y_SPREAD,credit_spread,FIRST_CUT,T08_2004,B05,2004,2007-09-18,1.0,1,1.95,,-3.0000000000000027,-3.0000000000000027
BAA10Y_SPREAD,credit_spread,FIRST_CUT,T08_2004,B05,2004,2007-09-18,1.0,2,2.25,,27.0,27.0
BAA10Y_SPREAD,credit_spread,FIRST_CUT,T08_2004,B05,2004,2007-09-18,1.0,3,2.55,,56.999999999999986,56.999999999999986
BAA10Y_SPREAD,credit_spread,FIRST_CUT,T08_2004,B05,2004,2007-09-18,1.0,4,2.8,,81.99999999999999,81.99999999999999
BAA10Y_SPREAD,credit_spread,FIRST_CUT,T08_2004,B05,2004,2007-09-18,1.0,5,3.08,,110.00000000000001,110.00000000000001
BAA10Y_SPREAD,credit_spread,FIRST_CUT,T08_2004,B05,2004,2007-09-18,1.0,6,3.38,,140.0,140.0
BAA10Y_SPREAD,credit_spread,FIRST_CUT,T08_2004,B05,2004,2007-09-18,1.0,7,3.29,,131.0,140.0
BAA10Y_SPREAD,credit_spread,FIRST_CUT,T08_2004,B05,2004,2007-09-18,1.0,8,3.05,,106.99999999999999,140.0
BAA10Y_SPREAD,credit_spread,FIRST_CUT,T08_2004,B05,2004,2007-09-18,1.0,9,2.97,,99.00000000000003,140.0
BAA10Y_SPREAD,credit_spread,FIRST_CUT,T08_2004,B05,2004,2007-09-18,1.0,10,3.15,,117.0,140.0
BAA10Y_SPREAD,credit_spread,FIRST_CUT,T08_2004,B05,2004,2007-09-18,1.0,11,3.26,,127.99999999999999,140.0
BAA10Y_SPREAD,credit_spread,FIRST_CUT,T08_2004,B05,2004,2007-09-18,1.0,12,3.62,,164.0,164.0
BAA10Y_SPREAD,credit_spread,FIRST_CUT,T09_2015,B06,2015,2019-07-31,1.0,1,2.24,,-14.999999999999991,-14.999999999999991
BAA10Y_SPREAD,credit_spread,FIRST_CUT,T09_2015,B06,2015,2019-07-31,1.0,2,2.21,,-18.000000000000014,-14.999999999999991
BAA10Y_SPREAD,credit_spread,FIRST_CUT,T09_2015,B06,2015,2019-07-31,1.0,3,2.21,,-18.000000000000014,-14.999999999999991
BAA10Y_SPREAD,credit_spread,FIRST_CUT,T09_2015,B06,2015,2019-07-31,1.0,4,2.13,,-26.00000000000002,-14.999999999999991
BAA10Y_SPREAD,credit_spread,FIRST_CUT,T09_2015,B06,2015,2019-07-31,1.0,5,2.02,,-37.000000000000014,-14.999999999999991
BAA10Y_SPREAD,credit_spread,FIRST_CUT,T09_2015,B06,2015,2019-07-31,1.0,6,2.01,,-38.000000000000036,-14.999999999999991
BAA10Y_SPREAD,credit_spread,FIRST_CUT,T09_2015,B06,2015,2019-07-31,1.0,7,2.11,,-28.000000000000025,-14.999999999999991
BAA10Y_SPREAD,credit_spread,FIRST_CUT,T09_2015,B06,2015,2019-07-31,1.0,8,3.42,,102.99999999999999,102.99999999999999
BAA10Y_SPREAD,credit_spread,FIRST_CUT,T09_2015,B06,2015,2019-07-31,1.0,9,3.47,,108.0,108.0
BAA10Y_SPREAD,credit_spread,FIRST_CUT,T09_2015,B06,2015,2019-07-31,1.0,10,3.28,,88.99999999999997,108.0
BAA10Y_SPREAD,credit_spread,FIRST_CUT,T09_2015,B06,2015,2019-07-31,1.0,11,2.91,,52.0,108.0
BAA10Y_SPREAD,credit_spread,FIRST_CUT,T09_2015,B06,2015,2019-07-31,1.0,12,2.69,,29.999999999999982,108.0
BAA10Y_SPREAD,credit_spread,FIRST_CUT,T10_2022,B07,2022,2024-09-18,1.0,1,1.53,,-19.999999999999996,-19.999999999999996
BAA10Y_SPREAD,credit_spread,FIRST_CUT,T10_2022,B07,2022,2024-09-18,1.0,2,1.42,,-31.000000000000007,-19.999999999999996
BAA10Y_SPREAD,credit_spread,FIRST_CUT,T10_2022,B07,2022,2024-09-18,1.0,3,1.41,,-32.00000000000001,-19.999999999999996
BAA10Y_SPREAD,credit_spread,FIRST_CUT,T10_2022,B07,2022,2024-09-18,1.0,4,1.45,,-28.000000000000004,-19.999999999999996
BAA10Y_SPREAD,credit_spread,FIRST_CUT,T10_2022,B07,2022,2024-09-18,1.0,5,1.47,,-26.0,-19.999999999999996
BAA10Y_SPREAD,credit_spread,FIRST_CUT,T10_2022,B07,2022,2024-09-18,1.0,6,1.65,,-8.000000000000007,-8.000000000000007
BAA10Y_SPREAD,credit_spread,FIRST_CUT,T10_2022,B07,2022,2024-09-18,1.0,7,1.9,,16.999999999999993,16.999999999999993
BAA10Y_SPREAD,credit_spread,FIRST_CUT,T10_2022,B07,2022,2024-09-18,1.0,8,1.87,,14.000000000000012,16.999999999999993
BAA10Y_SPREAD,credit_spread,FIRST_CUT,T10_2022,B07,2022,2024-09-18,1.0,9,1.77,,4.0000000000000036,16.999999999999993
BAA10Y_SPREAD,credit_spread,FIRST_CUT,T10_2022,B07,2022,2024-09-18,1.0,10,1.71,,-2.0000000000000018,16.999999999999993
BAA10Y_SPREAD,credit_spread,FIRST_CUT,T10_2022,B07,2022,2024-09-18,1.0,11,1.74,,1.0000000000000009,16.999999999999993
BAA10Y_SPREAD,credit_spread,FIRST_CUT,T10_2022,B07,2022,2024-09-18,1.0,12,1.71,,-2.0000000000000018,16.999999999999993
COPPER,price_asset,FIRST_HIKE,T06_1994,B03,1994,1994-02-04,1.0,1,1913.17391866455,,0.058715197203630165,0.0
COPPER,price_asset,FIRST_HIKE,T06_1994,B03,1994,1994-02-04,1.0,2,1881.36846713562,,0.04111464632893158,0.016624443401952238
COPPER,price_asset,FIRST_HIKE,T06_1994,B03,1994,1994-02-04,1.0,3,2144.50007046051,,0.18672682752523184,0.016624443401952238
COPPER,price_asset,FIRST_HIKE,T06_1994,B03,1994,1994-02-04,1.0,4,2363.09102303009,,0.30769103323538194,0.016624443401952238
COPPER,price_asset,FIRST_HIKE,T06_1994,B03,1994,1994-02-04,1.0,5,2447.23803404999,,0.35425643876224333,0.016624443401952238
COPPER,price_asset,FIRST_HIKE,T06_1994,B03,1994,1994-02-04,1.0,6,2409.74997397766,,0.3335112370191824,0.016624443401952238
COPPER,price_asset,FIRST_HIKE,T06_1994,B03,1994,1994-02-04,1.0,7,2504.84103139343,,0.3861328761822922,0.016624443401952238
COPPER,price_asset,FIRST_HIKE,T06_1994,B03,1994,1994-02-04,1.0,8,2546.02375416412,,0.4089226361900955,0.016624443401952238
COPPER,price_asset,FIRST_HIKE,T06_1994,B03,1994,1994-02-04,1.0,9,2803.54541098175,,0.5514303763500672,0.016624443401952238
COPPER,price_asset,FIRST_HIKE,T06_1994,B03,1994,1994-02-04,1.0,10,2980.69999645081,,0.6494644599535708,0.016624443401952238
COPPER,price_asset,FIRST_HIKE,T06_1994,B03,1994,1994-02-04,1.0,11,3003.26189506836,,0.6619497989554957,0.016624443401952238
COPPER,price_asset,FIRST_HIKE,T06_1994,B03,1994,1994-02-04,1.0,12,2870.45015814514,,0.5884542307398402,0.04422249592728145
COPPER,price_asset,FIRST_HIKE,T07_1999,B04,1999,1999-06-30,1.0,1,1639.18181818182,,0.08522935154989408,0.0
COPPER,price_asset,FIRST_HIKE,T07_1999,B04,1999,1999-06-30,1.0,2,1646.7380952381,,0.09023202639594241,0.0
COPPER,price_asset,FIRST_HIKE,T07_1999,B04,1999,1999-06-30,1.0,3,1749.68181818182,,0.15838648519799436,0.0
COPPER,price_asset,FIRST_HIKE,T07_1999,B04,1999,1999-06-30,1.0,4,1723.28571428571,,0.14091079922046612,0.015086230891705577
COPPER,price_asset,FIRST_HIKE,T07_1999,B04,1999,1999-06-30,1.0,5,1726.77272727273,,0.14321939537543527,0.015086230891705577
COPPER,price_asset,FIRST_HIKE,T07_1999,B04,1999,1999-06-30,1.0,6,1764.88235294118,,0.16845008296191355,0.015086230891705577
COPPER,price_asset,FIRST_HIKE,T07_1999,B04,1999,1999-06-30,1.0,7,1843.85,,0.22073104866108184,0.015086230891705577
COPPER,price_asset,FIRST_HIKE,T07_1999,B04,1999,1999-06-30,1.0,8,1807.025,,0.19635085457428314,0.0199717981397618
COPPER,price_asset,FIRST_HIKE,T07_1999,B04,1999,1999-06-30,1.0,9,1739.8,,0.15184417304040476,0.05643083764948342
COPPER,price_asset,FIRST_HIKE,T07_1999,B04,1999,1999-06-30,1.0,10,1681.9075,,0.11351612453612758,0.08782845676166706
COPPER,price_asset,FIRST_HIKE,T07_1999,B04,1999,1999-06-30,1.0,11,1785.09782608696,,0.18183384830748284,0.08782845676166706
COPPER,price_asset,FIRST_HIKE,T07_1999,B04,1999,1999-06-30,1.0,12,1752.07272727273,,0.1599693997310636,0.08782845676166706
COPPER,price_asset,FIRST_HIKE,T08_2004,B05,2004,2004-06-30,1.0,1,2816.795454545455,,0.032375373357130366,0.0
COPPER,price_asset,FIRST_HIKE,T08_2004,B05,2004,2004-06-30,1.0,2,2844.202380952381,,0.04242020491785414,0.0
COPPER,price_asset,FIRST_HIKE,T08_2004,B05,2004,2004-06-30,1.0,3,2903.170454545455,,0.06403241921391278,0.0
COPPER,price_asset,FIRST_HIKE,T08_2004,B05,2004,2004-06-30,1.0,4,3009.404761904762,,0.10296804109104296,0.0
COPPER,price_asset,FIRST_HIKE,T08_2004,B05,2004,2004-06-30,1.0,5,3130.309090909091,,0.1472803292250351,0.0
COPPER,price_asset,FIRST_HIKE,T08_2004,B05,2004,2004-06-30,1.0,6,3139.785714285714,,0.15075357843836312,0.0
COPPER,price_asset,FIRST_HIKE,T08_2004,B05,2004,2004-06-30,1.0,7,3168.1,,0.16113096357595147,0.0
COPPER,price_asset,FIRST_HIKE,T08_2004,B05,2004,2004-06-30,1.0,8,3247.1,,0.19008501998910132,0.0
COPPER,price_asset,FIRST_HIKE,T08_2004,B05,2004,2004-06-30,1.0,9,3378.904761904762,,0.23839239355507935,0.0
COPPER,price_asset,FIRST_HIKE,T08_2004,B05,2004,2004-06-30,1.0,10,3389.809523809524,,0.24238906559764195,0.0
COPPER,price_asset,FIRST_HIKE,T08_2004,B05,2004,2004-06-30,1.0,11,3241.9,,0.1881791833644384,0.04363357963644532
COPPER,price_asset,FIRST_HIKE,T08_2004,B05,2004,2004-06-30,1.0,12,3529.727272727273,,0.29366990604530585,0.04363357963644532
COPPER,price_asset,FIRST_HIKE,T09_2015,B06,2015,2015-12-16,1.0,1,4471.7875,,-0.06835911922855609,0.06835911922855609
COPPER,price_asset,FIRST_HIKE,T09_2015,B06,2015,2015-12-16,1.0,2,4598.619047619048,,-0.041935355860235446,0.06835911922855609
COPPER,price_asset,FIRST_HIKE,T09_2015,B06,2015,2015-12-16,1.0,3,4953.797619047619,,0.032061648048572255,0.06835911922855609
COPPER,price_asset,FIRST_HIKE,T09_2015,B06,2015,2015-12-16,1.0,4,4872.738095238095,,0.015173912180797222,0.06835911922855609
COPPER,price_asset,FIRST_HIKE,T09_2015,B06,2015,2015-12-16,1.0,5,4694.5375,,-0.021951948451358172,0.06835911922855609
COPPER,price_asset,FIRST_HIKE,T09_2015,B06,2015,2015-12-16,1.0,6,4641.965909090909,,-0.03290458053821421,0.06835911922855609
COPPER,price_asset,FIRST_HIKE,T09_2015,B06,2015,2015-12-16,1.0,7,4864.904761904762,,0.013541935355860124,0.06835911922855609
COPPER,price_asset,FIRST_HIKE,T09_2015,B06,2015,2015-12-16,1.0,8,4751.670454545455,,-0.01004901341837594,0.06835911922855609
COPPER,price_asset,FIRST_HIKE,T09_2015,B06,2015,2015-12-16,1.0,9,4722.204545454545,,-0.01618786628161828,0.06835911922855609
COPPER,price_asset,FIRST_HIKE,T09_2015,B06,2015,2015-12-16,1.0,10,4731.261904761905,,-0.01430087898569432,0.06835911922855609
COPPER,price_asset,FIRST_HIKE,T09_2015,B06,2015,2015-12-16,1.0,11,5450.931818181818,,0.13563332786184423,0.06835911922855609
COPPER,price_asset,FIRST_HIKE,T09_2015,B06,2015,2015-12-16,1.0,12,5660.35,,0.17926298140836128,0.06835911922855609
COPPER,price_asset,FIRST_HIKE,T10_2022,B07,2022,2022-03-16,1.0,1,10174.34761904762,,0.02324937648664749,0.0
COPPER,price_asset,FIRST_HIKE,T10_2022,B07,2022,2022-03-16,1.0,2,9395.027272727271,,-0.055128037802083085,0.07659659130000285
COPPER,price_asset,FIRST_HIKE,T10_2022,B07,2022,2022-03-16,1.0,3,9067.55181818182,,-0.0880627346715892,0.10878297482127919
COPPER,price_asset,FIRST_HIKE,T10_2022,B07,2022,2022-03-16,1.0,4,7544.809523809524,,-0.2412072075760987,0.25844783308909947
COPPER,price_asset,FIRST_HIKE,T10_2022,B07,2022,2022-03-16,1.0,5,7990.812173913043,,-0.19635205315072468,0.25844783308909947
COPPER,price_asset,FIRST_HIKE,T10_2022,B07,2022,2022-03-16,1.0,6,7746.011363636364,,-0.22097203723796832,0.25844783308909947
COPPER,price_asset,FIRST_HIKE,T10_2022,B07,2022,2022-03-16,1.0,7,7651.082857142857,,-0.23051913929475665,0.25844783308909947
COPPER,price_asset,FIRST_HIKE,T10_2022,B07,2022,2022-03-16,1.0,8,8049.861363636364,,-0.1904133877120372,0.25844783308909947
COPPER,price_asset,FIRST_HIKE,T10_2022,B07,2022,2022-03-16,1.0,9,8371.091363636364,,-0.1581068055589523,0.25844783308909947
COPPER,price_asset,FIRST_HIKE,T10_2022,B07,2022,2022-03-16,1.0,10,9007.346363636363,,-0.0941176873949856,0.25844783308909947
COPPER,price_asset,FIRST_HIKE,T10_2022,B07,2022,2022-03-16,1.0,11,8936.587,,-0.10123406256050005,0.25844783308909947
COPPER,price_asset,FIRST_HIKE,T10_2022,B07,2022,2022-03-16,1.0,12,8856.310869565217,,-0.10930755321462027,0.25844783308909947
COPPER,price_asset,LAST_HIKE,T06_1994,B03,1994,1995-02-01,1.0,1,2919.67397804871,,-0.027832376908890066,0.027832376908890066
COPPER,price_asset,LAST_HIKE,T06_1994,B03,1994,1995-02-01,1.0,2,2894.88882296448,,-0.03608512207404857,0.03608512207404857
COPPER,price_asset,LAST_HIKE,T06_1994,B03,1994,1995-02-01,1.0,3,2771.57125569763,,-0.07714633204356502,0.07714633204356502
COPPER,price_asset,LAST_HIKE,T06_1994,B03,1994,1995-02-01,1.0,4,2987.68194348755,,-0.005187676641319139,0.07714633204356502
COPPER,price_asset,LAST_HIKE,T06_1994,B03,1994,1995-02-01,1.0,5,3076.4500581665,,0.02436955738636115,0.07714633204356502
COPPER,price_asset,LAST_HIKE,T06_1994,B03,1994,1995-02-01,1.0,6,3040.13619641418,,0.012278083841562815,0.07714633204356502
COPPER,price_asset,LAST_HIKE,T06_1994,B03,1994,1995-02-01,1.0,7,2910.42504276428,,-0.030912006860449592,0.07714633204356502
COPPER,price_asset,LAST_HIKE,T06_1994,B03,1994,1995-02-01,1.0,8,2810.06817431793,,-0.0643279632281396,0.08658742343027936
COPPER,price_asset,LAST_HIKE,T06_1994,B03,1994,1995-02-01,1.0,9,2981.61903664856,,-0.007206450578066348,0.08658742343027936
COPPER,price_asset,LAST_HIKE,T06_1994,B03,1994,1995-02-01,1.0,10,2918.21064537659,,-0.028319624682559996,0.08658742343027936
COPPER,price_asset,LAST_HIKE,T06_1994,B03,1994,1995-02-01,1.0,11,2604.99992943115,,-0.1326098021258798,0.15324485033777036
COPPER,price_asset,LAST_HIKE,T06_1994,B03,1994,1995-02-01,1.0,12,2544.66672335968,,-0.15269902783428135,0.17285615717869052
COPPER,price_asset,LAST_HIKE,T07_1999,B04,1999,2000-05-16,1.0,1,1752.07272727273,,0.041717649319436445,0.0
COPPER,price_asset,LAST_HIKE,T07_1999,B04,1999,2000-05-16,1.0,2,1803.14285714286,,0.07208205988906058,0.0
COPPER,price_asset,LAST_HIKE,T07_1999,B04,1999,2000-05-16,1.0,3,1857.12391304348,,0.1041771994259375,0.0
COPPER,price_asset,LAST_HIKE,T07_1999,B04,1999,2000-05-16,1.0,4,1961.89285714286,,0.16646893907236882,0.0
COPPER,price_asset,LAST_HIKE,T07_1999,B04,1999,2000-05-16,1.0,5,1894.37272727273,,0.12632396684878922,0.03441580901031516
COPPER,price_asset,LAST_HIKE,T07_1999,B04,1999,2000-05-16,1.0,6,1795.60227272727,,0.06759870725784256,0.08476027822322674
COPPER,price_asset,LAST_HIKE,T07_1999,B04,1999,2000-05-16,1.0,7,1852.4,,0.10136853542778068,0.08476027822322674
COPPER,price_asset,LAST_HIKE,T07_1999,B04,1999,2000-05-16,1.0,8,1787.05681818182,,0.06251789600903734,0.08911599750439836
COPPER,price_asset,LAST_HIKE,T07_1999,B04,1999,2000-05-16,1.0,9,1766.125,,0.050072611008631585,0.09978519287131726
COPPER,price_asset,LAST_HIKE,T07_1999,B04,1999,2000-05-16,1.0,10,1742.15909090909,,0.035823367758982094,0.11200090027024834
COPPER,price_asset,LAST_HIKE,T07_1999,B04,1999,2000-05-16,1.0,11,1665.97222222222,,-0.009474526855834942,0.15083424858969863
COPPER,price_asset,LAST_HIKE,T07_1999,B04,1999,2000-05-16,1.0,12,1684.85,,0.001749501681870047,0.15083424858969863
COPPER,price_asset,LAST_HIKE,T08_2004,B05,2004,2006-06-29,1.0,1,7726.738095238095,,-0.041251336835201435,0.041251336835201435
COPPER,price_asset,LAST_HIKE,T08_2004,B05,2004,2006-06-29,1.0,2,7690.25,,-0.045778850528529924,0.045778850528529924
COPPER,price_asset,LAST_HIKE,T08_2004,B05,2004,2006-06-29,1.0,3,7622.642857142857,,-0.054167676063411774,0.054167676063411774
COPPER,price_asset,LAST_HIKE,T08_2004,B05,2004,2006-06-29,1.0,4,7497.409090909091,,-0.06970692490034502,0.06970692490034502
COPPER,price_asset,LAST_HIKE,T08_2004,B05,2004,2006-06-29,1.0,5,7029.295454545455,,-0.12779137367303495,0.12779137367303495
COPPER,price_asset,LAST_HIKE,T08_2004,B05,2004,2006-06-29,1.0,6,6680.973684210526,,-0.1710118151508716,0.1710118151508716
COPPER,price_asset,LAST_HIKE,T08_2004,B05,2004,2006-06-29,1.0,7,5689.340909090909,,-0.2940555349945989,0.2940555349945989
COPPER,price_asset,LAST_HIKE,T08_2004,B05,2004,2006-06-29,1.0,8,5718.15,,-0.29048084706605304,0.2940555349945989
COPPER,price_asset,LAST_HIKE,T08_2004,B05,2004,2006-06-29,1.0,9,6465.295454545455,,-0.19777358859477467,0.2940555349945989
COPPER,price_asset,LAST_HIKE,T08_2004,B05,2004,2006-06-29,1.0,10,7753.342105263158,,-0.03795025962358067,0.2940555349945989
COPPER,price_asset,LAST_HIKE,T08_2004,B05,2004,2006-06-29,1.0,11,7677.952380952381,,-0.0473047629739487,0.2940555349945989
COPPER,price_asset,LAST_HIKE,T08_2004,B05,2004,2006-06-29,1.0,12,7514.238095238095,,-0.06761874937220447,0.2940555349945989
COPPER,price_asset,LAST_HIKE,T09_2015,B06,2015,2018-12-19,1.0,1,5939.102272727273,,-0.041449560836400834,0.041449560836400834
COPPER,price_asset,LAST_HIKE,T09_2015,B06,2015,2018-12-19,1.0,2,6300.4875,,0.01687675725046356,0.041449560836400834
COPPER,price_asset,LAST_HIKE,T09_2015,B06,2015,2018-12-19,1.0,3,6439.464285714286,,0.03930712683539417,0.041449560836400834
COPPER,price_asset,LAST_HIKE,T09_2015,B06,2015,2018-12-19,1.0,4,6438.3625,,0.0391293024552446,0.041449560836400834
COPPER,price_asset,LAST_HIKE,T09_2015,B06,2015,2018-12-19,1.0,5,6017.904761904762,,-0.028731113310226042,0.06546499912185832
COPPER,price_asset,LAST_HIKE,T09_2015,B06,2015,2018-12-19,1.0,6,5882.225,,-0.0506293547257084,0.0865350378525277
COPPER,price_asset,LAST_HIKE,T09_2015,B06,2015,2018-12-19,1.0,7,5941.195652173913,,-0.0411116966785251,0.0865350378525277
COPPER,price_asset,LAST_HIKE,T09_2015,B06,2015,2018-12-19,1.0,8,5709.440476190476,,-0.07851617559068036,0.11336716489651799
COPPER,price_asset,LAST_HIKE,T09_2015,B06,2015,2018-12-19,1.0,9,5759.25,,-0.07047709178143247,0.11336716489651799
COPPER,price_asset,LAST_HIKE,T09_2015,B06,2015,2018-12-19,1.0,10,5757.297826086957,,-0.07079216585757098,0.11336716489651799
COPPER,price_asset,LAST_HIKE,T09_2015,B06,2015,2018-12-19,1.0,11,5859.952380952381,,-0.05422407793285999,0.11336716489651799
COPPER,price_asset,LAST_HIKE,T09_2015,B06,2015,2018-12-19,1.0,12,6077.0625,,-0.019183260246386502,0.11336716489651799
COPPER,price_asset,LAST_HIKE,T10_2022,B07,2022,2023-07-26,1.0,1,8347.828260869564,,-0.0057987689640688345,0.0057987689640688345
COPPER,price_asset,LAST_HIKE,T10_2022,B07,2022,2023-07-26,1.0,2,8276.71380952381,,-0.014268286168179212,0.014268286168179212
COPPER,price_asset,LAST_HIKE,T10_2022,B07,2022,2023-07-26,1.0,3,7941.355909090909,,-0.054208403169733854,0.054208403169733854
COPPER,price_asset,LAST_HIKE,T10_2022,B07,2022,2023-07-26,1.0,4,8189.587727272727,,-0.024644740441370216,0.054208403169733854
COPPER,price_asset,LAST_HIKE,T10_2022,B07,2022,2023-07-26,1.0,5,8407.900476190476,,0.001355651150568793,0.054208403169733854
COPPER,price_asset,LAST_HIKE,T10_2022,B07,2022,2023-07-26,1.0,6,8351.339565217391,,-0.005380583180166765,0.054208403169733854
COPPER,price_asset,LAST_HIKE,T10_2022,B07,2022,2023-07-26,1.0,7,8304.950476190475,,-0.010905384119518025,0.054208403169733854
COPPER,price_asset,LAST_HIKE,T10_2022,B07,2022,2023-07-26,1.0,8,8692.819047619048,,0.035288595816799884,0.054208403169733854
COPPER,price_asset,LAST_HIKE,T10_2022,B07,2022,2023-07-26,1.0,9,9445.593636363636,,0.12494178457855276,0.054208403169733854
COPPER,price_asset,LAST_HIKE,T10_2022,B07,2022,2023-07-26,1.0,10,10117.163478260873,,0.20492373229908356,0.054208403169733854
COPPER,price_asset,LAST_HIKE,T10_2022,B07,2022,2023-07-26,1.0,11,9648.167,,0.14906766273615912,0.054208403169733854
COPPER,price_asset,LAST_HIKE,T10_2022,B07,2022,2023-07-26,1.0,12,9385.31304347826,,0.11776254732290115,0.0723375120264852
COPPER,price_asset,PAUSE_START,T06_1994,B03,1994,1995-03-28,1.0,1,2894.88882296448,,0.008513878824891963,0.0
COPPER,price_asset,PAUSE_START,T06_1994,B03,1994,1995-03-28,1.0,2,2771.57125569763,,-0.03444717622667404,0.04259837762631857
COPPER,price_asset,PAUSE_START,T06_1994,B03,1994,1995-03-28,1.0,3,2987.68194348755,,0.04084090608915658,0.04259837762631857
COPPER,price_asset,PAUSE_START,T06_1994,B03,1994,1995-03-28,1.0,4,3076.4500581665,,0.07176571223047312,0.04259837762631857
COPPER,price_asset,PAUSE_START,T06_1994,B03,1994,1995-03-28,1.0,5,3040.13619641418,,0.059114783020197015,0.04259837762631857
COPPER,price_asset,PAUSE_START,T06_1994,B03,1994,1995-03-28,1.0,6,2910.42504276428,,0.013926346885246632,0.053966426323581396
COPPER,price_asset,PAUSE_START,T06_1994,B03,1994,1995-03-28,1.0,7,2810.06817431793,,-0.021035719312481826,0.08658742343027936
COPPER,price_asset,PAUSE_START,T06_1994,B03,1994,1995-03-28,1.0,8,2981.61903664856,,0.038728726289836146,0.08658742343027936
COPPER,price_asset,PAUSE_START,T06_1994,B03,1994,1995-03-28,1.0,9,2918.21064537659,,0.016638674981318102,0.08658742343027936
COPPER,price_asset,PAUSE_START,T06_1994,B03,1994,1995-03-28,1.0,10,2604.99992943115,,-0.09247686393743948,0.15324485033777036
COPPER,price_asset,PAUSE_START,T06_1994,B03,1994,1995-03-28,1.0,11,2544.66672335968,,-0.11349559018156874,0.17285615717869052
COPPER,price_asset,PAUSE_START,T06_1994,B03,1994,1995-03-28,1.0,12,2563.34994940033,,-0.10698677622859531,0.17285615717869052
COPPER,price_asset,PAUSE_START,T07_1999,B04,1999,2000-06-28,1.0,1,1803.14285714286,,0.010108707092796099,0.0
COPPER,price_asset,PAUSE_START,T07_1999,B04,1999,2000-06-28,1.0,2,1857.12391304348,,0.04034853771258318,0.0
COPPER,price_asset,PAUSE_START,T07_1999,B04,1999,2000-06-28,1.0,3,1961.89285714286,,0.09903940751720341,0.0
COPPER,price_asset,PAUSE_START,T07_1999,B04,1999,2000-06-28,1.0,4,1894.37272727273,,0.06121507717328134,0.03441580901031516
COPPER,price_asset,PAUSE_START,T07_1999,B04,1999,2000-06-28,1.0,5,1795.60227272727,,0.005884521557754985,0.08476027822322674
COPPER,price_asset,PAUSE_START,T07_1999,B04,1999,2000-06-28,1.0,6,1852.4,,0.03770223285777585,0.08476027822322674
COPPER,price_asset,PAUSE_START,T07_1999,B04,1999,2000-06-28,1.0,7,1787.05681818182,,0.0010974144196647106,0.08911599750439836
COPPER,price_asset,PAUSE_START,T07_1999,B04,1999,2000-06-28,1.0,8,1766.125,,-0.010628451735079092,0.09978519287131726
COPPER,price_asset,PAUSE_START,T07_1999,B04,1999,2000-06-28,1.0,9,1742.15909090909,,-0.024053995557203778,0.11200090027024834
COPPER,price_asset,PAUSE_START,T07_1999,B04,1999,2000-06-28,1.0,10,1665.97222222222,,-0.06673337568612159,0.15083424858969863
COPPER,price_asset,PAUSE_START,T07_1999,B04,1999,2000-06-28,1.0,11,1684.85,,-0.056158169385433165,0.15083424858969863
COPPER,price_asset,PAUSE_START,T07_1999,B04,1999,2000-06-28,1.0,12,1610.46904761905,,-0.09782588713958984,0.17912487333054217
COPPER,price_asset,PAUSE_START,T08_2004,B05,2004,2006-08-08,1.0,1,7622.642857142857,,-0.013472080561316213,0.013472080561316213
COPPER,price_asset,PAUSE_START,T08_2004,B05,2004,2006-08-08,1.0,2,7497.409090909091,,-0.029679924633441046,0.029679924633441046
COPPER,price_asset,PAUSE_START,T08_2004,B05,2004,2006-08-08,1.0,3,7029.295454545455,,-0.0902635280368137,0.0902635280368137
COPPER,price_asset,PAUSE_START,T08_2004,B05,2004,2006-08-08,1.0,4,6680.973684210526,,-0.13534358200546004,0.13534358200546004
COPPER,price_asset,PAUSE_START,T08_2004,B05,2004,2006-08-08,1.0,5,5689.340909090909,,-0.26368140876973845,0.26368140876973845
COPPER,price_asset,PAUSE_START,T08_2004,B05,2004,2006-08-08,1.0,6,5718.15,,-0.2599529155098407,0.26368140876973845
COPPER,price_asset,PAUSE_START,T08_2004,B05,2004,2006-08-08,1.0,7,6465.295454545455,,-0.1632568135666529,0.26368140876973845
COPPER,price_asset,PAUSE_START,T08_2004,B05,2004,2006-08-08,1.0,8,7753.342105263158,,0.0034431101063796543,0.26368140876973845
COPPER,price_asset,PAUSE_START,T08_2004,B05,2004,2006-08-08,1.0,9,7677.952380952381,,-0.006313882220982836,0.26368140876973845
COPPER,price_asset,PAUSE_START,T08_2004,B05,2004,2006-08-08,1.0,10,7514.238095238095,,-0.02750190279271425,0.26368140876973845
COPPER,price_asset,PAUSE_START,T08_2004,B05,2004,2006-08-08,1.0,11,7980.931818181818,,0.03289793439490074,0.26368140876973845
COPPER,price_asset,PAUSE_START,T08_2004,B05,2004,2006-08-08,1.0,12,7500.204545454545,,-0.02931813489616797,0.26368140876973845
COPPER,price_asset,PAUSE_START,T09_2015,B06,2015,2019-01-30,1.0,1,6300.4875,,0.03706337552303984,0.0
COPPER,price_asset,PAUSE_START,T09_2015,B06,2015,2019-01-30,1.0,2,6439.464285714286,,0.05993902356014802,0.0
COPPER,price_asset,PAUSE_START,T09_2015,B06,2015,2019-01-30,1.0,3,6438.3625,,0.05975766908369495,0.000171098971187722
COPPER,price_asset,PAUSE_START,T09_2015,B06,2015,2019-01-30,1.0,4,6017.904761904762,,-0.009449883686440508,0.06546499912185832
COPPER,price_asset,PAUSE_START,T09_2015,B06,2015,2019-01-30,1.0,5,5882.225,,-0.03178283996500064,0.0865350378525277
COPPER,price_asset,PAUSE_START,T09_2015,B06,2015,2019-01-30,1.0,6,5941.195652173913,,-0.02207624129302921,0.0865350378525277
COPPER,price_asset,PAUSE_START,T09_2015,B06,2015,2019-01-30,1.0,7,5709.440476190476,,-0.06022325850404964,0.11336716489651799
COPPER,price_asset,PAUSE_START,T09_2015,B06,2015,2019-01-30,1.0,8,5759.25,,-0.052024586116381166,0.11336716489651799
COPPER,price_asset,PAUSE_START,T09_2015,B06,2015,2019-01-30,1.0,9,5757.297826086957,,-0.05234591491321938,0.11336716489651799
COPPER,price_asset,PAUSE_START,T09_2015,B06,2015,2019-01-30,1.0,10,5859.952380952381,,-0.03544892413567213,0.11336716489651799
COPPER,price_asset,PAUSE_START,T09_2015,B06,2015,2019-01-30,1.0,11,6077.0625,,0.00028750942121269496,0.11336716489651799
COPPER,price_asset,PAUSE_START,T09_2015,B06,2015,2019-01-30,1.0,12,6031.209090909091,,-0.007259984516527318,0.11336716489651799
COPPER,price_asset,PAUSE_START,T10_2022,B07,2022,2023-09-20,1.0,1,7941.355909090909,,-0.048691987793279545,0.048691987793279545
COPPER,price_asset,PAUSE_START,T10_2022,B07,2022,2023-09-20,1.0,2,8189.587727272727,,-0.018955892317357614,0.048691987793279545
COPPER,price_asset,PAUSE_START,T10_2022,B07,2022,2023-09-20,1.0,3,8407.900476190476,,0.0071961489196537,0.048691987793279545
COPPER,price_asset,PAUSE_START,T10_2022,B07,2022,2023-09-20,1.0,4,8351.339565217391,,0.0004206248904623511,0.048691987793279545
COPPER,price_asset,PAUSE_START,T10_2022,B07,2022,2023-09-20,1.0,5,8304.950476190475,,-0.005136399952078374,0.048691987793279545
COPPER,price_asset,PAUSE_START,T10_2022,B07,2022,2023-09-20,1.0,6,8692.819047619048,,0.041327010567122846,0.048691987793279545
COPPER,price_asset,PAUSE_START,T10_2022,B07,2022,2023-09-20,1.0,7,9445.593636363636,,0.13150310969379242,0.048691987793279545
COPPER,price_asset,PAUSE_START,T10_2022,B07,2022,2023-09-20,1.0,8,10117.163478260873,,0.21195155938761512,0.048691987793279545
COPPER,price_asset,PAUSE_START,T10_2022,B07,2022,2023-09-20,1.0,9,9648.167,,0.1557697042266395,0.048691987793279545
COPPER,price_asset,PAUSE_START,T10_2022,B07,2022,2023-09-20,1.0,10,9385.31304347826,,0.124281998884896,0.0723375120264852
COPPER,price_asset,PAUSE_START,T10_2022,B07,2022,2023-09-20,1.0,11,8981.117727272727,,0.07586278090694631,0.11228895860279509
COPPER,price_asset,PAUSE_START,T10_2022,B07,2022,2023-09-20,1.0,12,9259.128571428571,,0.10916615460702839,0.11228895860279509
COPPER,price_asset,FIRST_CUT,T06_1994,B03,1994,1995-07-06,1.0,1,3040.13619641418,,0.017556839690037407,0.0
COPPER,price_asset,FIRST_CUT,T06_1994,B03,1994,1995-07-06,1.0,2,2910.42504276428,,-0.025858475629131794,0.04266623113888568
COPPER,price_asset,FIRST_CUT,T06_1994,B03,1994,1995-07-06,1.0,3,2810.06817431793,,-0.05944868715251872,0.07567687999228923
COPPER,price_asset,FIRST_CUT,T06_1994,B03,1994,1995-07-06,1.0,4,2981.61903664856,,-0.002029301295677133,0.07567687999228923
COPPER,price_asset,FIRST_CUT,T06_1994,B03,1994,1995-07-06,1.0,5,2918.21064537659,,-0.02325257488080057,0.07567687999228923
COPPER,price_asset,FIRST_CUT,T06_1994,B03,1994,1995-07-06,1.0,6,2604.99992943115,,-0.12808659733361427,0.14313051747361527
COPPER,price_asset,FIRST_CUT,T06_1994,B03,1994,1995-07-06,1.0,7,2544.66672335968,,-0.14828058290928192,0.16297607772931455
COPPER,price_asset,FIRST_CUT,T06_1994,B03,1994,1995-07-06,1.0,8,2563.34994940033,,-0.1420271642408808,0.16297607772931455
COPPER,price_asset,FIRST_CUT,T06_1994,B03,1994,1995-07-06,1.0,9,2594.17496803894,,-0.1317097947143817,0.16297607772931455
COPPER,price_asset,FIRST_CUT,T06_1994,B03,1994,1995-07-06,1.0,10,2658.76193080902,,-0.11009204423365704,0.16297607772931455
COPPER,price_asset,FIRST_CUT,T06_1994,B03,1994,1995-07-06,1.0,11,2177.59998270721,,-0.27114062878953027,0.28371630676425796
COPPER,price_asset,FIRST_CUT,T06_1994,B03,1994,1995-07-06,1.0,12,1983.93479971771,,-0.3359618469287786,0.3474191050855724
COPPER,price_asset,FIRST_CUT,T07_1999,B04,1999,2001-01-03,1.0,1,1766.125,,-0.046574713884690144,0.046574713884690144
COPPER,price_asset,FIRST_CUT,T07_1999,B04,1999,2001-01-03,1.0,2,1742.15909090909,,-0.05951247521642733,0.05951247521642733
COPPER,price_asset,FIRST_CUT,T07_1999,B04,1999,2001-01-03,1.0,3,1665.97222222222,,-0.10064121020178152,0.10064121020178152
COPPER,price_asset,FIRST_CUT,T07_1999,B04,1999,2001-01-03,1.0,4,1684.85,,-0.09045022673288716,0.10064121020178152
COPPER,price_asset,FIRST_CUT,T07_1999,B04,1999,2001-01-03,1.0,5,1610.46904761905,,-0.13060405548528942,0.13060405548528942
COPPER,price_asset,FIRST_CUT,T07_1999,B04,1999,2001-01-03,1.0,6,1526.77045454545,,-0.17578792132074605,0.17578792132074605
COPPER,price_asset,FIRST_CUT,T07_1999,B04,1999,2001-01-03,1.0,7,1466.41136363636,,-0.20837218546946668,0.20837218546946668
COPPER,price_asset,FIRST_CUT,T07_1999,B04,1999,2001-01-03,1.0,8,1427.69736842105,,-0.22927155667185817,0.22927155667185817
COPPER,price_asset,FIRST_CUT,T07_1999,B04,1999,2001-01-03,1.0,9,1377.37608695652,,-0.2564370076892032,0.2564370076892032
COPPER,price_asset,FIRST_CUT,T07_1999,B04,1999,2001-01-03,1.0,10,1434.29318181818,,-0.22571087140024837,0.2564370076892032
COPPER,price_asset,FIRST_CUT,T07_1999,B04,1999,2001-01-03,1.0,11,1472.84705882353,,-0.20489793844551396,0.2564370076892032
COPPER,price_asset,FIRST_CUT,T07_1999,B04,1999,2001-01-03,1.0,12,1508.22727272727,,-0.18579827643744873,0.2564370076892032
COPPER,price_asset,FIRST_CUT,T08_2004,B05,2004,2007-09-18,1.0,1,8020.586956521739,,0.069382429227556,0.0
COPPER,price_asset,FIRST_CUT,T08_2004,B05,2004,2007-09-18,1.0,2,6957.431818181818,,-0.07236772330451591,0.13255328370643038
COPPER,price_asset,FIRST_CUT,T08_2004,B05,2004,2007-09-18,1.0,3,6630.736111111111,,-0.11592596296195279,0.17328542822922766
COPPER,price_asset,FIRST_CUT,T08_2004,B05,2004,2007-09-18,1.0,4,7078.909090909091,,-0.05617119533103632,0.17328542822922766
COPPER,price_asset,FIRST_CUT,T08_2004,B05,2004,2007-09-18,1.0,5,7941.142857142857,,0.058790171523460666,0.17328542822922766
COPPER,price_asset,FIRST_CUT,T08_2004,B05,2004,2007-09-18,1.0,6,8434.315789473683,,0.12454476919369495,0.17328542822922766
COPPER,price_asset,FIRST_CUT,T08_2004,B05,2004,2007-09-18,1.0,7,8714.181818181818,,0.1618592220212176,0.17328542822922766
COPPER,price_asset,FIRST_CUT,T08_2004,B05,2004,2007-09-18,1.0,8,8356.125,,0.1141196149195931,0.17328542822922766
COPPER,price_asset,FIRST_CUT,T08_2004,B05,2004,2007-09-18,1.0,9,8292.0,,0.10556984809505199,0.17328542822922766
COPPER,price_asset,FIRST_CUT,T08_2004,B05,2004,2007-09-18,1.0,10,8407.021739130436,,0.12090566172964734,0.17328542822922766
COPPER,price_asset,FIRST_CUT,T08_2004,B05,2004,2007-09-18,1.0,11,7633.8,,0.017812241484323144,0.17328542822922766
COPPER,price_asset,FIRST_CUT,T08_2004,B05,2004,2007-09-18,1.0,12,6975.113636363636,,-0.07001021184270728,0.19956758053747292
COPPER,price_asset,FIRST_CUT,T09_2015,B06,2015,2019-07-31,1.0,1,5709.440476190476,,-0.029374007932291613,0.029374007932291613
COPPER,price_asset,FIRST_CUT,T09_2015,B06,2015,2019-07-31,1.0,2,5759.25,,-0.020906204709952525,0.029374007932291613
COPPER,price_asset,FIRST_CUT,T09_2015,B06,2015,2019-07-31,1.0,3,5757.297826086957,,-0.021238081493489935,0.029374007932291613
COPPER,price_asset,FIRST_CUT,T09_2015,B06,2015,2019-07-31,1.0,4,5859.952380952381,,-0.0037864275928954916,0.029374007932291613
COPPER,price_asset,FIRST_CUT,T09_2015,B06,2015,2019-07-31,1.0,5,6077.0625,,0.03312309542732539,0.029374007932291613
COPPER,price_asset,FIRST_CUT,T09_2015,B06,2015,2019-07-31,1.0,6,6031.209090909091,,0.02532784633520313,0.029374007932291613
COPPER,price_asset,FIRST_CUT,T09_2015,B06,2015,2019-07-31,1.0,7,5687.75,,-0.03306146908695273,0.06406261248752998
COPPER,price_asset,FIRST_CUT,T09_2015,B06,2015,2019-07-31,1.0,8,5182.631818181818,,-0.11893342771114379,0.14718141895334824
COPPER,price_asset,FIRST_CUT,T09_2015,B06,2015,2019-07-31,1.0,9,5057.972,,-0.14012605774175602,0.16769458928553072
COPPER,price_asset,FIRST_CUT,T09_2015,B06,2015,2019-07-31,1.0,10,5239.826315789474,,-0.10921015163658754,0.16769458928553072
COPPER,price_asset,FIRST_CUT,T09_2015,B06,2015,2019-07-31,1.0,11,5754.595454545455,,-0.021697494647781257,0.16769458928553072
COPPER,price_asset,FIRST_CUT,T09_2015,B06,2015,2019-07-31,1.0,12,6372.460869565217,,0.0833419105126405,0.16769458928553072
COPPER,price_asset,FIRST_CUT,T10_2022,B07,2022,2024-09-18,1.0,1,9533.991304347826,,0.061559551256766376,0.0
COPPER,price_asset,FIRST_CUT,T10_2022,B07,2022,2024-09-18,1.0,2,9075.727142857144,,0.0105342584806698,0.04806634984885061
COPPER,price_asset,FIRST_CUT,T10_2022,B07,2022,2024-09-18,1.0,3,8909.907727272726,,-0.007928857204906659,0.06545879444954983
COPPER,price_asset,FIRST_CUT,T10_2022,B07,2022,2024-09-18,1.0,4,8976.68043478261,,-0.0004940690707843087,0.06545879444954983
COPPER,price_asset,FIRST_CUT,T10_2022,B07,2022,2024-09-18,1.0,5,9330.975,,0.038954758566950964,0.06545879444954983
COPPER,price_asset,FIRST_CUT,T10_2022,B07,2022,2024-09-18,1.0,6,9735.823333333332,,0.08403248114305528,0.06545879444954983
COPPER,price_asset,FIRST_CUT,T10_2022,B07,2022,2024-09-18,1.0,7,9172.695909090908,,0.021331218188624712,0.06545879444954983
COPPER,price_asset,FIRST_CUT,T10_2022,B07,2022,2024-09-18,1.0,8,9531.200909090909,,0.06124885549019776,0.06545879444954983
COPPER,price_asset,FIRST_CUT,T10_2022,B07,2022,2024-09-18,1.0,9,9835.068095238095,,0.09508286094192919,0.06545879444954983
COPPER,price_asset,FIRST_CUT,T10_2022,B07,2022,2024-09-18,1.0,10,9770.580434782609,,0.08790250072243677,0.06545879444954983
COPPER,price_asset,FIRST_CUT,T10_2022,B07,2022,2024-09-18,1.0,11,9671.875714285714,,0.07691225168058757,0.06545879444954983
COPPER,price_asset,FIRST_CUT,T10_2022,B07,2022,2024-09-18,1.0,12,9994.773181818182,,0.11286517840282984,0.06545879444954983
