event_id,cycle_id,cycle_start_year,event_type,event_date,asset,asset_kind,baseline_date,baseline_value,first_post_date,usable_post_obs_252,ret_1d,ret_5d,ret_20d,ret_60d,ret_120d,ret_252d,mae,mfe,time_to_event_min_obs,time_to_event_max_obs,mdd,mdd_peak_obs,mdd_trough_obs,time_peak_to_trough_obs,recovery50_obs_from_trough,recovery100_obs_from_trough,recovery50_obs_from_event,recovery100_obs_from_event,recovery50_observed,recovery100_observed,recovery_censor_obs,rv_20d_ann,down_semivol_20d_ann,tail_loss_freq_20d,rv_60d_ann,down_semivol_60d_ann,tail_loss_freq_60d,rv_120d_ann,down_semivol_120d_ann,tail_loss_freq_120d,rv_252d_ann,down_semivol_252d_ann,tail_loss_freq_252d,min_bp_excursion,max_bp_excursion,time_to_min_obs,time_to_max_obs,chg_1d_bp,chg_5d_bp,chg_20d_bp,chg_60d_bp,chg_120d_bp,chg_252d_bp,bp_vol_20d_ann,bp_vol_60d_ann,bp_vol_120d_ann,bp_vol_252d_ann
EMERGENCY_1982-10-01,,1982,EMERGENCY_CUT,1982-10-01,SP500,price,1982-09-30,120.41999816894531,1982-10-01,252,0.012871641548966029,0.0695898107476769,0.10936720120580179,0.18061784031490724,0.25112112566833233,0.39511711139790506,0.0,0.41994691989008914,0.0,184.0,0.0705496524630056,28.0,38.0,10.0,4.0,30.0,42.0,68.0,True,True,756.0,0.2716749837478498,0.16360382463353396,0.1,0.2389497177069928,0.14104255027983786,0.11666666666666667,0.20528894400366776,0.1264171533875438,0.10833333333333334,0.17009380540931865,0.10737696094677346,0.07936507936507936,,,,,,,,,,,,,,
EMERGENCY_1982-10-01,,1982,EMERGENCY_CUT,1982-10-01,NASDAQ,price,1982-09-30,187.65,1982-10-01,252,0.005595523581134909,0.04231281641353579,0.1290700772715161,0.24273914201971736,0.4256328270716758,0.5974420463629095,0.0,0.7527844391153744,0.0,186.0,0.12024565990696545,186.0,231.0,45.0,565.0,595.0,796.0,826.0,True,True,756.0,0.17100166546462411,0.09119991190363483,0.05,0.16958001467696987,0.10490857862350672,0.11666666666666667,0.14471627205506649,0.09154114131586656,0.06666666666666667,0.13665187380676416,0.09156151993971437,0.07142857142857142,,,,,,,,,,,,,,
EMERGENCY_1982-10-01,,1982,EMERGENCY_CUT,1982-10-01,DGS2,rate,1982-09-30,11.23,1982-10-01,252,,,,,,,,,,,,,,,,,,,,,,,,,,,,,,,,,,-214.00000000000006,27.999999999999936,71.0,2.0,-9.999999999999964,-76.99999999999996,-138.00000000000009,-171.00000000000009,-132.00000000000003,-67.99999999999997,397.21011276679553,255.64858693135773,204.60533027384847,173.83199289252832
EMERGENCY_1982-10-01,,1982,EMERGENCY_CUT,1982-10-01,DGS10,rate,1982-09-30,11.73,1982-10-01,252,,,,,,,,,,,,,,,,,,,,,,,,,,,,,,,,,,-161.0000000000001,46.999999999999886,147.0,213.0,-22.000000000000064,-82.00000000000003,-101.99999999999996,-129.00000000000009,-108.99999999999999,-25.99999999999998,333.6191967214307,225.72939401423514,177.98871411676956,155.24482656532808
EMERGENCY_1982-10-07,,1982,EMERGENCY_CUT,1982-10-07,SP500,price,1982-10-06,125.97000122070312,1982-10-07,252,0.02246568074645361,0.08525843763665009,0.13415887697639284,0.11645628345468584,0.20544577782030804,0.319917461786406,0.0,0.357386709821369,0.0,180.0,0.0705496524630056,24.0,34.0,10.0,4.0,30.0,38.0,64.0,True,True,756.0,0.28079390987968306,0.16305310948252028,0.1,0.23154365212724226,0.14289798946678958,0.11666666666666667,0.20092397018626743,0.12671293214756915,0.10833333333333334,0.16707200912239906,0.10764545550965884,0.07936507936507936,,,,,,,,,,,,,,
EMERGENCY_1982-10-07,,1982,EMERGENCY_CUT,1982-10-07,NASDAQ,price,1982-10-06,191.98,1982-10-07,252,0.018804042087717576,0.06870507344515042,0.16038128971767907,0.2105948536305866,0.4019689550994894,0.5356287113240963,0.0,0.7132513803521203,0.0,182.0,0.12024565990696545,182.0,227.0,45.0,565.0,595.0,792.0,822.0,True,True,756.0,0.17588710929209272,0.09029512313420526,0.05,0.16824753998746242,0.10538151302059505,0.11666666666666667,0.14366196140067986,0.09186737147045519,0.06666666666666667,0.1363713123007411,0.0921827730310089,0.07142857142857142,,,,,,,,,,,,,,
EMERGENCY_1982-10-07,,1982,EMERGENCY_CUT,1982-10-07,DGS2,rate,1982-10-06,11.21,1982-10-07,252,,,,,,,,,,,,,,,,,,,,,,,,,,,,,,,,,,-212.0000000000001,19.99999999999993,67.0,211.0,-75.0,-137.0000000000001,-148.00000000000006,-182.00000000000003,-134.00000000000017,-76.00000000000016,365.40054446420424,242.427805084248,193.69308651757794,168.16449924041893
EMERGENCY_1982-10-07,,1982,EMERGENCY_CUT,1982-10-07,DGS10,rate,1982-10-06,11.5,1982-10-07,252,,,,,,,,,,,,,,,,,,,,,,,,,,,,,,,,,,-138.00000000000009,69.99999999999993,143.0,209.0,-58.999999999999986,-89.00000000000006,-101.99999999999996,-115.00000000000003,-88.00000000000009,-16.999999999999993,314.84311882854314,214.78199432155773,170.63562830504878,151.47575509787072
EMERGENCY_1982-11-19,,1982,EMERGENCY_CUT,1982-11-19,SP500,price,1982-11-18,138.33999633789062,1982-11-19,252,-0.009541651730318512,-0.025010781745484656,-0.006144216186405593,0.07655050324003865,0.192424541569006,0.20052050186129877,-0.03910657658899763,0.24801213291051982,3.0,225.0,0.06906843931211504,149.0,181.0,32.0,7.0,44.0,188.0,225.0,True,True,756.0,0.21081661566124263,0.13486016261601672,0.15,0.18938293833086653,0.12093755914017885,0.11666666666666667,0.16315831242940926,0.10198385768337354,0.075,0.1456502222352537,0.096021200892302,0.047619047619047616,,,,,,,,,,,,,,
EMERGENCY_1982-11-19,,1982,EMERGENCY_CUT,1982-11-19,NASDAQ,price,1982-11-18,229.28,1982-11-19,252,0.0005669923237963115,-0.002791346824843055,-0.0015265177948360353,0.1281838799720867,0.3210484996510816,0.22095254710397771,-0.017925680390788568,0.4345341939986045,3.0,151.0,0.18041409504119676,151.0,246.0,95.0,422.0,545.0,668.0,791.0,True,True,756.0,0.17543575923555516,0.13124055078280011,0.2,0.14674743624265305,0.10281089556103046,0.08333333333333333,0.12339663236243464,0.08060216703728403,0.041666666666666664,0.12704323177445498,0.09155546942931189,0.06349206349206349,,,,,,,,,,,,,,
EMERGENCY_1982-11-19,,1982,EMERGENCY_CUT,1982-11-19,DGS2,rate,1982-11-18,9.81,1982-11-19,252,,,,,,,,,,,,,,,,,,,,,,,,,,,,,,,,,,-72.00000000000006,159.99999999999997,39.0,183.0,-2.000000000000135,-5.000000000000071,-15.000000000000036,-3.0000000000001137,-58.999999999999986,83.99999999999999,164.23747248548682,141.21447805929597,127.67783445753119,136.15271482048394
EMERGENCY_1982-11-19,,1982,EMERGENCY_CUT,1982-11-19,DGS10,rate,1982-11-18,10.46,1982-11-19,252,,,,,,,,,,,,,,,,,,,,,,,,,,,,,,,,,,-34.00000000000016,173.99999999999983,115.0,181.0,-4.000000000000092,4.999999999999893,17.99999999999997,33.999999999999986,-28.000000000000114,118.99999999999994,166.32586911494533,128.2799375307039,116.3212589947238,127.4017862490249
EMERGENCY_1982-12-14,,1982,EMERGENCY_CUT,1982-12-14,SP500,price,1982-12-13,139.9499969482422,1982-12-14,252,-0.018220815343789387,-0.026437992346727723,0.0416577488973493,0.09231867417420192,0.17484817259233587,0.17956416885172466,-0.03365481641861001,0.23365486003072689,2.0,209.0,0.06906843931211504,133.0,165.0,32.0,7.0,44.0,172.0,209.0,True,True,756.0,0.20266687180453619,0.11932439059161896,0.15,0.1807506903202788,0.11866737686213996,0.13333333333333333,0.15155570274029967,0.09709186828365401,0.06666666666666667,0.13805299445711744,0.09253988473448237,0.04365079365079365,,,,,,,,,,,,,,
EMERGENCY_1982-12-14,,1982,EMERGENCY_CUT,1982-12-14,NASDAQ,price,1982-12-13,233.33,1982-12-14,252,-0.008571551022157453,-0.023357476535379118,0.03222903184331205,0.13598765696652815,0.34509064415205937,0.2022028886126943,-0.03312904470063871,0.4096344233489051,3.0,135.0,0.18041409504119676,135.0,230.0,95.0,422.0,545.0,652.0,775.0,True,True,756.0,0.1477586899887576,0.100606284858483,0.05,0.13246917646743678,0.09211558553786232,0.03333333333333333,0.11762264156913035,0.07573616706656353,0.025,0.12240035481783242,0.0884778576219231,0.051587301587301584,,,,,,,,,,,,,,
EMERGENCY_1982-12-14,,1982,EMERGENCY_CUT,1982-12-14,DGS2,rate,1982-12-13,9.84,1982-12-14,252,,,,,,,,,,,,,,,,,,,,,,,,,,,,,,,,,,-75.0,157.00000000000003,23.0,167.0,-30.00000000000007,-16.999999999999993,-65.00000000000003,-22.000000000000064,16.999999999999993,108.0,156.46237146423002,146.57347321683943,128.75633622329852,134.2057645967415
EMERGENCY_1982-12-14,,1982,EMERGENCY_CUT,1982-12-14,DGS10,rate,1982-12-13,10.61,1982-12-14,252,,,,,,,,,,,,,,,,,,,,,,,,,,,,,,,,,,-49.00000000000002,159.0,99.0,165.0,-14.999999999999858,8.999999999999986,-26.999999999999957,-12.9999999999999,17.99999999999997,136.0000000000001,104.32202169497226,117.64109451481667,106.82993631991756,122.45861159504004
T01_1983_FIRST_HIKE,T01_1983,1983,FIRST_HIKE,1983-03-31,SP500,price,1983-03-30,153.38999938964844,1983-03-31,252,-0.0028032640817017285,-0.010626539469968166,0.062324777342941395,0.11095902171057404,0.1033314177363851,0.04231048646579527,-0.015320464912096599,0.12556225688423672,4.0,134.0,0.10634231832848862,134.0,228.0,94.0,117.0,230.0,345.0,458.0,True,True,756.0,0.12378694764574372,0.0572199903695366,0.0,0.11703974131141938,0.06896134811208156,0.0,0.1321709463332805,0.08862316726675186,0.025,0.12366696806534731,0.08579782434812946,0.01984126984126984,,,,,,,,,,,,,,
T01_1983_FIRST_HIKE,T01_1983,1983,FIRST_HIKE,1983-03-31,NASDAQ,price,1983-03-30,270.76,1983-03-31,252,0.00014773230905595902,-0.01484709706012699,0.0741616191461072,0.21476584429014633,0.12040183188063236,-0.07294282759639537,-0.08742059388388235,0.21476584429014633,228.0,60.0,0.24876105925633152,60.0,228.0,168.0,244.0,472.0,472.0,700.0,True,True,756.0,0.09836624458202592,0.04831724558199593,0.0,0.10430003523812043,0.05357721088378537,0.016666666666666666,0.13118379257909155,0.09425372955800328,0.09166666666666666,0.11952447684244275,0.09054158826257308,0.07539682539682539,,,,,,,,,,,,,,
T01_1983_FIRST_HIKE,T01_1983,1983,FIRST_HIKE,1983-03-31,DGS2,rate,1983-03-30,9.88,1983-03-31,252,,,,,,,,,,,,,,,,,,,,,,,,,,,,,,,,,,-71.00000000000009,184.99999999999997,26.0,252.0,-1.0000000000001563,-21.000000000000085,-46.000000000000085,54.99999999999989,81.99999999999986,184.99999999999997,92.43444334115628,117.39394781269955,142.49185735249793,123.72522891842353
T01_1983_FIRST_HIKE,T01_1983,1983,FIRST_HIKE,1983-03-31,DGS10,rate,1983-03-30,10.59,1983-03-31,252,,,,,,,,,,,,,,,,,,,,,,,,,,,,,,,,,,-47.000000000000064,206.00000000000006,24.0,252.0,2.999999999999936,-8.000000000000007,-27.999999999999936,42.99999999999997,98.00000000000004,206.00000000000006,84.5351375091108,103.87396208867767,134.1638155829087,115.58815473025014
T01_1983_TIGHTENING_CYCLE_START,T01_1983,1983,TIGHTENING_CYCLE_START,1983-03-31,SP500,price,1983-03-30,153.38999938964844,1983-03-31,252,-0.0028032640817017285,-0.010626539469968166,0.062324777342941395,0.11095902171057404,0.1033314177363851,0.04231048646579527,-0.015320464912096599,0.12556225688423672,4.0,134.0,0.10634231832848862,134.0,228.0,94.0,117.0,230.0,345.0,458.0,True,True,756.0,0.12378694764574372,0.0572199903695366,0.0,0.11703974131141938,0.06896134811208156,0.0,0.1321709463332805,0.08862316726675186,0.025,0.12366696806534731,0.08579782434812946,0.01984126984126984,,,,,,,,,,,,,,
T01_1983_TIGHTENING_CYCLE_START,T01_1983,1983,TIGHTENING_CYCLE_START,1983-03-31,NASDAQ,price,1983-03-30,270.76,1983-03-31,252,0.00014773230905595902,-0.01484709706012699,0.0741616191461072,0.21476584429014633,0.12040183188063236,-0.07294282759639537,-0.08742059388388235,0.21476584429014633,228.0,60.0,0.24876105925633152,60.0,228.0,168.0,244.0,472.0,472.0,700.0,True,True,756.0,0.09836624458202592,0.04831724558199593,0.0,0.10430003523812043,0.05357721088378537,0.016666666666666666,0.13118379257909155,0.09425372955800328,0.09166666666666666,0.11952447684244275,0.09054158826257308,0.07539682539682539,,,,,,,,,,,,,,
T01_1983_TIGHTENING_CYCLE_START,T01_1983,1983,TIGHTENING_CYCLE_START,1983-03-31,DGS2,rate,1983-03-30,9.88,1983-03-31,252,,,,,,,,,,,,,,,,,,,,,,,,,,,,,,,,,,-71.00000000000009,184.99999999999997,26.0,252.0,-1.0000000000001563,-21.000000000000085,-46.000000000000085,54.99999999999989,81.99999999999986,184.99999999999997,92.43444334115628,117.39394781269955,142.49185735249793,123.72522891842353
T01_1983_TIGHTENING_CYCLE_START,T01_1983,1983,TIGHTENING_CYCLE_START,1983-03-31,DGS10,rate,1983-03-30,10.59,1983-03-31,252,,,,,,,,,,,,,,,,,,,,,,,,,,,,,,,,,,-47.000000000000064,206.00000000000006,24.0,252.0,2.999999999999936,-8.000000000000007,-27.999999999999936,42.99999999999997,98.00000000000004,206.00000000000006,84.5351375091108,103.87396208867767,134.1638155829087,115.58815473025014
T01_1983_LAST_HIKE,T01_1983,1983,LAST_HIKE,1983-08-11,SP500,price,1983-08-10,161.5399932861328,1983-08-11,252,0.0,0.023214065592770616,0.03856636898141397,0.011823720078570465,0.011576144940555144,0.0013000292348359643,-0.08493244108047038,0.06877554210784576,241.0,42.0,0.1438168980599729,42.0,241.0,199.0,8.0,125.0,249.0,366.0,True,True,756.0,0.1149339912975533,0.061904678025969134,0.0,0.11374108060401848,0.0761463164991572,0.0,0.10349783693552249,0.06810601418694469,0.0,0.12213198576912601,0.0805603789950173,0.011904761904761904,,,,,,,,,,,,,,
T01_1983_LAST_HIKE,T01_1983,1983,LAST_HIKE,1983-08-11,NASDAQ,price,1983-08-10,296.65,1983-08-11,252,0.0030675880667454525,0.014124389010618632,0.01732681611326492,-0.07547615034552502,-0.09512893982808013,-0.1639305578965109,-0.24051913028821836,0.02666441934940167,242.0,30.0,0.26024428684003154,30.0,242.0,212.0,124.0,246.0,366.0,488.0,True,True,756.0,0.11457428048391075,0.0779373087628822,0.05,0.10579722487637841,0.08816341570902637,0.03333333333333333,0.10004727858078043,0.07834241292436507,0.03333333333333333,0.11168289697086377,0.08204102983114503,0.027777777777777776,,,,,,,,,,,,,,
T01_1983_LAST_HIKE,T01_1983,1983,LAST_HIKE,1983-08-11,DGS2,rate,1983-08-10,11.41,1983-08-11,252,,,,,,,,,,,,,,,,,,,,,,,,,,,,,,,,,,-99.00000000000003,175.99999999999997,40.0,218.0,-8.999999999999986,-55.00000000000007,-46.000000000000085,-65.00000000000003,-88.00000000000009,92.99999999999997,162.95856754660673,149.78238451788766,120.04822560366402,132.60640319128882
T01_1983_LAST_HIKE,T01_1983,1983,LAST_HIKE,1983-08-11,DGS10,rate,1983-08-10,12.17,1983-08-11,252,,,,,,,,,,,,,,,,,,,,,,,,,,,,,,,,,,-85.99999999999994,182.00000000000003,40.0,199.0,-13.000000000000078,-51.99999999999996,-40.000000000000036,-32.00000000000003,-57.00000000000003,50.0,167.92103407319357,147.37265114357143,117.95245801992093,133.90006382236524
T01_1983_TIGHTENING_CYCLE_END,T01_1983,1983,TIGHTENING_CYCLE_END,1983-08-11,SP500,price,1983-08-10,161.5399932861328,1983-08-11,252,0.0,0.023214065592770616,0.03856636898141397,0.011823720078570465,0.011576144940555144,0.0013000292348359643,-0.08493244108047038,0.06877554210784576,241.0,42.0,0.1438168980599729,42.0,241.0,199.0,8.0,125.0,249.0,366.0,True,True,756.0,0.1149339912975533,0.061904678025969134,0.0,0.11374108060401848,0.0761463164991572,0.0,0.10349783693552249,0.06810601418694469,0.0,0.12213198576912601,0.0805603789950173,0.011904761904761904,,,,,,,,,,,,,,
T01_1983_TIGHTENING_CYCLE_END,T01_1983,1983,TIGHTENING_CYCLE_END,1983-08-11,NASDAQ,price,1983-08-10,296.65,1983-08-11,252,0.0030675880667454525,0.014124389010618632,0.01732681611326492,-0.07547615034552502,-0.09512893982808013,-0.1639305578965109,-0.24051913028821836,0.02666441934940167,242.0,30.0,0.26024428684003154,30.0,242.0,212.0,124.0,246.0,366.0,488.0,True,True,756.0,0.11457428048391075,0.0779373087628822,0.05,0.10579722487637841,0.08816341570902637,0.03333333333333333,0.10004727858078043,0.07834241292436507,0.03333333333333333,0.11168289697086377,0.08204102983114503,0.027777777777777776,,,,,,,,,,,,,,
T01_1983_TIGHTENING_CYCLE_END,T01_1983,1983,TIGHTENING_CYCLE_END,1983-08-11,DGS2,rate,1983-08-10,11.41,1983-08-11,252,,,,,,,,,,,,,,,,,,,,,,,,,,,,,,,,,,-99.00000000000003,175.99999999999997,40.0,218.0,-8.999999999999986,-55.00000000000007,-46.000000000000085,-65.00000000000003,-88.00000000000009,92.99999999999997,162.95856754660673,149.78238451788766,120.04822560366402,132.60640319128882
T01_1983_TIGHTENING_CYCLE_END,T01_1983,1983,TIGHTENING_CYCLE_END,1983-08-11,DGS10,rate,1983-08-10,12.17,1983-08-11,252,,,,,,,,,,,,,,,,,,,,,,,,,,,,,,,,,,-85.99999999999994,182.00000000000003,40.0,199.0,-13.000000000000078,-51.99999999999996,-40.000000000000036,-32.00000000000003,-57.00000000000003,50.0,167.92103407319357,147.37265114357143,117.95245801992093,133.90006382236524
T01_1983_FIRST_CUT,T01_1983,1983,FIRST_CUT,1983-08-17,SP500,price,1983-08-16,163.41000366210938,1983-08-17,252,0.011504740113162049,-0.003916525153330186,0.011871993133405034,0.003426947836998373,-0.032617353354178924,0.006180738536205821,-0.09540417348087693,0.056544826065122455,237.0,38.0,0.1438168980599729,38.0,237.0,199.0,8.0,125.0,245.0,362.0,True,True,756.0,0.11981568431195026,0.07264423288316547,0.0,0.11613880565248685,0.07742666240799102,0.0,0.10809473764443489,0.07621013846238395,0.008333333333333333,0.12403725459337854,0.0807766047934217,0.011904761904761904,,,,,,,,,,,,,,
T01_1983_FIRST_CUT,T01_1983,1983,FIRST_CUT,1983-08-17,NASDAQ,price,1983-08-16,299.85,1983-08-17,252,0.00330165082541245,-0.02064365516091382,-0.005035851258962998,-0.09621477405369361,-0.13743538435884617,-0.16414874103718535,-0.24862431215607805,0.0157078539269635,238.0,26.0,0.26024428684003154,26.0,238.0,212.0,124.0,246.0,362.0,484.0,True,True,756.0,0.11351010839701904,0.08358594169571801,0.05,0.10409999615351881,0.0896920739720404,0.03333333333333333,0.10314477334105565,0.08483252288761362,0.041666666666666664,0.11183125506967051,0.08195488482757991,0.027777777777777776,,,,,,,,,,,,,,
T01_1983_FIRST_CUT,T01_1983,1983,FIRST_CUT,1983-08-17,DGS2,rate,1983-08-16,10.97,1983-08-17,252,,,,,,,,,,,,,,,,,,,,,,,,,,,,,,,,,,-55.00000000000007,219.99999999999994,36.0,214.0,-11.00000000000012,-18.00000000000015,-8.999999999999986,-37.0000000000001,-31.00000000000005,144.99999999999994,169.29566164740152,144.31593167628156,117.07908337831257,130.28786699786195
T01_1983_FIRST_CUT,T01_1983,1983,FIRST_CUT,1983-08-17,DGS10,rate,1983-08-16,11.71,1983-08-17,252,,,,,,,,,,,,,,,,,,,,,,,,,,,,,,,,,,-40.000000000000036,227.99999999999994,36.0,195.0,-6.00000000000005,-14.000000000000057,4.999999999999893,-3.0000000000001137,1.9999999999999574,97.99999999999986,165.68470373764626,140.51709588974637,113.11389366994887,131.5544211991821
T02_1984_FIRST_HIKE,T02_1984,1984,FIRST_HIKE,1984-03-29,SP500,price,1984-03-28,159.8800048828125,1984-03-29,252,-0.0022516925153676093,-0.014636049069393309,0.002626958694760928,-0.03390041283097289,0.04859887901158788,0.12296714912993978,-0.07543155610630226,0.14679760135050013,81.0,223.0,0.08696718408320692,24.0,81.0,57.0,7.0,8.0,88.0,89.0,True,True,756.0,0.11718039606355557,0.07708738278461556,0.05,0.12110660025010292,0.08464925348871219,0.03333333333333333,0.13246116813576045,0.07758551450405271,0.025,0.12291051843478318,0.06994298258953544,0.011904761904761904,,,,,,,,,,,,,,
T02_1984_FIRST_HIKE,T02_1984,1984,FIRST_HIKE,1984-03-29,NASDAQ,price,1984-03-28,251.01,1984-03-29,252,0.00247002111469663,-0.009959762559260565,-0.020238237520417424,-0.03944065973467181,0.011872036970638655,0.10577267837934756,-0.10242619815943577,0.14875901358511623,82.0,220.0,0.10952136279198443,24.0,82.0,58.0,7.0,19.0,89.0,101.0,True,True,756.0,0.08037455346696915,0.06469101526906394,0.0,0.10073171998812541,0.07810997170800044,0.016666666666666666,0.11341697318290571,0.0719096062150168,0.008333333333333333,0.1093793384859658,0.06759488024853902,0.007936507936507936,,,,,,,,,,,,,,
T02_1984_FIRST_HIKE,T02_1984,1984,FIRST_HIKE,1984-03-29,DGS2,rate,1984-03-28,11.48,1984-03-29,252,,,,,,,,,,,,,,,,,,,,,,,,,,,,,,,,,,-174.00000000000003,168.99999999999994,205.0,62.0,0.9999999999999787,27.999999999999936,28.999999999999915,167.0,61.99999999999992,-99.00000000000003,124.5149325223787,162.99559108106072,144.83556599285467,142.2053254335902
T02_1984_FIRST_HIKE,T02_1984,1984,FIRST_HIKE,1984-03-29,DGS10,rate,1984-03-28,12.42,1984-03-29,252,,,,,,,,,,,,,,,,,,,,,,,,,,,,,,,,,,-135.99999999999994,157.00000000000003,205.0,43.0,-0.9999999999999787,25.0,25.0,132.00000000000003,-7.000000000000028,-68.99999999999994,124.34438594399593,167.1026884121744,153.91313440111756,147.07803441429078
T02_1984_TIGHTENING_CYCLE_START,T02_1984,1984,TIGHTENING_CYCLE_START,1984-03-29,SP500,price,1984-03-28,159.8800048828125,1984-03-29,252,-0.0022516925153676093,-0.014636049069393309,0.002626958694760928,-0.03390041283097289,0.04859887901158788,0.12296714912993978,-0.07543155610630226,0.14679760135050013,81.0,223.0,0.08696718408320692,24.0,81.0,57.0,7.0,8.0,88.0,89.0,True,True,756.0,0.11718039606355557,0.07708738278461556,0.05,0.12110660025010292,0.08464925348871219,0.03333333333333333,0.13246116813576045,0.07758551450405271,0.025,0.12291051843478318,0.06994298258953544,0.011904761904761904,,,,,,,,,,,,,,
T02_1984_TIGHTENING_CYCLE_START,T02_1984,1984,TIGHTENING_CYCLE_START,1984-03-29,NASDAQ,price,1984-03-28,251.01,1984-03-29,252,0.00247002111469663,-0.009959762559260565,-0.020238237520417424,-0.03944065973467181,0.011872036970638655,0.10577267837934756,-0.10242619815943577,0.14875901358511623,82.0,220.0,0.10952136279198443,24.0,82.0,58.0,7.0,19.0,89.0,101.0,True,True,756.0,0.08037455346696915,0.06469101526906394,0.0,0.10073171998812541,0.07810997170800044,0.016666666666666666,0.11341697318290571,0.0719096062150168,0.008333333333333333,0.1093793384859658,0.06759488024853902,0.007936507936507936,,,,,,,,,,,,,,
T02_1984_TIGHTENING_CYCLE_START,T02_1984,1984,TIGHTENING_CYCLE_START,1984-03-29,DGS2,rate,1984-03-28,11.48,1984-03-29,252,,,,,,,,,,,,,,,,,,,,,,,,,,,,,,,,,,-174.00000000000003,168.99999999999994,205.0,62.0,0.9999999999999787,27.999999999999936,28.999999999999915,167.0,61.99999999999992,-99.00000000000003,124.5149325223787,162.99559108106072,144.83556599285467,142.2053254335902
T02_1984_TIGHTENING_CYCLE_START,T02_1984,1984,TIGHTENING_CYCLE_START,1984-03-29,DGS10,rate,1984-03-28,12.42,1984-03-29,252,,,,,,,,,,,,,,,,,,,,,,,,,,,,,,,,,,-135.99999999999994,157.00000000000003,205.0,43.0,-0.9999999999999787,25.0,25.0,132.00000000000003,-7.000000000000028,-68.99999999999994,124.34438594399593,167.1026884121744,153.91313440111756,147.07803441429078
T02_1984_LAST_HIKE,T02_1984,1984,LAST_HIKE,1984-08-09,SP500,price,1984-08-08,161.75,1984-08-09,252,0.023431179512413136,0.006491518094329685,0.024111245109640578,0.03548689640286895,0.10775884189045604,0.16030907372971415,-0.0004946017375869749,0.20958265160113987,43.0,237.0,0.05046655664985378,63.0,89.0,26.0,3.0,20.0,92.0,109.0,True,True,756.0,0.13240049942368848,0.0655566866447377,0.0,0.12080276719051167,0.06401161336222365,0.0,0.12244191546514605,0.06346050386933043,0.008333333333333333,0.10812987984047248,0.062254845116155186,0.015873015873015872,,,,,,,,,,,,,,
T02_1984_LAST_HIKE,T02_1984,1984,LAST_HIKE,1984-08-09,NASDAQ,price,1984-08-08,248.02,1984-08-09,252,0.009313765018950093,0.006773647286508977,0.016934118216272775,-0.0002015966454318452,0.11349891137811463,0.20232239335537439,-0.04007741311184576,0.2409079912910248,89.0,237.0,0.06854460093896708,26.0,89.0,63.0,11.0,21.0,100.0,110.0,True,True,756.0,0.09110111622358458,0.056216338084552085,0.05,0.08085458113449115,0.053921731945367715,0.016666666666666666,0.08745675806758357,0.048397490967773585,0.008333333333333333,0.09300181021819484,0.05653039080448059,0.015873015873015872,,,,,,,,,,,,,,
T02_1984_LAST_HIKE,T02_1984,1984,LAST_HIKE,1984-08-09,DGS2,rate,1984-08-08,12.37,1984-08-09,252,,,,,,,,,,,,,,,,,,,,,,,,,,,,,,,,,,-401.0,26.000000000000156,224.0,19.0,-3.9999999999999147,2.000000000000135,16.999999999999993,-140.99999999999983,-234.0,-340.99999999999983,87.90024250011453,127.49368877699834,129.73212219574523,148.56362742751782
T02_1984_LAST_HIKE,T02_1984,1984,LAST_HIKE,1984-08-09,DGS10,rate,1984-08-08,12.66,1984-08-09,252,,,,,,,,,,,,,,,,,,,,,,,,,,,,,,,,,,-283.0,25.99999999999998,203.0,19.0,-5.000000000000071,8.000000000000007,15.000000000000036,-100.0,-131.00000000000006,-227.99999999999994,101.04115888821624,132.4506943759752,136.16937981793114,147.64218617807794
T02_1984_TIGHTENING_CYCLE_END,T02_1984,1984,TIGHTENING_CYCLE_END,1984-08-09,SP500,price,1984-08-08,161.75,1984-08-09,252,0.023431179512413136,0.006491518094329685,0.024111245109640578,0.03548689640286895,0.10775884189045604,0.16030907372971415,-0.0004946017375869749,0.20958265160113987,43.0,237.0,0.05046655664985378,63.0,89.0,26.0,3.0,20.0,92.0,109.0,True,True,756.0,0.13240049942368848,0.0655566866447377,0.0,0.12080276719051167,0.06401161336222365,0.0,0.12244191546514605,0.06346050386933043,0.008333333333333333,0.10812987984047248,0.062254845116155186,0.015873015873015872,,,,,,,,,,,,,,
T02_1984_TIGHTENING_CYCLE_END,T02_1984,1984,TIGHTENING_CYCLE_END,1984-08-09,NASDAQ,price,1984-08-08,248.02,1984-08-09,252,0.009313765018950093,0.006773647286508977,0.016934118216272775,-0.0002015966454318452,0.11349891137811463,0.20232239335537439,-0.04007741311184576,0.2409079912910248,89.0,237.0,0.06854460093896708,26.0,89.0,63.0,11.0,21.0,100.0,110.0,True,True,756.0,0.09110111622358458,0.056216338084552085,0.05,0.08085458113449115,0.053921731945367715,0.016666666666666666,0.08745675806758357,0.048397490967773585,0.008333333333333333,0.09300181021819484,0.05653039080448059,0.015873015873015872,,,,,,,,,,,,,,
T02_1984_TIGHTENING_CYCLE_END,T02_1984,1984,TIGHTENING_CYCLE_END,1984-08-09,DGS2,rate,1984-08-08,12.37,1984-08-09,252,,,,,,,,,,,,,,,,,,,,,,,,,,,,,,,,,,-401.0,26.000000000000156,224.0,19.0,-3.9999999999999147,2.000000000000135,16.999999999999993,-140.99999999999983,-234.0,-340.99999999999983,87.90024250011453,127.49368877699834,129.73212219574523,148.56362742751782
T02_1984_TIGHTENING_CYCLE_END,T02_1984,1984,TIGHTENING_CYCLE_END,1984-08-09,DGS10,rate,1984-08-08,12.66,1984-08-09,252,,,,,,,,,,,,,,,,,,,,,,,,,,,,,,,,,,-283.0,25.99999999999998,203.0,19.0,-5.000000000000071,8.000000000000007,15.000000000000036,-100.0,-131.00000000000006,-227.99999999999994,101.04115888821624,132.4506943759752,136.16937981793114,147.64218617807794
T02_1984_PAUSE_START,T02_1984,1984,PAUSE_START,1984-08-21,SP500,price,1984-08-20,164.94000244140625,1984-08-21,252,0.017521519018256937,0.009094215943963313,0.016430164999184038,0.006244687547296346,0.10458348335557921,0.12998667469416736,-0.019825416660961825,0.18618886261983425,35.0,229.0,0.05046655664985378,55.0,81.0,26.0,3.0,20.0,84.0,101.0,True,True,756.0,0.12221696553189709,0.06332002724592685,0.0,0.1139271718930164,0.06526960575442475,0.0,0.11768462216119574,0.061717255475000045,0.008333333333333333,0.10534095416441838,0.06169743471585139,0.015873015873015872,,,,,,,,,,,,,,
T02_1984_PAUSE_START,T02_1984,1984,PAUSE_START,1984-08-21,NASDAQ,price,1984-08-20,250.22,1984-08-21,252,0.012429062425066029,0.012269203101270776,0.01506674126768437,-0.009511629765806107,0.15238590040764133,0.18148029733834226,-0.04851730477180072,0.22999760211014308,81.0,229.0,0.06854460093896708,18.0,81.0,63.0,11.0,21.0,92.0,102.0,True,True,756.0,0.09246884807904072,0.05815551805258554,0.05,0.07863061824184357,0.05406921546280638,0.016666666666666666,0.08825034733331998,0.047525014552254205,0.008333333333333333,0.09235278012684323,0.056606132302942425,0.015873015873015872,,,,,,,,,,,,,,
T02_1984_PAUSE_START,T02_1984,1984,PAUSE_START,1984-08-21,DGS2,rate,1984-08-20,12.42,1984-08-21,252,,,,,,,,,,,,,,,,,,,,,,,,,,,,,,,,,,-406.00000000000006,21.000000000000085,216.0,11.0,-0.9999999999999787,11.999999999999922,-32.00000000000003,-170.99999999999991,-240.00000000000003,-353.9999999999999,106.2275610980603,136.7085108877737,128.20755231494067,147.86302480196213
T02_1984_PAUSE_START,T02_1984,1984,PAUSE_START,1984-08-21,DGS10,rate,1984-08-20,12.69,1984-08-21,252,,,,,,,,,,,,,,,,,,,,,,,,,,,,,,,,,,-285.99999999999994,23.000000000000043,195.0,11.0,-7.000000000000028,12.0000000000001,-33.999999999999986,-100.0,-130.9999999999999,-250.99999999999997,109.38930959025062,136.79726431995542,137.19194368389387,147.4832558529005
EMERGENCY_1984-09-20,,1984,EMERGENCY_CUT,1984-09-20,SP500,price,1984-09-19,166.94000244140625,1984-09-20,252,0.003174785980267991,-0.0039535381122389746,-0.01677251114657541,-0.030729632249844152,0.07619504633209573,0.08847492546099023,-0.031568253237031274,0.17197790245124112,14.0,208.0,0.07303855728047426,208.0,251.0,43.0,25.0,38.0,276.0,289.0,True,True,756.0,0.09088483737093217,0.07019072097905536,0.0,0.10632251194708742,0.06908755118519443,0.0,0.1153890716514574,0.06209420930585953,0.008333333333333333,0.10275570093642908,0.06230618497887901,0.015873015873015872,,,,,,,,,,,,,,
EMERGENCY_1984-09-20,,1984,EMERGENCY_CUT,1984-09-20,NASDAQ,price,1984-09-19,253.01,1984-09-20,252,0.00047428955377259996,-0.010987707995731344,-0.023398284652780488,-0.05900952531520487,0.11228805185565793,0.11078613493537826,-0.05900952531520487,0.2164341330382198,60.0,208.0,0.0868505702310165,208.0,252.0,44.0,33.0,45.0,285.0,297.0,True,True,756.0,0.06648335619112614,0.05614754270299442,0.0,0.0702515961566646,0.055899400985474614,0.0,0.085804629274966,0.046421962058989595,0.0,0.09239597642210441,0.059026280115553637,0.015873015873015872,,,,,,,,,,,,,,
EMERGENCY_1984-09-20,,1984,EMERGENCY_CUT,1984-09-20,DGS2,rate,1984-09-19,11.94,1984-09-20,252,,,,,,,,,,,,,,,,,,,,,,,,,,,,,,,,,,-358.0,17.99999999999997,195.0,4.0,0.0,11.00000000000012,-41.000000000000014,-209.0,-108.99999999999999,-322.9999999999999,118.06318558074638,147.1703613307969,140.3507580817348,149.98755592471974
EMERGENCY_1984-09-20,,1984,EMERGENCY_CUT,1984-09-20,DGS10,rate,1984-09-19,12.25,1984-09-20,252,,,,,,,,,,,,,,,,,,,,,,,,,,,,,,,,,,-242.0,31.00000000000005,174.0,4.0,2.999999999999936,21.000000000000085,-16.000000000000014,-96.00000000000009,-25.99999999999998,-198.00000000000006,146.2741478040102,152.7166868442278,143.69354645953177,148.85009438226618
T02_1984_FIRST_CUT,T02_1984,1984,FIRST_CUT,1984-09-20,SP500,price,1984-09-19,166.94000244140625,1984-09-20,252,0.003174785980267991,-0.0039535381122389746,-0.01677251114657541,-0.030729632249844152,0.07619504633209573,0.08847492546099023,-0.031568253237031274,0.17197790245124112,14.0,208.0,0.07303855728047426,208.0,251.0,43.0,25.0,38.0,276.0,289.0,True,True,756.0,0.09088483737093217,0.07019072097905536,0.0,0.10632251194708742,0.06908755118519443,0.0,0.1153890716514574,0.06209420930585953,0.008333333333333333,0.10275570093642908,0.06230618497887901,0.015873015873015872,,,,,,,,,,,,,,
T02_1984_FIRST_CUT,T02_1984,1984,FIRST_CUT,1984-09-20,NASDAQ,price,1984-09-19,253.01,1984-09-20,252,0.00047428955377259996,-0.010987707995731344,-0.023398284652780488,-0.05900952531520487,0.11228805185565793,0.11078613493537826,-0.05900952531520487,0.2164341330382198,60.0,208.0,0.0868505702310165,208.0,252.0,44.0,33.0,45.0,285.0,297.0,True,True,756.0,0.06648335619112614,0.05614754270299442,0.0,0.0702515961566646,0.055899400985474614,0.0,0.085804629274966,0.046421962058989595,0.0,0.09239597642210441,0.059026280115553637,0.015873015873015872,,,,,,,,,,,,,,
T02_1984_FIRST_CUT,T02_1984,1984,FIRST_CUT,1984-09-20,DGS2,rate,1984-09-19,11.94,1984-09-20,252,,,,,,,,,,,,,,,,,,,,,,,,,,,,,,,,,,-358.0,17.99999999999997,195.0,4.0,0.0,11.00000000000012,-41.000000000000014,-209.0,-108.99999999999999,-322.9999999999999,118.06318558074638,147.1703613307969,140.3507580817348,149.98755592471974
T02_1984_FIRST_CUT,T02_1984,1984,FIRST_CUT,1984-09-20,DGS10,rate,1984-09-19,12.25,1984-09-20,252,,,,,,,,,,,,,,,,,,,,,,,,,,,,,,,,,,-242.0,31.00000000000005,174.0,4.0,2.999999999999936,21.000000000000085,-16.000000000000014,-96.00000000000009,-25.99999999999998,-198.00000000000006,146.2741478040102,152.7166868442278,143.69354645953177,148.85009438226618
EMERGENCY_1984-09-27,,1984,EMERGENCY_CUT,1984-09-27,SP500,price,1984-09-26,166.27999877929688,1984-09-27,252,0.004089535359408369,-0.02309355524465362,0.005532825208679704,0.0006014319476173036,0.07974497596933405,0.08648066507324814,-0.027724324297538683,0.17662975302381523,9.0,203.0,0.07661635932534705,203.0,252.0,49.0,19.0,32.0,271.0,284.0,True,True,756.0,0.11901707610930162,0.05990249534522163,0.0,0.11983025909209734,0.06697801088595201,0.0,0.11717566431175727,0.06215665609674856,0.008333333333333333,0.10439607104965289,0.06335460628608905,0.015873015873015872,,,,,,,,,,,,,,
EMERGENCY_1984-09-27,,1984,EMERGENCY_CUT,1984-09-27,NASDAQ,price,1984-09-26,250.23,1984-09-27,252,0.0002397794029493916,-0.021660072733085567,0.0023977940294930278,-0.02293889621548173,0.14658514166966397,0.12624385565279939,-0.04855532909723048,0.22994844742836595,55.0,203.0,0.0868505702310165,203.0,247.0,44.0,33.0,45.0,280.0,292.0,True,True,756.0,0.07688413463176384,0.04859501791834429,0.0,0.08330813479570799,0.053580375325084334,0.0,0.09973051157532298,0.04817450340401573,0.008333333333333333,0.0932483239145755,0.05940556872749559,0.015873015873015872,,,,,,,,,,,,,,
EMERGENCY_1984-09-27,,1984,EMERGENCY_CUT,1984-09-27,DGS2,rate,1984-09-26,12.05,1984-09-27,252,,,,,,,,,,,,,,,,,,,,,,,,,,,,,,,,,,-369.0000000000001,3.9999999999999147,190.0,3.0,-10.000000000000142,0.9999999999999787,-92.0,-210.00000000000014,-142.0,-321.0000000000001,120.3909421317421,148.4133028895196,141.0279071256299,150.23873432253305
EMERGENCY_1984-09-27,,1984,EMERGENCY_CUT,1984-09-27,DGS10,rate,1984-09-26,12.46,1984-09-27,252,,,,,,,,,,,,,,,,,,,,,,,,,,,,,,,,,,-263.00000000000006,7.9999999999998295,169.0,3.0,-15.000000000000036,7.9999999999998295,-63.00000000000008,-101.00000000000016,-69.00000000000013,-214.00000000000006,139.65721192299821,149.44551753687483,141.9808810658508,147.5828621324953
EMERGENCY_1984-10-11,,1984,EMERGENCY_CUT,1984-10-11,SP500,price,1984-10-10,162.11000061035156,1984-10-11,252,0.004132984803051798,0.012522353782332019,0.04355066024312215,0.01313925652207093,0.11362653815059631,0.12750600265944012,-0.0018506140930744097,0.2068965095296602,45.0,193.0,0.07661635932534705,193.0,242.0,49.0,19.0,32.0,261.0,274.0,True,True,756.0,0.1296326470749494,0.05226866759788249,0.0,0.12138294077813609,0.06732244526221709,0.03333333333333333,0.11592014872082644,0.05947334280968359,0.016666666666666666,0.1051463592874173,0.0626040541295828,0.01984126984126984,,,,,,,,,,,,,,
EMERGENCY_1984-10-11,,1984,EMERGENCY_CUT,1984-10-11,NASDAQ,price,1984-10-10,243.29,1984-10-11,252,0.0059188622631427545,0.015619219861071176,0.02655267376382109,0.011303382794196182,0.14982120103580088,0.1484647951004976,-0.021414772493731693,0.26503349911628105,45.0,193.0,0.10013971472203265,193.0,250.0,57.0,17.0,32.0,267.0,282.0,True,True,756.0,0.07790438153384167,0.04063925746390078,0.0,0.08170060146610701,0.047806115699811774,0.0,0.10782922078161436,0.06231252572776755,0.016666666666666666,0.09323651091631503,0.05902369311151848,0.015873015873015872,,,,,,,,,,,,,,
EMERGENCY_1984-10-11,,1984,EMERGENCY_CUT,1984-10-11,DGS2,rate,1984-10-10,11.89,1984-10-11,252,,,,,,,,,,,,,,,,,,,,,,,,,,,,,,,,,,-353.0000000000001,-11.00000000000012,181.0,1.0,-11.00000000000012,-19.000000000000128,-94.00000000000013,-194.0000000000001,-150.99999999999997,-304.0000000000001,169.97002831768825,146.05970453254923,140.68983407398235,149.80093032120868
EMERGENCY_1984-10-11,,1984,EMERGENCY_CUT,1984-10-11,DGS10,rate,1984-10-10,12.36,1984-10-11,252,,,,,,,,,,,,,,,,,,,,,,,,,,,,,,,,,,-252.99999999999994,-1.9999999999999574,160.0,3.0,-4.999999999999893,-8.000000000000007,-54.99999999999989,-88.99999999999989,-69.99999999999993,-214.99999999999986,159.73415414368958,150.0160330414436,139.51217530675774,145.6562973994312
EMERGENCY_1984-10-18,,1984,EMERGENCY_CUT,1984-10-18,SP500,price,1984-10-17,164.13999938964844,1984-10-18,252,0.024125787307130553,0.018642607347217677,0.01127090356034377,0.038808304745182154,0.0930912564646964,0.14329233800365326,-0.014195210428407212,0.1919702365298237,40.0,188.0,0.07661635932534705,188.0,237.0,49.0,19.0,32.0,256.0,269.0,True,True,756.0,0.12817225685832817,0.060143665950972265,0.0,0.1281135212873649,0.06596613498600064,0.03333333333333333,0.11534306055502373,0.060226138195842466,0.016666666666666666,0.10540498989064967,0.06223801332116209,0.01984126984126984,,,,,,,,,,,,,,
EMERGENCY_1984-10-18,,1984,EMERGENCY_CUT,1984-10-18,NASDAQ,price,1984-10-17,247.09,1984-10-18,252,0.010805779270711025,0.01513618519567772,-0.0004451819175199656,0.03387429681492571,0.12817192116232956,0.16657897931927645,-0.03646444615322353,0.24557853413735886,40.0,188.0,0.10013971472203265,188.0,245.0,57.0,17.0,32.0,262.0,277.0,True,True,756.0,0.07543646758962459,0.04690163663749271,0.0,0.0882697547018639,0.04766902042173388,0.0,0.10833372731563022,0.06327226933508252,0.016666666666666666,0.09373019761200244,0.058997062974717754,0.015873015873015872,,,,,,,,,,,,,,
EMERGENCY_1984-10-18,,1984,EMERGENCY_CUT,1984-10-18,DGS2,rate,1984-10-17,11.7,1984-10-18,252,,,,,,,,,,,,,,,,,,,,,,,,,,,,,,,,,,-334.0,-16.999999999999993,176.0,1.0,-16.999999999999993,-59.999999999999964,-98.99999999999984,-170.99999999999991,-184.0,-279.9999999999999,177.25619282478337,146.59848312393032,145.28738255406685,149.44401608703882
EMERGENCY_1984-10-18,,1984,EMERGENCY_CUT,1984-10-18,DGS10,rate,1984-10-17,12.28,1984-10-18,252,,,,,,,,,,,,,,,,,,,,,,,,,,,,,,,,,,-244.99999999999994,-18.99999999999995,155.0,1.0,-18.99999999999995,-53.999999999999915,-58.999999999999986,-76.99999999999996,-102.99999999999994,-212.9999999999999,164.85007542740465,152.71365694314673,142.2436393698377,145.55768561171013
EMERGENCY_1984-11-23,,1984,EMERGENCY_CUT,1984-11-23,SP500,price,1984-11-21,164.50999450683594,1984-11-23,252,0.014649588125840163,-0.0036471391694176125,0.01136715359806817,0.1022430726755621,0.12175551302729248,0.22430253715521298,-0.01641235814478126,0.22430253715521298,15.0,252.0,0.07661635932534705,163.0,212.0,49.0,19.0,32.0,231.0,244.0,True,True,756.0,0.13730149654901191,0.06699041222983818,0.0,0.12382916338660743,0.057147755428434165,0.016666666666666666,0.10757633920583941,0.05674787897988404,0.008333333333333333,0.10280213175654682,0.05941636427725258,0.015873015873015872,,,,,,,,,,,,,,
EMERGENCY_1984-11-23,,1984,EMERGENCY_CUT,1984-11-23,NASDAQ,price,1984-11-21,243.01,1984-11-23,252,0.010040739064236082,0.001193366528126516,0.006090284350438235,0.18065100201637807,0.18649438294720388,0.2726636763919179,-0.020287230978148996,0.2726636763919179,15.0,252.0,0.10013971472203265,163.0,220.0,57.0,17.0,32.0,237.0,252.0,True,True,756.0,0.10289261134440163,0.05201487838099448,0.0,0.08961470303324202,0.03468223660991905,0.0,0.10691911055482854,0.060368985089556695,0.016666666666666666,0.09255295919831409,0.05672105405489395,0.015873015873015872,,,,,,,,,,,,,,
EMERGENCY_1984-11-23,,1984,EMERGENCY_CUT,1984-11-23,DGS2,rate,1984-11-21,10.39,1984-11-23,252,,,,,,,,,,,,,,,,,,,,,,,,,,,,,,,,,,-203.0000000000001,50.0,153.0,77.0,-10.000000000000142,-2.000000000000135,-45.00000000000011,-10.000000000000142,-102.00000000000014,-187.0000000000001,143.55358434726557,118.69202420621825,136.76919157729156,140.98621050934335
EMERGENCY_1984-11-23,,1984,EMERGENCY_CUT,1984-11-23,DGS10,rate,1984-11-21,11.39,1984-11-23,252,,,,,,,,,,,,,,,,,,,,,,,,,,,,,,,,,,-181.00000000000006,62.9999999999999,248.0,77.0,-15.000000000000036,2.999999999999936,-2.000000000000135,25.0,-55.00000000000007,-175.0,156.04007582399453,138.9234028679358,136.85039061604715,142.35832406388772
EMERGENCY_1984-12-06,,1984,EMERGENCY_CUT,1984-12-06,SP500,price,1984-12-05,162.10000610351562,1984-12-06,252,0.004071489071375112,0.0032695790212273756,0.009746986506938615,0.12313381063250461,0.15780373602164133,0.2577421172496226,-0.0017890717705258963,0.2599012217008776,6.0,251.0,0.07661635932534705,154.0,203.0,49.0,19.0,32.0,222.0,235.0,True,True,756.0,0.12872079022375343,0.06398988595365733,0.05,0.1199650374220617,0.050937727731601795,0.016666666666666666,0.1053980449699611,0.05301990237185787,0.008333333333333333,0.10247362464926954,0.05816172961909576,0.015873015873015872,,,,,,,,,,,,,,
EMERGENCY_1984-12-06,,1984,EMERGENCY_CUT,1984-12-06,NASDAQ,price,1984-12-05,238.78,1984-12-06,252,0.0012145070776445888,-0.00046067509841696275,0.031032749811541915,0.20219448865064082,0.21718736912639236,0.3325655415026385,-0.002931568808107854,0.3325655415026385,6.0,252.0,0.10013971472203265,154.0,211.0,57.0,17.0,32.0,228.0,243.0,True,True,756.0,0.08660319815295485,0.026780888095341113,0.0,0.08468618336463729,0.026738239632663433,0.0,0.1055812665194058,0.05820046695986506,0.016666666666666666,0.0918818966927911,0.05515286732744945,0.015873015873015872,,,,,,,,,,,,,,
EMERGENCY_1984-12-06,,1984,EMERGENCY_CUT,1984-12-06,DGS2,rate,1984-12-05,10.4,1984-12-06,252,,,,,,,,,,,,,,,,,,,,,,,,,,,,,,,,,,-240.00000000000003,49.00000000000002,252.0,68.0,8.999999999999986,-5.000000000000071,-32.00000000000003,34.999999999999964,-148.00000000000006,-240.00000000000003,143.78668410640745,123.76981094634874,141.53378312157798,142.69628963535536
EMERGENCY_1984-12-06,,1984,EMERGENCY_CUT,1984-12-06,DGS10,rate,1984-12-05,11.52,1984-12-06,252,,,,,,,,,,,,,,,,,,,,,,,,,,,,,,,,,,-232.00000000000003,50.0,252.0,68.0,8.999999999999986,1.9999999999999574,15.000000000000036,40.000000000000036,-124.00000000000003,-232.00000000000003,154.58620487236894,138.25694575986935,140.63620151465466,142.77009072204467
EMERGENCY_1984-12-24,,1984,EMERGENCY_CUT,1984-12-24,SP500,price,1984-12-21,165.50999450683594,1984-12-24,252,0.0075524140020943875,0.01045260735753728,0.06023806145610955,0.08198905065916295,0.13044536471051593,0.26016563498589407,-0.011056745162172699,0.2810102791931639,8.0,247.0,0.07661635932534705,142.0,191.0,49.0,19.0,32.0,210.0,223.0,True,True,756.0,0.13279276583703686,0.05221749410956272,0.05,0.11406956174519241,0.05615195347374838,0.016666666666666666,0.10117694526507975,0.05580564526356122,0.016666666666666666,0.10116278969015188,0.058853946543127644,0.01984126984126984,,,,,,,,,,,,,,
EMERGENCY_1984-12-24,,1984,EMERGENCY_CUT,1984-12-24,NASDAQ,price,1984-12-21,244.28,1984-12-24,252,0.006304241034877922,0.012567545439659433,0.09882102505321777,0.14123137383330597,0.17877026363189774,0.31644015064679865,0.0,0.33109546422138547,0.0,247.0,0.10013971472203265,142.0,199.0,57.0,17.0,32.0,216.0,231.0,True,True,756.0,0.08219943985336708,0.021900915069842954,0.0,0.12661804694196957,0.07237483465013692,0.03333333333333333,0.10295435576996077,0.059898002916768917,0.016666666666666666,0.09077407856948919,0.05577830191016062,0.015873015873015872,,,,,,,,,,,,,,
EMERGENCY_1984-12-24,,1984,EMERGENCY_CUT,1984-12-24,DGS2,rate,1984-12-21,9.94,1984-12-24,252,,,,,,,,,,,,,,,,,,,,,,,,,,,,,,,,,,-199.99999999999991,95.00000000000011,244.0,56.0,-10.999999999999943,8.000000000000007,-10.999999999999943,81.00000000000006,-157.00000000000003,-194.99999999999994,91.62377305848995,126.45088816866425,155.90217521027125,139.51108425312336
EMERGENCY_1984-12-24,,1984,EMERGENCY_CUT,1984-12-24,DGS10,rate,1984-12-21,11.34,1984-12-24,252,,,,,,,,,,,,,,,,,,,,,,,,,,,,,,,,,,-234.99999999999997,67.99999999999997,251.0,56.0,-2.999999999999936,21.000000000000085,-12.9999999999999,54.00000000000009,-143.99999999999994,-233.0,137.64840794766283,134.43622393196227,151.0424949943479,139.86132859035683
EMERGENCY_1985-04-25,,1985,EMERGENCY_CUT,1985-04-25,SP500,price,1985-04-24,182.25999450683594,1985-04-25,252,0.006419391003007036,-0.02134313347355299,0.03456602239457163,0.07061346847288452,0.020959110278451654,0.32788330718063086,-0.02134313347355299,0.3428070496511768,5.0,249.0,0.07661635932534705,58.0,107.0,49.0,19.0,32.0,126.0,139.0,True,True,756.0,0.10389698522876416,0.05676114603376979,0.0,0.0926290530478095,0.053467541331217734,0.016666666666666666,0.09834962628772859,0.06667329308773172,0.06666666666666667,0.11416718129258253,0.07124962690158997,0.06746031746031746,,,,,,,,,,,,,,
EMERGENCY_1985-04-25,,1985,EMERGENCY_CUT,1985-04-25,NASDAQ,price,1985-04-24,283.07,1985-04-25,252,0.0031794255837780394,-0.012152471120217556,0.035185643127141564,0.08722224184830596,0.0067121206768645525,0.38312078284523254,-0.021620093969689447,0.38312078284523254,115.0,252.0,0.10013971472203265,58.0,115.0,57.0,17.0,32.0,132.0,147.0,True,True,756.0,0.08521436270663929,0.038152147251579255,0.0,0.07084701153539244,0.03679257288561136,0.016666666666666666,0.08009629361453272,0.05724107395065705,0.041666666666666664,0.0778656059998899,0.04729300460769433,0.023809523809523808,,,,,,,,,,,,,,
EMERGENCY_1985-04-25,,1985,EMERGENCY_CUT,1985-04-25,DGS2,rate,1985-04-24,9.81,1985-04-25,252,,,,,,,,,,,,,,,,,,,,,,,,,,,,,,,,,,-342.00000000000006,16.000000000000014,243.0,3.0,8.999999999999986,0.9999999999999787,-70.00000000000011,-99.00000000000003,-92.0,-296.0000000000001,145.4466804093691,189.1400610972314,154.27645163605428,134.52931077712154
EMERGENCY_1985-04-25,,1985,EMERGENCY_CUT,1985-04-25,DGS10,rate,1985-04-24,11.25,1985-04-25,252,,,,,,,,,,,,,,,,,,,,,,,,,,,,,,,,,,-426.99999999999994,22.000000000000064,243.0,3.0,11.999999999999922,1.9999999999999574,-63.00000000000008,-91.00000000000001,-100.0,-387.0,160.59537254918172,186.24240628359885,152.96135613477105,143.11518499201543
EMERGENCY_1986-03-07,,1986,EMERGENCY_CUT,1986-03-07,SP500,price,1986-03-06,225.1300048828125,1986-03-07,252,0.001954437133492304,0.035801525268874146,0.015813074585268483,0.08843773806909527,0.12308439947621408,0.2904543273336533,0.0,0.2904543273336533,0.0,252.0,0.0942362919922527,126.0,143.0,17.0,23.0,45.0,166.0,188.0,True,True,756.0,0.16238371775287744,0.11047311905393484,0.2,0.1471660312827811,0.09203157420899996,0.15,0.1476254166172269,0.10262795292746286,0.14166666666666666,0.15077427989978873,0.10623150534915986,0.1349206349206349,,,,,,,,,,,,,,
EMERGENCY_1986-03-07,,1986,EMERGENCY_CUT,1986-03-07,NASDAQ,price,1986-03-06,361.5,1986-03-07,252,0.0020470262793914618,0.02448132780083001,0.02968188105117564,0.10470262793914253,0.05253112033195029,0.18672199170124482,-0.04932226832641762,0.18672199170124482,134.0,252.0,0.16414534487790644,83.0,134.0,51.0,79.0,105.0,213.0,239.0,True,True,756.0,0.06716159915489338,0.03630324742872075,0.0,0.08290994691392026,0.047883802588677055,0.03333333333333333,0.10460845129494559,0.08142027626576251,0.075,0.11050769552389439,0.0811910050652459,0.07539682539682539,,,,,,,,,,,,,,
EMERGENCY_1986-03-07,,1986,EMERGENCY_CUT,1986-03-07,WTI,price,1986-03-06,13.13,1986-03-07,252,-0.0677837014470678,-0.04036557501904048,0.09596344249809596,-0.030464584920030457,0.08987052551408992,0.3777608530083776,-0.21934501142421936,0.45696877380045686,15.0,194.0,0.3677758318739054,48.0,89.0,41.0,7.0,95.0,96.0,184.0,True,True,756.0,1.1495892792806208,0.8024637597435524,,0.8903177709082748,0.6705769406423414,,0.8124322143630069,0.588784930440243,,0.5982928889529873,0.427468456773084,,,,,,,,,,,,,,,
EMERGENCY_1986-03-07,,1986,EMERGENCY_CUT,1986-03-07,DGS2,rate,1986-03-06,7.38,1986-03-07,252,,,,,,,,,,,,,,,,,,,,,,,,,,,,,,,,,,-143.99999999999994,25.0,123.0,62.0,-8.999999999999986,-16.999999999999993,-53.00000000000003,12.00000000000001,-136.00000000000003,-93.99999999999994,86.37817706854113,123.54558617938076,119.16651720818822,103.97034514380869
EMERGENCY_1986-03-07,,1986,EMERGENCY_CUT,1986-03-07,DGS10,rate,1986-03-06,8.04,1986-03-07,252,,,,,,,,,,,,,,,,,,,,,,,,,,,,,,,,,,-108.9999999999999,35.00000000000014,123.0,62.0,-7.999999999999918,-28.999999999999915,-58.9999999999999,28.000000000000114,-106.99999999999994,-80.99999999999987,116.9343945619891,160.89554459706582,156.02437592361318,127.89791434587163
EMERGENCY_1986-04-21,,1986,EMERGENCY_CUT,1986-04-21,SP500,price,1986-04-18,242.3800048828125,1986-04-21,252,0.00973677928380523,-0.000371365603046403,-0.03968978538732071,-0.03597657003480603,-0.023516841703947966,0.18371977012223661,-0.051448143285302006,0.2457711284931281,113.0,244.0,0.0942362919922527,96.0,113.0,17.0,23.0,45.0,136.0,158.0,True,True,756.0,0.12435375490465563,0.10851009843729117,0.15,0.15328046652700558,0.12193069259640923,0.13333333333333333,0.15924746492626085,0.1287462032230474,0.125,0.15547238549966685,0.11352192174069006,0.11507936507936507,,,,,,,,,,,,,,
EMERGENCY_1986-04-21,,1986,EMERGENCY_CUT,1986-04-21,NASDAQ,price,1986-04-18,390.06,1986-04-21,252,0.002512433984515283,0.005845254576218872,-0.013818386914833614,-0.02912372455519663,-0.09526739475978063,0.07537301953545605,-0.1189304209608778,0.12710864995128945,104.0,233.0,0.16414534487790644,53.0,104.0,51.0,79.0,105.0,183.0,209.0,True,True,756.0,0.08309212634170303,0.06722534785302965,0.05,0.11869617620865565,0.10273530600051331,0.1,0.1212548279828289,0.10683700500566978,0.15,0.11659606637569123,0.08981088002608839,0.11507936507936507,,,,,,,,,,,,,,
EMERGENCY_1986-04-21,,1986,EMERGENCY_CUT,1986-04-21,WTI,price,1986-04-18,11.88,1986-04-21,252,0.050505050505050386,0.19781144781144766,0.4419191919191918,-0.08417508417508412,0.26936026936026924,0.6228956228956228,-0.08838383838383845,0.6809764309764308,61.0,246.0,0.3677758318739054,20.0,61.0,41.0,7.0,95.0,68.0,156.0,True,True,756.0,0.5272405953246578,0.2552762173304568,,0.7307688973710179,0.571987463032336,,0.6544027581447467,0.4484157234579251,,0.4798843840719662,0.3259072628573289,,,,,,,,,,,,,,,
EMERGENCY_1986-04-21,,1986,EMERGENCY_CUT,1986-04-21,DGS2,rate,1986-04-18,6.44,1986-04-21,252,,,,,,,,,,,,,,,,,,,,,,,,,,,,,,,,,,-50.0,118.99999999999994,93.0,32.0,1.9999999999999574,46.99999999999997,87.99999999999999,11.999999999999922,-33.00000000000001,79.0,124.5069433701126,139.33809631520649,124.63907894396517,108.82661014520852
EMERGENCY_1986-04-21,,1986,EMERGENCY_CUT,1986-04-21,DGS10,rate,1986-04-18,7.09,1986-04-21,252,,,,,,,,,,,,,,,,,,,,,,,,,,,,,,,,,,-13.999999999999968,130.00000000000006,93.0,32.0,-4.999999999999982,49.00000000000002,90.00000000000003,7.000000000000028,21.999999999999975,115.00000000000003,155.15357417393687,183.11088610503074,157.8485499011074,129.58842294954366
EMERGENCY_1986-07-11,,1986,EMERGENCY_CUT,1986-07-11,SP500,price,1986-07-10,243.00999450683594,1986-07-11,252,-0.003250867470434793,-0.02855844343645697,-0.024566895830019808,-0.03826998067236753,0.0014814230627926417,0.2654623100492324,-0.05390721015944899,0.27422740173665505,56.0,240.0,0.0942362919922527,39.0,56.0,17.0,23.0,45.0,79.0,101.0,True,True,756.0,0.133922062291038,0.11507086527896532,0.15,0.17259950280419561,0.14506233349630998,0.13333333333333333,0.1516493325630416,0.119252902155473,0.09166666666666666,0.1565871650056674,0.11118966094671517,0.09126984126984126,,,,,,,,,,,,,,
EMERGENCY_1986-07-11,,1986,EMERGENCY_CUT,1986-07-11,NASDAQ,price,1986-07-10,392.03,1986-07-11,252,-0.00122439609213576,-0.026630615003953806,-0.06882126367880004,-0.10019641353978004,-0.11404739433206634,0.08558018518990895,-0.1233579062826824,0.12144478738872033,47.0,176.0,0.1233579062826824,0.0,47.0,47.0,78.0,84.0,125.0,131.0,True,True,756.0,0.10123575855344993,0.111308850393072,0.2,0.1319706268716292,0.12082984267463294,0.16666666666666666,0.10571299571020078,0.0935049049880495,0.10833333333333334,0.11019561320741564,0.08270767334479932,0.0873015873015873,,,,,,,,,,,,,,
EMERGENCY_1986-07-11,,1986,EMERGENCY_CUT,1986-07-11,WTI,price,1986-07-10,11.13,1986-07-14,252,0.008984725965857976,0.15004492362982935,0.39263252470799626,0.33423180592991897,0.6738544474393529,0.7825696316262352,-0.02695417789757415,1.0161725067385445,8.0,230.0,0.17138485080336652,6.0,8.0,2.0,7.0,7.0,15.0,15.0,True,True,756.0,1.0582305494952462,0.6755991255666355,,0.697899053401017,0.4601515275431412,,0.5285016280277108,0.343780710332778,,0.4026277696530394,0.2643276275426563,,,,,,,,,,,,,,,
EMERGENCY_1986-07-11,,1986,EMERGENCY_CUT,1986-07-11,DGS2,rate,1986-07-10,6.73,1986-07-11,252,,,,,,,,,,,,,,,,,,,,,,,,,,,,,,,,,,-79.0,133.0,36.0,216.0,-13.000000000000078,-12.00000000000001,-12.00000000000001,-57.00000000000003,-43.00000000000006,58.999999999999986,80.18714951517143,111.50239033692259,93.74097603628461,104.69327234784666
EMERGENCY_1986-07-11,,1986,EMERGENCY_CUT,1986-07-11,DGS10,rate,1986-07-10,7.31,1986-07-11,252,,,,,,,,,,,,,,,,,,,,,,,,,,,,,,,,,,-35.99999999999994,161.00000000000003,36.0,215.0,-0.9999999999999787,-12.99999999999999,14.000000000000057,0.0,-12.99999999999999,102.00000000000004,114.0199428539633,130.83927259900716,108.7969776829356,118.83075781961531
EMERGENCY_1986-08-21,,1986,EMERGENCY_CUT,1986-08-21,SP500,price,1986-08-20,249.77000427246094,1986-08-21,252,-0.0004003927685669595,0.014132997233111233,-0.06990433765145387,-0.027024862411567985,0.10129320022014876,0.3205348157518204,-0.07951315318346763,0.3398325986791926,27.0,248.0,0.0942362919922527,10.0,27.0,17.0,23.0,45.0,50.0,72.0,True,True,756.0,0.22831803686362562,0.2094951336693848,0.2,0.16176404107512768,0.13551081524726147,0.11666666666666667,0.15714219646700872,0.11375735908273109,0.075,0.15492963678797808,0.10842131477715071,0.08333333333333333,,,,,,,,,,,,,,
EMERGENCY_1986-08-21,,1986,EMERGENCY_CUT,1986-08-21,NASDAQ,price,1986-08-20,380.93,1986-08-21,252,0.0005775339301183902,0.001995117213136277,-0.08487123618512582,-0.060194786443703574,0.05924973092169172,0.1759378363478854,-0.09781324652823353,0.18565090699078568,18.0,250.0,0.10236117640913123,7.0,18.0,11.0,56.0,81.0,74.0,99.0,True,True,756.0,0.1657703709948625,0.17005704993168058,0.2,0.11505915516781316,0.10507035744001278,0.11666666666666667,0.1168517236251135,0.08490985691745569,0.075,0.10675459121073073,0.07785977453693763,0.07142857142857142,,,,,,,,,,,,,,
EMERGENCY_1986-08-21,,1986,EMERGENCY_CUT,1986-08-21,WTI,price,1986-08-20,15.23,1986-08-21,252,0.0,0.039395929087327586,-0.061063690085357836,-0.015101772816808912,0.18187787261982935,0.2705187130663165,-0.0938936309914642,0.4734077478660539,15.0,205.0,0.16007303712720622,7.0,15.0,8.0,9.0,60.0,24.0,75.0,True,True,756.0,0.4103760603813385,0.33341775113974453,0.0,0.3692175837572739,0.263663313762511,0.0,0.32914601461325654,0.21891117396771428,0.0,0.269584244482738,0.1828430779932115,0.0,,,,,,,,,,,,,,
EMERGENCY_1986-08-21,,1986,EMERGENCY_CUT,1986-08-21,DGS2,rate,1986-08-20,6.17,1986-08-21,252,,,,,,,,,,,,,,,,,,,,,,,,,,,,,,,,,,-22.999999999999954,189.00000000000006,7.0,187.0,-8.999999999999986,-4.999999999999982,29.999999999999982,15.000000000000036,25.99999999999998,163.99999999999997,131.76294503467386,108.04730602371825,90.25102248076479,102.35645862139788
EMERGENCY_1986-08-21,,1986,EMERGENCY_CUT,1986-08-21,DGS10,rate,1986-08-20,7.0,1986-08-21,252,,,,,,,,,,,,,,,,,,,,,,,,,,,,,,,,,,-4.999999999999982,192.0,7.0,186.0,-4.0000000000000036,5.999999999999961,62.000000000000014,21.999999999999975,28.000000000000025,177.99999999999994,155.7848719092759,122.05578052399667,99.71630346372953,116.82649647611822
T03_1987_FIRST_HIKE,T03_1987,1987,FIRST_HIKE,1987-01-05,SP500,price,1987-01-02,246.4499969482422,1987-01-05,252,0.023290750920031522,0.04982760880563086,0.11211194954823278,0.1734632411773458,0.24512067012119787,0.0025563192964648263,-0.0914181337321277,0.3664840461913177,234.0,163.0,0.3350951525557261,163.0,234.0,71.0,222.0,414.0,456.0,648.0,True,True,756.0,0.14434284755535834,0.055070502314024154,0.0,0.1463046687676115,0.08170026635194444,0.016666666666666666,0.16351213261343964,0.1059574647910182,0.06666666666666667,0.3375526651882376,0.28697112640362615,0.10714285714285714,,,,,,,,,,,,,,
T03_1987_FIRST_HIKE,T03_1987,1987,FIRST_HIKE,1987-01-05,NASDAQ,price,1987-01-02,353.26,1987-01-05,252,0.02244805525675142,0.07753496008605554,0.10983411651474828,0.20893959123591688,0.20947743871369529,-0.06451338957142039,-0.17375304308441375,0.2887391722810395,208.0,164.0,0.3588718534463823,164.0,208.0,44.0,89.0,446.0,297.0,654.0,True,True,756.0,0.1361584823945813,0.05273897508679278,0.0,0.11657841195605673,0.06115142859984346,0.016666666666666666,0.11461473878896025,0.07462782248667284,0.05,0.2544005415965832,0.21387165740273212,0.11507936507936507,,,,,,,,,,,,,,
T03_1987_FIRST_HIKE,T03_1987,1987,FIRST_HIKE,1987-01-05,WTI,price,1987-01-02,18.13,1987-01-05,252,-0.008273579702151035,0.03585217870932178,0.025372311086596877,0.031991174848317705,0.15499172642029801,-0.06287920573634864,-0.16602316602316602,0.23772752344180925,231.0,125.0,0.3262032085561498,125.0,231.0,106.0,269.0,332.0,500.0,563.0,True,True,756.0,0.15948297675027365,0.10430504884426803,0.0,0.24132560304846493,0.15716214552352795,0.0,0.20065473719484625,0.13200004024058715,0.0,0.2628575870981113,0.18074892261250966,0.0,,,,,,,,,,,,,,
T03_1987_FIRST_HIKE,T03_1987,1987,FIRST_HIKE,1987-01-05,DGS2,rate,1987-01-02,6.3,1987-01-05,252,,,,,,,,,,,,,,,,,,,,,,,,,,,,,,,,,,-12.99999999999999,293.00000000000006,11.0,197.0,-5.999999999999961,-10.999999999999943,6.00000000000005,24.00000000000002,117.0,149.00000000000003,54.77340883849989,72.49322586704336,116.17058957564493,145.54367096979018
T03_1987_FIRST_HIKE,T03_1987,1987,FIRST_HIKE,1987-01-05,DGS10,rate,1987-01-02,7.18,1987-01-05,252,,,,,,,,,,,,,,,,,,,,,,,,,,,,,,,,,,-16.999999999999993,305.00000000000006,5.0,198.0,-9.999999999999964,-16.999999999999993,5.000000000000071,33.00000000000001,107.00000000000003,164.00000000000006,72.08218993109996,76.57478896532949,130.82033031424973,150.98919514916554
T03_1987_TIGHTENING_CYCLE_START,T03_1987,1987,TIGHTENING_CYCLE_START,1987-01-05,SP500,price,1987-01-02,246.4499969482422,1987-01-05,252,0.023290750920031522,0.04982760880563086,0.11211194954823278,0.1734632411773458,0.24512067012119787,0.0025563192964648263,-0.0914181337321277,0.3664840461913177,234.0,163.0,0.3350951525557261,163.0,234.0,71.0,222.0,414.0,456.0,648.0,True,True,756.0,0.14434284755535834,0.055070502314024154,0.0,0.1463046687676115,0.08170026635194444,0.016666666666666666,0.16351213261343964,0.1059574647910182,0.06666666666666667,0.3375526651882376,0.28697112640362615,0.10714285714285714,,,,,,,,,,,,,,
T03_1987_TIGHTENING_CYCLE_START,T03_1987,1987,TIGHTENING_CYCLE_START,1987-01-05,NASDAQ,price,1987-01-02,353.26,1987-01-05,252,0.02244805525675142,0.07753496008605554,0.10983411651474828,0.20893959123591688,0.20947743871369529,-0.06451338957142039,-0.17375304308441375,0.2887391722810395,208.0,164.0,0.3588718534463823,164.0,208.0,44.0,89.0,446.0,297.0,654.0,True,True,756.0,0.1361584823945813,0.05273897508679278,0.0,0.11657841195605673,0.06115142859984346,0.016666666666666666,0.11461473878896025,0.07462782248667284,0.05,0.2544005415965832,0.21387165740273212,0.11507936507936507,,,,,,,,,,,,,,
T03_1987_TIGHTENING_CYCLE_START,T03_1987,1987,TIGHTENING_CYCLE_START,1987-01-05,WTI,price,1987-01-02,18.13,1987-01-05,252,-0.008273579702151035,0.03585217870932178,0.025372311086596877,0.031991174848317705,0.15499172642029801,-0.06287920573634864,-0.16602316602316602,0.23772752344180925,231.0,125.0,0.3262032085561498,125.0,231.0,106.0,269.0,332.0,500.0,563.0,True,True,756.0,0.15948297675027365,0.10430504884426803,0.0,0.24132560304846493,0.15716214552352795,0.0,0.20065473719484625,0.13200004024058715,0.0,0.2628575870981113,0.18074892261250966,0.0,,,,,,,,,,,,,,
T03_1987_TIGHTENING_CYCLE_START,T03_1987,1987,TIGHTENING_CYCLE_START,1987-01-05,DGS2,rate,1987-01-02,6.3,1987-01-05,252,,,,,,,,,,,,,,,,,,,,,,,,,,,,,,,,,,-12.99999999999999,293.00000000000006,11.0,197.0,-5.999999999999961,-10.999999999999943,6.00000000000005,24.00000000000002,117.0,149.00000000000003,54.77340883849989,72.49322586704336,116.17058957564493,145.54367096979018
T03_1987_TIGHTENING_CYCLE_START,T03_1987,1987,TIGHTENING_CYCLE_START,1987-01-05,DGS10,rate,1987-01-02,7.18,1987-01-05,252,,,,,,,,,,,,,,,,,,,,,,,,,,,,,,,,,,-16.999999999999993,305.00000000000006,5.0,198.0,-9.999999999999964,-16.999999999999993,5.000000000000071,33.00000000000001,107.00000000000003,164.00000000000006,72.08218993109996,76.57478896532949,130.82033031424973,150.98919514916554
T03_1987_LAST_HIKE,T03_1987,1987,LAST_HIKE,1987-05-22,SP500,price,1987-05-21,280.1700134277344,1987-05-22,252,0.00710279522789925,0.03544273905081052,0.09565616057580484,0.19252585693915147,-0.1469465376541932,-0.09851163500991378,-0.20077100532851244,0.20202010519779123,137.0,66.0,0.3350951525557261,66.0,137.0,71.0,222.0,414.0,359.0,551.0,True,True,756.0,0.11394233107263725,0.027784880663103462,0.0,0.10993418422558346,0.04869170456379177,0.0,0.4380555658095261,0.3863987780969819,0.08333333333333333,0.3466071774029834,0.29657179501247055,0.08333333333333333,,,,,,,,,,,,,,
T03_1987_LAST_HIKE,T03_1987,1987,LAST_HIKE,1987-05-22,NASDAQ,price,1987-05-21,408.47,1987-05-22,252,-0.002619531422136334,0.0197566528753641,0.05045658187871793,0.10571155776433994,-0.2283643841652998,-0.10336132396504039,-0.2854309986045488,0.11454941611379033,111.0,67.0,0.3588718534463823,67.0,111.0,44.0,89.0,446.0,200.0,557.0,True,True,756.0,0.05313226845806096,0.02008105713628452,0.0,0.059995348975961434,0.026104629708079783,0.0,0.33043678263411824,0.28929332332071295,0.11666666666666667,0.2548172957424061,0.2158574228371665,0.0992063492063492,,,,,,,,,,,,,,
T03_1987_LAST_HIKE,T03_1987,1987,LAST_HIKE,1987-05-22,WTI,price,1987-05-21,19.95,1987-05-22,252,-0.013533834586466176,-0.029573934837092697,0.0,-0.03759398496240607,-0.06315789473684197,-0.12080200501253135,-0.2421052631578947,0.12481203007518804,141.0,35.0,0.3262032085561498,35.0,141.0,106.0,269.0,332.0,410.0,473.0,True,True,756.0,0.16147015124956166,0.12966850122441465,0.0,0.24779323040598425,0.18191070449120997,0.016666666666666666,0.21353114716716676,0.15629798285668203,0.008333333333333333,0.27974052722247794,0.19918735595498513,0.027777777777777776,,,,,,,,,,,,,,
T03_1987_LAST_HIKE,T03_1987,1987,LAST_HIKE,1987-05-22,DGS2,rate,1987-05-21,8.06,1987-05-22,252,,,,,,,,,,,,,,,,,,,,,,,,,,,,,,,,,,-99.00000000000003,117.0,180.0,101.0,-9.000000000000075,-37.000000000000014,-61.00000000000003,-44.00000000000004,-39.00000000000006,8.000000000000007,124.83407935504238,95.37551119440042,177.1917704900872,139.55295729022086
T03_1987_LAST_HIKE,T03_1987,1987,LAST_HIKE,1987-05-22,DGS10,rate,1987-05-21,8.87,1987-05-22,252,,,,,,,,,,,,,,,,,,,,,,,,,,,,,,,,,,-75.99999999999997,136.0000000000001,180.0,102.0,-8.999999999999986,-37.9999999999999,-56.99999999999985,-30.999999999999872,-6.999999999999851,35.00000000000014,160.67793874704765,119.27804008893519,176.58280843642189,143.93174289761717
T03_1987_TIGHTENING_CYCLE_END,T03_1987,1987,TIGHTENING_CYCLE_END,1987-05-22,SP500,price,1987-05-21,280.1700134277344,1987-05-22,252,0.00710279522789925,0.03544273905081052,0.09565616057580484,0.19252585693915147,-0.1469465376541932,-0.09851163500991378,-0.20077100532851244,0.20202010519779123,137.0,66.0,0.3350951525557261,66.0,137.0,71.0,222.0,414.0,359.0,551.0,True,True,756.0,0.11394233107263725,0.027784880663103462,0.0,0.10993418422558346,0.04869170456379177,0.0,0.4380555658095261,0.3863987780969819,0.08333333333333333,0.3466071774029834,0.29657179501247055,0.08333333333333333,,,,,,,,,,,,,,
T03_1987_TIGHTENING_CYCLE_END,T03_1987,1987,TIGHTENING_CYCLE_END,1987-05-22,NASDAQ,price,1987-05-21,408.47,1987-05-22,252,-0.002619531422136334,0.0197566528753641,0.05045658187871793,0.10571155776433994,-0.2283643841652998,-0.10336132396504039,-0.2854309986045488,0.11454941611379033,111.0,67.0,0.3588718534463823,67.0,111.0,44.0,89.0,446.0,200.0,557.0,True,True,756.0,0.05313226845806096,0.02008105713628452,0.0,0.059995348975961434,0.026104629708079783,0.0,0.33043678263411824,0.28929332332071295,0.11666666666666667,0.2548172957424061,0.2158574228371665,0.0992063492063492,,,,,,,,,,,,,,
T03_1987_TIGHTENING_CYCLE_END,T03_1987,1987,TIGHTENING_CYCLE_END,1987-05-22,WTI,price,1987-05-21,19.95,1987-05-22,252,-0.013533834586466176,-0.029573934837092697,0.0,-0.03759398496240607,-0.06315789473684197,-0.12080200501253135,-0.2421052631578947,0.12481203007518804,141.0,35.0,0.3262032085561498,35.0,141.0,106.0,269.0,332.0,410.0,473.0,True,True,756.0,0.16147015124956166,0.12966850122441465,0.0,0.24779323040598425,0.18191070449120997,0.016666666666666666,0.21353114716716676,0.15629798285668203,0.008333333333333333,0.27974052722247794,0.19918735595498513,0.027777777777777776,,,,,,,,,,,,,,
T03_1987_TIGHTENING_CYCLE_END,T03_1987,1987,TIGHTENING_CYCLE_END,1987-05-22,DGS2,rate,1987-05-21,8.06,1987-05-22,252,,,,,,,,,,,,,,,,,,,,,,,,,,,,,,,,,,-99.00000000000003,117.0,180.0,101.0,-9.000000000000075,-37.000000000000014,-61.00000000000003,-44.00000000000004,-39.00000000000006,8.000000000000007,124.83407935504238,95.37551119440042,177.1917704900872,139.55295729022086
T03_1987_TIGHTENING_CYCLE_END,T03_1987,1987,TIGHTENING_CYCLE_END,1987-05-22,DGS10,rate,1987-05-21,8.87,1987-05-22,252,,,,,,,,,,,,,,,,,,,,,,,,,,,,,,,,,,-75.99999999999997,136.0000000000001,180.0,102.0,-8.999999999999986,-37.9999999999999,-56.99999999999985,-30.999999999999872,-6.999999999999851,35.00000000000014,160.67793874704765,119.27804008893519,176.58280843642189,143.93174289761717
T03_1987_FIRST_CUT,T03_1987,1987,FIRST_CUT,1987-07-02,SP500,price,1987-07-01,302.94000244140625,1987-07-02,252,0.008879654122028846,0.015118460868011274,0.04987781484713305,0.05684294276730184,-0.17627255801452602,-0.10549940977590022,-0.2608437434331399,0.11167223311424146,109.0,38.0,0.3350951525557261,38.0,109.0,71.0,222.0,414.0,331.0,523.0,True,True,756.0,0.09498457134839218,0.05159456558513704,0.0,0.14513935688633403,0.0930576689501306,0.016666666666666666,0.45747238445763955,0.39970263219890706,0.125,0.3492848532951038,0.2975376490324093,0.0873015873015873,,,,,,,,,,,,,,
T03_1987_FIRST_CUT,T03_1987,1987,FIRST_CUT,1987-07-02,NASDAQ,price,1987-07-01,424.46,1987-07-02,252,0.0033454271309429906,0.002638646751166096,0.02146256419921788,0.04104038071903138,-0.22567497526268665,-0.07727465485558116,-0.31234980916929744,0.07256278565707008,83.0,39.0,0.3588718534463823,39.0,83.0,44.0,89.0,446.0,172.0,529.0,True,True,756.0,0.060164744725723106,0.03186813331546394,0.0,0.08882662546465432,0.06312102131680275,0.016666666666666666,0.3459218513733739,0.29881939363515536,0.15833333333333333,0.2557073828689041,0.21603021231833855,0.0992063492063492,,,,,,,,,,,,,,
T03_1987_FIRST_CUT,T03_1987,1987,FIRST_CUT,1987-07-02,WTI,price,1987-07-01,20.47,1987-07-03,252,0.006839276990718179,0.04152418172936012,0.08500244259892531,-0.04836345872007808,-0.17098192476795315,-0.288715192965315,-0.288715192965315,0.09623839765510511,252.0,9.0,0.35115864527629237,9.0,252.0,243.0,132.0,195.0,384.0,447.0,True,True,756.0,0.33614649436406663,0.21300114012644378,0.05,0.2547505300405248,0.18260695352275544,0.016666666666666666,0.2967597969074992,0.21202550554717137,0.03333333333333333,0.2927145469576448,0.2162369044331233,0.03968253968253968,,,,,,,,,,,,,,
T03_1987_FIRST_CUT,T03_1987,1987,FIRST_CUT,1987-07-02,DGS2,rate,1987-07-01,7.44,1987-07-02,252,,,,,,,,,,,,,,,,,,,,,,,,,,,,,,,,,,-37.000000000000014,179.0,152.0,73.0,-6.00000000000005,-6.00000000000005,18.99999999999995,104.0,38.99999999999997,59.99999999999987,63.38827718285559,85.25503116522246,174.03240063444574,138.1137587590959
T03_1987_FIRST_CUT,T03_1987,1987,FIRST_CUT,1987-07-02,DGS10,rate,1987-07-01,8.36,1987-07-02,252,,,,,,,,,,,,,,,,,,,,,,,,,,,,,,,,,,-25.0,187.0000000000001,152.0,74.0,-5.999999999999872,0.9999999999999787,25.0,117.0,47.000000000000064,46.000000000000085,72.2659561692268,112.26589200854599,172.80068423067124,142.31646459780222
T04_1987_FIRST_HIKE,T04_1987,1987,FIRST_HIKE,1987-08-27,SP500,price,1987-08-26,334.57000732421875,1987-08-27,252,-0.009534633623972555,-0.038527107529833904,-0.0443853476953332,-0.2825118875071946,-0.22524438598619567,-0.2195056365893504,-0.33072303772898215,0.0,70.0,0.0,0.33072303772898215,0.0,70.0,70.0,220.0,409.0,290.0,479.0,True,True,756.0,0.18725593641024071,0.13712971849871322,0.05,0.6090980478693103,0.5464451516105634,0.2,0.4777583077647584,0.4162182725456443,0.15833333333333333,0.3504040688050429,0.29954282219018463,0.10714285714285714,,,,,,,,,,,,,,
T04_1987_FIRST_HIKE,T04_1987,1987,FIRST_HIKE,1987-08-27,NASDAQ,price,1987-08-26,455.26,1987-08-27,252,-0.0010323771031937046,-0.01390414268769491,-0.03079558933356763,-0.3104379914773975,-0.2196107718666257,-0.1740324210341344,-0.3588718534463823,0.0,44.0,0.0,0.3588718534463823,0.0,44.0,44.0,89.0,446.0,133.0,490.0,True,True,756.0,0.1087655208190866,0.09538353675281158,0.1,0.45976825470686855,0.4102342831579162,0.31666666666666665,0.3569639274194412,0.30613410887698433,0.225,0.2556587061204589,0.21732845465658598,0.1349206349206349,,,,,,,,,,,,,,
T04_1987_FIRST_HIKE,T04_1987,1987,FIRST_HIKE,1987-08-27,WTI,price,1987-08-26,19.49,1987-08-27,252,0.01026167265264255,0.00667008722421758,0.008722421754746135,-0.04822986146741903,-0.14622883530015385,-0.22062596203181117,-0.26372498717290915,0.037968188814776926,217.0,37.0,0.2906574394463668,37.0,217.0,180.0,113.0,171.0,330.0,388.0,True,True,756.0,0.19913299079561914,0.1327247046514584,0.0,0.18294079783602213,0.13374614765845746,0.0,0.2931349475928354,0.20286623342865717,0.03333333333333333,0.29869501714872326,0.21388184711533725,0.03968253968253968,,,,,,,,,,,,,,
T04_1987_FIRST_HIKE,T04_1987,1987,FIRST_HIKE,1987-08-27,DGS2,rate,1987-08-26,7.87,1987-08-27,252,,,,,,,,,,,,,,,,,,,,,,,,,,,,,,,,,,-79.99999999999999,136.00000000000003,113.0,34.0,8.000000000000007,28.000000000000025,54.999999999999986,-20.000000000000018,-67.0,87.99999999999999,116.29748605691317,232.18110990476842,180.97144721165915,139.16942009665715
T04_1987_FIRST_HIKE,T04_1987,1987,FIRST_HIKE,1987-08-27,DGS10,rate,1987-08-26,8.79,1987-08-27,252,,,,,,,,,,,,,,,,,,,,,,,,,,,,,,,,,,-67.99999999999997,144.0000000000001,113.0,35.0,13.000000000000078,49.00000000000002,72.00000000000006,1.0000000000001563,-54.99999999999989,51.000000000000156,146.34666845685592,217.25747436967833,178.92497606210117,141.57051654697898
T04_1987_TIGHTENING_CYCLE_START,T04_1987,1987,TIGHTENING_CYCLE_START,1987-08-27,SP500,price,1987-08-26,334.57000732421875,1987-08-27,252,-0.009534633623972555,-0.038527107529833904,-0.0443853476953332,-0.2825118875071946,-0.22524438598619567,-0.2195056365893504,-0.33072303772898215,0.0,70.0,0.0,0.33072303772898215,0.0,70.0,70.0,220.0,409.0,290.0,479.0,True,True,756.0,0.18725593641024071,0.13712971849871322,0.05,0.6090980478693103,0.5464451516105634,0.2,0.4777583077647584,0.4162182725456443,0.15833333333333333,0.3504040688050429,0.29954282219018463,0.10714285714285714,,,,,,,,,,,,,,
T04_1987_TIGHTENING_CYCLE_START,T04_1987,1987,TIGHTENING_CYCLE_START,1987-08-27,NASDAQ,price,1987-08-26,455.26,1987-08-27,252,-0.0010323771031937046,-0.01390414268769491,-0.03079558933356763,-0.3104379914773975,-0.2196107718666257,-0.1740324210341344,-0.3588718534463823,0.0,44.0,0.0,0.3588718534463823,0.0,44.0,44.0,89.0,446.0,133.0,490.0,True,True,756.0,0.1087655208190866,0.09538353675281158,0.1,0.45976825470686855,0.4102342831579162,0.31666666666666665,0.3569639274194412,0.30613410887698433,0.225,0.2556587061204589,0.21732845465658598,0.1349206349206349,,,,,,,,,,,,,,
T04_1987_TIGHTENING_CYCLE_START,T04_1987,1987,TIGHTENING_CYCLE_START,1987-08-27,WTI,price,1987-08-26,19.49,1987-08-27,252,0.01026167265264255,0.00667008722421758,0.008722421754746135,-0.04822986146741903,-0.14622883530015385,-0.22062596203181117,-0.26372498717290915,0.037968188814776926,217.0,37.0,0.2906574394463668,37.0,217.0,180.0,113.0,171.0,330.0,388.0,True,True,756.0,0.19913299079561914,0.1327247046514584,0.0,0.18294079783602213,0.13374614765845746,0.0,0.2931349475928354,0.20286623342865717,0.03333333333333333,0.29869501714872326,0.21388184711533725,0.03968253968253968,,,,,,,,,,,,,,
T04_1987_TIGHTENING_CYCLE_START,T04_1987,1987,TIGHTENING_CYCLE_START,1987-08-27,DGS2,rate,1987-08-26,7.87,1987-08-27,252,,,,,,,,,,,,,,,,,,,,,,,,,,,,,,,,,,-79.99999999999999,136.00000000000003,113.0,34.0,8.000000000000007,28.000000000000025,54.999999999999986,-20.000000000000018,-67.0,87.99999999999999,116.29748605691317,232.18110990476842,180.97144721165915,139.16942009665715
T04_1987_TIGHTENING_CYCLE_START,T04_1987,1987,TIGHTENING_CYCLE_START,1987-08-27,DGS10,rate,1987-08-26,8.79,1987-08-27,252,,,,,,,,,,,,,,,,,,,,,,,,,,,,,,,,,,-67.99999999999997,144.0000000000001,113.0,35.0,13.000000000000078,49.00000000000002,72.00000000000006,1.0000000000001563,-54.99999999999989,51.000000000000156,146.34666845685592,217.25747436967833,178.92497606210117,141.57051654697898
T04_1987_LAST_HIKE,T04_1987,1987,LAST_HIKE,1987-09-24,SP500,price,1987-09-23,321.19000244140625,1987-09-24,252,-0.004576734050031006,0.0019925406332537143,-0.19555402435059288,-0.24350075070638233,-0.1714250043278921,-0.1588779177166516,-0.3028425652514064,0.021451427748335083,51.0,8.0,0.31748351824678334,8.0,51.0,43.0,213.0,394.0,264.0,445.0,True,True,756.0,0.9383919087213104,0.8535608010665106,0.25,0.627706002628371,0.5576316331019275,0.2833333333333333,0.47562857630352856,0.4138861742263197,0.175,0.3483031138046057,0.2975583062932373,0.11507936507936507,,,,,,,,,,,,,,
T04_1987_LAST_HIKE,T04_1987,1987,LAST_HIKE,1987-09-24,NASDAQ,price,1987-09-23,440.7,1987-09-24,252,0.001225323349217211,0.008146131154980862,-0.20158838211935548,-0.27499432720671657,-0.1455184933061039,-0.12659405491263886,-0.33769003857499436,0.029339686861810765,25.0,8.0,0.35656812821021533,8.0,25.0,17.0,88.0,407.0,113.0,432.0,True,True,756.0,0.615289664972905,0.5707057249011838,0.4,0.475359518666224,0.4178537982271881,0.3333333333333333,0.35674420470191137,0.303987831881225,0.21666666666666667,0.254606192288475,0.21596300872430976,0.1349206349206349,,,,,,,,,,,,,,
T04_1987_LAST_HIKE,T04_1987,1987,LAST_HIKE,1987-09-24,WTI,price,1987-09-23,19.66,1987-09-24,252,-0.0025432349949136013,-0.0020345879959308144,0.013733468972533025,-0.1586978636826043,-0.185147507629705,-0.2843336724313327,-0.2843336724313327,0.02899287894201419,252.0,17.0,0.3044982698961938,17.0,252.0,235.0,58.0,116.0,310.0,368.0,True,True,756.0,0.17624963644839395,0.12206161507943754,0.0,0.3288536255850573,0.23813533538406753,0.08333333333333333,0.3130596999585902,0.22498882852073718,0.075,0.3158556614252834,0.23073598653641067,0.07142857142857142,,,,,,,,,,,,,,
T04_1987_LAST_HIKE,T04_1987,1987,LAST_HIKE,1987-09-24,DGS2,rate,1987-09-23,8.31,1987-09-24,252,,,,,,,,,,,,,,,,,,,,,,,,,,,,,,,,,,-124.00000000000003,92.0,94.0,15.0,10.999999999999943,28.999999999999915,-55.00000000000007,-47.000000000000064,-108.0,20.999999999999908,366.3240584366166,230.50887699366663,176.54807710482646,138.01026291302654
T04_1987_LAST_HIKE,T04_1987,1987,LAST_HIKE,1987-09-24,DGS10,rate,1987-09-23,9.4,1987-09-24,252,,,,,,,,,,,,,,,,,,,,,,,,,,,,,,,,,,-129.00000000000009,83.0,94.0,16.0,10.999999999999943,23.000000000000043,-42.99999999999997,-51.99999999999996,-99.00000000000003,-40.000000000000036,327.2927709173192,215.04383471157118,171.73572378375263,138.15713670422795
T04_1987_TIGHTENING_CYCLE_END,T04_1987,1987,TIGHTENING_CYCLE_END,1987-09-24,SP500,price,1987-09-23,321.19000244140625,1987-09-24,252,-0.004576734050031006,0.0019925406332537143,-0.19555402435059288,-0.24350075070638233,-0.1714250043278921,-0.1588779177166516,-0.3028425652514064,0.021451427748335083,51.0,8.0,0.31748351824678334,8.0,51.0,43.0,213.0,394.0,264.0,445.0,True,True,756.0,0.9383919087213104,0.8535608010665106,0.25,0.627706002628371,0.5576316331019275,0.2833333333333333,0.47562857630352856,0.4138861742263197,0.175,0.3483031138046057,0.2975583062932373,0.11507936507936507,,,,,,,,,,,,,,
T04_1987_TIGHTENING_CYCLE_END,T04_1987,1987,TIGHTENING_CYCLE_END,1987-09-24,NASDAQ,price,1987-09-23,440.7,1987-09-24,252,0.001225323349217211,0.008146131154980862,-0.20158838211935548,-0.27499432720671657,-0.1455184933061039,-0.12659405491263886,-0.33769003857499436,0.029339686861810765,25.0,8.0,0.35656812821021533,8.0,25.0,17.0,88.0,407.0,113.0,432.0,True,True,756.0,0.615289664972905,0.5707057249011838,0.4,0.475359518666224,0.4178537982271881,0.3333333333333333,0.35674420470191137,0.303987831881225,0.21666666666666667,0.254606192288475,0.21596300872430976,0.1349206349206349,,,,,,,,,,,,,,
T04_1987_TIGHTENING_CYCLE_END,T04_1987,1987,TIGHTENING_CYCLE_END,1987-09-24,WTI,price,1987-09-23,19.66,1987-09-24,252,-0.0025432349949136013,-0.0020345879959308144,0.013733468972533025,-0.1586978636826043,-0.185147507629705,-0.2843336724313327,-0.2843336724313327,0.02899287894201419,252.0,17.0,0.3044982698961938,17.0,252.0,235.0,58.0,116.0,310.0,368.0,True,True,756.0,0.17624963644839395,0.12206161507943754,0.0,0.3288536255850573,0.23813533538406753,0.08333333333333333,0.3130596999585902,0.22498882852073718,0.075,0.3158556614252834,0.23073598653641067,0.07142857142857142,,,,,,,,,,,,,,
T04_1987_TIGHTENING_CYCLE_END,T04_1987,1987,TIGHTENING_CYCLE_END,1987-09-24,DGS2,rate,1987-09-23,8.31,1987-09-24,252,,,,,,,,,,,,,,,,,,,,,,,,,,,,,,,,,,-124.00000000000003,92.0,94.0,15.0,10.999999999999943,28.999999999999915,-55.00000000000007,-47.000000000000064,-108.0,20.999999999999908,366.3240584366166,230.50887699366663,176.54807710482646,138.01026291302654
T04_1987_TIGHTENING_CYCLE_END,T04_1987,1987,TIGHTENING_CYCLE_END,1987-09-24,DGS10,rate,1987-09-23,9.4,1987-09-24,252,,,,,,,,,,,,,,,,,,,,,,,,,,,,,,,,,,-129.00000000000009,83.0,94.0,16.0,10.999999999999943,23.000000000000043,-42.99999999999997,-51.99999999999996,-99.00000000000003,-40.000000000000036,327.2927709173192,215.04383471157118,171.73572378375263,138.15713670422795
T04_1987_PAUSE_START,T04_1987,1987,PAUSE_START,1987-11-03,SP500,price,1987-11-02,255.75,1987-11-03,252,-0.019276608702957,-0.0491886679611131,-0.09286412512218967,-0.009618794580125822,0.026432100745356735,0.09079179362933765,-0.12445748516541422,0.1091300240942692,23.0,246.0,0.12445748516541422,0.0,23.0,23.0,6.0,19.0,29.0,42.0,True,True,756.0,0.2871983192654798,0.24804429519139076,0.15,0.3112895694015886,0.24075660264236115,0.13333333333333333,0.2519787458150119,0.19324560332301055,0.075,0.2028908359671423,0.14909945570206326,0.03571428571428571,,,,,,,,,,,,,,
T04_1987_PAUSE_START,T04_1987,1987,PAUSE_START,1987-11-03,NASDAQ,price,1987-11-02,328.33,1987-11-03,252,-0.023360643255261326,-0.024061157981299264,-0.07032558706179748,0.04273139828830752,0.14296591843572015,0.1648646179149027,-0.1078488106478237,0.20643864404714773,23.0,169.0,0.1078488106478237,0.0,23.0,23.0,7.0,11.0,30.0,34.0,True,True,756.0,0.22253794627798515,0.19580100588080596,0.3,0.21584648796923728,0.16037732918040026,0.18333333333333332,0.16736673484828624,0.12393272124847954,0.1,0.1291846456716523,0.09611377832929455,0.05952380952380952,,,,,,,,,,,,,,
T04_1987_PAUSE_START,T04_1987,1987,PAUSE_START,1987-11-03,WTI,price,1987-11-02,19.64,1987-11-03,252,-0.012729124236252498,-0.04989816700611005,-0.06109979633401219,-0.1283095723014256,-0.07841140529531565,-0.2830957230142567,-0.3594704684317719,0.0,230.0,0.0,0.3594704684317719,0.0,230.0,230.0,49.0,109.0,279.0,339.0,True,True,756.0,0.21764290044278237,0.17087521889993823,0.1,0.37349707291210593,0.2551739717932465,0.15,0.33315647225965295,0.22810041256883748,0.125,0.35402977069633834,0.26399756063304597,0.14285714285714285,,,,,,,,,,,,,,
T04_1987_PAUSE_START,T04_1987,1987,PAUSE_START,1987-11-03,DGS2,rate,1987-11-02,7.72,1987-11-03,252,,,,,,,,,,,,,,,,,,,,,,,,,,,,,,,,,,-64.99999999999994,105.99999999999996,67.0,204.0,-4.999999999999982,-8.000000000000007,7.000000000000028,-50.0,-8.999999999999986,54.999999999999986,106.58591790070962,111.30078349580315,97.9903056429563,92.7422637746127
T04_1987_PAUSE_START,T04_1987,1987,PAUSE_START,1987-11-03,DGS10,rate,1987-11-02,8.98,1987-11-03,252,,,,,,,,,,,,,,,,,,,,,,,,,,,,,,,,,,-87.0000000000001,42.99999999999997,67.0,204.0,-7.000000000000028,-20.000000000000107,2.999999999999936,-72.00000000000006,-17.99999999999997,-29.000000000000092,103.81222927655642,127.86083536540387,110.43624724646487,104.43631659105733
T04_1987_FIRST_CUT,T04_1987,1987,FIRST_CUT,1987-11-04,SP500,price,1987-11-03,250.82000732421875,1987-11-04,252,-0.007415678797693559,-0.047125456419191414,-0.06925288999582668,0.02491826735305458,0.052268499197578366,0.11259066027324915,-0.10724825918891523,0.1309305293793428,22.0,245.0,0.12008801505684186,2.0,22.0,20.0,6.0,19.0,28.0,41.0,True,True,756.0,0.2843524440096329,0.23822697510381974,0.15,0.3101349911063413,0.2374288275377118,0.13333333333333333,0.25043719443118545,0.1911758782344015,0.075,0.2019137067300325,0.14782343612983917,0.03571428571428571,,,,,,,,,,,,,,
T04_1987_FIRST_CUT,T04_1987,1987,FIRST_CUT,1987-11-04,NASDAQ,price,1987-11-03,320.66,1987-11-04,252,-0.0016528410154058593,-0.017058566706168565,-0.04815068920351773,0.07484563088629703,0.17831971558660253,0.1923844570573192,-0.08650907503274496,0.23529595209879628,22.0,168.0,0.10254603388584205,3.0,22.0,19.0,7.0,10.0,29.0,32.0,True,True,756.0,0.20981844611617748,0.1769120591150965,0.2,0.21011536875317052,0.15288607065846932,0.15,0.16360620975807905,0.11910478932111564,0.08333333333333333,0.12687480944246315,0.09316219296067725,0.051587301587301584,,,,,,,,,,,,,,
T04_1987_FIRST_CUT,T04_1987,1987,FIRST_CUT,1987-11-04,WTI,price,1987-11-03,19.39,1987-11-04,252,-0.015471892728210479,-0.021144920061887618,-0.04125838060856113,-0.11449200618875699,-0.11707065497679214,-0.29345023207839094,-0.35121196493037654,0.0,229.0,0.0,0.35121196493037654,0.0,229.0,229.0,47.0,108.0,276.0,337.0,True,True,756.0,0.21799291249785893,0.16471326736512995,0.1,0.3729950176957137,0.2538197442111341,0.15,0.342127758448257,0.24123037561722946,0.13333333333333333,0.35480192756974877,0.26510212707619835,0.14682539682539683,,,,,,,,,,,,,,
T04_1987_FIRST_CUT,T04_1987,1987,FIRST_CUT,1987-11-04,DGS2,rate,1987-11-03,7.67,1987-11-04,252,,,,,,,,,,,,,,,,,,,,,,,,,,,,,,,,,,-59.999999999999964,110.99999999999994,66.0,203.0,-7.000000000000028,-5.999999999999961,4.999999999999982,-46.0,2.000000000000046,72.00000000000006,108.1424499153047,110.96256812738119,98.11601776048835,93.33809511662427
T04_1987_FIRST_CUT,T04_1987,1987,FIRST_CUT,1987-11-04,DGS10,rate,1987-11-03,8.91,1987-11-04,252,,,,,,,,,,,,,,,,,,,,,,,,,,,,,,,,,,-80.00000000000007,50.0,66.0,203.0,-6.00000000000005,-12.0000000000001,2.999999999999936,-73.00000000000004,-5.000000000000071,-6.00000000000005,103.81222927655642,128.07083580210906,110.3354510785443,105.44181379138692
T05_1988_FIRST_HIKE,T05_1988,1988,FIRST_HIKE,1988-03-30,SP500,price,1988-03-29,260.07000732421875,1988-03-30,252,-0.007690237027242697,0.020840476631353244,0.014342216955836706,0.05671549807591525,0.03364478699418694,0.12412042092594988,-0.035528916187728354,0.15211287901136528,38.0,218.0,0.07640469020970919,10.0,38.0,28.0,5.0,15.0,43.0,53.0,True,True,756.0,0.21672471429130688,0.16798851295454995,0.05,0.1830630061528402,0.12488341128839289,0.016666666666666666,0.1640328728535856,0.11324774413707522,0.008333333333333333,0.14123872155524575,0.09801197806714079,0.003968253968253968,,,,,,,,,,,,,,
T05_1988_FIRST_HIKE,T05_1988,1988,FIRST_HIKE,1988-03-30,NASDAQ,price,1988-03-29,372.96,1988-03-30,252,-0.0031638781638781976,0.01281638781638783,0.015309952809952954,0.0484502359502359,0.028099528099528204,0.08242170742170751,-0.026008151008151015,0.09799978549978561,38.0,244.0,0.07836207114185456,67.0,165.0,98.0,27.0,45.0,192.0,210.0,True,True,756.0,0.11786682318039919,0.09214323560312923,0.05,0.10167981594098097,0.07579539142702384,0.016666666666666666,0.0908337995253881,0.06998758852786499,0.008333333333333333,0.08353078215700237,0.06309868570996048,0.003968253968253968,,,,,,,,,,,,,,
T05_1988_FIRST_HIKE,T05_1988,1988,FIRST_HIKE,1988-03-30,WTI,price,1988-03-29,17.08,1988-03-30,252,-0.0011709601873536313,-0.016393442622950727,0.07259953161592514,-0.0714285714285714,-0.13817330210772827,0.18676814988290413,-0.2634660421545667,0.23126463700234212,132.0,251.0,0.3214670981661273,19.0,132.0,113.0,40.0,70.0,172.0,202.0,True,True,756.0,0.287860778649617,0.14694939950902985,0.05,0.25101979989850953,0.19064342098884732,0.03333333333333333,0.31207612312617933,0.22666732744309032,0.08333333333333333,0.3770706124941052,0.265665849054401,0.1111111111111111,,,,,,,,,,,,,,
T05_1988_FIRST_HIKE,T05_1988,1988,FIRST_HIKE,1988-03-30,DGS2,rate,1988-03-29,7.42,1988-03-30,252,,,,,,,,,,,,,,,,,,,,,,,,,,,,,,,,,,-0.9999999999999787,250.0,2.0,244.0,0.9999999999999787,15.000000000000036,20.999999999999996,63.00000000000008,101.99999999999996,214.00000000000006,87.77944849990426,94.2292732233642,89.72074322421703,97.0962474810453
T05_1988_FIRST_HIKE,T05_1988,1988,FIRST_HIKE,1988-03-30,DGS10,rate,1988-03-29,8.56,1988-03-30,252,,,,,,,,,,,,,,,,,,,,,,,,,,,,,,,,,,-4.000000000000092,96.99999999999989,7.0,243.0,0.9999999999999787,4.999999999999893,24.00000000000002,32.00000000000003,41.000000000000014,65.00000000000003,80.87885677780201,107.00825249341703,100.47291118681161,94.81512730853589
T05_1988_TIGHTENING_CYCLE_START,T05_1988,1988,TIGHTENING_CYCLE_START,1988-03-30,SP500,price,1988-03-29,260.07000732421875,1988-03-30,252,-0.007690237027242697,0.020840476631353244,0.014342216955836706,0.05671549807591525,0.03364478699418694,0.12412042092594988,-0.035528916187728354,0.15211287901136528,38.0,218.0,0.07640469020970919,10.0,38.0,28.0,5.0,15.0,43.0,53.0,True,True,756.0,0.21672471429130688,0.16798851295454995,0.05,0.1830630061528402,0.12488341128839289,0.016666666666666666,0.1640328728535856,0.11324774413707522,0.008333333333333333,0.14123872155524575,0.09801197806714079,0.003968253968253968,,,,,,,,,,,,,,
T05_1988_TIGHTENING_CYCLE_START,T05_1988,1988,TIGHTENING_CYCLE_START,1988-03-30,NASDAQ,price,1988-03-29,372.96,1988-03-30,252,-0.0031638781638781976,0.01281638781638783,0.015309952809952954,0.0484502359502359,0.028099528099528204,0.08242170742170751,-0.026008151008151015,0.09799978549978561,38.0,244.0,0.07836207114185456,67.0,165.0,98.0,27.0,45.0,192.0,210.0,True,True,756.0,0.11786682318039919,0.09214323560312923,0.05,0.10167981594098097,0.07579539142702384,0.016666666666666666,0.0908337995253881,0.06998758852786499,0.008333333333333333,0.08353078215700237,0.06309868570996048,0.003968253968253968,,,,,,,,,,,,,,
T05_1988_TIGHTENING_CYCLE_START,T05_1988,1988,TIGHTENING_CYCLE_START,1988-03-30,WTI,price,1988-03-29,17.08,1988-03-30,252,-0.0011709601873536313,-0.016393442622950727,0.07259953161592514,-0.0714285714285714,-0.13817330210772827,0.18676814988290413,-0.2634660421545667,0.23126463700234212,132.0,251.0,0.3214670981661273,19.0,132.0,113.0,40.0,70.0,172.0,202.0,True,True,756.0,0.287860778649617,0.14694939950902985,0.05,0.25101979989850953,0.19064342098884732,0.03333333333333333,0.31207612312617933,0.22666732744309032,0.08333333333333333,0.3770706124941052,0.265665849054401,0.1111111111111111,,,,,,,,,,,,,,
T05_1988_TIGHTENING_CYCLE_START,T05_1988,1988,TIGHTENING_CYCLE_START,1988-03-30,DGS2,rate,1988-03-29,7.42,1988-03-30,252,,,,,,,,,,,,,,,,,,,,,,,,,,,,,,,,,,-0.9999999999999787,250.0,2.0,244.0,0.9999999999999787,15.000000000000036,20.999999999999996,63.00000000000008,101.99999999999996,214.00000000000006,87.77944849990426,94.2292732233642,89.72074322421703,97.0962474810453
T05_1988_TIGHTENING_CYCLE_START,T05_1988,1988,TIGHTENING_CYCLE_START,1988-03-30,DGS10,rate,1988-03-29,8.56,1988-03-30,252,,,,,,,,,,,,,,,,,,,,,,,,,,,,,,,,,,-4.000000000000092,96.99999999999989,7.0,243.0,0.9999999999999787,4.999999999999893,24.00000000000002,32.00000000000003,41.000000000000014,65.00000000000003,80.87885677780201,107.00825249341703,100.47291118681161,94.81512730853589
T05_1988_LAST_HIKE,T05_1988,1988,LAST_HIKE,1989-05-17,SP500,price,1989-05-16,315.2799987792969,1989-05-17,252,0.0069779631297552935,0.009642249926072655,0.02711871297282631,0.10457371653246827,0.07085763900148057,0.1236995691163425,0.0,0.14120778097578235,0.0,101.0,0.1023345693603166,101.0,179.0,78.0,32.0,82.0,211.0,261.0,True,True,756.0,0.10491499295747023,0.06767735326397217,0.0,0.11478476780687014,0.07038263511261686,0.016666666666666666,0.1503862672874259,0.11586011031099579,0.025,0.13856581488693603,0.10359237934922354,0.031746031746031744,,,,,,,,,,,,,,
T05_1988_LAST_HIKE,T05_1988,1988,LAST_HIKE,1989-05-17,NASDAQ,price,1989-05-16,435.66,1989-05-17,252,0.006564752329798473,0.010306202084193972,0.03438461185328001,0.06401781205527235,0.0397328191709132,0.015700316760776767,-0.05724647661020066,0.11492907313042289,179.0,101.0,0.15442735676198704,101.0,179.0,78.0,76.0,295.0,255.0,474.0,True,True,756.0,0.07223048095640802,0.03979173898379696,0.0,0.07842051270947499,0.05293497381365694,0.016666666666666666,0.0944138581104914,0.07337576516000026,0.05,0.10032407380217362,0.0780237954149738,0.07142857142857142,,,,,,,,,,,,,,
T05_1988_LAST_HIKE,T05_1988,1988,LAST_HIKE,1989-05-17,WTI,price,1989-05-16,20.58,1989-05-17,252,-0.020894071914480117,0.057823129251700855,-0.052478134110787056,-0.11418853255587935,-0.029640427599611274,-0.11273080660835744,-0.17638483965014573,0.18950437317784274,229.0,171.0,0.3075980392156863,171.0,229.0,58.0,73.0,76.0,302.0,305.0,True,True,756.0,0.46190108813714675,0.402102712117899,0.05,0.3855302842194003,0.3151212734273369,0.05,0.29928822669641225,0.2372048449978354,0.025,0.3380329886687778,0.2506940281374879,0.03571428571428571,,,,,,,,,,,,,,
T05_1988_LAST_HIKE,T05_1988,1988,LAST_HIKE,1989-05-17,DGS2,rate,1989-05-16,8.95,1989-05-17,252,,,,,,,,,,,,,,,,,,,,,,,,,,,,,,,,,,-148.99999999999994,10.000000000000142,53.0,241.0,1.0000000000001563,-11.999999999999922,-58.999999999999986,-95.99999999999991,-91.00000000000001,-38.99999999999988,133.95667013510104,136.81391543855167,136.74357711553753,119.95860839924607
T05_1988_LAST_HIKE,T05_1988,1988,LAST_HIKE,1989-05-17,DGS10,rate,1989-05-16,8.82,1989-05-17,252,,,,,,,,,,,,,,,,,,,,,,,,,,,,,,,,,,-108.0,26.999999999999957,53.0,241.0,-1.9999999999999574,-22.000000000000064,-62.0000000000001,-80.00000000000007,-82.00000000000003,-13.000000000000078,102.34863020706788,101.69545762567239,95.29113285085873,93.67577805613529
T05_1988_TIGHTENING_CYCLE_END,T05_1988,1988,TIGHTENING_CYCLE_END,1989-05-17,SP500,price,1989-05-16,315.2799987792969,1989-05-17,252,0.0069779631297552935,0.009642249926072655,0.02711871297282631,0.10457371653246827,0.07085763900148057,0.1236995691163425,0.0,0.14120778097578235,0.0,101.0,0.1023345693603166,101.0,179.0,78.0,32.0,82.0,211.0,261.0,True,True,756.0,0.10491499295747023,0.06767735326397217,0.0,0.11478476780687014,0.07038263511261686,0.016666666666666666,0.1503862672874259,0.11586011031099579,0.025,0.13856581488693603,0.10359237934922354,0.031746031746031744,,,,,,,,,,,,,,
T05_1988_TIGHTENING_CYCLE_END,T05_1988,1988,TIGHTENING_CYCLE_END,1989-05-17,NASDAQ,price,1989-05-16,435.66,1989-05-17,252,0.006564752329798473,0.010306202084193972,0.03438461185328001,0.06401781205527235,0.0397328191709132,0.015700316760776767,-0.05724647661020066,0.11492907313042289,179.0,101.0,0.15442735676198704,101.0,179.0,78.0,76.0,295.0,255.0,474.0,True,True,756.0,0.07223048095640802,0.03979173898379696,0.0,0.07842051270947499,0.05293497381365694,0.016666666666666666,0.0944138581104914,0.07337576516000026,0.05,0.10032407380217362,0.0780237954149738,0.07142857142857142,,,,,,,,,,,,,,
T05_1988_TIGHTENING_CYCLE_END,T05_1988,1988,TIGHTENING_CYCLE_END,1989-05-17,WTI,price,1989-05-16,20.58,1989-05-17,252,-0.020894071914480117,0.057823129251700855,-0.052478134110787056,-0.11418853255587935,-0.029640427599611274,-0.11273080660835744,-0.17638483965014573,0.18950437317784274,229.0,171.0,0.3075980392156863,171.0,229.0,58.0,73.0,76.0,302.0,305.0,True,True,756.0,0.46190108813714675,0.402102712117899,0.05,0.3855302842194003,0.3151212734273369,0.05,0.29928822669641225,0.2372048449978354,0.025,0.3380329886687778,0.2506940281374879,0.03571428571428571,,,,,,,,,,,,,,
T05_1988_TIGHTENING_CYCLE_END,T05_1988,1988,TIGHTENING_CYCLE_END,1989-05-17,DGS2,rate,1989-05-16,8.95,1989-05-17,252,,,,,,,,,,,,,,,,,,,,,,,,,,,,,,,,,,-148.99999999999994,10.000000000000142,53.0,241.0,1.0000000000001563,-11.999999999999922,-58.999999999999986,-95.99999999999991,-91.00000000000001,-38.99999999999988,133.95667013510104,136.81391543855167,136.74357711553753,119.95860839924607
T05_1988_TIGHTENING_CYCLE_END,T05_1988,1988,TIGHTENING_CYCLE_END,1989-05-17,DGS10,rate,1989-05-16,8.82,1989-05-17,252,,,,,,,,,,,,,,,,,,,,,,,,,,,,,,,,,,-108.0,26.999999999999957,53.0,241.0,-1.9999999999999574,-22.000000000000064,-62.0000000000001,-80.00000000000007,-82.00000000000003,-13.000000000000078,102.34863020706788,101.69545762567239,95.29113285085873,93.67577805613529
EMERGENCY_1989-06-06,,1989,EMERGENCY_CUT,1989-06-06,SP500,price,1989-06-05,322.0299987792969,1989-06-06,252,0.006862688145375939,0.013073289665673116,-0.0086948042219126,0.08635840655843152,0.061733394274355424,0.14088748032534015,-0.012576430172098418,0.14088748032534015,19.0,252.0,0.1023345693603166,88.0,166.0,78.0,32.0,82.0,198.0,248.0,True,True,756.0,0.125466917073086,0.09196709321415121,0.05,0.12109984373251348,0.07393143561288763,0.03333333333333333,0.14993696636607318,0.11586867947314529,0.041666666666666664,0.13842780928426401,0.10268241914471574,0.03571428571428571,,,,,,,,,,,,,,
EMERGENCY_1989-06-06,,1989,EMERGENCY_CUT,1989-06-06,NASDAQ,price,1989-06-05,447.84,1989-06-06,252,0.000267952840300012,0.012392818863879995,-0.026438013576277175,0.04182297249017508,0.016300464451589836,0.03967934976777432,-0.08288674526616635,0.08460610932475898,166.0,88.0,0.15442735676198704,88.0,166.0,78.0,76.0,295.0,242.0,461.0,True,True,756.0,0.09020493642400493,0.07755996826422352,0.05,0.07768552965651238,0.05328217255541508,0.016666666666666666,0.09469035325406286,0.07432651892006854,0.058333333333333334,0.1013309386938574,0.07809845832906209,0.07539682539682539,,,,,,,,,,,,,,
EMERGENCY_1989-06-06,,1989,EMERGENCY_CUT,1989-06-06,WTI,price,1989-06-05,20.5,1989-06-06,252,-0.005853658536585371,-0.0585365853658536,0.0024390243902439046,-0.09317073170731704,-0.030731707317073087,-0.15170731707317076,-0.21365853658536582,0.19414634146341458,241.0,157.0,0.3415032679738562,157.0,241.0,84.0,43.0,50.0,284.0,291.0,True,True,756.0,0.3840429781769562,0.2684725699640915,0.05,0.3141524399435411,0.2421927103723142,0.03333333333333333,0.25901554667090315,0.1942142042438211,0.016666666666666666,0.35360778529712855,0.2500446912324864,0.03968253968253968,,,,,,,,,,,,,,
EMERGENCY_1989-06-06,,1989,EMERGENCY_CUT,1989-06-06,DGS2,rate,1989-06-05,8.44,1989-06-06,252,,,,,,,,,,,,,,,,,,,,,,,,,,,,,,,,,,-97.99999999999996,61.00000000000012,40.0,228.0,0.9999999999999787,-15.000000000000036,-41.99999999999999,0.0,-79.99999999999999,-9.999999999999964,112.23790522110224,135.80494486890933,131.95721231654198,116.53106898952157
EMERGENCY_1989-06-06,,1989,EMERGENCY_CUT,1989-06-06,DGS10,rate,1989-06-05,8.36,1989-06-06,252,,,,,,,,,,,,,,,,,,,,,,,,,,,,,,,,,,-61.99999999999992,73.00000000000004,40.0,228.0,0.0,-19.99999999999993,-26.999999999999957,-8.999999999999986,-55.99999999999996,10.000000000000142,107.9460391511475,102.7050903958531,90.71325216112066,92.70223934341004
T05_1988_FIRST_CUT,T05_1988,1988,FIRST_CUT,1989-06-06,SP500,price,1989-06-05,322.0299987792969,1989-06-06,252,0.006862688145375939,0.013073289665673116,-0.0086948042219126,0.08635840655843152,0.061733394274355424,0.14088748032534015,-0.012576430172098418,0.14088748032534015,19.0,252.0,0.1023345693603166,88.0,166.0,78.0,32.0,82.0,198.0,248.0,True,True,756.0,0.125466917073086,0.09196709321415121,0.05,0.12109984373251348,0.07393143561288763,0.03333333333333333,0.14993696636607318,0.11586867947314529,0.041666666666666664,0.13842780928426401,0.10268241914471574,0.03571428571428571,,,,,,,,,,,,,,
T05_1988_FIRST_CUT,T05_1988,1988,FIRST_CUT,1989-06-06,NASDAQ,price,1989-06-05,447.84,1989-06-06,252,0.000267952840300012,0.012392818863879995,-0.026438013576277175,0.04182297249017508,0.016300464451589836,0.03967934976777432,-0.08288674526616635,0.08460610932475898,166.0,88.0,0.15442735676198704,88.0,166.0,78.0,76.0,295.0,242.0,461.0,True,True,756.0,0.09020493642400493,0.07755996826422352,0.05,0.07768552965651238,0.05328217255541508,0.016666666666666666,0.09469035325406286,0.07432651892006854,0.058333333333333334,0.1013309386938574,0.07809845832906209,0.07539682539682539,,,,,,,,,,,,,,
T05_1988_FIRST_CUT,T05_1988,1988,FIRST_CUT,1989-06-06,WTI,price,1989-06-05,20.5,1989-06-06,252,-0.005853658536585371,-0.0585365853658536,0.0024390243902439046,-0.09317073170731704,-0.030731707317073087,-0.15170731707317076,-0.21365853658536582,0.19414634146341458,241.0,157.0,0.3415032679738562,157.0,241.0,84.0,43.0,50.0,284.0,291.0,True,True,756.0,0.3840429781769562,0.2684725699640915,0.05,0.3141524399435411,0.2421927103723142,0.03333333333333333,0.25901554667090315,0.1942142042438211,0.016666666666666666,0.35360778529712855,0.2500446912324864,0.03968253968253968,,,,,,,,,,,,,,
T05_1988_FIRST_CUT,T05_1988,1988,FIRST_CUT,1989-06-06,DGS2,rate,1989-06-05,8.44,1989-06-06,252,,,,,,,,,,,,,,,,,,,,,,,,,,,,,,,,,,-97.99999999999996,61.00000000000012,40.0,228.0,0.9999999999999787,-15.000000000000036,-41.99999999999999,0.0,-79.99999999999999,-9.999999999999964,112.23790522110224,135.80494486890933,131.95721231654198,116.53106898952157
T05_1988_FIRST_CUT,T05_1988,1988,FIRST_CUT,1989-06-06,DGS10,rate,1989-06-05,8.36,1989-06-06,252,,,,,,,,,,,,,,,,,,,,,,,,,,,,,,,,,,-61.99999999999992,73.00000000000004,40.0,228.0,0.0,-19.99999999999993,-26.999999999999957,-8.999999999999986,-55.99999999999996,10.000000000000142,107.9460391511475,102.7050903958531,90.71325216112066,92.70223934341004
EMERGENCY_1989-07-27,,1989,EMERGENCY_CUT,1989-07-27,SP500,price,1989-07-26,338.04998779296875,1989-07-27,252,0.01165508825227124,0.01860674093197745,0.019671719136801658,0.026859983486834604,0.00798702057248657,0.05632305644862945,-0.04457913726022644,0.09140667217827714,130.0,245.0,0.1023345693603166,52.0,130.0,78.0,32.0,82.0,162.0,212.0,True,True,756.0,0.12380276938888388,0.07791000986453431,0.05,0.1783521928292675,0.14374821966478327,0.03333333333333333,0.15491109207377854,0.12262873785773573,0.05,0.1403555687273594,0.10636537782707313,0.051587301587301584,,,,,,,,,,,,,,
EMERGENCY_1989-07-27,,1989,EMERGENCY_CUT,1989-07-27,NASDAQ,price,1989-07-26,449.12,1989-07-27,252,0.007481296758104827,0.011043819023868862,0.02796579978624858,0.048272176701104286,-0.01995012468827928,-0.00817153544709659,-0.08550053437833982,0.08151496259351632,130.0,52.0,0.15442735676198704,52.0,130.0,78.0,76.0,295.0,206.0,425.0,True,True,756.0,0.06680618853250646,0.03590177252062278,0.0,0.09881661387447156,0.07644980286997337,0.03333333333333333,0.10399557249596449,0.08371131800666481,0.075,0.10436063457890751,0.08224648977959119,0.08333333333333333,,,,,,,,,,,,,,
EMERGENCY_1989-07-27,,1989,EMERGENCY_CUT,1989-07-27,WTI,price,1989-07-26,18.32,1989-07-27,252,-0.00927947598253287,-0.007641921397379958,0.03820960698689957,0.06986899563318794,0.33624454148471616,0.2942139737991267,-0.1577510917030568,0.33624454148471616,221.0,120.0,0.36968954248366015,120.0,221.0,101.0,26.0,33.0,247.0,254.0,True,True,756.0,0.1976184659524435,0.12532821406959185,0.0,0.18756427217647806,0.12735520445283754,0.0,0.2845669934102595,0.1825901348012833,0.016666666666666666,0.37657988985264507,0.2406124696363194,0.03968253968253968,,,,,,,,,,,,,,
EMERGENCY_1989-07-27,,1989,EMERGENCY_CUT,1989-07-27,DGS2,rate,1989-07-26,7.75,1989-07-27,252,,,,,,,,,,,,,,,,,,,,,,,,,,,,,,,,,,-29.000000000000004,130.00000000000006,4.0,192.0,-9.999999999999964,-21.999999999999975,61.99999999999992,16.999999999999993,50.0,25.0,172.20269574269932,148.68908523424506,129.58077199410496,113.77119346368563
EMERGENCY_1989-07-27,,1989,EMERGENCY_CUT,1989-07-27,DGS10,rate,1989-07-26,8.02,1989-07-27,252,,,,,,,,,,,,,,,,,,,,,,,,,,,,,,,,,,-27.999999999999936,107.00000000000003,4.0,192.0,-9.999999999999964,-25.99999999999998,23.000000000000043,-3.9999999999999147,30.00000000000007,40.000000000000036,125.66006776847998,98.72035491516566,84.8840038973602,89.57393616359975
EMERGENCY_1989-10-19,,1989,EMERGENCY_CUT,1989-10-19,SP500,price,1989-10-18,341.760009765625,1989-10-19,252,0.01571276616263617,0.0021652335359028108,-0.003569760024116908,-0.013927930798250387,0.0009070621188427275,-0.1258192847942885,-0.1354752369719877,0.07955875955192315,248.0,186.0,0.19918693134699017,186.0,248.0,62.0,68.0,86.0,316.0,334.0,True,True,756.0,0.13670083696443042,0.09110452287966352,0.1,0.13055840695915927,0.09701579273689287,0.08333333333333333,0.12890025417242953,0.0935982481154568,0.08333333333333333,0.15253402492474213,0.11722042058443684,0.15476190476190477,,,,,,,,,,,,,,
EMERGENCY_1989-10-19,,1989,EMERGENCY_CUT,1989-10-19,NASDAQ,price,1989-10-18,463.28,1989-10-19,252,0.016232084268692937,-0.0008418235192539925,-0.016059402521153565,-0.05750302193058188,-0.06773441547228454,-0.29463823173890524,-0.29753065101018816,0.016232084268692937,251.0,1.0,0.30875106202209013,1.0,251.0,250.0,72.0,96.0,323.0,347.0,True,True,756.0,0.12338271850709744,0.09042231492440976,0.2,0.11174671853401232,0.09039135559315473,0.16666666666666666,0.11040735668019475,0.08709118174444234,0.13333333333333333,0.1506546720222277,0.12760283312252718,0.17857142857142858,,,,,,,,,,,,,,
EMERGENCY_1989-10-19,,1989,EMERGENCY_CUT,1989-10-19,WTI,price,1989-10-18,20.58,1989-10-19,252,-0.010204081632652962,-0.04761904761904745,-0.03158406219630705,0.10689990281827022,-0.13702623906705524,0.643343051506317,-0.2502429543245869,0.9956268221574345,166.0,246.0,0.36968954248366015,65.0,166.0,101.0,26.0,33.0,192.0,199.0,True,True,756.0,0.15174411156010315,0.12283541756059896,0.0,0.31310387775676984,0.2076631125306071,0.05,0.3403940154372798,0.2529732137258162,0.058333333333333334,0.5358640187770245,0.35133787770907143,0.09523809523809523,,,,,,,,,,,,,,
EMERGENCY_1989-10-19,,1989,EMERGENCY_CUT,1989-10-19,DGS2,rate,1989-10-18,7.83,1989-10-19,252,,,,,,,,,,,,,,,,,,,,,,,,,,,,,,,,,,-19.00000000000004,122.00000000000006,26.0,134.0,4.0000000000000036,-7.000000000000028,-13.999999999999968,26.999999999999957,73.00000000000004,1.9999999999999574,123.94107258566135,104.17506452024206,97.82015310221696,98.48081092031032
EMERGENCY_1989-10-19,,1989,EMERGENCY_CUT,1989-10-19,DGS10,rate,1989-10-18,8.01,1989-10-19,252,,,,,,,,,,,,,,,,,,,,,,,,,,,,,,,,,,-24.00000000000002,108.0,42.0,134.0,-4.999999999999982,-14.999999999999947,-18.99999999999995,18.99999999999995,62.0000000000001,60.99999999999994,72.00855212367048,64.72992130278239,85.39968315136157,93.71812871265838
EMERGENCY_1989-11-06,,1989,EMERGENCY_CUT,1989-11-06,SP500,price,1989-11-03,337.6199951171875,1989-11-06,252,-0.01483919743522899,0.004383659166319331,0.04084476258621872,-0.02529473570413876,-0.025205882023282333,-0.07632838512638196,-0.12487413148464643,0.09279668723106616,236.0,174.0,0.19918693134699017,174.0,236.0,62.0,68.0,86.0,304.0,322.0,True,True,756.0,0.10753741392244585,0.06644068129193038,0.05,0.14032684372402293,0.10965346978836712,0.1,0.126825488721014,0.09543921640555536,0.1,0.15623292158221547,0.11777333920824552,0.15873015873015872,,,,,,,,,,,,,,
EMERGENCY_1989-11-06,,1989,EMERGENCY_CUT,1989-11-06,NASDAQ,price,1989-11-03,452.97,1989-11-06,252,-0.010927876018279492,0.007108638541183598,0.011722630637790443,-0.08203633794732546,-0.07724573371304944,-0.25723557851513357,-0.2815418239618518,0.03671324811797683,239.0,174.0,0.3069846678023851,174.0,239.0,65.0,72.0,96.0,311.0,335.0,True,True,756.0,0.0677614268707148,0.04510558251143964,0.05,0.11877008964880705,0.10190297836491237,0.13333333333333333,0.10656900442175567,0.08600799476320493,0.1,0.1528721076026457,0.12713624886811392,0.15476190476190477,,,,,,,,,,,,,,
EMERGENCY_1989-11-06,,1989,EMERGENCY_CUT,1989-11-06,WTI,price,1989-11-03,20.23,1989-11-06,252,-0.008403361344537896,-0.03015323776569445,-0.0004943153732082095,0.138902619871478,-0.08551655956500248,0.584280771131982,-0.23727137913989127,1.0301532377656946,155.0,235.0,0.36968954248366015,54.0,155.0,101.0,26.0,33.0,181.0,188.0,True,True,756.0,0.22411564279300494,0.16064493482184614,0.05,0.40093098280406647,0.28347845905642144,0.08333333333333333,0.3708544132183211,0.2641066355981181,0.06666666666666667,0.5850234061232815,0.398617417339059,0.1111111111111111,,,,,,,,,,,,,,
EMERGENCY_1989-11-06,,1989,EMERGENCY_CUT,1989-11-06,DGS2,rate,1989-11-03,8.01,1989-11-06,252,,,,,,,,,,,,,,,,,,,,,,,,,,,,,,,,,,-37.999999999999986,104.00000000000009,251.0,122.0,2.999999999999936,-17.99999999999997,-29.000000000000004,26.999999999999957,95.00000000000011,-35.99999999999994,108.33850459992189,96.51329933823904,93.56234159482042,95.63026409227659
EMERGENCY_1989-11-06,,1989,EMERGENCY_CUT,1989-11-06,DGS10,rate,1989-11-03,7.96,1989-11-06,252,,,,,,,,,,,,,,,,,,,,,,,,,,,,,,,,,,-19.00000000000004,112.99999999999999,30.0,122.0,4.0000000000000036,-4.0000000000000036,-13.999999999999968,46.0,107.99999999999991,55.99999999999996,60.961765411651655,71.67355373556386,85.41001456641548,93.62874894754324
EMERGENCY_1990-07-13,,1990,EMERGENCY_CUT,1990-07-13,SP500,price,1990-07-12,365.44000244140625,1990-07-13,252,0.00511710569366941,-0.0003283579148036786,-0.06977889620633038,-0.14760289536188598,-0.10669327379020732,0.03155100345410489,-0.1914952126718764,0.06843807355117071,64.0,193.0,0.19918693134699017,2.0,64.0,62.0,68.0,86.0,132.0,150.0,True,True,756.0,0.16233886609827464,0.15904002123703198,0.15,0.19757865070856184,0.16396588996749686,0.21666666666666667,0.18570078933082704,0.14132305728859879,0.16666666666666666,0.1694545270411333,0.11798726974405113,0.11507936507936507,,,,,,,,,,,,,,
EMERGENCY_1990-07-13,,1990,EMERGENCY_CUT,1990-07-13,NASDAQ,price,1990-07-12,467.17,1990-07-13,252,0.0027184964787978494,-0.019264935676520323,-0.1159963182567374,-0.25645910482265555,-0.2033092878395445,0.04537962626024794,-0.3033799259370251,0.09448380675128965,67.0,193.0,0.3069846678023851,2.0,67.0,65.0,72.0,96.0,139.0,163.0,True,True,756.0,0.21408673653571622,0.21811175433068075,0.2,0.2259386243741933,0.20552145763628615,0.26666666666666666,0.20202247464689904,0.16415375230098567,0.18333333333333332,0.1797392023307711,0.13044170172895145,0.13095238095238096,,,,,,,,,,,,,,
EMERGENCY_1990-07-13,,1990,EMERGENCY_CUT,1990-07-13,WTI,price,1990-07-12,18.69,1990-07-13,252,-0.017121455323702572,0.02033172819689666,0.37453183520599254,1.0262172284644193,0.5238095238095237,0.14071696094168007,-0.0674157303370787,1.1974317817014444,158.0,64.0,0.5756026296566837,64.0,158.0,94.0,,,,,False,False,756.0,0.9269007507599124,0.4637347502112087,0.05,0.7613647470182722,0.45882549398399003,0.1,0.783959739258247,0.555458936791407,0.19166666666666668,0.7755781403572813,0.6161052573270057,0.13095238095238096,,,,,,,,,,,,,,
EMERGENCY_1990-07-13,,1990,EMERGENCY_CUT,1990-07-13,DGS2,rate,1990-07-12,8.2,1990-07-13,252,,,,,,,,,,,,,,,,,,,,,,,,,,,,,,,,,,-159.99999999999997,12.0000000000001,220.0,31.0,-6.999999999999851,-6.999999999999851,-20.999999999999908,-38.99999999999997,-102.99999999999994,-129.9999999999999,100.59386818185986,88.64247365452528,82.76305654947599,81.71556928118538
EMERGENCY_1990-07-13,,1990,EMERGENCY_CUT,1990-07-13,DGS10,rate,1990-07-12,8.5,1990-07-13,252,,,,,,,,,,,,,,,,,,,,,,,,,,,,,,,,,,-73.00000000000004,55.00000000000007,144.0,31.0,-5.000000000000071,0.9999999999999787,16.000000000000014,15.000000000000036,-48.00000000000004,-23.000000000000043,134.75873177450788,105.60840683023464,99.3262005598073,87.32215848540277
EMERGENCY_1990-10-29,,1990,EMERGENCY_CUT,1990-10-29,SP500,price,1990-10-26,304.7099914550781,1990-10-29,252,-0.009287475473815698,0.023432164512695808,0.03872540658807533,0.08368613014043325,0.26087106751034095,0.26087106751034095,-0.009287475473815698,0.3016967797950012,1.0,211.0,0.06107011233044457,39.0,50.0,11.0,6.0,7.0,56.0,57.0,True,True,756.0,0.1673554905568187,0.10176054084353929,0.05,0.15852937151721916,0.09184320589962856,0.03333333333333333,0.1559856608668078,0.08597667284052188,0.016666666666666666,0.1394914299852613,0.0853111306311157,0.01984126984126984,,,,,,,,,,,,,,
EMERGENCY_1990-10-29,,1990,EMERGENCY_CUT,1990-10-29,NASDAQ,price,1990-10-26,334.36,1990-10-29,252,-0.010647206603660697,0.006250747697092773,0.043366431391314686,0.14819356382342397,0.49895322406986464,0.5705526976911113,-0.013548271324321126,0.6178370618495037,2.0,245.0,0.0747687312980384,118.0,167.0,49.0,11.0,33.0,178.0,200.0,True,True,756.0,0.1684819300166402,0.08385255288165087,0.0,0.1568719610492926,0.08366548545077708,0.0,0.15430710312850618,0.07631848961665974,0.0,0.14231421824515508,0.08436234091296332,0.011904761904761904,,,,,,,,,,,,,,
EMERGENCY_1990-10-29,,1990,EMERGENCY_CUT,1990-10-29,WTI,price,1990-10-26,33.03,1990-10-29,252,0.0681198910081744,0.027853466545564753,-0.020587344838026045,-0.24583711777172268,-0.3421132303966091,-0.29821374508023013,-0.47229791099000906,0.07811080835604,83.0,9.0,0.510530749789385,9.0,83.0,74.0,,,,,False,False,756.0,0.7516823851674642,0.5051016134786551,0.25,1.1262582583705794,0.9667682160590008,0.18333333333333332,0.8865547256246998,0.7561016547084322,0.13333333333333333,0.6293008653576267,0.5324520864244338,0.06349206349206349,,,,,,,,,,,,,,
EMERGENCY_1990-10-29,,1990,EMERGENCY_CUT,1990-10-29,DGS2,rate,1990-10-26,7.8,1990-10-29,252,,,,,,,,,,,,,,,,,,,,,,,,,,,,,,,,,,-206.99999999999994,2.000000000000046,252.0,1.0,2.000000000000046,-12.00000000000001,-29.999999999999982,-70.00000000000001,-75.0,-206.99999999999994,55.5906088244559,75.2663068653733,81.36356317028343,81.43266472652208
EMERGENCY_1990-10-29,,1990,EMERGENCY_CUT,1990-10-29,DGS10,rate,1990-10-26,8.63,1990-10-29,252,,,,,,,,,,,,,,,,,,,,,,,,,,,,,,,,,,-124.00000000000011,6.999999999999851,235.0,1.0,6.999999999999851,-6.00000000000005,-35.00000000000014,-57.00000000000003,-51.000000000000156,-115.00000000000003,80.75987800100242,96.60176859103179,86.50049302817668,78.14571637682901
EMERGENCY_1990-12-07,,1990,EMERGENCY_CUT,1990-12-07,SP500,price,1990-12-06,329.07000732421875,1990-12-07,252,-0.004011326753696531,0.0008204607155397614,-0.0414197726302763,0.144801996037083,0.17591996487793793,0.14683807776079427,-0.053423334544502876,0.20767616256974186,22.0,237.0,0.06107011233044457,11.0,22.0,11.0,6.0,7.0,28.0,29.0,True,True,756.0,0.12273787539776998,0.10509991761044485,0.05,0.1642260595295887,0.084982074412816,0.016666666666666666,0.15175481950835185,0.08867061032846095,0.016666666666666666,0.13958327026767484,0.09102762284820304,0.01984126984126984,,,,,,,,,,,,,,
EMERGENCY_1990-12-07,,1990,EMERGENCY_CUT,1990-12-07,NASDAQ,price,1990-12-06,372.29,1990-12-07,252,-0.0020145585430713098,-0.002122001665368467,-0.03236724059201168,0.2706492250664805,0.3516076177173708,0.43444626500846106,-0.04442773106986497,0.4939160331999246,25.0,237.0,0.0747687312980384,90.0,139.0,49.0,11.0,33.0,150.0,172.0,True,True,756.0,0.11593125592624952,0.09979484733721163,0.0,0.15870517081665034,0.07717942757159915,0.0,0.15009602947238465,0.08397806669085087,0.008333333333333333,0.1448498012667594,0.09519644871604681,0.01984126984126984,,,,,,,,,,,,,,
EMERGENCY_1990-12-07,,1990,EMERGENCY_CUT,1990-12-07,WTI,price,1990-12-06,26.35,1990-12-07,252,0.00986717267552173,0.003795066413662118,0.034155597722960174,-0.22846299810246695,-0.19696394686907026,-0.2250474383301707,-0.3385199240986718,0.22390891840607208,54.0,27.0,0.4595348837209302,27.0,54.0,27.0,,,,,False,False,756.0,0.5720177608686579,0.37142353873525263,0.05,1.1168818355949273,0.9717240216930079,0.1,0.8146034283457996,0.7021151692787352,0.05,0.5817791772596298,0.49770860628043334,0.023809523809523808,,,,,,,,,,,,,,
EMERGENCY_1990-12-07,,1990,EMERGENCY_CUT,1990-12-07,DGS2,rate,1990-12-06,7.48,1990-12-07,252,,,,,,,,,,,,,,,,,,,,,,,,,,,,,,,,,,-241.0,-13.000000000000078,252.0,6.0,-15.000000000000036,-17.00000000000008,-28.000000000000025,-33.00000000000001,-80.00000000000007,-241.0,101.3720609282563,89.67721778596004,82.58471586266826,81.79897134528903
EMERGENCY_1990-12-07,,1990,EMERGENCY_CUT,1990-12-07,DGS10,rate,1990-12-06,8.18,1990-12-07,252,,,,,,,,,,,,,,,,,,,,,,,,,,,,,,,,,,-100.99999999999997,17.99999999999997,248.0,128.0,-15.000000000000036,-19.99999999999993,-4.999999999999893,-7.000000000000028,-11.999999999999922,-96.99999999999997,112.70665230448587,94.1234494098764,84.03528670603023,77.40438131664091
EMERGENCY_1991-01-09,,1991,EMERGENCY_CUT,1991-01-09,SP500,price,1991-01-08,314.8999938964844,1991-01-09,252,-0.010828846389975944,-0.003715411028368698,0.11546527968842413,0.2060018938536783,0.17865992650390172,0.3255001650895375,-0.010828846389975944,0.3316608588939456,1.0,250.0,0.05603791573506445,69.0,89.0,20.0,8.0,57.0,97.0,146.0,True,True,756.0,0.1713611273747393,0.05978638550258847,0.0,0.16373595687380518,0.07443527535327757,0.0,0.1518114019379668,0.0887467642734971,0.016666666666666666,0.14051178301323303,0.08632256734306842,0.015873015873015872,,,,,,,,,,,,,,
EMERGENCY_1991-01-09,,1991,EMERGENCY_CUT,1991-01-09,NASDAQ,price,1991-01-08,359.0,1991-01-09,252,-0.0043175487465181295,-0.004735376044568196,0.2038997214484679,0.38598885793871873,0.32568245125348194,0.6776880222841224,-0.009052924791086325,0.6776880222841224,4.0,252.0,0.0747687312980384,69.0,118.0,49.0,11.0,33.0,129.0,151.0,True,True,756.0,0.1654032081425563,0.06212626589085285,0.0,0.159402701511602,0.069293233458468,0.0,0.15102716469258295,0.08603503391978742,0.016666666666666666,0.14658179878557717,0.09189276948538218,0.01984126984126984,,,,,,,,,,,,,,
EMERGENCY_1991-01-09,,1991,EMERGENCY_CUT,1991-01-09,WTI,price,1991-01-08,27.5,1991-01-09,252,0.018181818181818077,0.10363636363636375,-0.2472727272727273,-0.2916363636363636,-0.2392727272727272,-0.31745454545454543,-0.36618181818181816,0.17272727272727262,33.0,6.0,0.4595348837209302,6.0,33.0,27.0,,,,,False,False,756.0,1.773848973908215,1.5726458635432787,0.15,1.0904540245309877,0.960659117359299,0.08333333333333333,0.7847305285080411,0.6880022022813287,0.041666666666666664,0.5708678328410464,0.49592497406138225,0.023809523809523808,,,,,,,,,,,,,,
EMERGENCY_1991-01-09,,1991,EMERGENCY_CUT,1991-01-09,DGS2,rate,1991-01-08,7.15,1991-01-09,252,,,,,,,,,,,,,,,,,,,,,,,,,,,,,,,,,,-249.00000000000003,6.99999999999994,250.0,48.0,-5.000000000000071,0.9999999999999787,-33.00000000000001,-23.000000000000043,-18.00000000000006,-230.00000000000006,93.03157358773699,83.90290999175625,82.5928354676617,83.7610907207225
EMERGENCY_1991-01-09,,1991,EMERGENCY_CUT,1991-01-09,DGS10,rate,1991-01-08,8.16,1991-01-09,252,,,,,,,,,,,,,,,,,,,,,,,,,,,,,,,,,,-145.00000000000003,19.99999999999993,245.0,107.0,8.999999999999986,6.00000000000005,-37.000000000000014,-16.999999999999993,9.999999999999964,-131.00000000000006,101.74752033704227,82.25778001430231,75.26658503964025,75.00148736904966
EMERGENCY_1991-02-01,,1991,EMERGENCY_CUT,1991-02-01,SP500,price,1991-01-31,343.92999267578125,1991-02-01,252,-0.0025586744440810882,0.03660627629460356,0.07716689183877268,0.08644204233259245,0.10092176521917051,0.1968133163228274,-0.0025586744440810882,0.22341755000799468,1.0,241.0,0.05603791573506445,52.0,72.0,20.0,8.0,57.0,80.0,129.0,True,True,756.0,0.17128922337666042,0.0834954216107775,0.0,0.15598668389233497,0.08865939439205806,0.0,0.14156648790249812,0.08855816331599549,0.016666666666666666,0.13493940141582317,0.08691278510627565,0.015873015873015872,,,,,,,,,,,,,,
EMERGENCY_1991-02-01,,1991,EMERGENCY_CUT,1991-02-01,NASDAQ,price,1991-01-31,414.2,1991-02-01,252,0.008425881216803432,0.050241429261226545,0.10267986479961388,0.17754707870593922,0.17677450507001446,0.5001690004828585,0.0,0.5229840656687592,0.0,241.0,0.0747687312980384,52.0,101.0,49.0,11.0,33.0,112.0,134.0,True,True,756.0,0.1373353518686306,0.062462007480280725,0.0,0.1519646362529544,0.07997864672521506,0.0,0.13772448900605944,0.086059291737288,0.016666666666666666,0.14510676639167808,0.09496612267822944,0.023809523809523808,,,,,,,,,,,,,,
EMERGENCY_1991-02-01,,1991,EMERGENCY_CUT,1991-02-01,WTI,price,1991-01-31,21.9,1991-02-01,252,-0.026027397260274032,-0.026027397260274032,-0.11963470319634695,-0.028310502283104944,-0.036073059360730575,-0.1095890410958904,-0.20410958904109588,0.10136986301369877,16.0,180.0,0.25580431177446106,180.0,233.0,53.0,93.0,,326.0,,True,False,756.0,0.5818820127424195,0.4885356185937641,0.1,0.44246876648857625,0.33557129445540546,0.03333333333333333,0.33981615402815046,0.25898056174040635,0.016666666666666666,0.2996028342634478,0.2294156292542802,0.011904761904761904,,,,,,,,,,,,,,
EMERGENCY_1991-02-01,,1991,EMERGENCY_CUT,1991-02-01,DGS2,rate,1991-01-31,7.05,1991-02-01,252,,,,,,,,,,,,,,,,,,,,,,,,,,,,,,,,,,-238.99999999999997,16.999999999999993,234.0,32.0,-21.999999999999975,-25.0,12.99999999999999,-14.999999999999947,-16.999999999999993,-192.99999999999997,104.44908102188252,89.16134679731941,82.6093927147869,85.85123332223141
EMERGENCY_1991-02-01,,1991,EMERGENCY_CUT,1991-02-01,DGS10,rate,1991-01-31,8.03,1991-02-01,252,,,,,,,,,,,,,,,,,,,,,,,,,,,,,,,,,,-131.99999999999994,33.00000000000001,229.0,91.0,-11.999999999999922,-20.999999999999908,8.999999999999986,4.000000000000092,21.000000000000085,-73.99999999999993,75.25094858643217,75.58907642362256,68.43103011319447,75.82271206794596
EMERGENCY_1991-03-08,,1991,EMERGENCY_CUT,1991-03-08,SP500,price,1991-03-07,375.9100036621094,1991-03-08,252,-0.0025537800157641177,-0.006411118721585396,-0.0014631648670920816,0.03232154978085,0.04562260575512589,0.08140247879920959,-0.02481981591059257,0.11933703523326655,10.0,217.0,0.05603791573506445,28.0,48.0,20.0,8.0,57.0,56.0,105.0,True,True,756.0,0.14586863848871795,0.08789215697094244,0.0,0.13910618176238373,0.09262293183253142,0.016666666666666666,0.13595917854659406,0.09069478592514463,0.025,0.12843007165402132,0.08665905127708935,0.015873015873015872,,,,,,,,,,,,,,
EMERGENCY_1991-03-08,,1991,EMERGENCY_CUT,1991-03-08,NASDAQ,price,1991-03-07,475.74,1991-03-08,252,-0.0013242527430950002,-0.016710808424769796,0.042144869046117694,0.06591835876739394,0.09671249001555471,0.30737377559170986,-0.030142514819018862,0.3556144112330264,3.0,237.0,0.0747687312980384,28.0,77.0,49.0,11.0,33.0,88.0,110.0,True,True,756.0,0.1570346555603902,0.08249430878643789,0.0,0.1385142753173659,0.09026609180631602,0.016666666666666666,0.13737786076335692,0.09363119712778406,0.025,0.14374219490052367,0.09722660131175634,0.023809523809523808,,,,,,,,,,,,,,
EMERGENCY_1991-03-08,,1991,EMERGENCY_CUT,1991-03-08,WTI,price,1991-03-07,19.33,1991-03-08,252,0.0005173305742369738,0.03724780134505967,0.036213140196585725,0.05794102431453707,0.1391619244697362,-0.04293843766166572,-0.07139161924469728,0.24780134505949314,208.0,155.0,0.25580431177446106,155.0,208.0,53.0,93.0,,301.0,,True,False,756.0,0.3770755314925913,0.22589995694326542,0.0,0.2869420255622063,0.19163096023401235,0.0,0.2550598824998294,0.16811378582498762,0.0,0.2590989116427253,0.19423576588803484,0.0,,,,,,,,,,,,,,
EMERGENCY_1991-03-08,,1991,EMERGENCY_CUT,1991-03-08,DGS2,rate,1991-03-07,7.12,1991-03-08,252,,,,,,,,,,,,,,,,,,,,,,,,,,,,,,,,,,-246.0,9.999999999999964,210.0,8.0,-4.0000000000000036,-16.999999999999993,-20.000000000000018,-33.00000000000001,-71.0,-156.00000000000006,86.642641744242,79.15295212756429,86.17755269346712,88.88633683808797
EMERGENCY_1991-03-08,,1991,EMERGENCY_CUT,1991-03-08,DGS10,rate,1991-03-07,8.07,1991-03-08,252,,,,,,,,,,,,,,,,,,,,,,,,,,,,,,,,,,-136.00000000000003,28.999999999999915,205.0,67.0,6.00000000000005,-5.000000000000071,-8.000000000000007,7.000000000000028,-18.00000000000006,-64.00000000000006,78.34659835426328,74.74954792675491,69.50531084236735,77.71559140488064
EMERGENCY_1991-04-30,,1991,EMERGENCY_CUT,1991-04-30,SP500,price,1991-04-29,373.6600036621094,1991-04-30,252,0.004496046296944334,0.017181348946197827,0.022159178660138945,0.01332765331456609,0.04886798048136032,0.09310605417748041,-0.013621999379129113,0.1260771420271214,12.0,181.0,0.062433133777557215,181.0,240.0,59.0,4.0,77.0,244.0,317.0,True,True,756.0,0.13662632016218604,0.09496686371715259,0.05,0.1261634476538809,0.08845681638991179,0.03333333333333333,0.12288778657572116,0.08281154323512509,0.025,0.12437981002306793,0.08478622812368916,0.01984126984126984,,,,,,,,,,,,,,
EMERGENCY_1991-04-30,,1991,EMERGENCY_CUT,1991-04-30,NASDAQ,price,1991-04-29,487.74,1991-04-30,252,-0.006191823512527117,0.007668019846639673,0.019334071431500455,-0.0006560872596055312,0.09949973346455065,0.16238159675236807,-0.030056997580678257,0.32226186082748987,41.0,201.0,0.12091422191899759,201.0,252.0,51.0,132.0,148.0,384.0,400.0,True,True,756.0,0.1278324381767457,0.09568517425617826,0.05,0.11918870295982276,0.0917377755161446,0.03333333333333333,0.12689148358123833,0.08824291989113753,0.025,0.14665456032895247,0.10447292600003594,0.031746031746031744,,,,,,,,,,,,,,
EMERGENCY_1991-04-30,,1991,EMERGENCY_CUT,1991-04-30,WTI,price,1991-04-29,21.3,1991-04-30,252,-0.014553990610328693,0.020187793427230094,0.0,0.008450704225352101,0.1281690140845071,-0.023943661971831065,-0.15727699530516437,0.13239436619718314,172.0,119.0,0.25580431177446106,119.0,172.0,53.0,93.0,,265.0,,True,False,756.0,0.20393671994527182,0.15920545312319112,0.0,0.1959557189024783,0.14674388933198004,0.0,0.19733810603327115,0.1336377323442514,0.0,0.23996235089463758,0.18442414494500745,0.0,,,,,,,,,,,,,,
EMERGENCY_1991-04-30,,1991,EMERGENCY_CUT,1991-04-30,DGS2,rate,1991-04-29,6.9,1991-04-30,252,,,,,,,,,,,,,,,,,,,,,,,,,,,,,,,,,,-224.00000000000003,17.99999999999997,174.0,31.0,-10.000000000000053,-8.000000000000007,-24.00000000000002,-2.000000000000046,-95.00000000000001,-144.00000000000003,56.08940232014964,76.21370489327585,81.87813756897943,95.72919973171672
EMERGENCY_1991-04-30,,1991,EMERGENCY_CUT,1991-04-30,DGS10,rate,1991-04-29,8.07,1991-04-30,252,,,,,,,,,,,,,,,,,,,,,,,,,,,,,,,,,,-136.00000000000003,28.999999999999915,169.0,31.0,-5.000000000000071,-1.9999999999999574,0.0,16.999999999999993,-54.0,-46.0,66.95481587175794,61.03488860576907,67.75266437131278,78.86879517648053
EMERGENCY_1991-08-06,,1991,EMERGENCY_CUT,1991-08-06,SP500,price,1991-08-05,385.05999755859375,1991-08-06,252,0.014439301910990299,0.007687091554161585,0.018412705507826033,0.016672761305872807,0.0790007105921342,0.10395782224354688,-0.025554449696876924,0.10395782224354688,82.0,252.0,0.062433133777557215,113.0,172.0,59.0,4.0,77.0,176.0,249.0,True,True,756.0,0.16458547165966142,0.0998278351880202,0.05,0.1234384273386089,0.079409833836571,0.016666666666666666,0.13290810043130666,0.08766040930336805,0.016666666666666666,0.1182080998641525,0.07924244694628835,0.011904761904761904,,,,,,,,,,,,,,
EMERGENCY_1991-08-06,,1991,EMERGENCY_CUT,1991-08-06,NASDAQ,price,1991-08-05,502.61,1991-08-06,252,0.005153100813752198,0.01470324904001119,0.036409940112612116,0.06346869342034567,0.24287220707904722,0.1586717335508645,-0.009888382642605609,0.283141998766439,10.0,133.0,0.15053029833157594,133.0,227.0,94.0,81.0,105.0,308.0,332.0,True,True,756.0,0.17407201956197896,0.11256455692362494,0.05,0.1372703503219405,0.08901890767214497,0.016666666666666666,0.1567832678033195,0.10604759186047853,0.03333333333333333,0.14803130643224588,0.10345200821749335,0.031746031746031744,,,,,,,,,,,,,,
EMERGENCY_1991-08-06,,1991,EMERGENCY_CUT,1991-08-06,WTI,price,1991-08-05,21.5,1991-08-06,252,-0.005116279069767415,0.009767441860465187,0.036279069767441996,0.07395348837209292,-0.11999999999999988,-0.017674418604651132,-0.16511627906976745,0.12186046511627913,106.0,53.0,0.25580431177446106,53.0,106.0,53.0,93.0,,199.0,,True,False,756.0,0.28074981314338476,0.156823848716165,0.0,0.20786802828062048,0.12982085414374311,0.0,0.26678488700833825,0.2068480473756165,0.008333333333333333,0.23665235802911683,0.177639194292294,0.007936507936507936,,,,,,,,,,,,,,
EMERGENCY_1991-08-06,,1991,EMERGENCY_CUT,1991-08-06,DGS2,rate,1991-08-05,6.69,1991-08-06,252,,,,,,,,,,,,,,,,,,,,,,,,,,,,,,,,,,-249.00000000000003,-12.00000000000001,242.0,1.0,-12.00000000000001,-20.000000000000018,-36.00000000000003,-96.0,-154.0,-240.00000000000003,122.48789413867135,85.37184865266124,88.99874420792831,104.74237033515281
EMERGENCY_1991-08-06,,1991,EMERGENCY_CUT,1991-08-06,DGS10,rate,1991-08-05,8.04,1991-08-06,252,,,,,,,,,,,,,,,,,,,,,,,,,,,,,,,,,,-143.99999999999994,-5.999999999999872,246.0,3.0,-6.99999999999994,-8.999999999999897,-22.999999999999954,-55.99999999999987,-78.99999999999991,-138.9999999999999,79.33493290441075,77.15500576925797,81.71244415272233,82.77389641841717
EMERGENCY_1991-09-13,,1991,EMERGENCY_CUT,1991-09-13,SP500,price,1991-09-12,387.3399963378906,1991-09-13,252,-0.00968141693461666,0.0005679796116671021,-0.017529840990132883,-0.021273274932307684,0.05677180369256862,0.08418964263296402,-0.03129032692666933,0.09745959714180752,55.0,225.0,0.062433133777557215,86.0,145.0,59.0,4.0,77.0,149.0,222.0,True,True,756.0,0.09132621127514386,0.07345508270118671,0.0,0.12717038223011504,0.10092953675298699,0.03333333333333333,0.12428895501881396,0.08354274569879427,0.016666666666666666,0.11086671797734483,0.07539591310091036,0.015873015873015872,,,,,,,,,,,,,,
EMERGENCY_1991-09-13,,1991,EMERGENCY_CUT,1991-09-13,NASDAQ,price,1991-09-12,521.13,1991-09-13,252,-0.008481568898355385,0.0029551167654902066,-0.0099591272811006,0.029109819047070662,0.20946788709151254,0.11534549920365356,-0.014046399171032231,0.23754149636367128,19.0,106.0,0.15053029833157594,106.0,200.0,94.0,81.0,105.0,281.0,305.0,True,True,756.0,0.09067686415065597,0.06880716271737626,0.0,0.1459977537332969,0.11545323824083227,0.03333333333333333,0.15144631938916195,0.10046198154625763,0.03333333333333333,0.14174471063822613,0.099633323770161,0.031746031746031744,,,,,,,,,,,,,,
EMERGENCY_1991-09-13,,1991,EMERGENCY_CUT,1991-09-13,WTI,price,1991-09-12,21.51,1991-09-13,252,0.009298000929800043,0.013017201301720016,0.06973500697350077,-0.050674105067410546,-0.13854021385402138,0.04091120409112037,-0.1655044165504418,0.12133891213389125,79.0,26.0,0.25580431177446106,26.0,79.0,53.0,93.0,,172.0,,True,False,756.0,0.12145748581932729,0.054781245634505066,0.0,0.21070287243826472,0.1697015982800778,0.0,0.2711306473941728,0.22193516805720612,0.016666666666666666,0.22759557258748747,0.17210045321954606,0.007936507936507936,,,,,,,,,,,,,,
EMERGENCY_1991-09-13,,1991,EMERGENCY_CUT,1991-09-13,DGS2,rate,1991-09-12,6.2,1991-09-13,252,,,,,,,,,,,,,,,,,,,,,,,,,,,,,,,,,,-240.00000000000003,0.0,251.0,5.0,-2.000000000000046,0.0,-21.999999999999975,-112.99999999999999,-66.00000000000001,-231.0,52.24517101835209,61.7307164702647,92.5600599928628,105.04779788571226
EMERGENCY_1991-09-13,,1991,EMERGENCY_CUT,1991-09-13,DGS10,rate,1991-09-12,7.67,1991-09-13,252,,,,,,,,,,,,,,,,,,,,,,,,,,,,,,,,,,-138.0,4.0000000000000036,247.0,124.0,-0.9999999999999787,-5.999999999999961,-8.999999999999986,-46.0,-25.0,-126.99999999999996,61.47631122721387,74.65091641791078,85.49664596104482,85.4750726692219
EMERGENCY_1991-10-31,,1991,EMERGENCY_CUT,1991-10-31,SP500,price,1991-10-30,392.9599914550781,1991-10-31,252,-0.0012977892384374856,-0.007608892252118249,-0.04175998579739715,0.056061683780383786,0.04287969887499821,0.06914193306837024,-0.0451445201041617,0.08222210469558022,21.0,220.0,0.062433133777557215,52.0,111.0,59.0,4.0,77.0,115.0,188.0,True,True,756.0,0.1628750598250657,0.15020632488477118,0.1,0.14251710696522085,0.09522931338162842,0.03333333333333333,0.12894938003071177,0.08873511234760414,0.041666666666666664,0.11206444417643745,0.07753949097978495,0.03968253968253968,,,,,,,,,,,,,,
EMERGENCY_1991-10-31,,1991,EMERGENCY_CUT,1991-10-31,NASDAQ,price,1991-10-30,541.32,1991-10-31,252,0.003066577994531805,-0.0033990984999631157,-0.03424961205941046,0.14719574373753042,0.06818517697480231,0.11096948200694579,-0.03526564693711676,0.19138402423704992,19.0,72.0,0.15053029833157594,72.0,166.0,94.0,81.0,105.0,247.0,271.0,True,True,756.0,0.19377708780704775,0.17740886517139506,0.1,0.17398473977733478,0.12130308312975406,0.05,0.1664445723852511,0.1197947469902089,0.09166666666666666,0.14205009877724545,0.10048560945656565,0.05952380952380952,,,,,,,,,,,,,,
EMERGENCY_1991-10-31,,1991,EMERGENCY_CUT,1991-10-31,WTI,price,1991-10-30,23.11,1991-10-31,252,0.007788836001730859,0.014279532669839945,-0.07485936823885764,-0.18000865426222412,-0.12202509736045009,-0.12029424491562102,-0.22327996538295114,0.032020770229338025,45.0,2.0,0.24737945492662483,2.0,45.0,43.0,83.0,,128.0,,True,False,756.0,0.27335430998702787,0.23648057307513967,0.0,0.3126796393892975,0.26214266199075564,0.016666666666666666,0.2797083501044057,0.2269733870458618,0.016666666666666666,0.2258642510457664,0.17408191930522665,0.007936507936507936,,,,,,,,,,,,,,
EMERGENCY_1991-10-31,,1991,EMERGENCY_CUT,1991-10-31,DGS2,rate,1991-10-30,5.73,1991-10-31,252,,,,,,,,,,,,,,,,,,,,,,,,,,,,,,,,,,-206.00000000000006,13.999999999999968,231.0,92.0,-3.000000000000025,-10.000000000000053,-35.00000000000006,-58.00000000000001,-40.000000000000036,-126.00000000000007,55.44129185097752,92.9303730611696,108.71008395241533,111.72526063760975
EMERGENCY_1991-10-31,,1991,EMERGENCY_CUT,1991-10-31,DGS10,rate,1991-10-30,7.48,1991-10-31,252,,,,,,,,,,,,,,,,,,,,,,,,,,,,,,,,,,-125.0,22.999999999999954,231.0,91.0,-1.0000000000000675,2.999999999999936,-10.000000000000053,-23.000000000000043,6.99999999999994,-60.00000000000006,59.952612866110286,86.46016031695702,87.537991752153,90.18864691230549
EMERGENCY_1991-12-06,,1991,EMERGENCY_CUT,1991-12-06,SP500,price,1991-12-05,377.3900146484375,1991-12-06,252,0.004531098833314706,0.011023007983946176,0.10750145799282507,0.09396112795435596,0.10426872481667138,0.139166345094206,0.0,0.14298203280588972,0.0,249.0,0.062433133777557215,27.0,86.0,59.0,4.0,77.0,90.0,163.0,True,True,756.0,0.12640972374157775,0.023374298006771446,0.0,0.11941791416778229,0.058856315804003946,0.016666666666666666,0.11456488012859782,0.06808827655079731,0.025,0.1030326752657107,0.06573690448358535,0.031746031746031744,,,,,,,,,,,,,,
EMERGENCY_1991-12-06,,1991,EMERGENCY_CUT,1991-12-06,NASDAQ,price,1991-12-05,534.03,1991-12-06,252,0.004250697526356095,0.0037263824129729617,0.11960002247064772,0.18766735951163804,0.08699885774207439,0.2290695279291426,-0.004475404003520422,0.2290695279291426,4.0,252.0,0.15053029833157594,47.0,141.0,94.0,81.0,105.0,222.0,246.0,True,True,756.0,0.13802292294423296,0.04817648800731978,0.0,0.15484721159937137,0.08179862301818616,0.03333333333333333,0.15425912419852714,0.1010700060830669,0.075,0.13473718289948877,0.08833392766768529,0.051587301587301584,,,,,,,,,,,,,,
EMERGENCY_1991-12-06,,1991,EMERGENCY_CUT,1991-12-06,WTI,price,1991-12-05,20.42,1991-12-06,252,-0.02693437806072485,-0.016160626836434933,-0.10577864838393736,-0.09255631733594516,0.10920666013712022,-0.06513222331047996,-0.12095984329089138,0.12781586679725754,19.0,133.0,0.18844984802431608,133.0,249.0,116.0,720.0,735.0,969.0,984.0,True,True,756.0,0.38576285142930633,0.3400364048039199,0.1,0.32218233252691286,0.26402993236060895,0.05,0.27128796475587524,0.20341303023910945,0.025,0.2201121481610818,0.16576568137759848,0.011904761904761904,,,,,,,,,,,,,,
EMERGENCY_1991-12-06,,1991,EMERGENCY_CUT,1991-12-06,DGS2,rate,1991-12-05,5.22,1991-12-06,252,,,,,,,,,,,,,,,,,,,,,,,,,,,,,,,,,,-154.99999999999997,65.00000000000003,207.0,68.0,-2.999999999999936,-16.000000000000014,-46.0,28.000000000000025,-2.999999999999936,-62.999999999999986,108.17004157684731,111.15870468442255,120.00816148716476,114.95952864852757
EMERGENCY_1991-12-06,,1991,EMERGENCY_CUT,1991-12-06,DGS10,rate,1991-12-05,7.21,1991-12-06,252,,,,,,,,,,,,,,,,,,,,,,,,,,,,,,,,,,-97.99999999999996,50.0,207.0,67.0,4.999999999999982,-1.9999999999999574,-38.99999999999997,21.999999999999975,12.00000000000001,-47.99999999999996,83.2824616654229,93.38885354313813,91.56058746245894,91.72920479297848
EMERGENCY_1991-12-20,,1991,EMERGENCY_CUT,1991-12-20,SP500,price,1991-12-19,382.5199890136719,1991-12-20,252,0.011816427013147335,0.06258497105768401,0.08846595553123149,0.07074139479185915,0.06935584947522488,0.13831957853637356,0.0,0.14239779040346123,0.0,245.0,0.062433133777557215,17.0,76.0,59.0,4.0,77.0,80.0,153.0,True,True,756.0,0.14031976475004465,0.03997409660103725,0.0,0.12194601188723468,0.06446076019813432,0.016666666666666666,0.11541429838414605,0.07087322625659477,0.025,0.10298442227438867,0.0657158402048211,0.031746031746031744,,,,,,,,,,,,,,
EMERGENCY_1991-12-20,,1991,EMERGENCY_CUT,1991-12-20,NASDAQ,price,1991-12-19,534.53,1991-12-20,252,0.0023010869361870245,0.058331618431145316,0.1587375825491555,0.1660150038351449,0.062017099133818476,0.23184853983873688,0.0,0.24804968851140252,0.0,245.0,0.15053029833157594,37.0,131.0,94.0,81.0,105.0,212.0,236.0,True,True,756.0,0.14297199433962146,0.052527805750711865,0.0,0.16007145153308786,0.08762846378588593,0.05,0.15480255423014508,0.10258743902887536,0.08333333333333333,0.1349767067571404,0.08811523384083177,0.051587301587301584,,,,,,,,,,,,,,
EMERGENCY_1991-12-20,,1991,EMERGENCY_CUT,1991-12-20,WTI,price,1991-12-19,19.12,1991-12-20,252,-0.043933054393305415,-0.01569037656903771,-0.03870292887029303,0.007845188284518745,0.16265690376569042,0.044456066945606665,-0.06119246861924699,0.20449790794979084,10.0,124.0,0.18844984802431608,124.0,240.0,116.0,720.0,735.0,960.0,975.0,True,True,756.0,0.3911781940734211,0.32528642400573377,0.1,0.3087857121903916,0.24796532386509826,0.05,0.26015965017006637,0.1936376507454048,0.025,0.21529334140107542,0.15946362315698764,0.011904761904761904,,,,,,,,,,,,,,
EMERGENCY_1991-12-20,,1991,EMERGENCY_CUT,1991-12-20,DGS2,rate,1991-12-19,5.05,1991-12-20,252,,,,,,,,,,,,,,,,,,,,,,,,,,,,,,,,,,-138.0,82.00000000000003,197.0,58.0,-25.0,-20.000000000000018,-8.000000000000007,79.0,0.9999999999999787,-41.000000000000014,125.46200934734661,115.71559231618163,119.8851656426952,115.06026482601482
EMERGENCY_1991-12-20,,1991,EMERGENCY_CUT,1991-12-20,DGS10,rate,1991-12-19,7.11,1991-12-20,252,,,,,,,,,,,,,,,,,,,,,,,,,,,,,,,,,,-87.99999999999999,59.999999999999964,197.0,57.0,-14.000000000000057,-29.000000000000004,-8.000000000000007,50.99999999999998,17.99999999999997,-46.0,104.71857021258667,99.10718388848056,91.00963103527273,91.67854806495794
EMERGENCY_1992-04-09,,1992,EMERGENCY_CUT,1992-04-09,SP500,price,1992-04-08,394.5,1992-04-09,252,0.015564042201362538,0.055209122380980746,0.054119153621079,0.04902407183242241,0.05652721874009825,0.12225604812757451,0.0,0.15673000398546422,0.0,232.0,0.053166190739209696,109.0,128.0,19.0,6.0,30.0,134.0,158.0,True,True,756.0,0.11770208134971327,0.05977736867599625,0.05,0.10544817799000755,0.06512710693005122,0.03333333333333333,0.09850211984951533,0.06458037167814594,0.041666666666666664,0.09721623400166914,0.06520621089903618,0.03571428571428571,,,,,,,,,,,,,,
EMERGENCY_1992-04-09,,1992,EMERGENCY_CUT,1992-04-09,NASDAQ,price,1992-04-08,573.68,1992-04-09,252,0.022782736020080963,0.045931529772695656,0.023497420164551697,-0.018320317947287723,0.006885371635755311,0.16594617208199702,-0.0450425324222562,0.23561916050760012,55.0,209.0,0.086978984384114,5.0,55.0,50.0,11.0,86.0,66.0,141.0,True,True,756.0,0.18511584405225792,0.1205490377469143,0.1,0.1425727885396654,0.101067439539023,0.06666666666666667,0.12671306610187383,0.08843632758827585,0.05,0.12447143518356159,0.08855028980753468,0.03571428571428571,,,,,,,,,,,,,,
EMERGENCY_1992-04-09,,1992,EMERGENCY_CUT,1992-04-09,WTI,price,1992-04-08,20.64,1992-04-09,252,-0.015019379844961378,-0.018895348837209336,0.016472868217054293,0.035852713178294415,0.0625,-0.03149224806201556,-0.11773255813953487,0.11579457364341095,189.0,50.0,0.20929222752930965,50.0,189.0,139.0,30.0,712.0,219.0,901.0,True,True,756.0,0.18666649101298813,0.13519731703281154,0.05,0.1963000898914847,0.12362567580206575,0.016666666666666666,0.17044501211164723,0.1082989274815459,0.008333333333333333,0.1867419776233871,0.12649607318709277,0.023809523809523808,,,,,,,,,,,,,,
EMERGENCY_1992-04-09,,1992,EMERGENCY_CUT,1992-04-09,DGS2,rate,1992-04-08,5.33,1992-04-09,252,,,,,,,,,,,,,,,,,,,,,,,,,,,,,,,,,,-166.0,12.99999999999999,122.0,15.0,-24.00000000000002,-11.000000000000032,0.9999999999999787,-87.00000000000001,-153.00000000000003,-151.00000000000003,139.8659884919923,131.95827537777973,114.21272721909554,109.52681637834674
EMERGENCY_1992-04-09,,1992,EMERGENCY_CUT,1992-04-09,DGS10,rate,1992-04-08,7.44,1992-04-09,252,,,,,,,,,,,,,,,,,,,,,,,,,,,,,,,,,,-161.00000000000003,16.999999999999993,225.0,15.0,-9.000000000000075,-7.000000000000028,4.999999999999982,-54.0,-107.00000000000003,-151.00000000000006,87.38571483883817,84.89522954795515,84.47251554412796,90.88066252353758
EMERGENCY_1992-07-02,,1992,EMERGENCY_CUT,1992-07-02,SP500,price,1992-07-01,412.8800048828125,1992-07-02,252,-0.0026884708777691335,0.003269729915593267,0.026739024448653836,0.003560359434505278,0.06738036958732097,0.09118870725447348,-0.024752957517533147,0.10523634270394244,70.0,174.0,0.053166190739209696,51.0,70.0,19.0,6.0,30.0,76.0,100.0,True,True,756.0,0.09798196210415544,0.05366758153463401,0.05,0.0916743920296588,0.06426622478888852,0.08333333333333333,0.08985688175207877,0.05910379246732933,0.058333333333333334,0.09396035771439634,0.06393615962863379,0.047619047619047616,,,,,,,,,,,,,,
EMERGENCY_1992-07-02,,1992,EMERGENCY_CUT,1992-07-02,NASDAQ,price,1992-07-01,568.99,1992-07-02,252,-0.00991230074342253,-0.007451800558885058,0.01724107629308058,0.014429076082180803,0.1642735373205153,0.23719221778941635,-0.025958276946870695,0.24580396843529773,38.0,151.0,0.08884813430203853,151.0,206.0,55.0,6.0,55.0,212.0,261.0,True,True,756.0,0.12036748367551114,0.07909930676543922,0.0,0.11105255347474055,0.07616303943519415,0.03333333333333333,0.10780471260832028,0.0669258952417162,0.016666666666666666,0.11571161638228812,0.08102398168492016,0.023809523809523808,,,,,,,,,,,,,,
EMERGENCY_1992-07-02,,1992,EMERGENCY_CUT,1992-07-02,WTI,price,1992-07-01,21.9,1992-07-02,252,0.008219178082191858,-0.0237442922374429,-0.0036529680365295913,-0.017808219178082063,-0.09041095890410944,-0.17260273972602724,-0.18767123287671228,0.02237442922374444,250.0,54.0,0.20544886109870486,54.0,250.0,196.0,206.0,596.0,456.0,846.0,True,True,756.0,0.12760225531321598,0.09269933909692654,0.0,0.14472661753121197,0.09869533766661635,0.0,0.16286026860746794,0.11892734681278913,0.008333333333333333,0.18286718311921224,0.13102672203829585,0.023809523809523808,,,,,,,,,,,,,,
EMERGENCY_1992-07-02,,1992,EMERGENCY_CUT,1992-07-02,DGS2,rate,1992-07-01,4.82,1992-07-02,252,,,,,,,,,,,,,,,,,,,,,,,,,,,,,,,,,,-115.00000000000003,-1.0000000000000675,64.0,104.0,-27.000000000000046,-41.99999999999999,-49.00000000000002,-104.00000000000004,-19.00000000000004,-82.00000000000003,119.62560014698501,108.80528401924464,112.00412282327719,100.97413972116956
EMERGENCY_1992-07-02,,1992,EMERGENCY_CUT,1992-07-02,DGS10,rate,1992-07-01,7.1,1992-07-02,252,,,,,,,,,,,,,,,,,,,,,,,,,,,,,,,,,,-134.0,-9.999999999999964,251.0,90.0,-16.999999999999993,-18.99999999999995,-40.99999999999993,-68.99999999999994,-41.99999999999999,-129.99999999999997,93.2024960135613,90.83191778298854,95.52788321002525,88.65736004438571
EMERGENCY_1992-09-04,,1992,EMERGENCY_CUT,1992-09-04,SP500,price,1992-09-03,417.9800109863281,1992-09-04,252,-0.0021532714254413055,0.003827875840669792,-0.01796738975125456,0.03198716389723444,0.05828026391520269,0.10364126433801535,-0.03665248796962173,0.1090482448304364,25.0,250.0,0.053166190739209696,6.0,25.0,19.0,6.0,30.0,31.0,55.0,True,True,756.0,0.11649071948112905,0.09187282755638189,0.15,0.09832565086050883,0.06800639741862806,0.06666666666666667,0.09455262504662133,0.06555963562516097,0.041666666666666664,0.09246025989450202,0.06251990902711367,0.03968253968253968,,,,,,,,,,,,,,
EMERGENCY_1992-09-04,,1992,EMERGENCY_CUT,1992-09-04,NASDAQ,price,1992-09-03,574.88,1992-09-04,252,-0.002504870581686469,0.014142081825772257,-0.005653353743389933,0.13541956582243264,0.16036390203172846,0.30227177845811304,-0.016820901753409334,0.30227177845811304,21.0,252.0,0.08884813430203853,106.0,161.0,55.0,6.0,55.0,167.0,216.0,True,True,756.0,0.134721771705748,0.0928489504639737,0.05,0.11432723670836432,0.0670138556420271,0.016666666666666666,0.12306917112095936,0.08641476180691926,0.025,0.11220344747553504,0.07779211577508231,0.01984126984126984,,,,,,,,,,,,,,
EMERGENCY_1992-09-04,,1992,EMERGENCY_CUT,1992-09-04,WTI,price,1992-09-03,21.69,1992-09-04,252,0.0036883356385430943,0.011065006915629283,0.011065006915629283,-0.08206546795758418,-0.055786076532964524,-0.22314430613185798,-0.22821576763485485,0.032272936837252075,249.0,9.0,0.2523447967842788,9.0,249.0,240.0,160.0,552.0,409.0,801.0,True,True,756.0,0.12696247119934745,0.07789353464670232,0.0,0.15374861067246148,0.11972279039352586,0.016666666666666666,0.1978785263037008,0.136744312621198,0.041666666666666664,0.20197587836929112,0.14752746086767307,0.04365079365079365,,,,,,,,,,,,,,
EMERGENCY_1992-09-04,,1992,EMERGENCY_CUT,1992-09-04,DGS2,rate,1992-09-03,4.09,1992-09-04,252,,,,,,,,,,,,,,,,,,,,,,,,,,,,,,,,,,-41.99999999999999,71.99999999999997,19.0,59.0,-19.99999999999997,-21.999999999999975,-37.999999999999986,71.99999999999997,-20.999999999999996,-31.000000000000007,115.03903227760755,119.18161614577402,108.22843488495545,95.41127164529408
EMERGENCY_1992-09-04,,1992,EMERGENCY_CUT,1992-09-04,DGS10,rate,1992-09-03,6.54,1992-09-04,252,,,,,,,,,,,,,,,,,,,,,,,,,,,,,,,,,,-130.99999999999997,46.0,251.0,45.0,-13.999999999999968,-16.999999999999993,-28.000000000000025,38.99999999999997,-58.999999999999986,-130.99999999999997,102.80118778752656,106.46235906791222,95.22471873848471,85.48625853554697
T06_1994_FIRST_HIKE,T06_1994,1994,FIRST_HIKE,1994-02-04,SP500,price,1994-02-03,480.7099914550781,1994-02-04,252,-0.02267478124074518,-0.02450541696385289,-0.03322169604247871,-0.057581479827360615,-0.05506438745027986,-0.004285322949827308,-0.08693386609429143,0.0,40.0,0.0,0.08693386609429143,0.0,40.0,40.0,42.0,213.0,82.0,253.0,True,True,756.0,0.11505440193577929,0.10615023052532084,0.15,0.11728571882800629,0.09388711436249421,0.16666666666666666,0.10321933531571101,0.08041230144164924,0.13333333333333333,0.09851454799810572,0.07245097315311623,0.10317460317460317,,,,,,,,,,,,,,
T06_1994_FIRST_HIKE,T06_1994,1994,FIRST_HIKE,1994-02-04,NASDAQ,price,1994-02-03,797.79,1994-02-04,252,-0.0257085197859086,-0.018012258865114927,-0.009075069880545072,-0.07322729038970155,-0.10699557527670189,-0.03225159503127395,-0.13036011983103324,0.007696260920793785,97.0,30.0,0.13700197778413548,30.0,97.0,67.0,42.0,181.0,139.0,278.0,True,True,756.0,0.13017850078885715,0.10875454979629261,0.1,0.15333518082517034,0.12035477317035025,0.15,0.13206702648964092,0.10421726303774775,0.11666666666666667,0.11780057617810112,0.08902465536415231,0.07539682539682539,,,,,,,,,,,,,,
T06_1994_FIRST_HIKE,T06_1994,1994,FIRST_HIKE,1994-02-04,WTI,price,1994-02-02,16.06,1994-02-07,252,-0.04669987546699861,-0.08405977584059765,-0.11643835616438347,0.10709838107098402,0.09090909090909105,0.25404732254047335,-0.13511830635118294,0.290161892901619,8.0,68.0,0.19884169884169878,68.0,182.0,114.0,15.0,261.0,197.0,443.0,True,True,756.0,0.3380405170620439,0.29343593379709165,0.2,0.4017212345726832,0.2590689982482137,0.13333333333333333,0.3606785216949154,0.24271258627094455,0.11666666666666667,0.30172666668175513,0.20667766160989648,0.08333333333333333,,,,,,,,,,,,,,
T06_1994_FIRST_HIKE,T06_1994,1994,FIRST_HIKE,1994-02-04,DGS2,rate,1994-02-03,4.28,1994-02-04,252,,,,,,,,,,,,,,,,,,,,,,,,,,,,,,,,,,12.99999999999999,346.0,2.0,222.0,13.999999999999968,16.999999999999993,59.999999999999964,158.0,192.99999999999997,289.99999999999994,82.08339789827345,113.12024500728626,118.35273798368709,112.20619891831825
T06_1994_FIRST_HIKE,T06_1994,1994,FIRST_HIKE,1994-02-04,DGS10,rate,1994-02-03,5.81,1994-02-04,252,,,,,,,,,,,,,,,,,,,,,,,,,,,,,,,,,,7.000000000000028,224.0000000000001,6.0,190.0,13.000000000000078,10.000000000000053,57.00000000000003,132.00000000000003,148.00000000000006,172.00000000000006,99.23990071910018,137.8588814202432,131.8673129903469,113.771561154315
T06_1994_TIGHTENING_CYCLE_START,T06_1994,1994,TIGHTENING_CYCLE_START,1994-02-04,SP500,price,1994-02-03,480.7099914550781,1994-02-04,252,-0.02267478124074518,-0.02450541696385289,-0.03322169604247871,-0.057581479827360615,-0.05506438745027986,-0.004285322949827308,-0.08693386609429143,0.0,40.0,0.0,0.08693386609429143,0.0,40.0,40.0,42.0,213.0,82.0,253.0,True,True,756.0,0.11505440193577929,0.10615023052532084,0.15,0.11728571882800629,0.09388711436249421,0.16666666666666666,0.10321933531571101,0.08041230144164924,0.13333333333333333,0.09851454799810572,0.07245097315311623,0.10317460317460317,,,,,,,,,,,,,,
T06_1994_TIGHTENING_CYCLE_START,T06_1994,1994,TIGHTENING_CYCLE_START,1994-02-04,NASDAQ,price,1994-02-03,797.79,1994-02-04,252,-0.0257085197859086,-0.018012258865114927,-0.009075069880545072,-0.07322729038970155,-0.10699557527670189,-0.03225159503127395,-0.13036011983103324,0.007696260920793785,97.0,30.0,0.13700197778413548,30.0,97.0,67.0,42.0,181.0,139.0,278.0,True,True,756.0,0.13017850078885715,0.10875454979629261,0.1,0.15333518082517034,0.12035477317035025,0.15,0.13206702648964092,0.10421726303774775,0.11666666666666667,0.11780057617810112,0.08902465536415231,0.07539682539682539,,,,,,,,,,,,,,
T06_1994_TIGHTENING_CYCLE_START,T06_1994,1994,TIGHTENING_CYCLE_START,1994-02-04,WTI,price,1994-02-02,16.06,1994-02-07,252,-0.04669987546699861,-0.08405977584059765,-0.11643835616438347,0.10709838107098402,0.09090909090909105,0.25404732254047335,-0.13511830635118294,0.290161892901619,8.0,68.0,0.19884169884169878,68.0,182.0,114.0,15.0,261.0,197.0,443.0,True,True,756.0,0.3380405170620439,0.29343593379709165,0.2,0.4017212345726832,0.2590689982482137,0.13333333333333333,0.3606785216949154,0.24271258627094455,0.11666666666666667,0.30172666668175513,0.20667766160989648,0.08333333333333333,,,,,,,,,,,,,,
T06_1994_TIGHTENING_CYCLE_START,T06_1994,1994,TIGHTENING_CYCLE_START,1994-02-04,DGS2,rate,1994-02-03,4.28,1994-02-04,252,,,,,,,,,,,,,,,,,,,,,,,,,,,,,,,,,,12.99999999999999,346.0,2.0,222.0,13.999999999999968,16.999999999999993,59.999999999999964,158.0,192.99999999999997,289.99999999999994,82.08339789827345,113.12024500728626,118.35273798368709,112.20619891831825
T06_1994_TIGHTENING_CYCLE_START,T06_1994,1994,TIGHTENING_CYCLE_START,1994-02-04,DGS10,rate,1994-02-03,5.81,1994-02-04,252,,,,,,,,,,,,,,,,,,,,,,,,,,,,,,,,,,7.000000000000028,224.0000000000001,6.0,190.0,13.000000000000078,10.000000000000053,57.00000000000003,132.00000000000003,148.00000000000006,172.00000000000006,99.23990071910018,137.8588814202432,131.8673129903469,113.771561154315
T06_1994_LAST_HIKE,T06_1994,1994,LAST_HIKE,1995-02-01,SP500,price,1995-01-31,470.4200134277344,1995-02-01,252,-4.2556716718156196e-05,0.022086611611509266,0.03237528173552007,0.0916839699292682,0.18326174268587248,0.33954765194288594,-4.2556716718156196e-05,0.33954765194288594,1.0,252.0,0.037333754574642275,220.0,238.0,18.0,7.0,13.0,245.0,251.0,True,True,756.0,0.07512597337911348,0.042157640797420626,0.0,0.06750169153080231,0.03365139565592649,0.0,0.0837291559189395,0.047031448850265244,0.016666666666666666,0.08426300081086634,0.05176959908354795,0.01984126984126984,,,,,,,,,,,,,,
T06_1994_LAST_HIKE,T06_1994,1994,LAST_HIKE,1995-02-01,NASDAQ,price,1995-01-31,755.2,1995-02-01,252,0.0041181144067794495,0.03147510593220337,0.04855667372881345,0.11354608050847448,0.29577595338983054,0.3920815677966101,0.0,0.4165651483050845,0.0,213.0,0.07863031665729814,156.0,175.0,19.0,5.0,38.0,180.0,213.0,True,True,756.0,0.0897435217956994,0.04474176572217969,0.0,0.08041131724861068,0.046537554526760755,0.0,0.11542432737442772,0.07748012976443787,0.025,0.1426798823769405,0.09922851279285473,0.05952380952380952,,,,,,,,,,,,,,
T06_1994_LAST_HIKE,T06_1994,1994,LAST_HIKE,1995-02-01,WTI,price,1995-01-31,18.48,1995-02-01,252,0.0,-0.0027056277056277667,0.008116883116882967,0.0984848484848484,-0.03354978354978355,0.14610389610389607,-0.08766233766233766,0.19805194805194803,154.0,241.0,0.17876278616658559,57.0,154.0,97.0,39.0,85.0,193.0,239.0,True,True,756.0,0.14972910771372086,0.09249900989004911,0.0,0.20692319926503727,0.13259607119835853,0.0,0.20138802118151475,0.147102958741761,0.0,0.2884496748369004,0.21407650149912205,0.01984126984126984,,,,,,,,,,,,,,
T06_1994_LAST_HIKE,T06_1994,1994,LAST_HIKE,1995-02-01,DGS2,rate,1995-01-31,7.26,1995-02-01,252,,,,,,,,,,,,,,,,,,,,,,,,,,,,,,,,,,-233.0,14.000000000000057,251.0,2.0,7.000000000000028,-6.99999999999994,-45.000000000000014,-71.0,-129.0,-233.0,143.36868189171756,105.11654548924848,129.99812215838304,102.72019395918188
T06_1994_LAST_HIKE,T06_1994,1994,LAST_HIKE,1995-02-01,DGS10,rate,1995-01-31,7.6,1995-02-01,252,,,,,,,,,,,,,,,,,,,,,,,,,,,,,,,,,,-206.99999999999994,8.000000000000007,242.0,2.0,6.00000000000005,-8.000000000000007,-36.99999999999992,-55.99999999999996,-113.99999999999997,-196.99999999999997,99.77305827674493,84.14563646198911,105.85817370981086,90.17351578045067
T06_1994_TIGHTENING_CYCLE_END,T06_1994,1994,TIGHTENING_CYCLE_END,1995-02-01,SP500,price,1995-01-31,470.4200134277344,1995-02-01,252,-4.2556716718156196e-05,0.022086611611509266,0.03237528173552007,0.0916839699292682,0.18326174268587248,0.33954765194288594,-4.2556716718156196e-05,0.33954765194288594,1.0,252.0,0.037333754574642275,220.0,238.0,18.0,7.0,13.0,245.0,251.0,True,True,756.0,0.07512597337911348,0.042157640797420626,0.0,0.06750169153080231,0.03365139565592649,0.0,0.0837291559189395,0.047031448850265244,0.016666666666666666,0.08426300081086634,0.05176959908354795,0.01984126984126984,,,,,,,,,,,,,,
T06_1994_TIGHTENING_CYCLE_END,T06_1994,1994,TIGHTENING_CYCLE_END,1995-02-01,NASDAQ,price,1995-01-31,755.2,1995-02-01,252,0.0041181144067794495,0.03147510593220337,0.04855667372881345,0.11354608050847448,0.29577595338983054,0.3920815677966101,0.0,0.4165651483050845,0.0,213.0,0.07863031665729814,156.0,175.0,19.0,5.0,38.0,180.0,213.0,True,True,756.0,0.0897435217956994,0.04474176572217969,0.0,0.08041131724861068,0.046537554526760755,0.0,0.11542432737442772,0.07748012976443787,0.025,0.1426798823769405,0.09922851279285473,0.05952380952380952,,,,,,,,,,,,,,
T06_1994_TIGHTENING_CYCLE_END,T06_1994,1994,TIGHTENING_CYCLE_END,1995-02-01,WTI,price,1995-01-31,18.48,1995-02-01,252,0.0,-0.0027056277056277667,0.008116883116882967,0.0984848484848484,-0.03354978354978355,0.14610389610389607,-0.08766233766233766,0.19805194805194803,154.0,241.0,0.17876278616658559,57.0,154.0,97.0,39.0,85.0,193.0,239.0,True,True,756.0,0.14972910771372086,0.09249900989004911,0.0,0.20692319926503727,0.13259607119835853,0.0,0.20138802118151475,0.147102958741761,0.0,0.2884496748369004,0.21407650149912205,0.01984126984126984,,,,,,,,,,,,,,
T06_1994_TIGHTENING_CYCLE_END,T06_1994,1994,TIGHTENING_CYCLE_END,1995-02-01,DGS2,rate,1995-01-31,7.26,1995-02-01,252,,,,,,,,,,,,,,,,,,,,,,,,,,,,,,,,,,-233.0,14.000000000000057,251.0,2.0,7.000000000000028,-6.99999999999994,-45.000000000000014,-71.0,-129.0,-233.0,143.36868189171756,105.11654548924848,129.99812215838304,102.72019395918188
T06_1994_TIGHTENING_CYCLE_END,T06_1994,1994,TIGHTENING_CYCLE_END,1995-02-01,DGS10,rate,1995-01-31,7.6,1995-02-01,252,,,,,,,,,,,,,,,,,,,,,,,,,,,,,,,,,,-206.99999999999994,8.000000000000007,242.0,2.0,6.00000000000005,-8.000000000000007,-36.99999999999992,-55.99999999999996,-113.99999999999997,-196.99999999999997,99.77305827674493,84.14563646198911,105.85817370981086,90.17351578045067
T06_1994_PAUSE_START,T06_1994,1994,PAUSE_START,1995-03-28,SP500,price,1995-03-27,503.20001220703125,1995-03-28,252,0.001391060557377699,-0.0026828419530328107,0.017686731246032927,0.08104127041423981,0.15928052749317145,0.29181232563225423,-0.004948371803553675,0.3144872737699602,4.0,223.0,0.04225566814001813,223.0,241.0,18.0,6.0,45.0,247.0,286.0,True,True,756.0,0.057327503877930217,0.028822854445782916,0.0,0.08162482259122264,0.044185318496551246,0.016666666666666666,0.079692043434535,0.04484904241451467,0.025,0.09637231999316541,0.06367307776057163,0.04365079365079365,,,,,,,,,,,,,,
T06_1994_PAUSE_START,T06_1994,1994,PAUSE_START,1995-03-28,NASDAQ,price,1995-03-27,822.63,1995-03-28,252,0.004266802815360515,-0.0055675090867097765,0.010515055371187465,0.1295357572663287,0.2777311792664987,0.32148110329066526,-0.010831114838992018,0.3588004327583483,6.0,231.0,0.07863031665729814,118.0,137.0,19.0,5.0,38.0,142.0,175.0,True,True,756.0,0.08372600193512529,0.059954792730290606,0.0,0.0916011299941515,0.054353528032130685,0.016666666666666666,0.12658633598315977,0.08467671505578374,0.03333333333333333,0.15015913440143813,0.10537161325904103,0.06746031746031746,,,,,,,,,,,,,,
T06_1994_PAUSE_START,T06_1994,1994,PAUSE_START,1995-03-28,WTI,price,1995-03-27,19.08,1995-03-28,252,-0.006813417190775661,-0.0015723270440249904,0.05765199161425594,-0.08909853249475885,-0.11635220125786161,0.10377358490566047,-0.11635220125786161,0.31813417190775684,120.0,236.0,0.17876278616658559,23.0,120.0,97.0,39.0,85.0,159.0,205.0,True,True,756.0,0.23355580457083921,0.14417834007983826,0.05,0.2259961364173304,0.17580358829647694,0.016666666666666666,0.278586379907037,0.23296284011714224,0.041666666666666664,0.3439727772607478,0.25641864619515403,0.06349206349206349,,,,,,,,,,,,,,
T06_1994_PAUSE_START,T06_1994,1994,PAUSE_START,1995-03-28,DGS2,rate,1995-03-27,6.62,1995-03-28,252,,,,,,,,,,,,,,,,,,,,,,,,,,,,,,,,,,-182.00000000000003,17.99999999999997,222.0,4.0,11.000000000000032,12.99999999999999,-13.999999999999968,-94.00000000000004,-91.00000000000001,-81.00000000000006,78.12621367478332,135.43857197881624,121.59520598135045,109.73032862395111
T06_1994_PAUSE_START,T06_1994,1994,PAUSE_START,1995-03-28,DGS10,rate,1995-03-27,7.05,1995-03-28,252,,,,,,,,,,,,,,,,,,,,,,,,,,,,,,,,,,-151.99999999999994,15.000000000000036,204.0,4.0,11.000000000000032,8.999999999999986,-4.0000000000000036,-92.0,-93.99999999999994,-71.0,55.3754648311251,102.73177185833292,100.88700726701205,98.28187367580608
T06_1994_FIRST_CUT,T06_1994,1994,FIRST_CUT,1995-07-06,SP500,price,1995-07-05,547.260009765625,1995-07-06,252,0.012297592275438252,0.02490590329932907,0.021086828603255725,0.0705514465931798,0.11820707029024646,0.2308774135352032,0.0,0.23983115458447335,0.0,226.0,0.04576312491135859,154.0,195.0,41.0,7.0,22.0,202.0,217.0,True,True,756.0,0.09989566460460499,0.061690246470329786,0.05,0.07322334381075284,0.04193325206832335,0.016666666666666666,0.08056996424617559,0.05140773923473199,0.03333333333333333,0.10027039524216261,0.06886402157156617,0.051587301587301584,,,,,,,,,,,,,,
T06_1994_FIRST_CUT,T06_1994,1994,FIRST_CUT,1995-07-06,NASDAQ,price,1995-07-05,941.82,1995-07-06,252,0.011796309273534034,0.04970164150262257,0.044520184323968426,0.11173047928478885,0.111560595442866,0.2647321144167676,0.0,0.32631500711388584,0.0,233.0,0.07863031665729814,49.0,68.0,19.0,5.0,38.0,73.0,106.0,True,True,756.0,0.21563702425190057,0.15470400875763862,0.15,0.1593184242020488,0.10800157384107577,0.11666666666666667,0.16882925455249956,0.11811179426145663,0.13333333333333333,0.1559666401027908,0.11038203516374842,0.12698412698412698,,,,,,,,,,,,,,
T06_1994_FIRST_CUT,T06_1994,1994,FIRST_CUT,1995-07-06,WTI,price,1995-07-05,17.21,1995-07-06,252,0.012202208018593952,0.01626961069145838,0.02556653108657736,0.004648460197559379,0.09645554909936083,0.3062173155142358,-0.020337013364323142,0.46135967460778593,58.0,174.0,0.21550695825049693,174.0,211.0,37.0,40.0,65.0,251.0,276.0,True,True,756.0,0.16737075769826265,0.10493568406283738,0.0,0.32994100880624844,0.27832964104701996,0.06666666666666667,0.27484929638729194,0.22514994576320382,0.058333333333333334,0.37197241282278354,0.2647091946775149,0.07936507936507936,,,,,,,,,,,,,,
T06_1994_FIRST_CUT,T06_1994,1994,FIRST_CUT,1995-07-06,DGS2,rate,1995-07-05,5.78,1995-07-06,252,,,,,,,,,,,,,,,,,,,,,,,,,,,,,,,,,,-98.00000000000004,62.000000000000014,153.0,234.0,-22.000000000000064,-19.00000000000004,8.000000000000007,13.999999999999968,-51.00000000000007,41.99999999999999,113.47190702641137,94.36251769512465,79.56340423912016,100.40420301991217
T06_1994_FIRST_CUT,T06_1994,1994,FIRST_CUT,1995-07-06,DGS10,rate,1995-07-05,6.19,1995-07-06,252,,,,,,,,,,,,,,,,,,,,,,,,,,,,,,,,,,-66.00000000000001,83.99999999999999,135.0,237.0,-14.000000000000057,-9.000000000000075,25.0,8.999999999999986,-50.0,58.999999999999986,111.16630500480393,91.25414316110701,79.29468493425988,97.34882037644454
EMERGENCY_1998-10-15,,1998,EMERGENCY_CUT,1998-10-15,SP500,price,1998-10-14,1005.530029296875,1998-10-15,252,0.041729197254149586,0.06403589427703382,0.11480506602768714,0.2569291498599906,0.3365886063179424,0.2763617262059834,0.0,0.4109772835814445,0.0,189.0,0.10601363923499008,189.0,241.0,52.0,22.0,34.0,263.0,275.0,True,True,756.0,0.17617779491892138,0.05401142193490476,0.0,0.1788105157433437,0.0940714235872144,0.03333333333333333,0.1929348835371748,0.1157295348713885,0.03333333333333333,0.1852803222597562,0.12114335704130433,0.03968253968253968,,,,,,,,,,,,,,
EMERGENCY_1998-10-15,,1998,EMERGENCY_CUT,1998-10-15,NASDAQ,price,1998-10-14,1540.97,1998-10-15,252,0.04545189069222633,0.08681544741299319,0.20840120184039912,0.5474603658734434,0.669980596637183,0.8214760832462671,0.0,0.8922821339805447,0.0,249.0,0.13069387812098532,189.0,206.0,17.0,9.0,22.0,215.0,228.0,True,True,756.0,0.19474024919614716,0.04055648560964595,0.0,0.22671715130682638,0.11577403813016379,0.03333333333333333,0.2696145099517776,0.16642622994298725,0.075,0.27455402340215723,0.18282689496733154,0.06746031746031746,,,,,,,,,,,,,,
EMERGENCY_1998-10-15,,1998,EMERGENCY_CUT,1998-10-15,WTI,price,1998-10-14,14.09,1998-10-15,252,-0.0007097232079489313,0.0035486160397446564,-0.0035486160397445454,-0.10432931156848835,0.2853087295954577,1.4059616749467705,-0.2320794889992902,1.4059616749467705,34.0,252.0,0.25276243093922657,12.0,34.0,22.0,15.0,57.0,49.0,91.0,True,True,756.0,0.3663290510893594,0.2678903994457768,0.05,0.5655060054253931,0.4409072353909316,0.1,0.5115134499143109,0.36101405595846287,0.075,0.5150447914925909,0.36875385489854234,0.06349206349206349,,,,,,,,,,,,,,
EMERGENCY_1998-10-15,,1998,EMERGENCY_CUT,1998-10-15,DGS2,rate,1998-10-14,4.08,1998-10-15,252,,,,,,,,,,,,,,,,,,,,,,,,,,,,,,,,,,-22.00000000000002,182.00000000000003,2.0,251.0,4.999999999999982,4.0000000000000036,38.99999999999997,59.999999999999964,78.00000000000003,174.00000000000003,167.8795620926534,124.44806962704692,103.87515130589962,94.36734190981282
EMERGENCY_1998-10-15,,1998,EMERGENCY_CUT,1998-10-15,DGS10,rate,1998-10-14,4.58,1998-10-15,252,,,,,,,,,,,,,,,,,,,,,,,,,,,,,,,,,,-13.999999999999968,159.0,2.0,251.0,0.0,0.9999999999999787,18.99999999999995,24.00000000000002,45.000000000000014,150.99999999999997,116.59362625894485,95.211165845687,92.77058991372849,95.85918872880691
T07_1999_FIRST_HIKE,T07_1999,1999,FIRST_HIKE,1999-06-30,SP500,price,1999-06-29,1351.449951171875,1999-06-30,252,0.0157312594130401,0.0328610276253134,0.010322301044216387,-0.052565703177233525,0.05148550123122608,0.07332872191849793,-0.07698392152959266,0.13023790456539097,76.0,187.0,0.12078686729338572,12.0,76.0,64.0,9.0,22.0,85.0,98.0,True,True,756.0,0.13901907408064998,0.10088851361414289,0.0,0.1726118506469519,0.12665725113815557,0.016666666666666666,0.17350875335294705,0.1163559154027165,0.016666666666666666,0.21231179082418247,0.14791663079502348,0.03571428571428571,,,,,,,,,,,,,,
T07_1999_FIRST_HIKE,T07_1999,1999,FIRST_HIKE,1999-06-30,NASDAQ,price,1999-06-29,2642.11,1999-06-30,252,0.016657141451339896,0.038200529122557336,0.024120873090068162,0.04077044483386372,0.42047832981972744,0.4605599312670554,-0.05752977733705256,0.9108288451275683,29.0,177.0,0.3731851476244993,177.0,228.0,51.0,35.0,,263.0,,True,False,756.0,0.24936149853702538,0.19370342501384394,0.05,0.26108684427315093,0.18217828564160882,0.03333333333333333,0.24384979871654278,0.15509857600653357,0.016666666666666666,0.3955981796631449,0.2844786107023294,0.09523809523809523,,,,,,,,,,,,,,
T07_1999_FIRST_HIKE,T07_1999,1999,FIRST_HIKE,1999-06-30,WTI,price,1999-06-23,18.42,1999-06-30,252,0.049402823018458,0.06080347448425605,0.12160694896851232,0.44788273615635177,0.7334419109663408,0.8626492942453854,0.0,1.0206297502714436,0.0,237.0,0.2946902654867256,115.0,134.0,19.0,21.0,49.0,155.0,183.0,True,True,756.0,0.4397690250658125,0.2620409341879901,0.05,0.5898487192973179,0.42920130905186976,0.05,0.5207906172413437,0.3827639512544462,0.041666666666666664,0.5068217669103163,0.3783314857057031,0.03968253968253968,,,,,,,,,,,,,,
T07_1999_FIRST_HIKE,T07_1999,1999,FIRST_HIKE,1999-06-30,DGS2,rate,1999-06-29,5.68,1999-06-30,252,,,,,,,,,,,,,,,,,,,,,,,,,,,,,,,,,,-25.0,125.0,14.0,223.0,-14.999999999999947,-4.0000000000000036,-13.999999999999968,-4.999999999999982,53.00000000000003,69.00000000000004,86.8108651943376,86.32172772811096,79.08643819190725,79.51854628441886
T07_1999_FIRST_HIKE,T07_1999,1999,FIRST_HIKE,1999-06-30,DGS10,rate,1999-06-29,5.93,1999-06-30,252,,,,,,,,,,,,,,,,,,,,,,,,,,,,,,,,,,-27.999999999999936,86.00000000000003,14.0,140.0,-12.00000000000001,-0.9999999999999787,-12.00000000000001,-5.999999999999961,45.000000000000014,11.000000000000032,89.8588366623772,97.27479858975798,89.25722906956317,91.85860865517037
T07_1999_TIGHTENING_CYCLE_START,T07_1999,1999,TIGHTENING_CYCLE_START,1999-06-30,SP500,price,1999-06-29,1351.449951171875,1999-06-30,252,0.0157312594130401,0.0328610276253134,0.010322301044216387,-0.052565703177233525,0.05148550123122608,0.07332872191849793,-0.07698392152959266,0.13023790456539097,76.0,187.0,0.12078686729338572,12.0,76.0,64.0,9.0,22.0,85.0,98.0,True,True,756.0,0.13901907408064998,0.10088851361414289,0.0,0.1726118506469519,0.12665725113815557,0.016666666666666666,0.17350875335294705,0.1163559154027165,0.016666666666666666,0.21231179082418247,0.14791663079502348,0.03571428571428571,,,,,,,,,,,,,,
T07_1999_TIGHTENING_CYCLE_START,T07_1999,1999,TIGHTENING_CYCLE_START,1999-06-30,NASDAQ,price,1999-06-29,2642.11,1999-06-30,252,0.016657141451339896,0.038200529122557336,0.024120873090068162,0.04077044483386372,0.42047832981972744,0.4605599312670554,-0.05752977733705256,0.9108288451275683,29.0,177.0,0.3731851476244993,177.0,228.0,51.0,35.0,,263.0,,True,False,756.0,0.24936149853702538,0.19370342501384394,0.05,0.26108684427315093,0.18217828564160882,0.03333333333333333,0.24384979871654278,0.15509857600653357,0.016666666666666666,0.3955981796631449,0.2844786107023294,0.09523809523809523,,,,,,,,,,,,,,
T07_1999_TIGHTENING_CYCLE_START,T07_1999,1999,TIGHTENING_CYCLE_START,1999-06-30,WTI,price,1999-06-23,18.42,1999-06-30,252,0.049402823018458,0.06080347448425605,0.12160694896851232,0.44788273615635177,0.7334419109663408,0.8626492942453854,0.0,1.0206297502714436,0.0,237.0,0.2946902654867256,115.0,134.0,19.0,21.0,49.0,155.0,183.0,True,True,756.0,0.4397690250658125,0.2620409341879901,0.05,0.5898487192973179,0.42920130905186976,0.05,0.5207906172413437,0.3827639512544462,0.041666666666666664,0.5068217669103163,0.3783314857057031,0.03968253968253968,,,,,,,,,,,,,,
T07_1999_TIGHTENING_CYCLE_START,T07_1999,1999,TIGHTENING_CYCLE_START,1999-06-30,DGS2,rate,1999-06-29,5.68,1999-06-30,252,,,,,,,,,,,,,,,,,,,,,,,,,,,,,,,,,,-25.0,125.0,14.0,223.0,-14.999999999999947,-4.0000000000000036,-13.999999999999968,-4.999999999999982,53.00000000000003,69.00000000000004,86.8108651943376,86.32172772811096,79.08643819190725,79.51854628441886
T07_1999_TIGHTENING_CYCLE_START,T07_1999,1999,TIGHTENING_CYCLE_START,1999-06-30,DGS10,rate,1999-06-29,5.93,1999-06-30,252,,,,,,,,,,,,,,,,,,,,,,,,,,,,,,,,,,-27.999999999999936,86.00000000000003,14.0,140.0,-12.00000000000001,-0.9999999999999787,-12.00000000000001,-5.999999999999961,45.000000000000014,11.000000000000032,89.8588366623772,97.27479858975798,89.25722906956317,91.85860865517037
T07_1999_LAST_HIKE,T07_1999,1999,LAST_HIKE,2000-05-16,SP500,price,2000-05-15,1452.3599853515625,2000-05-16,252,0.009419189353131463,-0.03555593321853834,0.011760139515653911,0.014121849935613717,-0.016552396998655072,-0.13971745709875993,-0.24037427970521774,0.0471026707356772,224.0,77.0,0.2745451410594898,77.0,224.0,147.0,32.0,,256.0,,True,False,756.0,0.22890262564473426,0.1339381451222668,0.05,0.17793439350174547,0.11980510177157691,0.016666666666666666,0.17991210948919276,0.12103168484237792,0.025,0.21583392913775987,0.153002442238704,0.05555555555555555,,,,,,,,,,,,,,
T07_1999_LAST_HIKE,T07_1999,1999,LAST_HIKE,2000-05-16,NASDAQ,price,2000-05-15,3607.65,2000-05-16,252,0.030468587584715934,-0.06747882970909047,0.06747051404653992,0.0681468546006403,-0.04951422671268002,-0.42190068327027297,-0.5457430737460673,0.18489044114589825,224.0,43.0,0.6166253769296811,43.0,224.0,181.0,,,,,False,False,756.0,0.5645154579544128,0.3309411870691069,0.1,0.4296258618543999,0.28327924964073165,0.05,0.41559819847632395,0.27688871577810836,0.03333333333333333,0.5011307742352332,0.35059341905490715,0.0992063492063492,,,,,,,,,,,,,,
T07_1999_LAST_HIKE,T07_1999,1999,LAST_HIKE,2000-05-16,WTI,price,2000-05-15,29.95,2000-05-16,252,-0.0063439065108513715,-0.04440734557595982,0.09282136894824711,0.043071786310517446,0.12220367278798006,-0.14023372287145242,-0.15726210350584313,0.2427378964941569,211.0,80.0,0.3218699623858141,80.0,211.0,131.0,378.0,411.0,589.0,622.0,True,True,756.0,0.4334914487145556,0.26542849666817037,0.05,0.4843123744446433,0.3706792700480838,0.06666666666666667,0.4715242528520016,0.35862002184386477,0.06666666666666667,0.45804867712001585,0.3544268279903796,0.06349206349206349,,,,,,,,,,,,,,
T07_1999_LAST_HIKE,T07_1999,1999,LAST_HIKE,2000-05-16,DGS2,rate,2000-05-15,6.88,2000-05-16,252,,,,,,,,,,,,,,,,,,,,,,,,,,,,,,,,,,-280.99999999999994,4.999999999999982,225.0,3.0,0.9999999999999787,-7.000000000000028,-38.99999999999997,-70.00000000000001,-93.99999999999994,-263.0,67.83548209881721,72.43231791104087,66.24606536595648,93.93366736448564
T07_1999_LAST_HIKE,T07_1999,1999,LAST_HIKE,2000-05-16,DGS10,rate,2000-05-15,6.47,2000-05-16,252,,,,,,,,,,,,,,,,,,,,,,,,,,,,,,,,,,-173.99999999999994,8.999999999999986,214.0,3.0,-4.0000000000000036,-2.999999999999936,-35.99999999999994,-66.00000000000001,-63.99999999999997,-98.99999999999993,78.54948155545996,80.61130845512594,69.57484332378625,90.07944700600892
T07_1999_TIGHTENING_CYCLE_END,T07_1999,1999,TIGHTENING_CYCLE_END,2000-05-16,SP500,price,2000-05-15,1452.3599853515625,2000-05-16,252,0.009419189353131463,-0.03555593321853834,0.011760139515653911,0.014121849935613717,-0.016552396998655072,-0.13971745709875993,-0.24037427970521774,0.0471026707356772,224.0,77.0,0.2745451410594898,77.0,224.0,147.0,32.0,,256.0,,True,False,756.0,0.22890262564473426,0.1339381451222668,0.05,0.17793439350174547,0.11980510177157691,0.016666666666666666,0.17991210948919276,0.12103168484237792,0.025,0.21583392913775987,0.153002442238704,0.05555555555555555,,,,,,,,,,,,,,
T07_1999_TIGHTENING_CYCLE_END,T07_1999,1999,TIGHTENING_CYCLE_END,2000-05-16,NASDAQ,price,2000-05-15,3607.65,2000-05-16,252,0.030468587584715934,-0.06747882970909047,0.06747051404653992,0.0681468546006403,-0.04951422671268002,-0.42190068327027297,-0.5457430737460673,0.18489044114589825,224.0,43.0,0.6166253769296811,43.0,224.0,181.0,,,,,False,False,756.0,0.5645154579544128,0.3309411870691069,0.1,0.4296258618543999,0.28327924964073165,0.05,0.41559819847632395,0.27688871577810836,0.03333333333333333,0.5011307742352332,0.35059341905490715,0.0992063492063492,,,,,,,,,,,,,,
T07_1999_TIGHTENING_CYCLE_END,T07_1999,1999,TIGHTENING_CYCLE_END,2000-05-16,WTI,price,2000-05-15,29.95,2000-05-16,252,-0.0063439065108513715,-0.04440734557595982,0.09282136894824711,0.043071786310517446,0.12220367278798006,-0.14023372287145242,-0.15726210350584313,0.2427378964941569,211.0,80.0,0.3218699623858141,80.0,211.0,131.0,378.0,411.0,589.0,622.0,True,True,756.0,0.4334914487145556,0.26542849666817037,0.05,0.4843123744446433,0.3706792700480838,0.06666666666666667,0.4715242528520016,0.35862002184386477,0.06666666666666667,0.45804867712001585,0.3544268279903796,0.06349206349206349,,,,,,,,,,,,,,
T07_1999_TIGHTENING_CYCLE_END,T07_1999,1999,TIGHTENING_CYCLE_END,2000-05-16,DGS2,rate,2000-05-15,6.88,2000-05-16,252,,,,,,,,,,,,,,,,,,,,,,,,,,,,,,,,,,-280.99999999999994,4.999999999999982,225.0,3.0,0.9999999999999787,-7.000000000000028,-38.99999999999997,-70.00000000000001,-93.99999999999994,-263.0,67.83548209881721,72.43231791104087,66.24606536595648,93.93366736448564
T07_1999_TIGHTENING_CYCLE_END,T07_1999,1999,TIGHTENING_CYCLE_END,2000-05-16,DGS10,rate,2000-05-15,6.47,2000-05-16,252,,,,,,,,,,,,,,,,,,,,,,,,,,,,,,,,,,-173.99999999999994,8.999999999999986,214.0,3.0,-4.0000000000000036,-2.999999999999936,-35.99999999999994,-66.00000000000001,-63.99999999999997,-98.99999999999993,78.54948155545996,80.61130845512594,69.57484332378625,90.07944700600892
T07_1999_PAUSE_START,T07_1999,1999,PAUSE_START,2000-06-28,SP500,price,2000-06-27,1450.550048828125,2000-06-28,252,0.002943640217300425,-0.002978227716351589,0.0012891627687705576,-0.0010340904825806296,-0.09541209869033718,-0.1650960632020484,-0.23942645006196295,0.048409202260793815,194.0,47.0,0.2745451410594898,47.0,194.0,147.0,32.0,,226.0,,True,False,756.0,0.1518781223825593,0.11065378299465604,0.0,0.13133345021926424,0.09625927569637038,0.0,0.18807367596002816,0.13403261092193347,0.03333333333333333,0.21180963637432842,0.15181900664888556,0.051587301587301584,,,,,,,,,,,,,,
T07_1999_PAUSE_START,T07_1999,1999,PAUSE_START,2000-06-28,NASDAQ,price,2000-06-27,3858.96,2000-06-28,252,0.021088583452536502,0.0010728279121836604,0.03336650289197074,-0.00779743765159524,-0.3124391027634389,-0.4623577336899062,-0.5753259945684848,0.10772591579078306,194.0,13.0,0.6166253769296811,13.0,194.0,181.0,,,,,False,False,756.0,0.3476126242216468,0.23159143190189543,0.0,0.32195978545732845,0.2388920942304238,0.016666666666666666,0.4516928657843322,0.32066341100785384,0.075,0.4872108133269875,0.3461602535744254,0.09523809523809523,,,,,,,,,,,,,,
T07_1999_PAUSE_START,T07_1999,1999,PAUSE_START,2000-06-28,WTI,price,2000-06-27,32.01,2000-06-28,252,-0.004686035613870598,-0.05467041549515761,-0.06466729147141503,-0.0009372071227740086,-0.0496719775070289,-0.12214932833489522,-0.22992814745392065,0.16276163698844104,235.0,51.0,0.3377216550241806,51.0,235.0,184.0,325.0,358.0,560.0,593.0,True,True,756.0,0.5199145834376807,0.4242908852493645,0.1,0.5010490078658185,0.3857661034323136,0.06666666666666667,0.5036426525559151,0.4007882241803717,0.075,0.4404692838360068,0.33924487943814075,0.051587301587301584,,,,,,,,,,,,,,
T07_1999_PAUSE_START,T07_1999,1999,PAUSE_START,2000-06-28,DGS2,rate,2000-06-27,6.5,2000-06-28,252,,,,,,,,,,,,,,,,,,,,,,,,,,,,,,,,,,-257.0,-4.0000000000000036,248.0,13.0,-7.000000000000028,-20.999999999999996,-20.999999999999996,-38.99999999999997,-117.0,-228.00000000000003,86.10134787134949,68.28353152822494,66.12701681567954,95.27715912952503
T07_1999_PAUSE_START,T07_1999,1999,PAUSE_START,2000-06-28,DGS10,rate,2000-06-27,6.1,2000-06-28,252,,,,,,,,,,,,,,,,,,,,,,,,,,,,,,,,,,-136.99999999999991,7.000000000000028,184.0,13.0,1.0000000000000675,-10.999999999999943,-5.999999999999961,-21.999999999999975,-92.99999999999997,-75.0,86.35130206558021,71.23120626356615,65.9987967804761,89.73646675758671
EMERGENCY_2001-01-03,,2001,EMERGENCY_CUT,2001-01-03,GOLD,price,2001-01-02,268.3999938964844,2001-01-03,252,-0.0014902902592414113,-0.003353181508757741,-0.010432145516548141,-0.035767534731085404,0.019746715465988274,0.05588673748549011,-0.04955286175639129,0.09277196148554201,31.0,182.0,0.07933190075564456,95.0,144.0,49.0,11.0,30.0,155.0,174.0,True,True,756.0,0.0735947862135878,0.05320559941651754,,0.12452225460732319,0.08909672755819667,,0.15232471482526047,0.09597845533936568,,0.1468799859848322,0.08836606117323581,,,,,,,,,,,,,,,
EMERGENCY_2001-01-03,,2001,EMERGENCY_CUT,2001-01-03,SP500,price,2001-01-02,1283.27001953125,2001-01-03,252,0.05009860597069338,0.013660437032011696,0.06447590060944308,-0.10544941150328158,-0.05039472828090774,-0.09550605619113461,-0.2473914506739946,0.07049175899125504,178.0,19.0,0.29695063693418533,19.0,178.0,159.0,52.0,,230.0,,True,False,756.0,0.22591218765924012,0.10877260464862475,0.05,0.24044890619695397,0.18561878956513414,0.1,0.23008472029240262,0.16117579410944935,0.058333333333333334,0.21256814845516256,0.15371073923983933,0.047619047619047616,,,,,,,,,,,,,,
EMERGENCY_2001-01-03,,2001,EMERGENCY_CUT,2001-01-03,NASDAQ,price,2001-01-02,2291.86,2001-01-03,252,0.14173204296946573,0.06520468091419196,0.209816480936881,-0.20563646994144502,-0.10515040185700708,-0.10302549021318941,-0.3790240241550531,0.24752384526105442,178.0,15.0,0.5022331811902139,15.0,178.0,163.0,589.0,,767.0,,True,False,756.0,0.6174370194448944,0.28605380657558266,0.05,0.5387384055599712,0.38992472930129213,0.06666666666666667,0.5043780164147226,0.3442273752380658,0.041666666666666664,0.42500275331965065,0.29503301352607175,0.023809523809523808,,,,,,,,,,,,,,
EMERGENCY_2001-01-03,,2001,EMERGENCY_CUT,2001-01-03,WTI,price,2001-01-02,27.29,2001-01-03,252,0.023451813851227632,0.015756687431293548,0.14584096738732133,-0.023451813851227632,0.012458776108464686,-0.2235251007695126,-0.35873946500549647,0.1802858189813119,203.0,13.0,0.45669046879850983,13.0,203.0,190.0,66.0,250.0,269.0,453.0,True,True,756.0,0.5037999042818956,0.31753883718049924,0.05,0.3796071429202597,0.2657289379288363,0.016666666666666666,0.38555321527449654,0.2695290411507996,0.016666666666666666,0.522463221400408,0.41210491893602846,0.031746031746031744,,,,,,,,,,,,,,
EMERGENCY_2001-01-03,,2001,EMERGENCY_CUT,2001-01-03,DGS2,rate,2001-01-02,4.87,2001-01-03,252,,,,,,,,,,,,,,,,,,,,,,,,,,,,,,,,,,-255.00000000000003,4.999999999999982,212.0,1.0,4.999999999999982,-23.000000000000043,-25.0,-60.00000000000006,-91.00000000000001,-180.00000000000003,137.70620901034212,115.62358565328297,110.40452356461411,129.95555476831086
EMERGENCY_2001-01-03,,2001,EMERGENCY_CUT,2001-01-03,DGS10,rate,2001-01-02,4.92,2001-01-03,252,,,,,,,,,,,,,,,,,,,,,,,,,,,,,,,,,,-70.00000000000001,62.000000000000014,212.0,101.0,21.999999999999975,6.00000000000005,27.000000000000046,6.00000000000005,24.00000000000002,17.99999999999997,130.01752918255607,106.57763940123175,104.44339868757515,112.07389423467141
T07_1999_FIRST_CUT,T07_1999,1999,FIRST_CUT,2001-01-03,GOLD,price,2001-01-02,268.3999938964844,2001-01-03,252,-0.0014902902592414113,-0.003353181508757741,-0.010432145516548141,-0.035767534731085404,0.019746715465988274,0.05588673748549011,-0.04955286175639129,0.09277196148554201,31.0,182.0,0.07933190075564456,95.0,144.0,49.0,11.0,30.0,155.0,174.0,True,True,756.0,0.0735947862135878,0.05320559941651754,,0.12452225460732319,0.08909672755819667,,0.15232471482526047,0.09597845533936568,,0.1468799859848322,0.08836606117323581,,,,,,,,,,,,,,,
T07_1999_FIRST_CUT,T07_1999,1999,FIRST_CUT,2001-01-03,SP500,price,2001-01-02,1283.27001953125,2001-01-03,252,0.05009860597069338,0.013660437032011696,0.06447590060944308,-0.10544941150328158,-0.05039472828090774,-0.09550605619113461,-0.2473914506739946,0.07049175899125504,178.0,19.0,0.29695063693418533,19.0,178.0,159.0,52.0,,230.0,,True,False,756.0,0.22591218765924012,0.10877260464862475,0.05,0.24044890619695397,0.18561878956513414,0.1,0.23008472029240262,0.16117579410944935,0.058333333333333334,0.21256814845516256,0.15371073923983933,0.047619047619047616,,,,,,,,,,,,,,
T07_1999_FIRST_CUT,T07_1999,1999,FIRST_CUT,2001-01-03,NASDAQ,price,2001-01-02,2291.86,2001-01-03,252,0.14173204296946573,0.06520468091419196,0.209816480936881,-0.20563646994144502,-0.10515040185700708,-0.10302549021318941,-0.3790240241550531,0.24752384526105442,178.0,15.0,0.5022331811902139,15.0,178.0,163.0,589.0,,767.0,,True,False,756.0,0.6174370194448944,0.28605380657558266,0.05,0.5387384055599712,0.38992472930129213,0.06666666666666667,0.5043780164147226,0.3442273752380658,0.041666666666666664,0.42500275331965065,0.29503301352607175,0.023809523809523808,,,,,,,,,,,,,,
T07_1999_FIRST_CUT,T07_1999,1999,FIRST_CUT,2001-01-03,WTI,price,2001-01-02,27.29,2001-01-03,252,0.023451813851227632,0.015756687431293548,0.14584096738732133,-0.023451813851227632,0.012458776108464686,-0.2235251007695126,-0.35873946500549647,0.1802858189813119,203.0,13.0,0.45669046879850983,13.0,203.0,190.0,66.0,250.0,269.0,453.0,True,True,756.0,0.5037999042818956,0.31753883718049924,0.05,0.3796071429202597,0.2657289379288363,0.016666666666666666,0.38555321527449654,0.2695290411507996,0.016666666666666666,0.522463221400408,0.41210491893602846,0.031746031746031744,,,,,,,,,,,,,,
T07_1999_FIRST_CUT,T07_1999,1999,FIRST_CUT,2001-01-03,DGS2,rate,2001-01-02,4.87,2001-01-03,252,,,,,,,,,,,,,,,,,,,,,,,,,,,,,,,,,,-255.00000000000003,4.999999999999982,212.0,1.0,4.999999999999982,-23.000000000000043,-25.0,-60.00000000000006,-91.00000000000001,-180.00000000000003,137.70620901034212,115.62358565328297,110.40452356461411,129.95555476831086
T07_1999_FIRST_CUT,T07_1999,1999,FIRST_CUT,2001-01-03,DGS10,rate,2001-01-02,4.92,2001-01-03,252,,,,,,,,,,,,,,,,,,,,,,,,,,,,,,,,,,-70.00000000000001,62.000000000000014,212.0,101.0,21.999999999999975,6.00000000000005,27.000000000000046,6.00000000000005,24.00000000000002,17.99999999999997,130.01752918255607,106.57763940123175,104.44339868757515,112.07389423467141
EMERGENCY_2001-04-18,,2001,EMERGENCY_CUT,2001-04-18,GOLD,price,2001-04-17,261.1000061035156,2001-04-18,252,0.000765919895742373,0.011489850363353149,0.026809650847824162,0.021064725666147588,0.0942167963556566,0.16545377510380477,0.0,0.1715817186737536,0.0,236.0,0.07933190075564456,23.0,72.0,49.0,11.0,30.0,83.0,102.0,True,True,756.0,0.0987164400351445,0.03766500708390385,0.0,0.17853427029413105,0.10843315975783756,0.1,0.17402480733776757,0.0914032790607526,0.058333333333333334,0.1487811297483775,0.08486557850304657,0.051587301587301584,,,,,,,,,,,,,,
EMERGENCY_2001-04-18,,2001,EMERGENCY_CUT,2001-04-18,SP500,price,2001-04-17,1191.81005859375,2001-04-18,252,0.03889040476854766,0.014817723664970917,0.04835492232755545,0.01370181090261613,-0.07919047519549727,-0.07622867167562475,-0.18963598198479448,0.1015429401592165,106.0,24.0,0.2643373322350231,24.0,106.0,82.0,38.0,,144.0,,True,False,756.0,0.20473341421083485,0.0985890897738136,0.0,0.18739289293211434,0.1179852086801261,0.016666666666666666,0.20763823594034198,0.15114469670416086,0.03333333333333333,0.18706060294554247,0.13539761217392407,0.031746031746031744,,,,,,,,,,,,,,
EMERGENCY_2001-04-18,,2001,EMERGENCY_CUT,2001-04-18,NASDAQ,price,2001-04-17,1923.22,2001-04-18,252,0.08122835661026828,0.048559187196472564,0.08442091908362004,0.0793044997452188,-0.11530142157423484,-0.10031613647944593,-0.25999625627853284,0.2031124884308606,106.0,25.0,0.3849255569721459,25.0,106.0,81.0,37.0,,143.0,,True,False,756.0,0.4629502879875703,0.2538768463269706,0.0,0.4021623020623596,0.25880663126634185,0.0,0.38560675155128427,0.2686839854440697,0.008333333333333333,0.33610165509497897,0.23709623000581248,0.003968253968253968,,,,,,,,,,,,,,
EMERGENCY_2001-04-18,,2001,EMERGENCY_CUT,2001-04-18,WTI,price,2001-04-17,27.89,2001-04-18,252,-0.002151308712800337,-0.07027608461814272,0.0742201505916098,-0.06131229831480822,-0.21118680530656153,-0.09214772319827891,-0.37253495876658305,0.0742201505916098,134.0,20.0,0.4158878504672897,20.0,134.0,114.0,61.0,165.0,195.0,299.0,True,True,756.0,0.5122455891339651,0.3197343619592319,0.05,0.40758113075536045,0.29327771852746043,0.03333333333333333,0.5218624634948802,0.42353024490745145,0.041666666666666664,0.5251853007724055,0.4134940124540758,0.03571428571428571,,,,,,,,,,,,,,
EMERGENCY_2001-04-18,,2001,EMERGENCY_CUT,2001-04-18,DGS2,rate,2001-04-17,4.41,2001-04-18,252,,,,,,,,,,,,,,,,,,,,,,,,,,,,,,,,,,-209.00000000000003,-4.0000000000000036,140.0,23.0,-15.000000000000036,-25.0,-12.99999999999999,-33.999999999999986,-163.00000000000003,-102.0,130.83106825617782,97.34795184703975,125.71894424141679,127.37778299842411
EMERGENCY_2001-04-18,,2001,EMERGENCY_CUT,2001-04-18,DGS10,rate,2001-04-17,5.21,2001-04-18,252,,,,,,,,,,,,,,,,,,,,,,,,,,,,,,,,,,-99.00000000000003,33.00000000000001,140.0,29.0,-7.000000000000028,0.9999999999999787,29.000000000000004,5.999999999999961,-59.999999999999964,-3.000000000000025,129.11671586510192,96.30396792078783,99.18965790491526,106.32887042219048
EMERGENCY_2001-09-17,,2001,EMERGENCY_CUT,2001-09-17,GOLD,price,2001-09-14,290.20001220703125,2001-09-17,252,-0.0013784438223148898,0.00585796560284213,-0.01826332904068173,-0.06202618622620404,0.011716036366183236,0.11164711417506745,-0.06202618622620404,0.1295657270996713,59.0,178.0,0.0771811736885959,178.0,215.0,37.0,27.0,95.0,242.0,310.0,True,True,756.0,0.12561854201862255,0.09516570960058941,0.05,0.10532679388163592,0.08813815279185021,0.06666666666666667,0.12370338804317398,0.0838022689727407,0.05,0.133120057613533,0.09201176892899587,0.047619047619047616,,,,,,,,,,,,,,
EMERGENCY_2001-09-17,,2001,EMERGENCY_CUT,2001-09-17,SP500,price,2001-09-10,1092.5400390625,2001-09-17,252,-0.049215605477845537,-0.11600494877815726,-0.0008146288617497666,0.043375998090745105,0.06569097421165027,-0.18437774019652098,-0.26986656444048374,0.07319637527586331,214.0,77.0,0.31966464630311786,77.0,214.0,137.0,218.0,582.0,432.0,796.0,True,True,756.0,0.32160683044201804,0.23478250631108558,0.1,0.23391098106769292,0.16615913324792295,0.05,0.20329999447212718,0.14534314393524436,0.041666666666666664,0.24195135931123116,0.1756168963269251,0.07142857142857142,,,,,,,,,,,,,,
EMERGENCY_2001-09-17,,2001,EMERGENCY_CUT,2001-09-17,NASDAQ,price,2001-09-10,1695.38,2001-09-17,252,-0.0683209663910157,-0.16054807771709,0.0047305028961057705,0.17502860715591773,0.13819320742252472,-0.2474371527327207,-0.2886491524024113,0.2147011289504417,223.0,77.0,0.4143819984655577,77.0,223.0,146.0,209.0,358.0,432.0,581.0,True,True,756.0,0.5095331493754578,0.3441408410645998,0.05,0.3842187560846346,0.2556070270419971,0.016666666666666666,0.33832800871437957,0.23445506135599653,0.008333333333333333,0.35137135299149647,0.2518296576121531,0.003968253968253968,,,,,,,,,,,,,,
EMERGENCY_2001-09-17,,2001,EMERGENCY_CUT,2001-09-17,WTI,price,2001-09-14,29.59,2001-09-17,252,-0.025346400811084857,-0.27475498479215943,-0.27914836093274764,-0.2879351132139236,-0.1162554917201758,-0.09395065900642108,-0.4085839810746874,0.042581953362622604,38.0,226.0,0.4085839810746874,0.0,38.0,38.0,60.0,164.0,98.0,202.0,True,True,756.0,0.8502889541548129,0.8243545685237559,0.05,0.7831933571407698,0.6789940565037899,0.05,0.6262271277113379,0.5146287940798177,0.03333333333333333,0.48793208062633986,0.39311068137628363,0.023809523809523808,,,,,,,,,,,,,,
EMERGENCY_2001-09-17,,2001,EMERGENCY_CUT,2001-09-17,DGS2,rate,2001-09-14,2.87,2001-09-17,252,,,,,,,,,,,,,,,,,,,,,,,,,,,,,,,,,,-94.00000000000001,90.99999999999997,221.0,129.0,8.999999999999986,4.0000000000000036,-9.00000000000003,10.000000000000009,69.0,-83.0,103.45387988450648,145.79042306553308,132.47501429237406,125.82722296800736
EMERGENCY_2001-09-17,,2001,EMERGENCY_CUT,2001-09-17,DGS10,rate,2001-09-14,4.57,2001-09-17,252,,,,,,,,,,,,,,,,,,,,,,,,,,,,,,,,,,-71.00000000000004,87.00000000000001,252.0,133.0,5.999999999999961,12.99999999999999,4.999999999999982,44.99999999999993,75.0,-71.00000000000004,85.2343518591072,131.57578212071547,116.49097415174937,111.09442880520066
T08_2004_FIRST_HIKE,T08_2004,2004,FIRST_HIKE,2004-06-30,GOLD,price,2004-06-29,392.5,2004-06-30,252,0.00025479262042193973,0.02496812176552554,-0.008917197452229297,0.04687896534136149,0.12713374241142517,0.0789808917197452,-0.014012738853503182,0.16178343949044582,19.0,109.0,0.0951754252115885,109.0,153.0,44.0,9.0,150.0,162.0,303.0,True,True,756.0,0.16022326037853957,0.1074796173528665,0.0,0.13902569484763008,0.08974913687613843,0.016666666666666666,0.1393799246275031,0.09476384007552185,0.025,0.1270682827599301,0.09085882209530928,0.027777777777777776,,,,,,,,,,,,,,
T08_2004_FIRST_HIKE,T08_2004,2004,FIRST_HIKE,2004-06-30,SP500,price,2004-06-29,1136.199951171875,2004-06-30,252,0.004083801133464071,-0.01572786119094305,-0.035891488275899164,-0.024502699363433744,0.05104735301227481,0.057533883054443846,-0.06422282506513388,0.07842819156079606,31.0,173.0,0.07166354179327217,173.0,204.0,31.0,20.0,59.0,224.0,263.0,True,True,756.0,0.0969619578196931,0.08602540318907954,0.05,0.11031788067210865,0.08468571856359823,0.06666666666666667,0.10858124756304556,0.0743584219850322,0.03333333333333333,0.10713431604279669,0.07555301367636869,0.027777777777777776,,,,,,,,,,,,,,
T08_2004_FIRST_HIKE,T08_2004,2004,FIRST_HIKE,2004-06-30,NASDAQ,price,2004-06-29,2037.6,2004-06-30,252,0.008858460934432655,-0.029780133490380778,-0.08274440518256765,-0.07419022379269724,0.04789948959560264,0.01584707499018445,-0.13992442088731838,0.0690714566156263,31.0,128.0,0.14747646729744857,1.0,31.0,30.0,21.0,64.0,52.0,95.0,True,True,756.0,0.24017144994141346,0.2033432594212635,0.2,0.20512166027325365,0.16231561740533113,0.1,0.1767745254808194,0.1297830283070916,0.05,0.15474134908585424,0.11405683151235263,0.023809523809523808,,,,,,,,,,,,,,
T08_2004_FIRST_HIKE,T08_2004,2004,FIRST_HIKE,2004-06-30,WTI,price,2004-06-29,35.6,2004-06-30,252,0.03707865168539337,0.10056179775280905,0.23960674157303363,0.5070224719101122,0.35983146067415706,0.9522471910112358,0.0,0.9522471910112358,0.0,252.0,0.27780734433209153,68.0,98.0,30.0,27.0,58.0,125.0,156.0,True,True,756.0,0.31213629334853193,0.11832645244149574,0.0,0.317466674463977,0.16427458106755705,0.0,0.40332963479273576,0.2731636920280292,0.016666666666666666,0.39625716937327254,0.27498460599297403,0.01984126984126984,,,,,,,,,,,,,,
T08_2004_FIRST_HIKE,T08_2004,2004,FIRST_HIKE,2004-06-30,DGS2,rate,2004-06-29,2.83,2004-06-30,252,,,,,,,,,,,,,,,,,,,,,,,,,,,,,,,,,,-43.000000000000014,106.99999999999999,27.0,185.0,-12.99999999999999,-27.0,-5.000000000000027,-26.00000000000002,21.999999999999975,83.0,96.61235618915966,97.26016133572286,85.1264802929078,76.46479282540864
T08_2004_FIRST_HIKE,T08_2004,2004,FIRST_HIKE,2004-06-30,DGS10,rate,2004-06-29,4.7,2004-06-30,252,,,,,,,,,,,,,,,,,,,,,,,,,,,,,,,,,,-81.0,-6.00000000000005,232.0,185.0,-8.000000000000007,-20.000000000000018,-8.999999999999986,-68.00000000000006,-52.00000000000004,-76.00000000000003,91.18846880009148,86.03302479822608,82.38960528381925,76.80160190892435
T08_2004_FIRST_HIKE,T08_2004,2004,FIRST_HIKE,2004-06-30,DFII10,rate,2004-06-29,2.2,2004-06-30,252,,,,,,,,,,,,,,,,,,,,,,,,,,,,,,,,,,-71.00000000000001,-5.000000000000027,154.0,19.0,-10.000000000000009,-20.000000000000018,-9.00000000000003,-44.000000000000014,-61.00000000000001,-53.00000000000003,81.51183317389211,72.94353516271265,70.39372465346776,65.64260957057587
T08_2004_FIRST_HIKE,T08_2004,2004,FIRST_HIKE,2004-06-30,T5YIE,rate,2004-06-29,2.42,2004-06-30,252,,,,,,,,,,,,,,,,,,,,,,,,,,,,,,,,,,-27.99999999999998,52.0,58.0,182.0,1.000000000000023,2.0000000000000018,-2.0000000000000018,-23.0,29.000000000000004,-10.999999999999988,31.707213192285614,44.141183352925815,44.71063829191654,44.928052266686244
T08_2004_TIGHTENING_CYCLE_START,T08_2004,2004,TIGHTENING_CYCLE_START,2004-06-30,GOLD,price,2004-06-29,392.5,2004-06-30,252,0.00025479262042193973,0.02496812176552554,-0.008917197452229297,0.04687896534136149,0.12713374241142517,0.0789808917197452,-0.014012738853503182,0.16178343949044582,19.0,109.0,0.0951754252115885,109.0,153.0,44.0,9.0,150.0,162.0,303.0,True,True,756.0,0.16022326037853957,0.1074796173528665,0.0,0.13902569484763008,0.08974913687613843,0.016666666666666666,0.1393799246275031,0.09476384007552185,0.025,0.1270682827599301,0.09085882209530928,0.027777777777777776,,,,,,,,,,,,,,
T08_2004_TIGHTENING_CYCLE_START,T08_2004,2004,TIGHTENING_CYCLE_START,2004-06-30,SP500,price,2004-06-29,1136.199951171875,2004-06-30,252,0.004083801133464071,-0.01572786119094305,-0.035891488275899164,-0.024502699363433744,0.05104735301227481,0.057533883054443846,-0.06422282506513388,0.07842819156079606,31.0,173.0,0.07166354179327217,173.0,204.0,31.0,20.0,59.0,224.0,263.0,True,True,756.0,0.0969619578196931,0.08602540318907954,0.05,0.11031788067210865,0.08468571856359823,0.06666666666666667,0.10858124756304556,0.0743584219850322,0.03333333333333333,0.10713431604279669,0.07555301367636869,0.027777777777777776,,,,,,,,,,,,,,
T08_2004_TIGHTENING_CYCLE_START,T08_2004,2004,TIGHTENING_CYCLE_START,2004-06-30,NASDAQ,price,2004-06-29,2037.6,2004-06-30,252,0.008858460934432655,-0.029780133490380778,-0.08274440518256765,-0.07419022379269724,0.04789948959560264,0.01584707499018445,-0.13992442088731838,0.0690714566156263,31.0,128.0,0.14747646729744857,1.0,31.0,30.0,21.0,64.0,52.0,95.0,True,True,756.0,0.24017144994141346,0.2033432594212635,0.2,0.20512166027325365,0.16231561740533113,0.1,0.1767745254808194,0.1297830283070916,0.05,0.15474134908585424,0.11405683151235263,0.023809523809523808,,,,,,,,,,,,,,
T08_2004_TIGHTENING_CYCLE_START,T08_2004,2004,TIGHTENING_CYCLE_START,2004-06-30,WTI,price,2004-06-29,35.6,2004-06-30,252,0.03707865168539337,0.10056179775280905,0.23960674157303363,0.5070224719101122,0.35983146067415706,0.9522471910112358,0.0,0.9522471910112358,0.0,252.0,0.27780734433209153,68.0,98.0,30.0,27.0,58.0,125.0,156.0,True,True,756.0,0.31213629334853193,0.11832645244149574,0.0,0.317466674463977,0.16427458106755705,0.0,0.40332963479273576,0.2731636920280292,0.016666666666666666,0.39625716937327254,0.27498460599297403,0.01984126984126984,,,,,,,,,,,,,,
T08_2004_TIGHTENING_CYCLE_START,T08_2004,2004,TIGHTENING_CYCLE_START,2004-06-30,DGS2,rate,2004-06-29,2.83,2004-06-30,252,,,,,,,,,,,,,,,,,,,,,,,,,,,,,,,,,,-43.000000000000014,106.99999999999999,27.0,185.0,-12.99999999999999,-27.0,-5.000000000000027,-26.00000000000002,21.999999999999975,83.0,96.61235618915966,97.26016133572286,85.1264802929078,76.46479282540864
T08_2004_TIGHTENING_CYCLE_START,T08_2004,2004,TIGHTENING_CYCLE_START,2004-06-30,DGS10,rate,2004-06-29,4.7,2004-06-30,252,,,,,,,,,,,,,,,,,,,,,,,,,,,,,,,,,,-81.0,-6.00000000000005,232.0,185.0,-8.000000000000007,-20.000000000000018,-8.999999999999986,-68.00000000000006,-52.00000000000004,-76.00000000000003,91.18846880009148,86.03302479822608,82.38960528381925,76.80160190892435
T08_2004_TIGHTENING_CYCLE_START,T08_2004,2004,TIGHTENING_CYCLE_START,2004-06-30,DFII10,rate,2004-06-29,2.2,2004-06-30,252,,,,,,,,,,,,,,,,,,,,,,,,,,,,,,,,,,-71.00000000000001,-5.000000000000027,154.0,19.0,-10.000000000000009,-20.000000000000018,-9.00000000000003,-44.000000000000014,-61.00000000000001,-53.00000000000003,81.51183317389211,72.94353516271265,70.39372465346776,65.64260957057587
T08_2004_TIGHTENING_CYCLE_START,T08_2004,2004,TIGHTENING_CYCLE_START,2004-06-30,T5YIE,rate,2004-06-29,2.42,2004-06-30,252,,,,,,,,,,,,,,,,,,,,,,,,,,,,,,,,,,-27.99999999999998,52.0,58.0,182.0,1.000000000000023,2.0000000000000018,-2.0000000000000018,-23.0,29.000000000000004,-10.999999999999988,31.707213192285614,44.141183352925815,44.71063829191654,44.928052266686244
T08_2004_LAST_HIKE,T08_2004,2004,LAST_HIKE,2006-06-29,GOLD,price,2006-06-28,578.2999877929688,2006-06-29,252,0.014179513021132628,0.09424174502924432,0.09770015769086782,0.019194253597438315,0.0748746130156761,0.12069858078218942,-0.028186042083756968,0.19661078092177964,68.0,203.0,0.1569156606913985,10.0,68.0,58.0,20.0,87.0,88.0,155.0,True,True,756.0,0.3122584308022696,0.1859358377413367,0.15,0.24748842648471603,0.17019525884746972,0.11666666666666667,0.21958943104178869,0.15221602938259005,0.08333333333333333,0.18838965357003296,0.13322382584413966,0.05952380952380952,,,,,,,,,,,,,,
T08_2004_LAST_HIKE,T08_2004,2004,LAST_HIKE,2006-06-29,SP500,price,2006-06-28,1246.0,2006-06-29,252,0.021565004106891994,0.02253608030071219,0.013804134166833792,0.0552006655673154,0.1416372234901686,0.2065409113851826,-0.009237568030196597,0.2352969933474618,12.0,233.0,0.05861562496262873,161.0,170.0,9.0,12.0,29.0,182.0,199.0,True,True,756.0,0.15207967053560098,0.08391857389219906,0.1,0.10719234520154768,0.05933381354752868,0.03333333333333333,0.09191613197130762,0.05182942977470827,0.025,0.10241132185408375,0.07065862873805795,0.047619047619047616,,,,,,,,,,,,,,
T08_2004_LAST_HIKE,T08_2004,2004,LAST_HIKE,2006-06-29,NASDAQ,price,2006-06-28,2111.84,2006-06-29,252,0.029613985908023333,0.0204797711947875,-0.027165883779074362,0.05070933404045741,0.15329286309568912,0.23268334722327433,-0.043303469959845464,0.24382528979468154,16.0,244.0,0.07762859347251438,3.0,16.0,13.0,17.0,30.0,33.0,46.0,True,True,756.0,0.21320692229805846,0.1474829678080883,0.2,0.16662319626696112,0.10552037535313114,0.1,0.1438649520298588,0.09112401301502447,0.06666666666666667,0.13706086849171717,0.0948146065127478,0.06746031746031746,,,,,,,,,,,,,,
T08_2004_LAST_HIKE,T08_2004,2004,LAST_HIKE,2006-06-29,WTI,price,2006-06-28,72.15,2006-06-29,252,0.018711018711018657,0.022314622314622223,0.05557865557865549,-0.174913374913375,-0.2198198198198199,0.03465003465003469,-0.2999306999307,0.06791406791406773,128.0,23.0,0.34445165476963013,23.0,128.0,105.0,45.0,130.0,173.0,258.0,True,True,756.0,0.2207378531456117,0.13954858021748787,0.0,0.25171197223489655,0.20687337509180584,0.016666666666666666,0.27931612677724754,0.21878398111967456,0.041666666666666664,0.284367281642699,0.2020658201492097,0.03571428571428571,,,,,,,,,,,,,,
T08_2004_LAST_HIKE,T08_2004,2004,LAST_HIKE,2006-06-29,USD_BROAD,price,2006-06-28,99.392,2006-06-29,252,-0.001772778493238869,-0.010906310367031491,-0.006539761751448769,-0.012439632968448078,-0.026786864133934274,-0.048741347392144196,-0.05428102865421769,0.0,242.0,0.0,0.05428102865421769,0.0,242.0,242.0,352.0,361.0,594.0,603.0,True,True,756.0,0.051106084025894984,0.04234177105579693,0.05,0.04147959214055388,0.03282729542369313,0.03333333333333333,0.03614354835991469,0.028922779606537632,0.025,0.03134693926932111,0.02443935255788142,0.011904761904761904,,,,,,,,,,,,,,
T08_2004_LAST_HIKE,T08_2004,2004,LAST_HIKE,2006-06-29,DGS2,rate,2006-06-28,5.29,2006-06-29,252,,,,,,,,,,,,,,,,,,,,,,,,,,,,,,,,,,-78.00000000000003,-4.999999999999982,182.0,4.0,-8.000000000000007,-7.000000000000028,-21.999999999999975,-62.000000000000014,-58.00000000000001,-33.00000000000001,70.0336761099524,64.29792942866487,70.96262479395098,68.69793573683275
T08_2004_LAST_HIKE,T08_2004,2004,LAST_HIKE,2006-06-29,DGS10,rate,2006-06-28,5.25,2006-06-29,252,,,,,,,,,,,,,,,,,,,,,,,,,,,,,,,,,,-82.00000000000003,0.9999999999999787,108.0,240.0,-3.000000000000025,-5.999999999999961,-17.99999999999997,-65.00000000000003,-65.00000000000003,-12.99999999999999,61.13556979972333,52.632882677875884,57.69315383994875,60.155542080741704
T08_2004_LAST_HIKE,T08_2004,2004,LAST_HIKE,2006-06-29,DFII10,rate,2006-06-28,2.68,2006-06-29,252,,,,,,,,,,,,,,,,,,,,,,,,,,,,,,,,,,-58.00000000000001,14.999999999999991,108.0,240.0,-7.000000000000028,-9.00000000000003,-20.999999999999996,-41.000000000000014,-37.000000000000014,4.999999999999982,64.42596730479016,54.95141151161305,56.54009509137013,56.20888049954342
T08_2004_LAST_HIKE,T08_2004,2004,LAST_HIKE,2006-06-29,T5YIE,rate,2006-06-28,2.59,2006-06-29,252,,,,,,,,,,,,,,,,,,,,,,,,,,,,,,,,,,-48.99999999999998,6.000000000000005,86.0,29.0,1.000000000000023,4.0000000000000036,-2.0000000000000018,-38.99999999999997,-35.999999999999986,-23.0,21.790388996793485,37.180229847668016,37.419089183117734,35.860897702982086
T08_2004_TIGHTENING_CYCLE_END,T08_2004,2004,TIGHTENING_CYCLE_END,2006-06-29,GOLD,price,2006-06-28,578.2999877929688,2006-06-29,252,0.014179513021132628,0.09424174502924432,0.09770015769086782,0.019194253597438315,0.0748746130156761,0.12069858078218942,-0.028186042083756968,0.19661078092177964,68.0,203.0,0.1569156606913985,10.0,68.0,58.0,20.0,87.0,88.0,155.0,True,True,756.0,0.3122584308022696,0.1859358377413367,0.15,0.24748842648471603,0.17019525884746972,0.11666666666666667,0.21958943104178869,0.15221602938259005,0.08333333333333333,0.18838965357003296,0.13322382584413966,0.05952380952380952,,,,,,,,,,,,,,
T08_2004_TIGHTENING_CYCLE_END,T08_2004,2004,TIGHTENING_CYCLE_END,2006-06-29,SP500,price,2006-06-28,1246.0,2006-06-29,252,0.021565004106891994,0.02253608030071219,0.013804134166833792,0.0552006655673154,0.1416372234901686,0.2065409113851826,-0.009237568030196597,0.2352969933474618,12.0,233.0,0.05861562496262873,161.0,170.0,9.0,12.0,29.0,182.0,199.0,True,True,756.0,0.15207967053560098,0.08391857389219906,0.1,0.10719234520154768,0.05933381354752868,0.03333333333333333,0.09191613197130762,0.05182942977470827,0.025,0.10241132185408375,0.07065862873805795,0.047619047619047616,,,,,,,,,,,,,,
T08_2004_TIGHTENING_CYCLE_END,T08_2004,2004,TIGHTENING_CYCLE_END,2006-06-29,NASDAQ,price,2006-06-28,2111.84,2006-06-29,252,0.029613985908023333,0.0204797711947875,-0.027165883779074362,0.05070933404045741,0.15329286309568912,0.23268334722327433,-0.043303469959845464,0.24382528979468154,16.0,244.0,0.07762859347251438,3.0,16.0,13.0,17.0,30.0,33.0,46.0,True,True,756.0,0.21320692229805846,0.1474829678080883,0.2,0.16662319626696112,0.10552037535313114,0.1,0.1438649520298588,0.09112401301502447,0.06666666666666667,0.13706086849171717,0.0948146065127478,0.06746031746031746,,,,,,,,,,,,,,
T08_2004_TIGHTENING_CYCLE_END,T08_2004,2004,TIGHTENING_CYCLE_END,2006-06-29,WTI,price,2006-06-28,72.15,2006-06-29,252,0.018711018711018657,0.022314622314622223,0.05557865557865549,-0.174913374913375,-0.2198198198198199,0.03465003465003469,-0.2999306999307,0.06791406791406773,128.0,23.0,0.34445165476963013,23.0,128.0,105.0,45.0,130.0,173.0,258.0,True,True,756.0,0.2207378531456117,0.13954858021748787,0.0,0.25171197223489655,0.20687337509180584,0.016666666666666666,0.27931612677724754,0.21878398111967456,0.041666666666666664,0.284367281642699,0.2020658201492097,0.03571428571428571,,,,,,,,,,,,,,
T08_2004_TIGHTENING_CYCLE_END,T08_2004,2004,TIGHTENING_CYCLE_END,2006-06-29,USD_BROAD,price,2006-06-28,99.392,2006-06-29,252,-0.001772778493238869,-0.010906310367031491,-0.006539761751448769,-0.012439632968448078,-0.026786864133934274,-0.048741347392144196,-0.05428102865421769,0.0,242.0,0.0,0.05428102865421769,0.0,242.0,242.0,352.0,361.0,594.0,603.0,True,True,756.0,0.051106084025894984,0.04234177105579693,0.05,0.04147959214055388,0.03282729542369313,0.03333333333333333,0.03614354835991469,0.028922779606537632,0.025,0.03134693926932111,0.02443935255788142,0.011904761904761904,,,,,,,,,,,,,,
T08_2004_TIGHTENING_CYCLE_END,T08_2004,2004,TIGHTENING_CYCLE_END,2006-06-29,DGS2,rate,2006-06-28,5.29,2006-06-29,252,,,,,,,,,,,,,,,,,,,,,,,,,,,,,,,,,,-78.00000000000003,-4.999999999999982,182.0,4.0,-8.000000000000007,-7.000000000000028,-21.999999999999975,-62.000000000000014,-58.00000000000001,-33.00000000000001,70.0336761099524,64.29792942866487,70.96262479395098,68.69793573683275
T08_2004_TIGHTENING_CYCLE_END,T08_2004,2004,TIGHTENING_CYCLE_END,2006-06-29,DGS10,rate,2006-06-28,5.25,2006-06-29,252,,,,,,,,,,,,,,,,,,,,,,,,,,,,,,,,,,-82.00000000000003,0.9999999999999787,108.0,240.0,-3.000000000000025,-5.999999999999961,-17.99999999999997,-65.00000000000003,-65.00000000000003,-12.99999999999999,61.13556979972333,52.632882677875884,57.69315383994875,60.155542080741704
T08_2004_TIGHTENING_CYCLE_END,T08_2004,2004,TIGHTENING_CYCLE_END,2006-06-29,DFII10,rate,2006-06-28,2.68,2006-06-29,252,,,,,,,,,,,,,,,,,,,,,,,,,,,,,,,,,,-58.00000000000001,14.999999999999991,108.0,240.0,-7.000000000000028,-9.00000000000003,-20.999999999999996,-41.000000000000014,-37.000000000000014,4.999999999999982,64.42596730479016,54.95141151161305,56.54009509137013,56.20888049954342
T08_2004_TIGHTENING_CYCLE_END,T08_2004,2004,TIGHTENING_CYCLE_END,2006-06-29,T5YIE,rate,2006-06-28,2.59,2006-06-29,252,,,,,,,,,,,,,,,,,,,,,,,,,,,,,,,,,,-48.99999999999998,6.000000000000005,86.0,29.0,1.000000000000023,4.0000000000000036,-2.0000000000000018,-38.99999999999997,-35.999999999999986,-23.0,21.790388996793485,37.180229847668016,37.419089183117734,35.860897702982086
T08_2004_PAUSE_START,T08_2004,2004,PAUSE_START,2006-08-08,GOLD,price,2006-08-07,647.7999877929688,2006-08-08,252,-0.003241703651604033,-0.029793127750315507,-0.036122204105975775,-0.06653284408475768,-0.007255344698359756,0.03519602998241389,-0.13244827016018668,0.06823095560347125,42.0,177.0,0.13604919292851647,2.0,42.0,40.0,20.0,80.0,62.0,122.0,True,True,756.0,0.1770730091448853,0.1363597820808155,0.1,0.21482470246365487,0.1706800455678972,0.11666666666666667,0.19074536733340725,0.14093678414831237,0.06666666666666667,0.16967837699291,0.12478239619891722,0.047619047619047616,,,,,,,,,,,,,,
T08_2004_PAUSE_START,T08_2004,2004,PAUSE_START,2006-08-08,SP500,price,2006-08-07,1275.77001953125,2006-08-08,252,-0.003362705657620202,-0.005925878863753065,0.02937832046133293,0.08008490583008032,0.1199667059224725,0.1737930562003569,-0.00769736567644308,0.2173667136537103,2.0,238.0,0.07727863397698198,238.0,249.0,11.0,3.0,44.0,252.0,293.0,True,True,756.0,0.07220303785747892,0.0321500130931119,0.0,0.0735820534656698,0.03911923153812548,0.0,0.07440887956788589,0.04498695278916635,0.016666666666666666,0.11234583246815899,0.0828966984740273,0.06746031746031746,,,,,,,,,,,,,,
T08_2004_PAUSE_START,T08_2004,2004,PAUSE_START,2006-08-08,NASDAQ,price,2006-08-07,2072.5,2006-08-08,252,-0.005621230398070054,-0.0016694813027744448,0.06427020506634484,0.14195898673100116,0.18149095295536788,0.2607864897466827,-0.007136308805790081,0.31244390832328106,4.0,238.0,0.07675990058969717,238.0,249.0,11.0,21.0,40.0,270.0,289.0,True,True,756.0,0.11709665493678856,0.04850449019935635,0.0,0.12472455236830665,0.06620495595858994,0.016666666666666666,0.12059197650548656,0.07450294737356235,0.025,0.13443299558539976,0.09537899827853313,0.047619047619047616,,,,,,,,,,,,,,
T08_2004_PAUSE_START,T08_2004,2004,PAUSE_START,2006-08-08,WTI,price,2006-08-07,77.05,2006-08-08,252,-0.009863724853990785,-0.04828033744321869,-0.12070084360804667,-0.23504218040233615,-0.22310188189487346,-0.09331602855288768,-0.34445165476963013,0.014925373134328401,105.0,235.0,0.34445165476963013,0.0,105.0,105.0,45.0,130.0,150.0,235.0,True,True,756.0,0.20115456659374495,0.20125806057771223,0.0,0.26239999722748747,0.22974367933321574,0.03333333333333333,0.31349407141641245,0.23819800444381847,0.06666666666666667,0.289387248123753,0.210437686345965,0.04365079365079365,,,,,,,,,,,,,,
T08_2004_PAUSE_START,T08_2004,2004,PAUSE_START,2006-08-08,USD_BROAD,price,2006-08-07,97.5088,2006-08-08,252,0.0014726875933250838,0.004706241898167152,-0.00010973368557509744,0.0005989203025777989,0.0031063862953908394,-0.045023628636594815,-0.0513163940075152,0.014417160297327092,250.0,47.0,0.06479933194897414,47.0,250.0,203.0,316.0,325.0,566.0,575.0,True,True,756.0,0.037141433372123556,0.02463393957718893,0.0,0.032147307232305695,0.021656099374415406,0.0,0.030049108622330404,0.021336029918679247,0.008333333333333333,0.028745130229379617,0.021621920274324146,0.007936507936507936,,,,,,,,,,,,,,
T08_2004_PAUSE_START,T08_2004,2004,PAUSE_START,2006-08-08,DGS2,rate,2006-08-07,4.96,2006-08-08,252,,,,,,,,,,,,,,,,,,,,,,,,,,,,,,,,,,-50.0,13.999999999999968,250.0,215.0,-4.999999999999982,4.999999999999982,-16.000000000000014,-29.999999999999982,2.000000000000046,-40.000000000000036,53.919237851867905,64.33334796990555,67.69429552819668,73.06734327581964
T08_2004_PAUSE_START,T08_2004,2004,PAUSE_START,2006-08-08,DGS10,rate,2006-08-07,4.93,2006-08-08,252,,,,,,,,,,,,,,,,,,,,,,,,,,,,,,,,,,-50.0,33.00000000000001,81.0,213.0,0.0,7.000000000000028,-14.999999999999947,-35.99999999999994,-4.999999999999982,-16.000000000000014,46.030310380055084,53.829108123355766,57.52774266795614,64.29141820012424
T08_2004_PAUSE_START,T08_2004,2004,PAUSE_START,2006-08-08,DFII10,rate,2006-08-07,2.29,2006-08-08,252,,,,,,,,,,,,,,,,,,,,,,,,,,,,,,,,,,-18.999999999999993,54.0,81.0,213.0,-2.0000000000000018,6.999999999999984,2.0000000000000018,0.0,16.999999999999993,21.999999999999975,48.56119308340966,51.0433514653334,52.68178611470282,58.85426663543789
T08_2004_PAUSE_START,T08_2004,2004,PAUSE_START,2006-08-08,T5YIE,rate,2006-08-07,2.61,2006-08-08,252,,,,,,,,,,,,,,,,,,,,,,,,,,,,,,,,,,-52.99999999999998,4.0000000000000036,251.0,2.0,1.000000000000023,3.000000000000025,-21.999999999999975,-50.0,-21.999999999999975,-52.0,43.06030043652979,39.339461363101876,39.316812748567024,37.534791297793625
T08_2004_FIRST_CUT,T08_2004,2004,FIRST_CUT,2007-09-18,GOLD,price,2007-09-17,715.7999877929688,2007-09-18,252,0.0,0.022771707279887865,0.05769766484672534,0.13355691289665717,0.3549874838704066,0.08480024202597147,0.0,0.4015088422957438,0.0,126.0,0.2610646144609635,126.0,249.0,123.0,5.0,252.0,254.0,501.0,True,True,756.0,0.1481531778236953,0.09547470778457867,0.05,0.19726328618206476,0.13381952352764112,0.05,0.18987895903432564,0.12017887498315441,0.05,0.22806532210048175,0.17009624234313667,0.0992063492063492,,,,,,,,,,,,,,
T08_2004_FIRST_CUT,T08_2004,2004,FIRST_CUT,2007-09-18,SP500,price,2007-09-17,1476.6500244140625,2007-09-18,252,0.02920800742879237,0.027819696864860077,0.04879960405786132,0.0006772085351753887,-0.13766297087052626,-0.17813973824468243,-0.19229341316325743,0.05993295536301302,251.0,16.0,0.23796445544037848,16.0,251.0,235.0,,,,,False,False,756.0,0.13571899338266272,0.05197051354504115,0.0,0.20251729122101883,0.14496747019066955,0.13333333333333333,0.20344547974136,0.16054371145299687,0.16666666666666666,0.2155781657509791,0.16270739908859166,0.15476190476190477,,,,,,,,,,,,,,
T08_2004_FIRST_CUT,T08_2004,2004,FIRST_CUT,2007-09-18,NASDAQ,price,2007-09-17,2581.66,2007-09-18,252,0.027114337286861856,0.03342423092119029,0.07684590534772218,0.02738160718297533,-0.15971119357312724,-0.14477506720482158,-0.15971119357312724,0.10747348605161022,120.0,32.0,0.2412560508128374,32.0,120.0,88.0,47.0,,167.0,,True,False,756.0,0.14795828322199875,0.0670315483315572,0.0,0.22427005873596847,0.15567299273839214,0.15,0.2248204719401335,0.1770344726239743,0.19166666666666668,0.235280411196791,0.17245058240336394,0.17063492063492064,,,,,,,,,,,,,,
T08_2004_FIRST_CUT,T08_2004,2004,FIRST_CUT,2007-09-18,WTI,price,2007-09-17,80.55,2007-09-18,252,0.011918063314711569,0.024332712600869222,0.07001862197392916,0.11880819366852902,0.3395406579764122,0.13581626319056483,-0.01961514587212909,0.8039726877715705,15.0,201.0,0.3703805656871516,201.0,252.0,51.0,4.0,,256.0,,True,False,756.0,0.2669293473355361,0.15107654220611055,0.0,0.3223463649305919,0.20341155661208235,0.06666666666666667,0.312014605302008,0.1871362025284115,0.03333333333333333,0.34967854904951345,0.24169170758996933,0.07142857142857142,,,,,,,,,,,,,,
T08_2004_FIRST_CUT,T08_2004,2004,FIRST_CUT,2007-09-18,USD_BROAD,price,2007-09-17,92.823,2007-09-18,252,-0.0017732674013982708,-0.015311937774042939,-0.024609202460596946,-0.033848291910410055,-0.06016719993967001,-0.02148605410297011,-0.07487260700472942,0.0,216.0,0.0,0.07487260700472942,0.0,216.0,216.0,22.0,57.0,238.0,273.0,True,True,756.0,0.04163762428224935,0.04346557635768303,0.2,0.04411033085882815,0.03552382708965185,0.13333333333333333,0.04496653886886077,0.036002268472269026,0.10833333333333334,0.04716491118145755,0.03332599166802056,0.1111111111111111,,,,,,,,,,,,,,
T08_2004_FIRST_CUT,T08_2004,2004,FIRST_CUT,2007-09-18,DGS2,rate,2007-09-17,4.08,2007-09-18,252,,,,,,,,,,,,,,,,,,,,,,,,,,,,,,,,,,-273.0,15.000000000000036,123.0,18.0,-8.000000000000007,-3.000000000000025,4.0000000000000036,-87.00000000000001,-245.00000000000003,-229.99999999999997,89.29619547503565,146.35354222578246,147.85137609019642,156.78528469855826
T08_2004_FIRST_CUT,T08_2004,2004,FIRST_CUT,2007-09-18,DGS10,rate,2007-09-17,4.48,2007-09-18,252,,,,,,,,,,,,,,,,,,,,,,,,,,,,,,,,,,-114.00000000000006,21.999999999999975,123.0,18.0,1.9999999999999574,14.999999999999947,17.99999999999997,-30.00000000000007,-99.00000000000003,-94.00000000000004,79.43935124556221,108.16089709787435,122.92314672184413,118.09436432134329
T08_2004_FIRST_CUT,T08_2004,2004,FIRST_CUT,2007-09-18,DFII10,rate,2007-09-17,2.21,2007-09-18,252,,,,,,,,,,,,,,,,,,,,,,,,,,,,,,,,,,-131.0,14.999999999999991,118.0,18.0,-2.0000000000000018,12.00000000000001,10.000000000000009,-33.999999999999986,-126.0,-27.0,71.08630780885105,105.88071318105487,117.26621297663853,111.15365697163243
T08_2004_FIRST_CUT,T08_2004,2004,FIRST_CUT,2007-09-18,T5YIE,rate,2007-09-17,2.08,2007-09-18,252,,,,,,,,,,,,,,,,,,,,,,,,,,,,,,,,,,-106.0,64.00000000000001,252.0,199.0,2.0000000000000018,2.0000000000000018,14.999999999999991,10.999999999999988,29.000000000000004,-106.0,27.19229767106079,38.71840975863146,53.74432938623825,71.24292094559684
EMERGENCY_2008-01-22,,2008,EMERGENCY_CUT,2008-01-22,GOLD,price,2008-01-18,880.7999877929688,2008-01-22,252,0.009990903627302483,0.052565836097458574,0.05199817033118981,0.07300180368313347,0.08935060546972862,-0.02974570001150989,-0.19970477499626327,0.13896460730064475,208.0,40.0,0.29734846906222756,40.0,208.0,168.0,23.0,207.0,231.0,415.0,True,True,756.0,0.209089222994118,0.11815414592555659,0.05,0.24173311673147327,0.1845919167704871,0.1,0.23467956082474767,0.17356622399902893,0.11666666666666667,0.3109802923995432,0.21624631161101035,0.17857142857142858,,,,,,,,,,,,,,
EMERGENCY_2008-01-22,,2008,EMERGENCY_CUT,2008-01-22,SP500,price,2008-01-18,1325.18994140625,2008-01-22,252,-0.011085159151345114,0.021710110099930402,0.01780128806712189,0.029822154769234555,-0.06466993786636566,-0.39237391898051166,-0.43220214783479227,0.07654756522594597,213.0,83.0,0.47257522983107747,83.0,213.0,130.0,225.0,,438.0,,True,False,756.0,0.21429536747968161,0.15188245109373882,0.05,0.23921848791760159,0.15430972796274603,0.06666666666666667,0.20808783212662316,0.1491899033827771,0.058333333333333334,0.4156030964839556,0.31454175229133313,0.15476190476190477,,,,,,,,,,,,,,
EMERGENCY_2008-01-22,,2008,EMERGENCY_CUT,2008-01-22,NASDAQ,price,2008-01-18,2340.02,2008-01-22,252,-0.020405808497363287,0.004226459602909349,-0.014452867924205859,0.004311928957872135,-0.043136383449714155,-0.38425312604165784,-0.43756036273194254,0.089708634968932,213.0,95.0,0.48386236538898963,95.0,213.0,118.0,167.0,492.0,380.0,705.0,True,True,756.0,0.22914459436492693,0.17220436750054305,0.05,0.2618366398118423,0.17313995256319278,0.1,0.23814860407739258,0.16694865878052853,0.1,0.41779920284933647,0.3144669990020109,0.17063492063492064,,,,,,,,,,,,,,
EMERGENCY_2008-01-22,,2008,EMERGENCY_CUT,2008-01-22,WTI,price,2008-01-18,90.55,2008-01-22,252,-0.010049696300386435,0.004859193815571539,0.10425179458862499,0.26780784097183874,0.6008834897846496,-0.5740474875759249,-0.6655991165102153,0.6047487575924904,235.0,115.0,0.7916179203083064,115.0,235.0,120.0,487.0,,722.0,,True,False,756.0,0.31331208309082914,0.16404551733217346,0.05,0.3379699647285391,0.21386328585627165,0.06666666666666667,0.34732071021222716,0.2116014587150987,0.08333333333333333,0.6522865773647105,0.4846197140154775,0.2261904761904762,,,,,,,,,,,,,,
EMERGENCY_2008-01-22,,2008,EMERGENCY_CUT,2008-01-22,USD_BROAD,price,2008-01-21,89.9265,2008-01-22,252,-0.0009618966600501988,-0.010797707016285574,-0.011410429628641139,-0.03978026499418974,-0.03296914702562659,0.09336291304565392,-0.045074588691876305,0.15237332710602547,126.0,219.0,0.06567858965983431,219.0,237.0,18.0,18.0,40.0,255.0,277.0,True,True,756.0,0.04715757758693651,0.0357599555408992,0.05,0.04945367707800074,0.03984995952423712,0.13333333333333333,0.04823684606347401,0.03610340537889081,0.13333333333333333,0.08970510165446995,0.06281211568885421,0.1626984126984127,,,,,,,,,,,,,,
EMERGENCY_2008-01-22,,2008,EMERGENCY_CUT,2008-01-22,DGS2,rate,2008-01-18,2.36,2008-01-22,252,,,,,,,,,,,,,,,,,,,,,,,,,,,,,,,,,,-171.0,69.0,228.0,101.0,-27.99999999999998,-15.99999999999997,-29.999999999999982,-37.999999999999986,23.0,-161.0,156.51534311874647,174.60654073601194,163.93350517099017,166.79489754967202
EMERGENCY_2008-01-22,,2008,EMERGENCY_CUT,2008-01-22,DGS10,rate,2008-01-18,3.66,2008-01-22,252,,,,,,,,,,,,,,,,,,,,,,,,,,,,,,,,,,-158.0,60.99999999999994,230.0,101.0,-14.000000000000012,-5.000000000000027,23.0,6.000000000000005,29.999999999999982,-104.0,148.58394756394202,149.13677035254074,126.49901185384817,142.27228257970086
EMERGENCY_2008-01-22,,2008,EMERGENCY_CUT,2008-01-22,DFII10,rate,2008-01-18,1.42,2008-01-22,252,,,,,,,,,,,,,,,,,,,,,,,,,,,,,,,,,,-51.99999999999999,173.0,34.0,212.0,-13.99999999999999,-8.999999999999986,14.000000000000012,-1.0000000000000009,6.000000000000005,55.00000000000001,138.30446961609542,135.15840048009954,116.75948128776623,148.1353289975459
EMERGENCY_2008-01-22,,2008,EMERGENCY_CUT,2008-01-22,T5YIE,rate,2008-01-18,2.04,2008-01-22,252,,,,,,,,,,,,,,,,,,,,,,,,,,,,,,,,,,-428.0,68.00000000000001,216.0,115.0,-7.000000000000006,0.9999999999999787,10.999999999999988,18.000000000000014,56.00000000000001,-195.0,73.10533136293286,80.53709535868275,67.97369733515875,240.38179293470213
EMERGENCY_2008-10-08,,2008,EMERGENCY_CUT,2008-10-08,GOLD,price,2008-10-07,878.4000244140625,2008-10-08,252,0.02811925146330818,-0.04792809136039888,-0.1393442862159635,0.00045533170285727564,0.05031870439821384,0.18772770927921956,-0.1975182094464687,0.18772770927921956,27.0,252.0,0.21946623466940252,1.0,27.0,26.0,7.0,48.0,34.0,75.0,True,True,756.0,0.38792542257926965,0.3318970040798357,0.3,0.37085598205761594,0.2517651572084068,0.13333333333333333,0.35353795240545627,0.23362582630604864,0.10833333333333334,0.2707035937821618,0.18050527529913488,0.05555555555555555,,,,,,,,,,,,,,
EMERGENCY_2008-10-08,,2008,EMERGENCY_CUT,2008-10-08,SP500,price,2008-10-07,996.22998046875,2008-10-08,252,-0.01133270253725105,0.0017867654374721376,0.009556046011354402,-0.06467381421854557,-0.19911063633944182,0.06158214146202545,-0.3209097873379082,0.07571550263468874,104.0,241.0,0.32733777847688295,20.0,104.0,84.0,19.0,106.0,123.0,210.0,True,True,756.0,0.830239195164587,0.5374936516874347,0.3,0.6801268559893416,0.4828332102294454,0.23333333333333334,0.5620691451391198,0.4041265164409671,0.2,0.42021925559189466,0.2981588355750122,0.10317460317460317,,,,,,,,,,,,,,
EMERGENCY_2008-10-08,,2008,EMERGENCY_CUT,2008-10-08,NASDAQ,price,2008-10-07,1754.88,2008-10-08,252,-0.008291165207877538,0.013750227935813264,0.014382749817651197,-0.0699022155361051,-0.12894898796498921,0.2025494620714805,-0.27707877461706787,0.22304659008023342,104.0,241.0,0.31211061407076046,4.0,104.0,100.0,13.0,61.0,117.0,165.0,True,True,756.0,0.7733510122864778,0.48415950842050526,0.35,0.658170996589791,0.46212968517845593,0.26666666666666666,0.5562136011305074,0.3923077732770111,0.23333333333333334,0.4181776613658615,0.2908376011486398,0.1349206349206349,,,,,,,,,,,,,,
EMERGENCY_2008-10-08,,2008,EMERGENCY_CUT,2008-10-08,WTI,price,2008-10-07,90.18,2008-10-08,252,-0.01375027722333122,-0.1274118429807053,-0.21922821024617445,-0.4880239520958084,-0.46263029496562436,-0.20436903969838105,-0.6642271013528498,0.0,54.0,0.0,0.6642271013528498,0.0,54.0,54.0,100.0,502.0,154.0,556.0,True,True,756.0,0.8317043966498024,0.6679901009018856,0.3,0.9659337892657993,0.7304032967541372,0.3333333333333333,0.908630433424311,0.6542519916546556,0.26666666666666666,0.699257592515427,0.49555354855505607,0.15079365079365079,,,,,,,,,,,,,,
EMERGENCY_2008-10-08,,2008,EMERGENCY_CUT,2008-10-08,USD_BROAD,price,2008-10-07,95.4889,2008-10-08,252,0.01549394746405075,0.008016638583123292,0.02625226597018071,0.03031137650554161,0.07603082661963856,-0.022550265004623538,-0.027858735413226032,0.11033743188998923,240.0,101.0,0.12446321571630814,101.0,240.0,139.0,,,,,False,False,756.0,0.17962193057999815,0.12144481428527268,0.25,0.1517243043410141,0.10934695757072457,0.21666666666666667,0.12971339830248002,0.09360362616769721,0.2,0.1039929881431362,0.0769597135695156,0.19047619047619047,,,,,,,,,,,,,,
EMERGENCY_2008-10-08,,2008,EMERGENCY_CUT,2008-10-08,DGS2,rate,2008-10-07,1.47,2008-10-08,252,,,,,,,,,,,,,,,,,,,,,,,,,,,,,,,,,,-82.0,35.00000000000001,47.0,4.0,17.999999999999993,16.999999999999993,-10.999999999999988,-67.0,-59.0,-49.0,145.0791798331264,132.75427791632455,114.30601342835098,100.69612288140301
EMERGENCY_2008-10-08,,2008,EMERGENCY_CUT,2008-10-08,DGS10,rate,2008-10-07,3.5,2008-10-08,252,,,,,,,,,,,,,,,,,,,,,,,,,,,,,,,,,,-142.0,58.00000000000001,49.0,4.0,22.00000000000002,54.0,23.0,-99.00000000000003,-73.0,-10.000000000000009,166.35576967831074,173.81852020455614,175.11362697671814,153.66621871090723
EMERGENCY_2008-10-08,,2008,EMERGENCY_CUT,2008-10-08,DFII10,rate,2008-10-07,2.32,2008-10-08,252,,,,,,,,,,,,,,,,,,,,,,,,,,,,,,,,,,-103.99999999999999,83.0,109.0,31.0,37.000000000000014,70.00000000000001,43.99999999999999,-23.0,-87.99999999999999,-75.99999999999997,238.2902255212064,222.4945704917428,200.6056711414651,154.35551657782747
EMERGENCY_2008-10-08,,2008,EMERGENCY_CUT,2008-10-08,T5YIE,rate,2008-10-07,0.62,2008-10-08,252,,,,,,,,,,,,,,,,,,,,,,,,,,,,,,,,,,-286.00000000000006,123.0,35.0,167.0,-19.0,-48.0,-152.0,-76.0,12.0,84.0,237.72181885114108,460.7999823446325,338.2638023791492,243.65052367939424
T09_2015_FIRST_HIKE,T09_2015,2015,FIRST_HIKE,2015-12-16,GOLD,price,2015-12-15,1062.9000244140625,2015-12-16,252,0.014206393112335736,0.011195807828325632,0.010349044827676845,0.17075923965666884,0.1852479253847099,0.0681155543805485,-0.011383926341151152,0.28412832163258384,2.0,139.0,0.17371233888556936,139.0,251.0,112.0,46.0,629.0,297.0,880.0,True,True,756.0,0.18733886369973796,0.13119155223204257,0.1,0.19842417487823086,0.11180108636417767,0.06666666666666667,0.1820245910058008,0.11040720790423628,0.08333333333333333,0.16592365490713348,0.11149288925663793,0.07142857142857142,,,,,,,,,,,,,,
T09_2015_FIRST_HIKE,T09_2015,2015,FIRST_HIKE,2015-12-16,SP500,price,2015-12-15,2043.4100341796875,2015-12-16,252,0.014514969430300617,-0.0021728695671913156,-0.05949372192849123,-0.011632525598706978,0.037050852125332545,0.10270576712785817,-0.10488843381403934,0.11172986953403652,39.0,251.0,0.11994078912359896,9.0,39.0,30.0,12.0,42.0,51.0,81.0,True,True,756.0,0.2062358873895366,0.17558230901716798,0.25,0.19876020728879892,0.1430324159573815,0.15,0.15500263448734863,0.10963804878694851,0.075,0.13549595496731284,0.09654896039529759,0.051587301587301584,,,,,,,,,,,,,,
T09_2015_FIRST_HIKE,T09_2015,2015,FIRST_HIKE,2015-12-16,NASDAQ,price,2015-12-15,4995.36,2015-12-16,252,0.015168075974504536,0.0011510681912814125,-0.07614266038884077,-0.04906152909900385,-0.004147849204061194,0.088343983216425,-0.14583933890650513,0.09378102879472161,39.0,251.0,0.16466520750047953,9.0,39.0,30.0,12.0,114.0,51.0,153.0,True,True,756.0,0.23749807554611246,0.20921371712319062,0.15,0.23418820526981876,0.17767876115196893,0.13333333333333333,0.186400035681129,0.1365482077106648,0.06666666666666667,0.1624777396625829,0.11861870596992617,0.04365079365079365,,,,,,,,,,,,,,
T09_2015_FIRST_HIKE,T09_2015,2015,FIRST_HIKE,2015-12-16,WTI,price,2015-12-15,37.32,2015-12-16,252,-0.04742765273311911,-0.032154340836012985,-0.16345123258306538,-0.003215434083601254,0.372722400857449,0.36682743837084675,-0.29823151125401925,0.419882100750268,39.0,251.0,0.3086061246040127,9.0,39.0,30.0,11.0,16.0,50.0,55.0,True,True,756.0,0.4780927083638719,0.41155125704497597,0.1,0.7016221330775274,0.44998552676721765,0.15,0.5869071846700105,0.36494369606497423,0.08333333333333333,0.4946408193039717,0.3175609302581026,0.04365079365079365,,,,,,,,,,,,,,
T09_2015_FIRST_HIKE,T09_2015,2015,FIRST_HIKE,2015-12-16,USD_BROAD,price,2015-12-15,112.8609,2015-12-16,252,0.0011119882970984651,0.0031020486280013415,0.022361154305875708,-0.02140599623075845,-0.01557846871680102,0.05111690585490636,-0.03712446028695493,0.05268698016762219,92.0,249.0,0.06599753501939831,23.0,92.0,69.0,39.0,135.0,131.0,227.0,True,True,756.0,0.04509259742665824,0.019530702373161533,0.0,0.06836272244183905,0.058205455944755714,0.08333333333333333,0.06433281312170687,0.05147445440145382,0.08333333333333333,0.06503562117573573,0.04373470153725691,0.06746031746031746,,,,,,,,,,,,,,
T09_2015_FIRST_HIKE,T09_2015,2015,FIRST_HIKE,2015-12-16,DGS2,rate,2015-12-15,0.98,2015-12-16,252,,,,,,,,,,,,,,,,,,,,,,,,,,,,,,,,,,-41.99999999999999,31.000000000000007,138.0,251.0,4.0000000000000036,1.0000000000000009,-7.9999999999999964,-1.0000000000000009,-19.999999999999996,30.000000000000004,41.96840917191235,56.786218189550084,56.709787515031316,52.70151989462152
T09_2015_FIRST_HIKE,T09_2015,2015,FIRST_HIKE,2015-12-16,DGS10,rate,2015-12-15,2.28,2015-12-16,252,,,,,,,,,,,,,,,,,,,,,,,,,,,,,,,,,,-90.99999999999997,32.00000000000003,138.0,251.0,2.0000000000000018,-3.999999999999959,-17.99999999999997,-30.999999999999982,-56.999999999999986,32.00000000000003,62.42367971750519,73.79492885980531,67.41151062471367,70.32468807600964
T09_2015_FIRST_HIKE,T09_2015,2015,FIRST_HIKE,2015-12-16,DFII10,rate,2015-12-15,0.8,2015-12-16,252,,,,,,,,,,,,,,,,,,,,,,,,,,,,,,,,,,-86.00000000000001,3.9999999999999925,141.0,1.0,3.9999999999999925,-2.0000000000000018,-13.0,-35.0,-68.0,-6.000000000000005,58.33235086891953,57.51860421210232,61.45529221455603,61.45603812087096
T09_2015_FIRST_HIKE,T09_2015,2015,FIRST_HIKE,2015-12-16,T5YIE,rate,2015-12-15,1.22,2015-12-16,252,,,,,,,,,,,,,,,,,,,,,,,,,,,,,,,,,,-28.999999999999993,64.00000000000001,37.0,248.0,-2.0000000000000018,-3.0000000000000027,-2.0000000000000018,15.999999999999993,32.00000000000001,53.0,40.84734095578191,58.59091154141772,52.73953757409532,50.873603233662315
T09_2015_TIGHTENING_CYCLE_START,T09_2015,2015,TIGHTENING_CYCLE_START,2015-12-16,GOLD,price,2015-12-15,1062.9000244140625,2015-12-16,252,0.014206393112335736,0.011195807828325632,0.010349044827676845,0.17075923965666884,0.1852479253847099,0.0681155543805485,-0.011383926341151152,0.28412832163258384,2.0,139.0,0.17371233888556936,139.0,251.0,112.0,46.0,629.0,297.0,880.0,True,True,756.0,0.18733886369973796,0.13119155223204257,0.1,0.19842417487823086,0.11180108636417767,0.06666666666666667,0.1820245910058008,0.11040720790423628,0.08333333333333333,0.16592365490713348,0.11149288925663793,0.07142857142857142,,,,,,,,,,,,,,
T09_2015_TIGHTENING_CYCLE_START,T09_2015,2015,TIGHTENING_CYCLE_START,2015-12-16,SP500,price,2015-12-15,2043.4100341796875,2015-12-16,252,0.014514969430300617,-0.0021728695671913156,-0.05949372192849123,-0.011632525598706978,0.037050852125332545,0.10270576712785817,-0.10488843381403934,0.11172986953403652,39.0,251.0,0.11994078912359896,9.0,39.0,30.0,12.0,42.0,51.0,81.0,True,True,756.0,0.2062358873895366,0.17558230901716798,0.25,0.19876020728879892,0.1430324159573815,0.15,0.15500263448734863,0.10963804878694851,0.075,0.13549595496731284,0.09654896039529759,0.051587301587301584,,,,,,,,,,,,,,
T09_2015_TIGHTENING_CYCLE_START,T09_2015,2015,TIGHTENING_CYCLE_START,2015-12-16,NASDAQ,price,2015-12-15,4995.36,2015-12-16,252,0.015168075974504536,0.0011510681912814125,-0.07614266038884077,-0.04906152909900385,-0.004147849204061194,0.088343983216425,-0.14583933890650513,0.09378102879472161,39.0,251.0,0.16466520750047953,9.0,39.0,30.0,12.0,114.0,51.0,153.0,True,True,756.0,0.23749807554611246,0.20921371712319062,0.15,0.23418820526981876,0.17767876115196893,0.13333333333333333,0.186400035681129,0.1365482077106648,0.06666666666666667,0.1624777396625829,0.11861870596992617,0.04365079365079365,,,,,,,,,,,,,,
T09_2015_TIGHTENING_CYCLE_START,T09_2015,2015,TIGHTENING_CYCLE_START,2015-12-16,WTI,price,2015-12-15,37.32,2015-12-16,252,-0.04742765273311911,-0.032154340836012985,-0.16345123258306538,-0.003215434083601254,0.372722400857449,0.36682743837084675,-0.29823151125401925,0.419882100750268,39.0,251.0,0.3086061246040127,9.0,39.0,30.0,11.0,16.0,50.0,55.0,True,True,756.0,0.4780927083638719,0.41155125704497597,0.1,0.7016221330775274,0.44998552676721765,0.15,0.5869071846700105,0.36494369606497423,0.08333333333333333,0.4946408193039717,0.3175609302581026,0.04365079365079365,,,,,,,,,,,,,,
T09_2015_TIGHTENING_CYCLE_START,T09_2015,2015,TIGHTENING_CYCLE_START,2015-12-16,USD_BROAD,price,2015-12-15,112.8609,2015-12-16,252,0.0011119882970984651,0.0031020486280013415,0.022361154305875708,-0.02140599623075845,-0.01557846871680102,0.05111690585490636,-0.03712446028695493,0.05268698016762219,92.0,249.0,0.06599753501939831,23.0,92.0,69.0,39.0,135.0,131.0,227.0,True,True,756.0,0.04509259742665824,0.019530702373161533,0.0,0.06836272244183905,0.058205455944755714,0.08333333333333333,0.06433281312170687,0.05147445440145382,0.08333333333333333,0.06503562117573573,0.04373470153725691,0.06746031746031746,,,,,,,,,,,,,,
T09_2015_TIGHTENING_CYCLE_START,T09_2015,2015,TIGHTENING_CYCLE_START,2015-12-16,DGS2,rate,2015-12-15,0.98,2015-12-16,252,,,,,,,,,,,,,,,,,,,,,,,,,,,,,,,,,,-41.99999999999999,31.000000000000007,138.0,251.0,4.0000000000000036,1.0000000000000009,-7.9999999999999964,-1.0000000000000009,-19.999999999999996,30.000000000000004,41.96840917191235,56.786218189550084,56.709787515031316,52.70151989462152
T09_2015_TIGHTENING_CYCLE_START,T09_2015,2015,TIGHTENING_CYCLE_START,2015-12-16,DGS10,rate,2015-12-15,2.28,2015-12-16,252,,,,,,,,,,,,,,,,,,,,,,,,,,,,,,,,,,-90.99999999999997,32.00000000000003,138.0,251.0,2.0000000000000018,-3.999999999999959,-17.99999999999997,-30.999999999999982,-56.999999999999986,32.00000000000003,62.42367971750519,73.79492885980531,67.41151062471367,70.32468807600964
T09_2015_TIGHTENING_CYCLE_START,T09_2015,2015,TIGHTENING_CYCLE_START,2015-12-16,DFII10,rate,2015-12-15,0.8,2015-12-16,252,,,,,,,,,,,,,,,,,,,,,,,,,,,,,,,,,,-86.00000000000001,3.9999999999999925,141.0,1.0,3.9999999999999925,-2.0000000000000018,-13.0,-35.0,-68.0,-6.000000000000005,58.33235086891953,57.51860421210232,61.45529221455603,61.45603812087096
T09_2015_TIGHTENING_CYCLE_START,T09_2015,2015,TIGHTENING_CYCLE_START,2015-12-16,T5YIE,rate,2015-12-15,1.22,2015-12-16,252,,,,,,,,,,,,,,,,,,,,,,,,,,,,,,,,,,-28.999999999999993,64.00000000000001,37.0,248.0,-2.0000000000000018,-3.0000000000000027,-2.0000000000000018,15.999999999999993,32.00000000000001,53.0,40.84734095578191,58.59091154141772,52.73953757409532,50.873603233662315
T09_2015_LAST_HIKE,T09_2015,2015,LAST_HIKE,2018-12-20,GOLD,price,2018-12-19,1252.0999755859375,2018-12-20,252,0.00918457010161533,0.020126246892061994,0.023320879970884834,0.04224904196592383,0.06956311579287267,0.18057661528196323,0.0,0.23815995452171523,0.0,177.0,0.06334262410455138,177.0,226.0,49.0,30.0,36.0,256.0,262.0,True,True,756.0,0.08521772904428904,0.04956217317665662,0.0,0.09691801833556209,0.06244459527402506,0.05,0.09691695910448062,0.06643220545270316,0.058333333333333334,0.11558118894035795,0.0759568135425374,0.05952380952380952,,,,,,,,,,,,,,
T09_2015_LAST_HIKE,T09_2015,2015,LAST_HIKE,2018-12-20,SP500,price,2018-12-19,2506.9599609375,2018-12-20,252,-0.01577210632742365,-0.007231819851530541,0.06531815527630691,0.12988245225109618,0.1534447847730167,0.27858847653427343,-0.06217086260243454,0.27858847653427343,3.0,252.0,0.0683610804467385,89.0,112.0,23.0,4.0,13.0,116.0,125.0,True,True,756.0,0.2833484331396826,0.16261864639835016,0.15,0.18107550371386125,0.10488427346143221,0.05,0.15480837998698435,0.09797266176170012,0.03333333333333333,0.1395205954213257,0.09480874180782974,0.027777777777777776,,,,,,,,,,,,,,
T09_2015_LAST_HIKE,T09_2015,2015,LAST_HIKE,2018-12-20,NASDAQ,price,2018-12-19,6636.83,2018-12-20,252,-0.016336112270466496,-0.008639666828892723,0.07841092810875061,0.16380109178628954,0.1741629663559261,0.3301124181273287,-0.06688584761098293,0.3301124181273287,3.0,252.0,0.10178588926996568,93.0,113.0,20.0,5.0,22.0,118.0,135.0,True,True,756.0,0.33208439492070113,0.18580239920338099,0.1,0.21876274449120112,0.12488211940831775,0.03333333333333333,0.19360415017560487,0.12424398079740356,0.03333333333333333,0.17150336879961506,0.11575230932303589,0.027777777777777776,,,,,,,,,,,,,,
T09_2015_LAST_HIKE,T09_2015,2015,LAST_HIKE,2018-12-20,WTI,price,2018-12-19,47.96,2018-12-20,252,-0.048373644703919916,-0.058590492076730616,0.09341117597998316,0.2506255212677231,0.08298582151793155,0.28690575479566305,-0.07256046705587993,0.3811509591326103,4.0,82.0,0.2281099033816424,82.0,117.0,35.0,10.0,482.0,127.0,599.0,True,True,756.0,0.39181239652740313,0.24903425709916716,0.1,0.29695290481796777,0.19345494722381962,0.05,0.3005385886186943,0.22755727847942117,0.06666666666666667,0.3488203905325366,0.2373154654506757,0.06349206349206349,,,,,,,,,,,,,,
T09_2015_LAST_HIKE,T09_2015,2015,LAST_HIKE,2018-12-20,USD_BROAD,price,2018-12-19,116.0676,2018-12-20,252,-0.0004247524718353768,-0.0006453135931129284,-0.011316680968676884,-0.01636287818478188,-0.0013948767787048677,-0.00373575399163939,-0.021687361503124114,0.019330976086349816,27.0,175.0,0.023297013894699847,175.0,246.0,71.0,43.0,58.0,289.0,304.0,True,True,756.0,0.03571667261975215,0.031192684516609732,0.05,0.03431519244421167,0.027395497222294275,0.03333333333333333,0.03430326228083444,0.02424887716649372,0.016666666666666666,0.031581244850600064,0.02312156427397405,0.015873015873015872,,,,,,,,,,,,,,
T09_2015_LAST_HIKE,T09_2015,2015,LAST_HIKE,2018-12-20,DGS2,rate,2018-12-19,2.63,2018-12-20,252,,,,,,,,,,,,,,,,,,,,,,,,,,,,,,,,,,-124.0,4.0000000000000036,198.0,1.0,4.0000000000000036,-6.999999999999984,-0.9999999999999787,-16.999999999999993,-79.99999999999999,-99.0,82.96334003325615,61.174687354177365,65.7374456813305,71.76730325665766
T09_2015_LAST_HIKE,T09_2015,2015,LAST_HIKE,2018-12-20,DGS10,rate,2018-12-19,2.77,2018-12-20,252,,,,,,,,,,,,,,,,,,,,,,,,,,,,,,,,,,-130.0,4.0000000000000036,173.0,4.0,2.0000000000000018,0.0,2.0000000000000018,-16.000000000000014,-67.0,-84.00000000000001,73.54397180920867,60.31510477821269,60.09859546171266,69.46328102212397
T09_2015_LAST_HIKE,T09_2015,2015,LAST_HIKE,2018-12-20,DFII10,rate,2018-12-19,0.97,2018-12-20,252,,,,,,,,,,,,,,,,,,,,,,,,,,,,,,,,,,-106.0,7.000000000000006,174.0,4.0,6.000000000000005,6.000000000000005,-1.0000000000000009,-30.999999999999993,-55.00000000000001,-79.0,54.864138416733816,48.157897076673294,49.64373072201564,52.88983514206281
T09_2015_LAST_HIKE,T09_2015,2015,LAST_HIKE,2018-12-20,T5YIE,rate,2018-12-19,1.56,2018-12-20,252,,,,,,,,,,,,,,,,,,,,,,,,,,,,,,,,,,-32.00000000000001,31.999999999999986,202.0,59.0,-3.0000000000000027,-3.0000000000000027,10.999999999999988,29.000000000000004,-5.000000000000004,10.999999999999988,52.39093935324878,39.59108785178975,40.29632883585127,46.314488796811304
T09_2015_TIGHTENING_CYCLE_END,T09_2015,2015,TIGHTENING_CYCLE_END,2018-12-20,GOLD,price,2018-12-19,1252.0999755859375,2018-12-20,252,0.00918457010161533,0.020126246892061994,0.023320879970884834,0.04224904196592383,0.06956311579287267,0.18057661528196323,0.0,0.23815995452171523,0.0,177.0,0.06334262410455138,177.0,226.0,49.0,30.0,36.0,256.0,262.0,True,True,756.0,0.08521772904428904,0.04956217317665662,0.0,0.09691801833556209,0.06244459527402506,0.05,0.09691695910448062,0.06643220545270316,0.058333333333333334,0.11558118894035795,0.0759568135425374,0.05952380952380952,,,,,,,,,,,,,,
T09_2015_TIGHTENING_CYCLE_END,T09_2015,2015,TIGHTENING_CYCLE_END,2018-12-20,SP500,price,2018-12-19,2506.9599609375,2018-12-20,252,-0.01577210632742365,-0.007231819851530541,0.06531815527630691,0.12988245225109618,0.1534447847730167,0.27858847653427343,-0.06217086260243454,0.27858847653427343,3.0,252.0,0.0683610804467385,89.0,112.0,23.0,4.0,13.0,116.0,125.0,True,True,756.0,0.2833484331396826,0.16261864639835016,0.15,0.18107550371386125,0.10488427346143221,0.05,0.15480837998698435,0.09797266176170012,0.03333333333333333,0.1395205954213257,0.09480874180782974,0.027777777777777776,,,,,,,,,,,,,,
T09_2015_TIGHTENING_CYCLE_END,T09_2015,2015,TIGHTENING_CYCLE_END,2018-12-20,NASDAQ,price,2018-12-19,6636.83,2018-12-20,252,-0.016336112270466496,-0.008639666828892723,0.07841092810875061,0.16380109178628954,0.1741629663559261,0.3301124181273287,-0.06688584761098293,0.3301124181273287,3.0,252.0,0.10178588926996568,93.0,113.0,20.0,5.0,22.0,118.0,135.0,True,True,756.0,0.33208439492070113,0.18580239920338099,0.1,0.21876274449120112,0.12488211940831775,0.03333333333333333,0.19360415017560487,0.12424398079740356,0.03333333333333333,0.17150336879961506,0.11575230932303589,0.027777777777777776,,,,,,,,,,,,,,
T09_2015_TIGHTENING_CYCLE_END,T09_2015,2015,TIGHTENING_CYCLE_END,2018-12-20,WTI,price,2018-12-19,47.96,2018-12-20,252,-0.048373644703919916,-0.058590492076730616,0.09341117597998316,0.2506255212677231,0.08298582151793155,0.28690575479566305,-0.07256046705587993,0.3811509591326103,4.0,82.0,0.2281099033816424,82.0,117.0,35.0,10.0,482.0,127.0,599.0,True,True,756.0,0.39181239652740313,0.24903425709916716,0.1,0.29695290481796777,0.19345494722381962,0.05,0.3005385886186943,0.22755727847942117,0.06666666666666667,0.3488203905325366,0.2373154654506757,0.06349206349206349,,,,,,,,,,,,,,
T09_2015_TIGHTENING_CYCLE_END,T09_2015,2015,TIGHTENING_CYCLE_END,2018-12-20,USD_BROAD,price,2018-12-19,116.0676,2018-12-20,252,-0.0004247524718353768,-0.0006453135931129284,-0.011316680968676884,-0.01636287818478188,-0.0013948767787048677,-0.00373575399163939,-0.021687361503124114,0.019330976086349816,27.0,175.0,0.023297013894699847,175.0,246.0,71.0,43.0,58.0,289.0,304.0,True,True,756.0,0.03571667261975215,0.031192684516609732,0.05,0.03431519244421167,0.027395497222294275,0.03333333333333333,0.03430326228083444,0.02424887716649372,0.016666666666666666,0.031581244850600064,0.02312156427397405,0.015873015873015872,,,,,,,,,,,,,,
T09_2015_TIGHTENING_CYCLE_END,T09_2015,2015,TIGHTENING_CYCLE_END,2018-12-20,DGS2,rate,2018-12-19,2.63,2018-12-20,252,,,,,,,,,,,,,,,,,,,,,,,,,,,,,,,,,,-124.0,4.0000000000000036,198.0,1.0,4.0000000000000036,-6.999999999999984,-0.9999999999999787,-16.999999999999993,-79.99999999999999,-99.0,82.96334003325615,61.174687354177365,65.7374456813305,71.76730325665766
T09_2015_TIGHTENING_CYCLE_END,T09_2015,2015,TIGHTENING_CYCLE_END,2018-12-20,DGS10,rate,2018-12-19,2.77,2018-12-20,252,,,,,,,,,,,,,,,,,,,,,,,,,,,,,,,,,,-130.0,4.0000000000000036,173.0,4.0,2.0000000000000018,0.0,2.0000000000000018,-16.000000000000014,-67.0,-84.00000000000001,73.54397180920867,60.31510477821269,60.09859546171266,69.46328102212397
T09_2015_TIGHTENING_CYCLE_END,T09_2015,2015,TIGHTENING_CYCLE_END,2018-12-20,DFII10,rate,2018-12-19,0.97,2018-12-20,252,,,,,,,,,,,,,,,,,,,,,,,,,,,,,,,,,,-106.0,7.000000000000006,174.0,4.0,6.000000000000005,6.000000000000005,-1.0000000000000009,-30.999999999999993,-55.00000000000001,-79.0,54.864138416733816,48.157897076673294,49.64373072201564,52.88983514206281
T09_2015_TIGHTENING_CYCLE_END,T09_2015,2015,TIGHTENING_CYCLE_END,2018-12-20,T5YIE,rate,2018-12-19,1.56,2018-12-20,252,,,,,,,,,,,,,,,,,,,,,,,,,,,,,,,,,,-32.00000000000001,31.999999999999986,202.0,59.0,-3.0000000000000027,-3.0000000000000027,10.999999999999988,29.000000000000004,-5.000000000000004,10.999999999999988,52.39093935324878,39.59108785178975,40.29632883585127,46.314488796811304
T09_2015_PAUSE_START,T09_2015,2015,PAUSE_START,2019-01-30,GOLD,price,2019-01-29,1308.199951171875,2019-01-30,252,0.0012995515254869971,0.004586454841727594,0.007261886832735209,-0.024766781495998758,0.08951238497704628,0.1999695057486517,-0.02973544090787017,0.20532036973066714,58.0,250.0,0.06334262410455138,151.0,200.0,49.0,30.0,36.0,230.0,236.0,True,True,756.0,0.09732408482592837,0.06213453037548173,0.05,0.09911634149221844,0.07734822536779275,0.1,0.1132031580876372,0.07173909073306799,0.075,0.11608941160752041,0.07581645506310136,0.05952380952380952,,,,,,,,,,,,,,
T09_2015_PAUSE_START,T09_2015,2015,PAUSE_START,2019-01-30,SP500,price,2019-01-29,2640.0,2019-01-30,252,0.01554926091974429,0.03700755726207383,0.05771965258049239,0.10839769767992413,0.13069319291548287,0.23992420543323867,0.0,0.26121974135890147,0.0,245.0,0.0683610804467385,63.0,86.0,23.0,4.0,13.0,90.0,99.0,True,True,756.0,0.09462712704858905,0.03786539342245363,0.0,0.09518284388146425,0.05416580473269293,0.0,0.10709007077109879,0.07134669613651282,0.008333333333333333,0.11743844254879499,0.0840614578772428,0.015873015873015872,,,,,,,,,,,,,,
T09_2015_PAUSE_START,T09_2015,2015,PAUSE_START,2019-01-30,NASDAQ,price,2019-01-29,7028.29,2019-01-30,252,0.022023849328926426,0.05318363357231992,0.07487169709844066,0.1527711577069244,0.1590998663970895,0.31890972057214495,0.0,0.3378047860859468,0.0,249.0,0.10178588926996568,67.0,87.0,20.0,5.0,22.0,92.0,109.0,True,True,756.0,0.12149218977438543,0.04704742131456837,0.0,0.1209467328966397,0.0691009311780997,0.016666666666666666,0.14199563704241633,0.09700270321294581,0.016666666666666666,0.1466155412183517,0.10331422360035823,0.01984126984126984,,,,,,,,,,,,,,
T09_2015_PAUSE_START,T09_2015,2015,PAUSE_START,2019-01-30,WTI,price,2019-01-29,53.07,2019-01-30,252,0.02091577162238556,0.011682683248539716,0.07254569436593172,0.2291313359713587,0.06613906161673255,-0.028076125871490554,-0.03655549274543057,0.2481628038439796,93.0,58.0,0.2281099033816424,58.0,93.0,35.0,10.0,482.0,103.0,575.0,True,True,756.0,0.2531084100166261,0.15782948131560703,0.0,0.21429668287617862,0.12682981774225718,0.0,0.29830649302412066,0.22262479747602246,0.05,0.3389150588293026,0.23685189512499943,0.04365079365079365,,,,,,,,,,,,,,
T09_2015_PAUSE_START,T09_2015,2015,PAUSE_START,2019-01-30,USD_BROAD,price,2019-01-29,114.026,2019-01-30,252,0.0004130636872292648,0.0001499657972743318,0.0015180748250398501,0.015302650272744911,0.008557697367267192,0.01833967691579108,-0.004170978548752036,0.037581779594127784,2.0,150.0,0.0307857322166184,150.0,230.0,80.0,26.0,49.0,256.0,279.0,True,True,756.0,0.03459519513161025,0.0247815924745849,0.0,0.033872484899723464,0.021485005618589275,0.0,0.03343552144166764,0.023284997771805364,0.008333333333333333,0.03045926556907481,0.02134319894165731,0.007936507936507936,,,,,,,,,,,,,,
T09_2015_PAUSE_START,T09_2015,2015,PAUSE_START,2019-01-30,DGS2,rate,2019-01-29,2.56,2019-01-30,252,,,,,,,,,,,,,,,,,,,,,,,,,,,,,,,,,,-123.0,-1.000000000000023,252.0,22.0,-4.0000000000000036,-3.000000000000025,-6.000000000000005,-23.0,-76.0,-123.0,55.73357676434691,51.96318775206086,65.72455893392377,69.15157437863452
T09_2015_PAUSE_START,T09_2015,2015,PAUSE_START,2019-01-30,DGS10,rate,2019-01-29,2.72,2019-01-30,252,,,,,,,,,,,,,,,,,,,,,,,,,,,,,,,,,,-125.00000000000003,3.999999999999959,147.0,22.0,-2.0000000000000018,-1.000000000000023,-3.000000000000025,-18.000000000000014,-67.00000000000004,-121.00000000000001,59.010525376945814,55.47807629282532,57.83612752474725,68.62645001334592
T09_2015_PAUSE_START,T09_2015,2015,PAUSE_START,2019-01-30,DFII10,rate,2019-01-29,0.94,2019-01-30,252,,,,,,,,,,,,,,,,,,,,,,,,,,,,,,,,,,-108.0,-7.9999999999999964,252.0,1.0,-7.9999999999999964,-9.999999999999998,-17.999999999999993,-37.999999999999986,-68.0,-108.0,55.92363213864909,48.28853953939233,51.561955879481985,53.01762467233339
T09_2015_PAUSE_START,T09_2015,2015,PAUSE_START,2019-01-30,T5YIE,rate,2019-01-29,1.62,2019-01-30,252,,,,,,,,,,,,,,,,,,,,,,,,,,,,,,,,,,-38.000000000000014,25.99999999999998,176.0,33.0,5.999999999999983,9.999999999999986,21.999999999999996,24.0,-3.0000000000000027,-2.0000000000000018,32.122790728866086,35.58060793489831,39.34261273060787,45.011375277617
T09_2015_FIRST_CUT,T09_2015,2015,FIRST_CUT,2019-08-01,GOLD,price,2019-07-31,1426.0999755859375,2019-08-01,252,-0.0036462739365369368,0.056938555944386016,0.07832555581967071,0.05104834869533881,0.09059678525630965,0.36196625908369295,-0.0036462739365369368,0.3697497074926144,1.0,251.0,0.11776646830210513,152.0,159.0,7.0,4.0,13.0,163.0,172.0,True,True,756.0,0.14249046540601487,0.04674503526992558,0.0,0.14259605565178587,0.09339094245872664,0.05,0.12318939166322873,0.0821673438026288,0.05,0.1926637990451889,0.12513198237744155,0.1111111111111111,,,,,,,,,,,,,,
T09_2015_FIRST_CUT,T09_2015,2015,FIRST_CUT,2019-08-01,SP500,price,2019-07-31,2980.3798828125,2019-08-01,252,-0.00899879386967306,-0.032344837280534944,-0.031016160704660622,0.010035685860882548,0.11453912944324363,0.08919671261495665,-0.24929036219625156,0.1361470804011522,162.0,139.0,0.3392496000265327,139.0,162.0,23.0,15.0,103.0,177.0,265.0,True,True,756.0,0.23517536556390004,0.1910018184860466,0.15,0.16567902866367323,0.12736408349169995,0.05,0.1265760052378113,0.0933628165874806,0.025,0.3399022451727196,0.2556094287710439,0.09523809523809523,,,,,,,,,,,,,,
T09_2015_FIRST_CUT,T09_2015,2015,FIRST_CUT,2019-08-01,NASDAQ,price,2019-07-31,8175.42,2019-08-01,252,-0.007865039349660319,-0.03823534448383081,-0.03896313583889266,0.001269659540427348,0.14780280401496193,0.2950784179895345,-0.1608174258937155,0.3170075665837351,162.0,244.0,0.3011567476607335,139.0,162.0,23.0,15.0,53.0,177.0,215.0,True,True,756.0,0.2672322436037801,0.21523809899119312,0.15,0.1938465592462263,0.14594886900449802,0.05,0.1502060129541136,0.10722709559920801,0.025,0.3421807103677045,0.255782625863451,0.0873015873015873,,,,,,,,,,,,,,
T09_2015_FIRST_CUT,T09_2015,2015,FIRST_CUT,2019-08-01,WTI,price,2019-07-31,58.53,2019-08-01,252,-0.08354689902614043,-0.126260037587562,-0.04732615752605507,-0.04134631812745604,-0.05159747138219717,-0.3024090210148642,-0.8477703741670938,0.08098411071245515,180.0,108.0,0.8591749644381224,108.0,180.0,72.0,29.0,213.0,209.0,393.0,True,True,756.0,0.499608561214559,0.39780569589813475,0.1,0.4806640911976567,0.3073376317067765,0.05,0.384621354865806,0.25414938168078643,0.041666666666666664,1.3155499801958317,1.0102082948313043,0.11507936507936507,,,,,,,,,,,,,,
T09_2015_FIRST_CUT,T09_2015,2015,FIRST_CUT,2019-08-01,USD_BROAD,price,2019-07-31,115.4946,2019-08-01,252,0.004808016998197218,0.011291437002249438,0.020625206719621536,0.00504612336853838,0.0026477428381932455,0.020025178666361887,-0.007148386158313924,0.09205278861522515,103.0,159.0,0.07070695858592424,159.0,251.0,92.0,478.0,534.0,729.0,785.0,True,True,756.0,0.03009222864116599,0.012529086953897752,0.0,0.03163088312530038,0.02257346229704407,0.03333333333333333,0.028031284964787753,0.020237885668349866,0.016666666666666666,0.05660495214024462,0.03736915861701468,0.0873015873015873,,,,,,,,,,,,,,
T09_2015_FIRST_CUT,T09_2015,2015,FIRST_CUT,2019-08-01,DGS2,rate,2019-07-31,1.89,2019-08-01,252,,,,,,,,,,,,,,,,,,,,,,,,,,,,,,,,,,-177.99999999999997,-9.999999999999986,250.0,31.0,-15.999999999999993,-29.999999999999982,-38.99999999999999,-26.0,-39.99999999999999,-177.99999999999997,104.85463622006468,91.60645377309044,74.01112793913849,71.12202633138394
T09_2015_FIRST_CUT,T09_2015,2015,FIRST_CUT,2019-08-01,DGS10,rate,2019-07-31,2.02,2019-08-01,252,,,,,,,,,,,,,,,,,,,,,,,,,,,,,,,,,,-148.0,-8.000000000000007,150.0,70.0,-12.00000000000001,-31.000000000000007,-55.00000000000001,-21.999999999999996,-32.00000000000001,-146.0,87.68874380143494,84.40411267994077,78.4934616984865,95.02232910157721
T09_2015_FIRST_CUT,T09_2015,2015,FIRST_CUT,2019-08-01,DFII10,rate,2019-07-31,0.26,2019-08-01,252,,,,,,,,,,,,,,,,,,,,,,,,,,,,,,,,,,-128.0,36.0,252.0,158.0,-6.0,-17.0,-34.0,-11.000000000000002,-24.000000000000004,-128.0,55.2555784275979,58.41752117011657,55.16776552427312,93.81850750570278
T09_2015_FIRST_CUT,T09_2015,2015,FIRST_CUT,2019-08-01,T5YIE,rate,2019-07-31,1.56,2019-08-01,252,,,,,,,,,,,,,,,,,,,,,,,,,,,,,,,,,,-142.0,15.999999999999993,158.0,105.0,-9.000000000000007,-18.000000000000014,-19.999999999999996,-1.0000000000000009,6.000000000000005,-10.000000000000009,59.173251425036035,61.0628739601338,50.73877737403381,84.23633987879163
EMERGENCY_2020-03-04,,2020,EMERGENCY_CUT,2020-03-04,GOLD,price,2020-03-03,1642.0999755859375,2020-03-04,252,-0.0006089763198755538,0.010352597437883748,-0.03574688024152095,0.04335915857789452,0.18567689479763105,0.04488159937758329,-0.10035925291272729,0.2602155368800505,11.0,109.0,0.17087072107964574,109.0,252.0,143.0,58.0,694.0,310.0,946.0,True,True,756.0,0.419947361618434,0.2752841567726639,0.35,0.29847352983642794,0.1850417739258683,0.21666666666666667,0.25228015504345974,0.16462546974280792,0.15,0.21968592462844014,0.157386583310336,0.14682539682539683,,,,,,,,,,,,,,
EMERGENCY_2020-03-04,,2020,EMERGENCY_CUT,2020-03-04,SP500,price,2020-03-03,3003.3701171875,2020-03-04,252,0.04220259077449118,-0.0403347346454227,-0.13943670375499395,0.008776761522131249,0.13111597290933918,0.2718112725580737,-0.2550369035305716,0.3101382528936407,14.0,240.0,0.2852031811628635,1.0,14.0,13.0,12.0,52.0,26.0,66.0,True,True,756.0,0.9688473048845814,0.7415301819146974,0.55,0.6197386510863552,0.4568701455536547,0.3,0.45858411711853203,0.3411147419963052,0.175,0.34079585066114915,0.2531649429831029,0.12301587301587301,,,,,,,,,,,,,,
EMERGENCY_2020-03-04,,2020,EMERGENCY_CUT,2020-03-04,NASDAQ,price,2020-03-03,8684.09,2020-03-04,252,0.03846113985460775,-0.03913363403649661,-0.11330951199262096,0.07886836732461311,0.302588987447159,0.49673137887792507,-0.20997248992122375,0.6231372544503799,14.0,240.0,0.2392324760564598,1.0,14.0,13.0,12.0,33.0,26.0,47.0,True,True,756.0,0.9457540919849252,0.7267829113963864,0.45,0.6074843465728812,0.4483524298413612,0.21666666666666667,0.4546851912623221,0.3363926321107095,0.15833333333333333,0.3560165716833633,0.2633716517370102,0.1388888888888889,,,,,,,,,,,,,,
EMERGENCY_2020-03-04,,2020,EMERGENCY_CUT,2020-03-04,WTI,price,2020-03-03,47.27,2020-03-04,252,-0.010365982652845385,-0.27078485297228694,-0.5661095832451872,-0.24751427966998096,-0.10217897186376146,0.39792680346943077,-0.8115083562513222,0.39792680346943077,33.0,252.0,0.8115083562513222,0.0,33.0,33.0,18.0,165.0,51.0,198.0,True,True,756.0,2.6089394940336845,2.0171722549210656,0.6,2.6242497184805167,2.0133400714284955,0.3333333333333333,1.865614184108447,1.435254279629593,0.18333333333333332,1.3129365723467492,1.0062291954021867,0.12698412698412698,,,,,,,,,,,,,,
EMERGENCY_2020-03-04,,2020,EMERGENCY_CUT,2020-03-04,USD_BROAD,price,2020-03-03,116.4958,2020-03-04,252,0.00244128972890012,0.0120768302376566,0.05179843393495731,0.043537191898763705,0.0027194113435848877,-0.02204199636381743,-0.04846183295878481,0.08266735796483649,211.0,14.0,0.12111678620302524,14.0,211.0,197.0,325.0,429.0,536.0,640.0,True,True,756.0,0.13188688074037716,0.07623916904473456,0.2,0.09755944655365803,0.059802375180728326,0.2833333333333333,0.07690676256401051,0.05027547710188158,0.25833333333333336,0.06365458556005449,0.04224172166262207,0.19444444444444445,,,,,,,,,,,,,,
EMERGENCY_2020-03-04,,2020,EMERGENCY_CUT,2020-03-04,DGS2,rate,2020-03-03,0.71,2020-03-04,252,,,,,,,,,,,,,,,,,,,,,,,,,,,,,,,,,,-62.0,-3.9999999999999925,233.0,1.0,-3.9999999999999925,-20.999999999999996,-48.0,-53.99999999999999,-54.99999999999999,-56.99999999999999,118.61516722045643,72.99231443173791,54.250237191132335,40.8500805833396
EMERGENCY_2020-03-04,,2020,EMERGENCY_CUT,2020-03-04,DGS10,rate,2020-03-03,1.02,2020-03-04,252,,,,,,,,,,,,,,,,,,,,,,,,,,,,,,,,,,-50.0,54.0,107.0,252.0,0.0,-26.0,-32.00000000000001,-32.00000000000001,-38.0,54.0,225.23082896395306,141.6083881456898,106.99499713428058,86.26679638981936
EMERGENCY_2020-03-04,,2020,EMERGENCY_CUT,2020-03-04,DFII10,rate,2020-03-03,-0.43,2020-03-04,252,,,,,,,,,,,,,,,,,,,,,,,,,,,,,,,,,,-65.00000000000001,105.0,109.0,12.0,-1.0000000000000009,19.0,26.0,-4.999999999999999,-57.00000000000001,-23.000000000000004,268.6153971367751,166.2953773932784,121.57720858392344,92.1444172237147
EMERGENCY_2020-03-04,,2020,EMERGENCY_CUT,2020-03-04,T5YIE,rate,2020-03-03,1.34,2020-03-04,252,,,,,,,,,,,,,,,,,,,,,,,,,,,,,,,,,,-120.00000000000001,111.00000000000001,12.0,250.0,0.0,-57.00000000000001,-85.00000000000001,-48.00000000000001,17.999999999999993,109.00000000000001,206.52118535394857,144.01101652775017,109.26029363270942,82.8801034856066
EMERGENCY_2020-03-16,,2020,EMERGENCY_CUT,2020-03-16,GOLD,price,2020-03-13,1515.699951171875,2020-03-16,252,-0.019660835071461547,-0.020914397435565002,0.151151352534596,0.13604280522854295,0.2830375495283981,0.1408590135764871,-0.025334765178332885,0.365309737421168,3.0,101.0,0.18913690964248153,101.0,247.0,146.0,51.0,691.0,298.0,938.0,True,True,756.0,0.39971874289489306,0.1806138959569275,0.25,0.28387184236020463,0.15496454154336345,0.18333333333333332,0.2401780693531408,0.1442635454777909,0.125,0.2127120712347649,0.14666600924794904,0.1111111111111111,,,,,,,,,,,,,,
EMERGENCY_2020-03-16,,2020,EMERGENCY_CUT,2020-03-16,SP500,price,2020-03-13,2711.02001953125,2020-03-16,252,-0.11984055240393443,-0.14979605267779128,0.01866819976121037,0.1830159528645472,0.32084605133597344,0.46400244661140544,-0.17470181473222446,0.46400244661140544,6.0,252.0,0.17470181473222446,0.0,6.0,6.0,2.0,12.0,8.0,18.0,True,True,756.0,0.8025979073804992,0.5700254495183257,0.3,0.49976652112188963,0.3522424383986557,0.16666666666666666,0.3772266179188247,0.2718252339609393,0.10833333333333334,0.29066761374346617,0.20994057773518382,0.08333333333333333,,,,,,,,,,,,,,
EMERGENCY_2020-03-16,,2020,EMERGENCY_CUT,2020-03-16,NASDAQ,price,2020-03-13,7874.88,2020-03-16,252,-0.12321330610752168,-0.12639684668210815,0.04032315413060261,0.2639875147303832,0.5309998374578406,0.70919556869438,-0.1287905339509935,0.7899282274777519,6.0,232.0,0.1287905339509935,0.0,6.0,6.0,1.0,10.0,7.0,16.0,True,True,756.0,0.7762870758477545,0.5611719925636088,0.25,0.48702146246065864,0.3471948592553021,0.11666666666666667,0.37530843872492303,0.26989825997650563,0.08333333333333333,0.3139252939304485,0.2263600394023411,0.08333333333333333,,,,,,,,,,,,,,
EMERGENCY_2020-03-16,,2020,EMERGENCY_CUT,2020-03-16,WTI,price,2020-03-13,31.72,2020-03-16,252,-0.08701134930643117,-0.3858764186633039,-0.29508196721311475,0.2465321563682219,0.3048549810844894,1.0349936948297604,-0.7191046658259772,1.0832282471626735,25.0,244.0,0.7191046658259772,0.0,25.0,25.0,9.0,19.0,34.0,44.0,True,True,756.0,2.640877516847015,1.7865649319990262,0.55,2.5418761628259823,1.912343543091511,0.26666666666666666,1.8047423872152077,1.3644660244664184,0.15,1.2714484618470552,0.9579034695167096,0.09523809523809523,,,,,,,,,,,,,,
EMERGENCY_2020-03-16,,2020,EMERGENCY_CUT,2020-03-16,USD_BROAD,price,2020-03-13,120.4388,2020-03-16,252,0.004121595366277209,0.03734178686602663,0.014284433255728146,-0.014751890586754524,-0.040436304579587246,-0.0619667416148284,-0.07961387858397795,0.04722232370299273,203.0,6.0,0.12111678620302524,6.0,203.0,197.0,325.0,429.0,528.0,632.0,True,True,756.0,0.1304701175154645,0.08587045916023626,0.3,0.09108442272623808,0.06344999530190679,0.36666666666666664,0.07144527514126989,0.05124497117757335,0.26666666666666666,0.06068739266545465,0.042922128933837726,0.21825396825396826,,,,,,,,,,,,,,
EMERGENCY_2020-03-16,,2020,EMERGENCY_CUT,2020-03-16,DGS2,rate,2020-03-13,0.49,2020-03-16,252,,,,,,,,,,,,,,,,,,,,,,,,,,,,,,,,,,-40.0,5.000000000000004,225.0,3.0,-13.0,-12.0,-24.0,-28.999999999999996,-35.0,-36.0,99.0157882147563,60.85267009447588,45.34086586785765,35.324336723288084
EMERGENCY_2020-03-16,,2020,EMERGENCY_CUT,2020-03-16,DGS10,rate,2020-03-13,0.94,2020-03-16,252,,,,,,,,,,,,,,,,,,,,,,,,,,,,,,,,,,-41.99999999999999,70.0,99.0,249.0,-20.999999999999996,-1.9999999999999907,-17.999999999999993,-9.999999999999998,-27.999999999999993,69.0,186.68938458249164,122.89971107797955,92.74024445286129,78.4124095797063
EMERGENCY_2020-03-16,,2020,EMERGENCY_CUT,2020-03-16,DFII10,rate,2020-03-13,0.04,2020-03-16,252,,,,,,,,,,,,,,,,,,,,,,,,,,,,,,,,,,-112.00000000000001,57.99999999999999,101.0,4.0,-4.0,13.0,-54.0,-46.0,-111.00000000000001,-71.00000000000001,251.58386694154927,154.55616060080237,112.94863486402596,88.13524106242336
EMERGENCY_2020-03-16,,2020,EMERGENCY_CUT,2020-03-16,T5YIE,rate,2020-03-13,0.53,2020-03-16,252,,,,,,,,,,,,,,,,,,,,,,,,,,,,,,,,,,-39.0,205.99999999999997,4.0,251.0,-23.000000000000004,-22.000000000000004,40.99999999999999,44.99999999999999,108.0,204.99999999999997,175.9795741735835,119.56892913110545,92.43528737955637,72.35335491964067
T10_2022_FIRST_HIKE,T10_2022,2022,FIRST_HIKE,2022-03-17,GOLD,price,2022-03-16,1909.199951171875,2022-03-17,252,0.017808506636054933,0.014718258105444582,0.039545360324180656,-0.017651347178795906,-0.09501356954907003,0.033679054301597455,-0.14576782624941453,0.04043582401874768,161.0,22.0,0.17896697323333122,22.0,161.0,139.0,19.0,95.0,180.0,256.0,True,True,756.0,0.1417827037774911,0.08214356879608171,0.0,0.14257729730725593,0.10852258549390967,0.03333333333333333,0.137925408559582,0.10705506275296386,0.041666666666666664,0.1517521929173436,0.10341121431060621,0.047619047619047616,,,,,,,,,,,,,,
T10_2022_FIRST_HIKE,T10_2022,2022,FIRST_HIKE,2022-03-17,SP500,price,2022-03-16,4357.85986328125,2022-03-17,252,0.01234781757145198,0.022575386584293256,0.020360907246324444,-0.10486793292964613,-0.0867374715921091,-0.10124693876018964,-0.17917736193482126,0.06281529075349557,145.0,9.0,0.22769022500302305,9.0,145.0,136.0,76.0,293.0,221.0,438.0,True,True,756.0,0.16454581838758672,0.11251956129595367,0.0,0.2635164314818784,0.21288542635054905,0.13333333333333333,0.24504373679188468,0.1879091851265136,0.10833333333333334,0.23317883693805005,0.16913800408876598,0.09126984126984126,,,,,,,,,,,,,,
T10_2022_FIRST_HIKE,T10_2022,2022,FIRST_HIKE,2022-03-17,NASDAQ,price,2022-03-16,13436.55,2022-03-17,252,0.013264565680922713,0.03617372018859011,0.015408717267453298,-0.1560318682995262,-0.1224012116205424,-0.134412479393892,-0.2398874711142368,0.08805013191630295,198.0,9.0,0.301399350462802,9.0,198.0,189.0,96.0,241.0,294.0,439.0,True,True,756.0,0.254259572701708,0.16976764072045109,0.0,0.35389797859721034,0.28345260858017723,0.15,0.3250807300147085,0.24798727541088472,0.11666666666666667,0.3026711229854202,0.21971735145704885,0.08333333333333333,,,,,,,,,,,,,,
T10_2022_FIRST_HIKE,T10_2022,2022,FIRST_HIKE,2022-03-17,WTI,price,2022-03-16,94.85,2022-03-17,252,0.08560885608856084,0.21128096995255685,0.0992092778070639,0.27285187137585676,-0.13020558777016333,-0.29773326304691616,-0.29773326304691616,0.285608856088561,252.0,58.0,0.4537477447925209,58.0,252.0,194.0,739.0,,991.0,,True,False,756.0,0.7176940788145144,0.4671402453232489,0.2,0.5227874671986773,0.34646070138672974,0.1,0.5084725223701796,0.38782993078489475,0.125,0.4419384433604801,0.3385230925883188,0.10714285714285714,,,,,,,,,,,,,,
T10_2022_FIRST_HIKE,T10_2022,2022,FIRST_HIKE,2022-03-17,USD_BROAD,price,2022-03-16,116.8073,2022-03-17,252,-0.006511579327661887,-0.0068685775632173485,-0.004517697095986262,0.01810931337339361,0.0681438574472657,0.03601487235814882,-0.014772193176282644,0.09970780935780565,10.0,134.0,0.07871929151236357,134.0,221.0,87.0,168.0,471.0,389.0,692.0,True,True,756.0,0.04324760881119367,0.03512639061902528,0.15,0.054475220974561055,0.03631478999891509,0.15,0.06141433024267133,0.03874471598083954,0.15833333333333333,0.06480456099611286,0.044447295765385884,0.1626984126984127,,,,,,,,,,,,,,
T10_2022_FIRST_HIKE,T10_2022,2022,FIRST_HIKE,2022-03-17,DGS2,rate,2022-03-16,1.95,2022-03-17,252,,,,,,,,,,,,,,,,,,,,,,,,,,,,,,,,,,-1.0000000000000009,309.99999999999994,1.0,243.0,-1.0000000000000009,17.999999999999993,42.000000000000014,111.00000000000001,150.00000000000003,221.99999999999997,120.33584582107561,120.57206860966414,132.9789899371547,154.30135568598826
T10_2022_FIRST_HIKE,T10_2022,2022,FIRST_HIKE,2022-03-17,DGS10,rate,2022-03-16,2.19,2022-03-17,252,,,,,,,,,,,,,,,,,,,,,,,,,,,,,,,,,,-4.999999999999982,206.0,2.0,152.0,1.000000000000023,12.99999999999999,51.00000000000002,96.0,108.0,140.0,114.64347480685271,111.95253231403667,123.74280727759971,130.33661598390327
T10_2022_FIRST_HIKE,T10_2022,2022,FIRST_HIKE,2022-03-17,DFII10,rate,2022-03-16,-0.61,2022-03-17,252,,,,,,,,,,,,,,,,,,,,,,,,,,,,,,,,,,-10.999999999999998,235.0,2.0,160.0,-9.999999999999998,-1.0000000000000009,51.0,100.0,143.0,197.00000000000003,102.42311622305829,104.14396814839982,125.00101176061125,129.87660401672173
T10_2022_FIRST_HIKE,T10_2022,2022,FIRST_HIKE,2022-03-17,T5YIE,rate,2022-03-16,3.34,2022-03-17,252,,,,,,,,,,,,,,,,,,,,,,,,,,,,,,,,,,-125.0,25.0,209.0,7.0,16.999999999999993,23.0,-8.999999999999986,-20.999999999999996,-83.0,-108.99999999999999,106.11200636467515,103.98629309934259,102.3170677499174,98.61258657532365
T10_2022_TIGHTENING_CYCLE_START,T10_2022,2022,TIGHTENING_CYCLE_START,2022-03-17,GOLD,price,2022-03-16,1909.199951171875,2022-03-17,252,0.017808506636054933,0.014718258105444582,0.039545360324180656,-0.017651347178795906,-0.09501356954907003,0.033679054301597455,-0.14576782624941453,0.04043582401874768,161.0,22.0,0.17896697323333122,22.0,161.0,139.0,19.0,95.0,180.0,256.0,True,True,756.0,0.1417827037774911,0.08214356879608171,0.0,0.14257729730725593,0.10852258549390967,0.03333333333333333,0.137925408559582,0.10705506275296386,0.041666666666666664,0.1517521929173436,0.10341121431060621,0.047619047619047616,,,,,,,,,,,,,,
T10_2022_TIGHTENING_CYCLE_START,T10_2022,2022,TIGHTENING_CYCLE_START,2022-03-17,SP500,price,2022-03-16,4357.85986328125,2022-03-17,252,0.01234781757145198,0.022575386584293256,0.020360907246324444,-0.10486793292964613,-0.0867374715921091,-0.10124693876018964,-0.17917736193482126,0.06281529075349557,145.0,9.0,0.22769022500302305,9.0,145.0,136.0,76.0,293.0,221.0,438.0,True,True,756.0,0.16454581838758672,0.11251956129595367,0.0,0.2635164314818784,0.21288542635054905,0.13333333333333333,0.24504373679188468,0.1879091851265136,0.10833333333333334,0.23317883693805005,0.16913800408876598,0.09126984126984126,,,,,,,,,,,,,,
T10_2022_TIGHTENING_CYCLE_START,T10_2022,2022,TIGHTENING_CYCLE_START,2022-03-17,NASDAQ,price,2022-03-16,13436.55,2022-03-17,252,0.013264565680922713,0.03617372018859011,0.015408717267453298,-0.1560318682995262,-0.1224012116205424,-0.134412479393892,-0.2398874711142368,0.08805013191630295,198.0,9.0,0.301399350462802,9.0,198.0,189.0,96.0,241.0,294.0,439.0,True,True,756.0,0.254259572701708,0.16976764072045109,0.0,0.35389797859721034,0.28345260858017723,0.15,0.3250807300147085,0.24798727541088472,0.11666666666666667,0.3026711229854202,0.21971735145704885,0.08333333333333333,,,,,,,,,,,,,,
T10_2022_TIGHTENING_CYCLE_START,T10_2022,2022,TIGHTENING_CYCLE_START,2022-03-17,WTI,price,2022-03-16,94.85,2022-03-17,252,0.08560885608856084,0.21128096995255685,0.0992092778070639,0.27285187137585676,-0.13020558777016333,-0.29773326304691616,-0.29773326304691616,0.285608856088561,252.0,58.0,0.4537477447925209,58.0,252.0,194.0,739.0,,991.0,,True,False,756.0,0.7176940788145144,0.4671402453232489,0.2,0.5227874671986773,0.34646070138672974,0.1,0.5084725223701796,0.38782993078489475,0.125,0.4419384433604801,0.3385230925883188,0.10714285714285714,,,,,,,,,,,,,,
T10_2022_TIGHTENING_CYCLE_START,T10_2022,2022,TIGHTENING_CYCLE_START,2022-03-17,USD_BROAD,price,2022-03-16,116.8073,2022-03-17,252,-0.006511579327661887,-0.0068685775632173485,-0.004517697095986262,0.01810931337339361,0.0681438574472657,0.03601487235814882,-0.014772193176282644,0.09970780935780565,10.0,134.0,0.07871929151236357,134.0,221.0,87.0,168.0,471.0,389.0,692.0,True,True,756.0,0.04324760881119367,0.03512639061902528,0.15,0.054475220974561055,0.03631478999891509,0.15,0.06141433024267133,0.03874471598083954,0.15833333333333333,0.06480456099611286,0.044447295765385884,0.1626984126984127,,,,,,,,,,,,,,
T10_2022_TIGHTENING_CYCLE_START,T10_2022,2022,TIGHTENING_CYCLE_START,2022-03-17,DGS2,rate,2022-03-16,1.95,2022-03-17,252,,,,,,,,,,,,,,,,,,,,,,,,,,,,,,,,,,-1.0000000000000009,309.99999999999994,1.0,243.0,-1.0000000000000009,17.999999999999993,42.000000000000014,111.00000000000001,150.00000000000003,221.99999999999997,120.33584582107561,120.57206860966414,132.9789899371547,154.30135568598826
T10_2022_TIGHTENING_CYCLE_START,T10_2022,2022,TIGHTENING_CYCLE_START,2022-03-17,DGS10,rate,2022-03-16,2.19,2022-03-17,252,,,,,,,,,,,,,,,,,,,,,,,,,,,,,,,,,,-4.999999999999982,206.0,2.0,152.0,1.000000000000023,12.99999999999999,51.00000000000002,96.0,108.0,140.0,114.64347480685271,111.95253231403667,123.74280727759971,130.33661598390327
T10_2022_TIGHTENING_CYCLE_START,T10_2022,2022,TIGHTENING_CYCLE_START,2022-03-17,DFII10,rate,2022-03-16,-0.61,2022-03-17,252,,,,,,,,,,,,,,,,,,,,,,,,,,,,,,,,,,-10.999999999999998,235.0,2.0,160.0,-9.999999999999998,-1.0000000000000009,51.0,100.0,143.0,197.00000000000003,102.42311622305829,104.14396814839982,125.00101176061125,129.87660401672173
T10_2022_TIGHTENING_CYCLE_START,T10_2022,2022,TIGHTENING_CYCLE_START,2022-03-17,T5YIE,rate,2022-03-16,3.34,2022-03-17,252,,,,,,,,,,,,,,,,,,,,,,,,,,,,,,,,,,-125.0,25.0,209.0,7.0,16.999999999999993,23.0,-8.999999999999986,-20.999999999999996,-83.0,-108.99999999999999,106.11200636467515,103.98629309934259,102.3170677499174,98.61258657532365
T10_2022_LAST_HIKE,T10_2022,2022,LAST_HIKE,2023-07-27,GOLD,price,2023-07-26,1970.0999755859375,2023-07-27,252,-0.012385170659578115,0.002487195814824039,-0.01116694597869683,0.005278932309498385,0.030506053667689104,0.19460942549376647,-0.0701994459528279,0.25262681052222447,50.0,245.0,0.07428744510444885,4.0,50.0,46.0,6.0,10.0,56.0,60.0,True,True,746.0,0.08648121650490037,0.06262384872281246,0.0,0.11691419676211226,0.07140549736814465,0.016666666666666666,0.12660863531883032,0.08101662129919698,0.03333333333333333,0.1417019066331798,0.09741030033998158,0.047619047619047616,,,,,,,,,,,,,,
T10_2022_LAST_HIKE,T10_2022,2022,LAST_HIKE,2023-07-27,SP500,price,2023-07-26,4566.75,2023-07-27,252,-0.006424666064487883,-0.011684428374938438,-0.028628725981277747,-0.06322877319756937,0.03776426582087922,0.19540156515163964,-0.09840255823342636,0.2409700980593419,66.0,244.0,0.10276617093291363,3.0,66.0,63.0,5.0,24.0,71.0,90.0,True,True,726.0,0.1119324586621454,0.08743594393022686,0.0,0.1196560501907349,0.09535128015881071,0.0,0.11904516026591747,0.08205081137955834,0.0,0.11605857476984298,0.07871958081020092,0.003968253968253968,,,,,,,,,,,,,,
T10_2022_LAST_HIKE,T10_2022,2022,LAST_HIKE,2023-07-27,NASDAQ,price,2023-07-26,14127.28,2023-07-27,252,-0.005462481100395822,-0.010888861833275754,-0.02875642020261504,-0.06661579582198418,0.051555571914763565,0.2286781319546296,-0.10841931355505097,0.3199603886947806,65.0,240.0,0.12201363165533019,3.0,65.0,62.0,6.0,30.0,71.0,95.0,True,True,727.0,0.1687337550345833,0.12271602698161092,0.05,0.1636123870867016,0.12715583376159817,0.016666666666666666,0.15946785969113314,0.11218979374205842,0.016666666666666666,0.16303211465627043,0.1136930097888255,0.023809523809523808,,,,,,,,,,,,,,
T10_2022_LAST_HIKE,T10_2022,2022,LAST_HIKE,2023-07-27,WTI,price,2023-07-26,79.11,2023-07-27,252,0.01339906459360396,0.004929844520288107,-0.002528125395019676,0.1265326760207306,-0.06851219820503096,-0.037163443306788,-0.13702439641006203,0.18404752875742636,95.0,44.0,0.2711647272339063,44.0,95.0,51.0,63.0,555.0,158.0,650.0,True,True,691.0,0.23586604175898276,0.16540337711126105,0.0,0.28330038738856084,0.18926494326265683,0.016666666666666666,0.32706108194671396,0.24451671253791354,0.041666666666666664,0.28100211397624786,0.20729716986384805,0.01984126984126984,,,,,,,,,,,,,,
T10_2022_LAST_HIKE,T10_2022,2022,LAST_HIKE,2023-07-27,USD_BROAD,price,2023-07-26,117.76,2023-07-27,252,0.0011362092391302703,0.011606657608695725,0.019282438858695627,0.04969429347826071,0.02449218749999993,0.05417119565217399,0.0,0.056952275815217446,0.0,233.0,0.04512670313790257,64.0,106.0,42.0,25.0,114.0,131.0,220.0,True,True,682.0,0.04501046601978013,0.022951816310865496,0.0,0.047897373764192584,0.02548591080025508,0.0,0.05491084960151451,0.03873061217911348,0.03333333333333333,0.046643485058711014,0.031160598317304982,0.015873015873015872,,,,,,,,,,,,,,
T10_2022_LAST_HIKE,T10_2022,2022,LAST_HIKE,2023-07-27,DGS2,rate,2023-07-26,4.82,2023-07-27,252,,,,,,,,,,,,,,,,,,,,,,,,,,,,,,,,,,-68.00000000000006,37.000000000000014,117.0,57.0,8.999999999999986,5.999999999999961,12.99999999999999,25.0,-48.00000000000004,-46.0,86.3781770685408,85.92497713072288,109.87393846104358,102.19121207178824
T10_2022_LAST_HIKE,T10_2022,2022,LAST_HIKE,2023-07-27,DGS10,rate,2023-07-26,3.86,2023-07-27,252,,,,,,,,,,,,,,,,,,,,,,,,,,,,,,,,,,-6.999999999999984,112.00000000000006,106.0,59.0,14.999999999999991,22.00000000000002,33.00000000000005,106.99999999999999,27.99999999999998,31.000000000000007,126.60643535651813,111.56621504283031,116.5940165955456,105.05705147083188
T10_2022_LAST_HIKE,T10_2022,2022,LAST_HIKE,2023-07-27,DFII10,rate,2023-07-26,1.5,2023-07-27,252,,,,,,,,,,,,,,,,,,,,,,,,,,,,,,,,,,8.000000000000007,102.0,2.0,63.0,13.99999999999999,21.999999999999996,34.00000000000001,96.0,30.000000000000004,41.99999999999999,121.99965487440399,103.05279213151724,105.0025209781399,89.60390927726829
T10_2022_LAST_HIKE,T10_2022,2022,LAST_HIKE,2023-07-27,T5YIE,rate,2023-07-26,2.24,2023-07-27,252,,,,,,,,,,,,,,,,,,,,,,,,,,,,,,,,,,-19.00000000000004,27.99999999999998,92.0,59.0,2.9999999999999805,0.9999999999999787,1.9999999999999574,23.0,3.999999999999959,-11.000000000000032,41.17076121408686,54.6865025332762,53.10765979980438,46.401117928557696
T10_2022_TIGHTENING_CYCLE_END,T10_2022,2022,TIGHTENING_CYCLE_END,2023-07-27,GOLD,price,2023-07-26,1970.0999755859375,2023-07-27,252,-0.012385170659578115,0.002487195814824039,-0.01116694597869683,0.005278932309498385,0.030506053667689104,0.19460942549376647,-0.0701994459528279,0.25262681052222447,50.0,245.0,0.07428744510444885,4.0,50.0,46.0,6.0,10.0,56.0,60.0,True,True,746.0,0.08648121650490037,0.06262384872281246,0.0,0.11691419676211226,0.07140549736814465,0.016666666666666666,0.12660863531883032,0.08101662129919698,0.03333333333333333,0.1417019066331798,0.09741030033998158,0.047619047619047616,,,,,,,,,,,,,,
T10_2022_TIGHTENING_CYCLE_END,T10_2022,2022,TIGHTENING_CYCLE_END,2023-07-27,SP500,price,2023-07-26,4566.75,2023-07-27,252,-0.006424666064487883,-0.011684428374938438,-0.028628725981277747,-0.06322877319756937,0.03776426582087922,0.19540156515163964,-0.09840255823342636,0.2409700980593419,66.0,244.0,0.10276617093291363,3.0,66.0,63.0,5.0,24.0,71.0,90.0,True,True,726.0,0.1119324586621454,0.08743594393022686,0.0,0.1196560501907349,0.09535128015881071,0.0,0.11904516026591747,0.08205081137955834,0.0,0.11605857476984298,0.07871958081020092,0.003968253968253968,,,,,,,,,,,,,,
T10_2022_TIGHTENING_CYCLE_END,T10_2022,2022,TIGHTENING_CYCLE_END,2023-07-27,NASDAQ,price,2023-07-26,14127.28,2023-07-27,252,-0.005462481100395822,-0.010888861833275754,-0.02875642020261504,-0.06661579582198418,0.051555571914763565,0.2286781319546296,-0.10841931355505097,0.3199603886947806,65.0,240.0,0.12201363165533019,3.0,65.0,62.0,6.0,30.0,71.0,95.0,True,True,727.0,0.1687337550345833,0.12271602698161092,0.05,0.1636123870867016,0.12715583376159817,0.016666666666666666,0.15946785969113314,0.11218979374205842,0.016666666666666666,0.16303211465627043,0.1136930097888255,0.023809523809523808,,,,,,,,,,,,,,
T10_2022_TIGHTENING_CYCLE_END,T10_2022,2022,TIGHTENING_CYCLE_END,2023-07-27,WTI,price,2023-07-26,79.11,2023-07-27,252,0.01339906459360396,0.004929844520288107,-0.002528125395019676,0.1265326760207306,-0.06851219820503096,-0.037163443306788,-0.13702439641006203,0.18404752875742636,95.0,44.0,0.2711647272339063,44.0,95.0,51.0,63.0,555.0,158.0,650.0,True,True,691.0,0.23586604175898276,0.16540337711126105,0.0,0.28330038738856084,0.18926494326265683,0.016666666666666666,0.32706108194671396,0.24451671253791354,0.041666666666666664,0.28100211397624786,0.20729716986384805,0.01984126984126984,,,,,,,,,,,,,,
T10_2022_TIGHTENING_CYCLE_END,T10_2022,2022,TIGHTENING_CYCLE_END,2023-07-27,USD_BROAD,price,2023-07-26,117.76,2023-07-27,252,0.0011362092391302703,0.011606657608695725,0.019282438858695627,0.04969429347826071,0.02449218749999993,0.05417119565217399,0.0,0.056952275815217446,0.0,233.0,0.04512670313790257,64.0,106.0,42.0,25.0,114.0,131.0,220.0,True,True,682.0,0.04501046601978013,0.022951816310865496,0.0,0.047897373764192584,0.02548591080025508,0.0,0.05491084960151451,0.03873061217911348,0.03333333333333333,0.046643485058711014,0.031160598317304982,0.015873015873015872,,,,,,,,,,,,,,
T10_2022_TIGHTENING_CYCLE_END,T10_2022,2022,TIGHTENING_CYCLE_END,2023-07-27,DGS2,rate,2023-07-26,4.82,2023-07-27,252,,,,,,,,,,,,,,,,,,,,,,,,,,,,,,,,,,-68.00000000000006,37.000000000000014,117.0,57.0,8.999999999999986,5.999999999999961,12.99999999999999,25.0,-48.00000000000004,-46.0,86.3781770685408,85.92497713072288,109.87393846104358,102.19121207178824
T10_2022_TIGHTENING_CYCLE_END,T10_2022,2022,TIGHTENING_CYCLE_END,2023-07-27,DGS10,rate,2023-07-26,3.86,2023-07-27,252,,,,,,,,,,,,,,,,,,,,,,,,,,,,,,,,,,-6.999999999999984,112.00000000000006,106.0,59.0,14.999999999999991,22.00000000000002,33.00000000000005,106.99999999999999,27.99999999999998,31.000000000000007,126.60643535651813,111.56621504283031,116.5940165955456,105.05705147083188
T10_2022_TIGHTENING_CYCLE_END,T10_2022,2022,TIGHTENING_CYCLE_END,2023-07-27,DFII10,rate,2023-07-26,1.5,2023-07-27,252,,,,,,,,,,,,,,,,,,,,,,,,,,,,,,,,,,8.000000000000007,102.0,2.0,63.0,13.99999999999999,21.999999999999996,34.00000000000001,96.0,30.000000000000004,41.99999999999999,121.99965487440399,103.05279213151724,105.0025209781399,89.60390927726829
T10_2022_TIGHTENING_CYCLE_END,T10_2022,2022,TIGHTENING_CYCLE_END,2023-07-27,T5YIE,rate,2023-07-26,2.24,2023-07-27,252,,,,,,,,,,,,,,,,,,,,,,,,,,,,,,,,,,-19.00000000000004,27.99999999999998,92.0,59.0,2.9999999999999805,0.9999999999999787,1.9999999999999574,23.0,3.999999999999959,-11.000000000000032,41.17076121408686,54.6865025332762,53.10765979980438,46.401117928557696
T10_2022_PAUSE_START,T10_2022,2022,PAUSE_START,2023-09-20,GOLD,price,2023-09-19,1953.699951171875,2023-09-20,252,0.0068587934426802555,-0.017351642110353782,-0.009213287838392592,0.020218048312028225,0.12023348126895139,0.33009170425456014,-0.062394382653606306,0.33628500610132894,12.0,249.0,0.0687814185537321,1.0,12.0,11.0,6.0,9.0,18.0,21.0,True,True,746.0,0.16221621312737605,0.09792131968128552,0.05,0.14776021234964182,0.09558475270985628,0.06666666666666667,0.13362877646870172,0.08171064301395846,0.041666666666666664,0.14804953018328973,0.09882735245477302,0.051587301587301584,,,,,,,,,,,,,,
T10_2022_PAUSE_START,T10_2022,2022,PAUSE_START,2023-09-20,SP500,price,2023-09-19,4443.9501953125,2023-09-20,252,-0.0093947947580596,-0.03834885691023504,-0.01592052045826875,0.059213005743192326,0.1645652611026447,0.28571200972178423,-0.07348868996540026,0.28571200972178423,28.0,252.0,0.08485144350207374,206.0,220.0,14.0,6.0,32.0,226.0,252.0,True,True,534.0,0.13081806624034073,0.1036947732372387,0.05,0.13033795274679927,0.08610112423039071,0.016666666666666666,0.12129160290931766,0.0772452044094726,0.016666666666666666,0.12796168242034922,0.08715376746543972,0.031746031746031744,,,,,,,,,,,,,,
T10_2022_PAUSE_START,T10_2022,2022,PAUSE_START,2023-09-20,NASDAQ,price,2023-09-19,13678.19,2023-09-20,252,-0.015284185992444965,-0.04493138346520997,-0.010559876708833627,0.07718638211634721,0.1891661104283533,0.31698565380361,-0.07914643677270161,0.3632980679461244,27.0,202.0,0.13147320411101793,202.0,222.0,20.0,6.0,58.0,228.0,280.0,True,True,532.0,0.17033709769813757,0.13184211242507068,0.0,0.1676604776352734,0.11487088504671084,0.016666666666666666,0.16360827720476342,0.10704164165428974,0.016666666666666666,0.17986681324704704,0.12559816443332955,0.04365079365079365,,,,,,,,,,,,,,
T10_2022_PAUSE_START,T10_2022,2022,PAUSE_START,2023-09-20,WTI,price,2023-09-19,91.16,2023-09-20,252,-0.021500658183413734,0.0029618253620009583,-0.030824923211935085,-0.2206011408512506,-0.09872751206669594,-0.21752961825362005,-0.2679903466432645,0.027534006143045353,243.0,6.0,0.28760542329454464,6.0,243.0,237.0,85.0,369.0,328.0,612.0,True,True,505.0,0.4012612884450799,0.28091314894131403,0.05,0.3859478681434445,0.3075546395161765,0.1,0.3357557258786037,0.2503194857699614,0.058333333333333334,0.3046586550386929,0.22887269537022487,0.03571428571428571,,,,,,,,,,,,,,
T10_2022_PAUSE_START,T10_2022,2022,PAUSE_START,2023-09-20,USD_BROAD,price,2023-09-19,121.1645,2023-09-20,252,-0.0016481725257810886,0.010809271692616251,0.021873568578255176,-0.0117715997672585,-0.007621869441957085,0.001986555467979434,-0.02273025514899174,0.027253857359210043,68.0,195.0,0.04512670313790257,26.0,68.0,42.0,25.0,114.0,93.0,182.0,True,True,682.0,0.05696497268458235,0.02816548710999429,0.0,0.06177042995247384,0.048844273807076226,0.06666666666666667,0.05245558409056893,0.03845617259203433,0.03333333333333333,0.04660741217992059,0.03322435720391384,0.023809523809523808,,,,,,,,,,,,,,
T10_2022_PAUSE_START,T10_2022,2022,PAUSE_START,2023-09-20,DGS2,rate,2023-09-19,5.08,2023-09-20,252,,,,,,,,,,,,,,,,,,,,,,,,,,,,,,,,,,-153.00000000000003,11.000000000000032,252.0,19.0,4.0000000000000036,-4.0000000000000036,11.000000000000032,-71.0,-46.99999999999997,-153.00000000000003,93.76998734305018,127.51602092764804,116.0946115180607,107.22748280048864
T10_2022_PAUSE_START,T10_2022,2022,PAUSE_START,2023-09-20,DGS10,rate,2023-09-19,4.37,2023-09-20,252,,,,,,,,,,,,,,,,,,,,,,,,,,,,,,,,,,-74.00000000000003,61.00000000000003,248.0,21.0,-2.000000000000046,18.99999999999995,54.0,-45.000000000000014,-17.99999999999997,-64.00000000000001,128.66652122526102,133.3171953510544,114.59565744775132,102.85781002755864
T10_2022_PAUSE_START,T10_2022,2022,PAUSE_START,2023-09-20,DFII10,rate,2023-09-19,2.0,2023-09-20,252,,,,,,,,,,,,,,,,,,,,,,,,,,,,,,,,,,-47.0,52.0,249.0,25.0,0.0,23.0,47.00000000000002,-30.000000000000004,-11.00000000000001,-41.99999999999999,117.47756784751903,118.59602417093309,98.07311198344658,84.05376765245987
T10_2022_PAUSE_START,T10_2022,2022,PAUSE_START,2023-09-20,T5YIE,rate,2023-09-19,2.3,2023-09-20,252,,,,,,,,,,,,,,,,,,,,,,,,,,,,,,,,,,-43.99999999999997,22.00000000000002,242.0,21.0,-2.9999999999999805,-9.999999999999964,5.000000000000027,-11.999999999999966,7.000000000000028,-27.99999999999998,50.69257186319563,66.05637038012763,54.46061717910848,50.962684575319464
T10_2022_FIRST_CUT,T10_2022,2022,FIRST_CUT,2024-09-19,GOLD,price,2024-09-18,2598.60009765625,2024-09-19,252,0.00615716131713806,0.033133167967353216,0.03567303459100302,0.042638266960519866,0.13399520437404977,0.4154929233419511,-0.010967443596151982,0.4335026389847447,42.0,250.0,0.08236930418092558,30.0,42.0,12.0,5.0,50.0,47.0,92.0,True,True,464.0,0.11489216818623157,0.06644241448483491,0.0,0.16731155041862983,0.13219477457204903,0.08333333333333333,0.15578195197623076,0.11412023192257614,0.08333333333333333,0.18484215569841964,0.1256588121613556,0.0873015873015873,,,,,,,,,,,,,,
T10_2022_FIRST_CUT,T10_2022,2022,FIRST_CUT,2024-09-19,SP500,price,2024-09-18,5618.259765625,2024-09-19,252,0.01697685316676334,0.018511070035657218,0.0399074550789853,0.07706838993530085,-0.017218809761279874,0.1914276447228953,-0.11311149227772588,0.1914276447228953,138.0,252.0,0.1890220618428401,104.0,138.0,34.0,15.0,55.0,153.0,193.0,True,True,365.0,0.10618271889672032,0.056664337547569735,0.0,0.10857660026761899,0.06583112350451012,0.016666666666666666,0.13866494946491204,0.10662256581460933,0.08333333333333333,0.1861620793101836,0.12725462783581543,0.07539682539682539,,,,,,,,,,,,,,
T10_2022_FIRST_CUT,T10_2022,2022,FIRST_CUT,2024-09-19,NASDAQ,price,2024-09-18,17573.3,2024-09-19,252,0.025076678825263432,0.0289592734432349,0.04516966079222473,0.13256132883408367,-0.015380719614415117,0.2967957071238754,-0.13118708495274078,0.2967957071238754,138.0,252.0,0.2431846312238245,62.0,138.0,76.0,17.0,55.0,155.0,193.0,True,True,365.0,0.14545205616655382,0.08028943013168964,0.0,0.15543495951111214,0.09794413240010855,0.03333333333333333,0.19832555210327496,0.15408272382772228,0.09166666666666666,0.23997433656746003,0.1623915449270548,0.07936507936507936,,,,,,,,,,,,,,
T10_2022_FIRST_CUT,T10_2022,2022,FIRST_CUT,2024-09-19,WTI,price,2024-09-18,71.87,2024-09-19,252,0.013774871295394453,-0.02017531654375959,-0.008487546959788483,-0.011687769583971108,-0.0560734659802421,-0.09002365381939614,-0.18603033254487278,0.12327814108807567,154.0,79.0,0.2753623188405797,79.0,154.0,75.0,28.0,207.0,182.0,361.0,True,True,345.0,0.44265194958981885,0.3300790374591474,0.1,0.35729105997776184,0.2725725522751136,0.05,0.3068010306363274,0.2292544755912825,0.025,0.3334664906252988,0.2501151310146752,0.031746031746031744,,,,,,,,,,,,,,
T10_2022_FIRST_CUT,T10_2022,2022,FIRST_CUT,2024-09-19,USD_BROAD,price,2024-09-18,121.5618,2024-09-19,252,-0.002105102096217837,-0.0009632960354322151,0.020980275053511743,0.04694649141424345,0.03399423174056304,-0.01436800047383302,-0.019965153526848134,0.06975464331722625,248.0,78.0,0.08386950914824753,78.0,248.0,170.0,,,,,False,False,252.0,0.03379875714207883,0.01645941540961988,0.0,0.0471394260500891,0.024754092518802343,0.03333333333333333,0.05339454576651207,0.03771917933342376,0.09166666666666666,0.05368650564516983,0.04069526383360557,0.09523809523809523,,,,,,,,,,,,,,
T10_2022_FIRST_CUT,T10_2022,2022,FIRST_CUT,2024-09-19,DGS2,rate,2024-09-18,3.61,2024-09-19,252,,,,,,,,,,,,,,,,,,,,,,,,,,,,,,,,,,-11.999999999999966,79.00000000000004,4.0,77.0,-2.0000000000000018,-8.000000000000007,35.00000000000001,64.00000000000001,40.99999999999997,-8.000000000000007,109.60431224709141,87.96732829555322,83.55755325452247,90.57760644245701
T10_2022_FIRST_CUT,T10_2022,2022,FIRST_CUT,2024-09-19,DGS10,rate,2024-09-18,3.7,2024-09-19,252,,,,,,,,,,,,,,,,,,,,,,,,,,,,,,,,,,2.9999999999999805,108.99999999999999,1.0,78.0,2.9999999999999805,8.999999999999986,38.99999999999997,68.99999999999994,60.99999999999994,41.99999999999999,73.64759616615214,86.69367462703956,87.04552561396702,85.52206676865619
T10_2022_FIRST_CUT,T10_2022,2022,FIRST_CUT,2024-09-19,DFII10,rate,2024-09-18,1.58,2024-09-19,252,,,,,,,,,,,,,,,,,,,,,,,,,,,,,,,,,,-3.0000000000000027,75.99999999999997,4.0,77.0,-2.0000000000000018,3.0000000000000027,20.999999999999996,48.99999999999998,42.99999999999997,16.999999999999993,63.388277182855525,69.4413299489918,70.98686705382656,72.51704017358851
T10_2022_FIRST_CUT,T10_2022,2022,FIRST_CUT,2024-09-19,T5YIE,rate,2024-09-18,1.98,2024-09-19,252,,,,,,,,,,,,,,,,,,,,,,,,,,,,,,,,,,4.0000000000000036,68.00000000000001,2.0,99.0,6.000000000000005,8.000000000000007,24.00000000000002,39.99999999999999,50.0,43.99999999999999,43.275372843418076,54.10347900715788,49.07257530493815,50.162762970600255
EMERGENCY_2025-09-18,,2025,EMERGENCY_CUT,2025-09-18,GOLD,price,2025-09-17,3717.800048828125,2025-09-18,252,-0.010624562774012136,0.013529519653425082,0.13013073389479946,0.16009466441302722,0.39305504051750617,0.19019308306763505,-0.010624562774012136,0.4305233827785184,1.0,92.0,0.24937948049055447,92.0,207.0,115.0,26.0,,233.0,,True,False,48.0,0.19822274676686788,0.10776491731653312,0.05,0.24577599901420386,0.17137876725343937,0.08333333333333333,0.3167086857620255,0.236262448112126,0.09166666666666666,0.29116400096779554,0.21941504544760448,0.11507936507936507,,,,,,,,,,,,,,
EMERGENCY_2025-09-18,,2025,EMERGENCY_CUT,2025-09-18,SP500,price,2025-09-17,6600.35009765625,2025-09-18,252,0.004789119185128365,0.0056997154137110595,0.01071306216962764,0.045550599270561376,0.02658187890571906,0.15910518181704525,-0.03888125311771384,0.1816025088039468,133.0,227.0,0.09097524918009314,90.0,133.0,43.0,6.0,11.0,139.0,144.0,True,True,121.0,0.1301443072224336,0.1031177780488348,0.05,0.12448669848811345,0.09158892349830161,0.03333333333333333,0.1197760437762451,0.0893837346328643,0.025,0.12898443142431745,0.08905917328080545,0.027777777777777776,,,,,,,,,,,,,,
EMERGENCY_2025-09-18,,2025,EMERGENCY_CUT,2025-09-18,NASDAQ,price,2025-09-17,22261.33,2025-09-18,252,0.009406446065890917,0.010625151327436466,0.01836143662575407,0.05985850800468784,0.020430046183224526,0.1914180329746693,-0.06588510210306397,0.21708361539943932,133.0,177.0,0.1320547597571966,30.0,133.0,103.0,6.0,11.0,139.0,144.0,True,True,121.0,0.18217446682143343,0.13995465798859527,0.05,0.17761160945418467,0.12933265038981548,0.016666666666666666,0.16720248237103,0.125267606763835,0.016666666666666666,0.1855634065758734,0.12771553099614133,0.015873015873015872,,,,,,,,,,,,,,
EMERGENCY_2025-09-18,,2025,EMERGENCY_CUT,2025-09-18,WTI,price,2025-09-17,64.41,2025-09-18,252,-0.0077627697562490106,0.01537028411737329,-0.09501630181648812,-0.11551001397298555,0.528955131190809,0.496817264399938,-0.13926408942710755,0.7789163173420277,61.0,136.0,0.39256414732064937,136.0,197.0,61.0,13.0,,210.0,,True,False,55.0,0.2704020120171543,0.24045623048499554,0.1,0.24014658549544182,0.1845658681352349,0.03333333333333333,0.42820964936243816,0.26026271587762195,0.05,0.5449894897909101,0.3955623488241618,0.11507936507936507,,,,,,,,,,,,,,
EMERGENCY_2025-09-18,,2025,EMERGENCY_CUT,2025-09-18,USD_BROAD,price,2025-09-17,119.1582,2025-09-18,251,0.004224635820279321,0.00849710720705743,0.012685656547346325,0.006696140089393898,0.01169537639877083,,-0.014422842909677991,0.023153253405976404,90.0,46.0,0.036725775137367966,46.0,90.0,44.0,29.0,,119.0,,True,False,161.0,0.03520005443234104,0.018808224037786203,0.0,0.033543954725777626,0.022185331161212313,0.016666666666666666,0.04037364778282746,0.027374084316425122,0.025,,,,,,,,,,,,,,,,,
EMERGENCY_2025-09-18,,2025,EMERGENCY_CUT,2025-09-18,DGS2,rate,2025-09-17,3.52,2025-09-18,252,,,,,,,,,,,,,,,,,,,,,,,,,,,,,,,,,,-14.000000000000012,123.99999999999997,110.0,251.0,4.999999999999982,4.999999999999982,-10.999999999999988,-1.000000000000023,20.999999999999996,123.99999999999997,72.00855212367057,62.582799391374415,61.072618298893566,72.19186476775216
EMERGENCY_2025-09-18,,2025,EMERGENCY_CUT,2025-09-18,DGS10,rate,2025-09-17,4.06,2025-09-18,252,,,,,,,,,,,,,,,,,,,,,,,,,,,,,,,,,,-8.999999999999941,95.00000000000001,24.0,249.0,5.000000000000071,10.000000000000053,-6.99999999999994,12.00000000000001,22.000000000000064,90.00000000000003,61.86343193297887,57.10935095150084,56.321973561677886,65.01253326914515
EMERGENCY_2025-09-18,,2025,EMERGENCY_CUT,2025-09-18,DFII10,rate,2025-09-17,1.68,2025-09-18,252,,,,,,,,,,,,,,,,,,,,,,,,,,,,,,,,,,0.0,100.00000000000003,24.0,249.0,5.000000000000004,10.000000000000009,3.0000000000000027,25.0,24.0,94.00000000000001,51.831000680856555,47.4250523797322,45.116320250450165,53.462873888916164
EMERGENCY_2025-09-18,,2025,EMERGENCY_CUT,2025-09-18,T5YIE,rate,2025-09-17,2.43,2025-09-18,252,,,,,,,,,,,,,,,,,,,,,,,,,,,,,,,,,,-27.0,29.000000000000004,214.0,156.0,0.9999999999999787,-1.000000000000023,-14.000000000000012,-14.000000000000012,17.99999999999997,-10.000000000000009,24.75394705368903,33.75304129423258,36.50527762005993,44.196771167963256
EMERGENCY_2025-10-30,,2025,EMERGENCY_CUT,2025-10-30,GOLD,price,2025-10-29,4000.699951171875,2025-10-30,225,0.0037993229578294763,-0.00194967103839927,0.04111786591054889,0.27042771507207575,0.18079337557325625,,-0.010048229475469572,0.3293673525268741,4.0,62.0,0.24937948049055447,62.0,177.0,115.0,26.0,,203.0,,True,False,48.0,0.17956964402423975,0.10473194731818472,0.05,0.20591117710415646,0.12155549012451185,0.03333333333333333,0.3293456971465768,0.2504687086588024,0.1,,,,,,,,,,,,,,,,,
EMERGENCY_2025-10-30,,2025,EMERGENCY_CUT,2025-10-30,SP500,price,2025-10-29,6890.58984375,2025-10-30,224,-0.00990481243951924,-0.013685302249274556,-0.011316880301543542,0.012772528317888332,0.031609784290282716,,-0.0793647048085846,0.13183202181870546,103.0,197.0,0.09097524918009314,60.0,103.0,43.0,6.0,11.0,109.0,114.0,True,True,121.0,0.15338551654303673,0.11466256575657133,0.05,0.11822665163233018,0.08913798841222804,0.03333333333333333,0.1364663694391301,0.09479955126170041,0.03333333333333333,,,,,,,,,,,,,,,,,
EMERGENCY_2025-10-30,,2025,EMERGENCY_CUT,2025-10-30,NASDAQ,price,2025-10-29,23958.47,2025-10-30,224,-0.0157493362472646,-0.019144377750332175,-0.03104455334585232,-0.005900627210335352,0.020035920490749204,,-0.1320547597571966,0.13714606984502753,103.0,224.0,0.1320547597571966,0.0,103.0,103.0,6.0,11.0,109.0,114.0,True,True,121.0,0.22379994660560562,0.1699583814936721,0.0,0.16448490050691683,0.12584246469333252,0.0,0.1850715086445707,0.1307929635647159,0.0,,,,,,,,,,,,,,,,,
EMERGENCY_2025-10-30,,2025,EMERGENCY_CUT,2025-10-30,WTI,price,2025-10-29,61.26,2025-10-30,223,0.0016323865491347789,-0.014038524322559587,-0.04374795951681354,0.02432255958210905,0.6065948416585047,,-0.09500489715964744,0.8703885079986942,32.0,107.0,0.39256414732064937,107.0,168.0,61.0,13.0,,181.0,,True,False,55.0,0.19798212808522095,0.1640764773650063,0.0,0.25553996107573285,0.18780371218863467,0.03333333333333333,0.6024098456713299,0.43808077124480427,0.075,,,,,,,,,,,,,,,,,
EMERGENCY_2025-10-30,,2025,EMERGENCY_CUT,2025-10-30,USD_BROAD,price,2025-10-29,120.5312,2025-10-30,222,0.006239048478734022,0.010926631444804435,0.004326680560717833,-0.025051604895661828,-0.015064149365475399,,-0.025649790261774497,0.011498267668454298,61.0,17.0,0.036725775137367966,17.0,61.0,44.0,29.0,,90.0,,True,False,161.0,0.036328704931395235,0.021348547281397866,0.0,0.035714440663703995,0.030424918542845115,0.03333333333333333,0.04508051424629286,0.03443900481189017,0.041666666666666664,,,,,,,,,,,,,,,,,
EMERGENCY_2025-10-30,,2025,EMERGENCY_CUT,2025-10-30,DGS2,rate,2025-10-29,3.59,2025-10-30,223,,,,,,,,,,,,,,,,,,,,,,,,,,,,,,,,,,-20.999999999999996,117.0,81.0,222.0,2.0000000000000018,4.0000000000000036,-11.999999999999966,-2.9999999999999805,24.00000000000002,,48.149766354573316,46.61966559660186,63.45132455855661,
EMERGENCY_2025-10-30,,2025,EMERGENCY_CUT,2025-10-30,DGS10,rate,2025-10-29,4.08,2025-10-30,223,,,,,,,,,,,,,,,,,,,,,,,,,,,,,,,,,,-10.999999999999988,92.99999999999997,81.0,220.0,3.000000000000025,8.999999999999986,-6.00000000000005,17.99999999999997,25.99999999999998,,51.27141401148239,50.22512032702765,61.4363372069963,
EMERGENCY_2025-10-30,,2025,EMERGENCY_CUT,2025-10-30,DFII10,rate,2025-10-29,1.78,2025-10-30,223,,,,,,,,,,,,,,,,,,,,,,,,,,,,,,,,,,-6.000000000000005,90.00000000000001,81.0,220.0,4.0000000000000036,9.000000000000007,1.0000000000000009,11.99999999999999,13.99999999999999,,40.709109287079364,42.73592542620202,49.527888756799264,
EMERGENCY_2025-10-30,,2025,EMERGENCY_CUT,2025-10-30,T5YIE,rate,2025-10-29,2.37,2025-10-30,224,,,,,,,,,,,,,,,,,,,,,,,,,,,,,,,,,,-20.999999999999996,35.00000000000001,185.0,127.0,0.9999999999999787,2.0000000000000018,-8.000000000000007,12.99999999999999,20.999999999999996,,25.957049544442313,28.501025851296497,40.62431899881706,
EMERGENCY_2025-12-11,,2025,EMERGENCY_CUT,2025-12-11,GOLD,price,2025-12-10,4224.7001953125,2025-12-11,196,0.020900845173693616,0.035316046141402824,0.06537735087988161,0.24082179925396896,0.0663478570617877,,-0.05505718439247609,0.25888220618465674,148.0,33.0,0.24937948049055447,33.0,148.0,115.0,26.0,,174.0,,True,False,48.0,0.23950373543266912,0.17341939341535936,0.05,0.37700585763414673,0.2857537593664514,0.1,0.3340077688587828,0.25733441644291194,0.125,,,,,,,,,,,,,,,,,
EMERGENCY_2025-12-11,,2025,EMERGENCY_CUT,2025-12-11,SP500,price,2025-12-10,6886.68017578125,2025-12-11,195,0.002079350841514227,-0.023995596685489118,0.011558487884326674,-0.015275893845406507,0.1013013331540924,,-0.07884204683222484,0.13247457923225747,74.0,168.0,0.09097524918009314,31.0,74.0,43.0,6.0,11.0,80.0,85.0,True,True,121.0,0.09445522237338186,0.06543061431670373,0.0,0.11541505851071375,0.08710582091929407,0.016666666666666666,0.1299309081537901,0.08582398117088355,0.025,,,,,,,,,,,,,,,,,
EMERGENCY_2025-12-11,,2025,EMERGENCY_CUT,2025-12-11,NASDAQ,price,2025-12-10,23654.16,2025-12-11,195,-0.0025492344686938173,-0.04062033908623264,0.0007267220649560535,-0.04046053632849367,0.13430195787971333,,-0.12088867243647627,0.15177541709365272,74.0,195.0,0.12837960469371212,32.0,74.0,42.0,6.0,11.0,80.0,85.0,True,True,121.0,0.13421169050723636,0.09880953043282593,0.0,0.15658435626212552,0.121179107104512,0.0,0.17566545804195052,0.11586146233348613,0.0,,,,,,,,,,,,,,,,,
EMERGENCY_2025-12-11,,2025,EMERGENCY_CUT,2025-12-11,WTI,price,2025-12-10,58.67,2025-12-11,195,-0.015510482358956912,-0.044315663882734,0.004942900971535602,0.42679393216294503,0.6504175899096643,,-0.055053690131242616,0.9529572183398669,4.0,79.0,0.39256414732064937,79.0,140.0,61.0,13.0,,153.0,,True,False,55.0,0.2868739320250215,0.20181213415532992,0.05,0.51074215493012,0.3209169230196791,0.06666666666666667,0.6586075330851849,0.4821468646950758,0.13333333333333333,,,,,,,,,,,,,,,,,
EMERGENCY_2025-12-11,,2025,EMERGENCY_CUT,2025-12-11,USD_BROAD,price,2025-12-10,120.6752,2025-12-11,194,-0.005760918564874928,-0.004310744875500538,-0.0037596788735382303,-0.016156592240990753,-0.010693166450107428,,-0.02681246851051422,0.006105645567606288,33.0,134.0,0.029063025071656923,134.0,187.0,53.0,,,,,False,False,7.0,0.03068491066970939,0.025519447896961284,0.05,0.04436492197822102,0.03401471347581476,0.05,0.04606774680708315,0.03475297456611435,0.041666666666666664,,,,,,,,,,,,,,,,,
EMERGENCY_2025-12-11,,2025,EMERGENCY_CUT,2025-12-11,DGS2,rate,2025-12-10,3.54,2025-12-11,195,,,,,,,,,,,,,,,,,,,,,,,,,,,,,,,,,,-16.000000000000014,121.99999999999997,53.0,194.0,-2.0000000000000018,-4.999999999999982,0.0,2.9999999999999805,54.0,,36.05259316171601,52.72477306651262,69.96688292243945,
EMERGENCY_2025-12-11,,2025,EMERGENCY_CUT,2025-12-11,DGS10,rate,2025-12-10,4.13,2025-12-11,195,,,,,,,,,,,,,,,,,,,,,,,,,,,,,,,,,,-15.99999999999997,87.99999999999999,53.0,192.0,0.9999999999999787,3.000000000000025,4.999999999999982,2.000000000000046,36.00000000000003,,42.43198892593328,54.284748302861956,65.42314754957994,
EMERGENCY_2025-12-11,,2025,EMERGENCY_CUT,2025-12-11,DFII10,rate,2025-12-10,1.88,2025-12-11,195,,,,,,,,,,,,,,,,,,,,,,,,,,,,,,,,,,-15.999999999999993,80.00000000000003,53.0,192.0,1.0000000000000009,4.0000000000000036,2.0000000000000018,-5.999999999999983,23.0,,38.50741555378109,41.91856511970464,52.278271270756704,
EMERGENCY_2025-12-11,,2025,EMERGENCY_CUT,2025-12-11,T5YIE,rate,2025-12-10,2.32,2025-12-11,196,,,,,,,,,,,,,,,,,,,,,,,,,,,,,,,,,,-15.99999999999997,40.000000000000036,157.0,99.0,0.0,-6.000000000000005,0.0,20.999999999999996,20.999999999999996,,25.751852258368515,36.367195126321384,45.77161977110479,
