asset,asset_label,primary_asset,anchor,cycle_id,broad_episode_id,cycle_start_year,anchor_date,episode_weight,event_month,cum_return,running_mdd,running_min_return,new_event_low,new_running_mdd
GOLD,Gold monthly World Bank/DataHub,True,FIRST_HIKE,T01_1983,B01,1983,1983-03-31,0.5,1,-0.11812627291242361,0.11812627291242361,-0.11812627291242361,True,True
GOLD,Gold monthly World Bank/DataHub,True,FIRST_HIKE,T01_1983,B01,1983,1983-03-31,0.5,2,-0.10794297352342164,0.11812627291242361,-0.11812627291242361,False,False
GOLD,Gold monthly World Bank/DataHub,True,FIRST_HIKE,T01_1983,B01,1983,1983-03-31,0.5,3,-0.15885947046843174,0.15885947046843174,-0.15885947046843174,True,True
GOLD,Gold monthly World Bank/DataHub,True,FIRST_HIKE,T01_1983,B01,1983,1983-03-31,0.5,4,-0.1792260692464358,0.1792260692464358,-0.1792260692464358,True,True
GOLD,Gold monthly World Bank/DataHub,True,FIRST_HIKE,T01_1983,B01,1983,1983-03-31,0.5,5,-0.15274949083503053,0.1792260692464358,-0.1792260692464358,False,False
GOLD,Gold monthly World Bank/DataHub,True,FIRST_HIKE,T01_1983,B01,1983,1983-03-31,0.5,6,-0.16089613034623218,0.1792260692464358,-0.1792260692464358,False,False
GOLD,Gold monthly World Bank/DataHub,True,FIRST_HIKE,T01_1983,B01,1983,1983-03-31,0.5,7,-0.19755600814663954,0.19755600814663954,-0.19755600814663954,True,True
GOLD,Gold monthly World Bank/DataHub,True,FIRST_HIKE,T01_1983,B01,1983,1983-03-31,0.5,8,-0.22199592668024437,0.22199592668024437,-0.22199592668024437,True,True
GOLD,Gold monthly World Bank/DataHub,True,FIRST_HIKE,T01_1983,B01,1983,1983-03-31,0.5,9,-0.20977596741344195,0.22199592668024437,-0.22199592668024437,False,False
GOLD,Gold monthly World Bank/DataHub,True,FIRST_HIKE,T01_1983,B01,1983,1983-03-31,0.5,10,-0.24439918533604887,0.24439918533604887,-0.24439918533604887,True,True
GOLD,Gold monthly World Bank/DataHub,True,FIRST_HIKE,T01_1983,B01,1983,1983-03-31,0.5,11,-0.21384928716904272,0.24439918533604887,-0.24439918533604887,False,False
GOLD,Gold monthly World Bank/DataHub,True,FIRST_HIKE,T01_1983,B01,1983,1983-03-31,0.5,12,-0.19755600814663954,0.24439918533604887,-0.24439918533604887,False,False
GOLD,Gold monthly World Bank/DataHub,True,FIRST_HIKE,T02_1984,B01,1984,1984-03-29,0.5,1,-0.012953367875647714,0.012953367875647714,-0.012953367875647714,True,True
GOLD,Gold monthly World Bank/DataHub,True,FIRST_HIKE,T02_1984,B01,1984,1984-03-29,0.5,2,-0.023316062176165775,0.023316062176165775,-0.023316062176165775,True,True
GOLD,Gold monthly World Bank/DataHub,True,FIRST_HIKE,T02_1984,B01,1984,1984-03-29,0.5,3,-0.020725388601036232,0.023316062176165775,-0.023316062176165775,False,False
GOLD,Gold monthly World Bank/DataHub,True,FIRST_HIKE,T02_1984,B01,1984,1984-03-29,0.5,4,-0.0984455958549223,0.0984455958549223,-0.0984455958549223,True,True
GOLD,Gold monthly World Bank/DataHub,True,FIRST_HIKE,T02_1984,B01,1984,1984-03-29,0.5,5,-0.0984455958549223,0.0984455958549223,-0.0984455958549223,False,False
GOLD,Gold monthly World Bank/DataHub,True,FIRST_HIKE,T02_1984,B01,1984,1984-03-29,0.5,6,-0.11917098445595853,0.11917098445595853,-0.11917098445595853,True,True
GOLD,Gold monthly World Bank/DataHub,True,FIRST_HIKE,T02_1984,B01,1984,1984-03-29,0.5,7,-0.11658031088082899,0.11917098445595853,-0.11917098445595853,False,False
GOLD,Gold monthly World Bank/DataHub,True,FIRST_HIKE,T02_1984,B01,1984,1984-03-29,0.5,8,-0.11398963730569944,0.11917098445595853,-0.11917098445595853,False,False
GOLD,Gold monthly World Bank/DataHub,True,FIRST_HIKE,T02_1984,B01,1984,1984-03-29,0.5,9,-0.17098445595854928,0.17098445595854928,-0.17098445595854928,True,True
GOLD,Gold monthly World Bank/DataHub,True,FIRST_HIKE,T02_1984,B01,1984,1984-03-29,0.5,10,-0.21502590673575128,0.21502590673575128,-0.21502590673575128,True,True
GOLD,Gold monthly World Bank/DataHub,True,FIRST_HIKE,T02_1984,B01,1984,1984-03-29,0.5,11,-0.22538860103626945,0.22538860103626945,-0.22538860103626945,True,True
GOLD,Gold monthly World Bank/DataHub,True,FIRST_HIKE,T02_1984,B01,1984,1984-03-29,0.5,12,-0.18652849740932642,0.22538860103626945,-0.22538860103626945,False,False
GOLD,Gold monthly World Bank/DataHub,True,FIRST_HIKE,T03_1987,B02,1987,1987-01-05,0.3333333333333333,1,0.025575447570332477,0.0,0.0,False,True
GOLD,Gold monthly World Bank/DataHub,True,FIRST_HIKE,T03_1987,B02,1987,1987-01-05,0.3333333333333333,2,0.04603580562659837,0.0,0.0,False,False
GOLD,Gold monthly World Bank/DataHub,True,FIRST_HIKE,T03_1987,B02,1987,1987-01-05,0.3333333333333333,3,0.12020460358056262,0.0,0.0,False,False
GOLD,Gold monthly World Bank/DataHub,True,FIRST_HIKE,T03_1987,B02,1987,1987-01-05,0.3333333333333333,4,0.17647058823529416,0.0,0.0,False,False
GOLD,Gold monthly World Bank/DataHub,True,FIRST_HIKE,T03_1987,B02,1987,1987-01-05,0.3333333333333333,5,0.15089514066496168,0.021739130434782594,0.0,False,True
GOLD,Gold monthly World Bank/DataHub,True,FIRST_HIKE,T03_1987,B02,1987,1987-01-05,0.3333333333333333,6,0.15345268542199486,0.021739130434782594,0.0,False,False
GOLD,Gold monthly World Bank/DataHub,True,FIRST_HIKE,T03_1987,B02,1987,1987-01-05,0.3333333333333333,7,0.17902813299232734,0.021739130434782594,0.0,False,False
GOLD,Gold monthly World Bank/DataHub,True,FIRST_HIKE,T03_1987,B02,1987,1987-01-05,0.3333333333333333,8,0.17647058823529416,0.021739130434782594,0.0,False,False
GOLD,Gold monthly World Bank/DataHub,True,FIRST_HIKE,T03_1987,B02,1987,1987-01-05,0.3333333333333333,9,0.18925831202046028,0.021739130434782594,0.0,False,False
GOLD,Gold monthly World Bank/DataHub,True,FIRST_HIKE,T03_1987,B02,1987,1987-01-05,0.3333333333333333,10,0.19693094629156005,0.021739130434782594,0.0,False,False
GOLD,Gold monthly World Bank/DataHub,True,FIRST_HIKE,T03_1987,B02,1987,1987-01-05,0.3333333333333333,11,0.24296675191815864,0.021739130434782594,0.0,False,False
GOLD,Gold monthly World Bank/DataHub,True,FIRST_HIKE,T03_1987,B02,1987,1987-01-05,0.3333333333333333,12,0.21994884910485935,0.021739130434782594,0.0,False,False
GOLD,Gold monthly World Bank/DataHub,True,FIRST_HIKE,T04_1987,B02,1987,1987-08-27,0.3333333333333333,1,0.019955654101995624,0.0,0.0,False,True
GOLD,Gold monthly World Bank/DataHub,True,FIRST_HIKE,T04_1987,B02,1987,1987-08-27,0.3333333333333333,2,0.03104212860310418,0.0,0.0,False,False
GOLD,Gold monthly World Bank/DataHub,True,FIRST_HIKE,T04_1987,B02,1987,1987-08-27,0.3333333333333333,3,0.037694013303769314,0.0,0.0,False,False
GOLD,Gold monthly World Bank/DataHub,True,FIRST_HIKE,T04_1987,B02,1987,1987-08-27,0.3333333333333333,4,0.07760532150776056,0.0,0.0,False,False
GOLD,Gold monthly World Bank/DataHub,True,FIRST_HIKE,T04_1987,B02,1987,1987-08-27,0.3333333333333333,5,0.05764966740576494,0.01851851851851849,0.0,False,True
GOLD,Gold monthly World Bank/DataHub,True,FIRST_HIKE,T04_1987,B02,1987,1987-08-27,0.3333333333333333,6,-0.019955654101995512,0.09053497942386834,-0.019955654101995512,True,True
GOLD,Gold monthly World Bank/DataHub,True,FIRST_HIKE,T04_1987,B02,1987,1987-08-27,0.3333333333333333,7,-0.01552106430155209,0.09053497942386834,-0.019955654101995512,False,False
GOLD,Gold monthly World Bank/DataHub,True,FIRST_HIKE,T04_1987,B02,1987,1987-08-27,0.3333333333333333,8,0.0022172949002217113,0.09053497942386834,-0.019955654101995512,False,False
GOLD,Gold monthly World Bank/DataHub,True,FIRST_HIKE,T04_1987,B02,1987,1987-08-27,0.3333333333333333,9,0.0,0.09053497942386834,-0.019955654101995512,False,False
GOLD,Gold monthly World Bank/DataHub,True,FIRST_HIKE,T04_1987,B02,1987,1987-08-27,0.3333333333333333,10,0.0,0.09053497942386834,-0.019955654101995512,False,False
GOLD,Gold monthly World Bank/DataHub,True,FIRST_HIKE,T04_1987,B02,1987,1987-08-27,0.3333333333333333,11,-0.02882483370288247,0.09876543209876543,-0.02882483370288247,True,True
GOLD,Gold monthly World Bank/DataHub,True,FIRST_HIKE,T04_1987,B02,1987,1987-08-27,0.3333333333333333,12,-0.04434589800443456,0.11316872427983538,-0.04434589800443456,True,True
GOLD,Gold monthly World Bank/DataHub,True,FIRST_HIKE,T05_1988,B02,1988,1988-03-30,0.3333333333333333,1,0.02262443438914019,0.0,0.0,False,True
GOLD,Gold monthly World Bank/DataHub,True,FIRST_HIKE,T05_1988,B02,1988,1988-03-30,0.3333333333333333,2,0.020361990950226172,0.0022123893805309214,0.0,False,True
GOLD,Gold monthly World Bank/DataHub,True,FIRST_HIKE,T05_1988,B02,1988,1988-03-30,0.3333333333333333,3,0.020361990950226172,0.0022123893805309214,0.0,False,False
GOLD,Gold monthly World Bank/DataHub,True,FIRST_HIKE,T05_1988,B02,1988,1988-03-30,0.3333333333333333,4,-0.009049773755656076,0.030973451327433676,-0.009049773755656076,True,True
GOLD,Gold monthly World Bank/DataHub,True,FIRST_HIKE,T05_1988,B02,1988,1988-03-30,0.3333333333333333,5,-0.02488687782805432,0.04646017699115046,-0.02488687782805432,True,True
GOLD,Gold monthly World Bank/DataHub,True,FIRST_HIKE,T05_1988,B02,1988,1988-03-30,0.3333333333333333,6,-0.06561085972850678,0.08628318584070793,-0.06561085972850678,True,True
GOLD,Gold monthly World Bank/DataHub,True,FIRST_HIKE,T05_1988,B02,1988,1988-03-30,0.3333333333333333,7,-0.079185520361991,0.0995575221238938,-0.079185520361991,True,True
GOLD,Gold monthly World Bank/DataHub,True,FIRST_HIKE,T05_1988,B02,1988,1988-03-30,0.3333333333333333,8,-0.04977375565610864,0.0995575221238938,-0.079185520361991,False,False
GOLD,Gold monthly World Bank/DataHub,True,FIRST_HIKE,T05_1988,B02,1988,1988-03-30,0.3333333333333333,9,-0.05203619909502266,0.0995575221238938,-0.079185520361991,False,False
GOLD,Gold monthly World Bank/DataHub,True,FIRST_HIKE,T05_1988,B02,1988,1988-03-30,0.3333333333333333,10,-0.08597285067873306,0.10619469026548678,-0.08597285067873306,True,True
GOLD,Gold monthly World Bank/DataHub,True,FIRST_HIKE,T05_1988,B02,1988,1988-03-30,0.3333333333333333,11,-0.12217194570135748,0.1415929203539823,-0.12217194570135748,True,True
GOLD,Gold monthly World Bank/DataHub,True,FIRST_HIKE,T05_1988,B02,1988,1988-03-30,0.3333333333333333,12,-0.11764705882352944,0.1415929203539823,-0.12217194570135748,False,False
GOLD,Gold monthly World Bank/DataHub,True,FIRST_HIKE,T06_1994,B03,1994,1994-02-04,1.0,1,-0.007751937984496138,0.007751937984496138,-0.007751937984496138,True,True
GOLD,Gold monthly World Bank/DataHub,True,FIRST_HIKE,T06_1994,B03,1994,1994-02-04,1.0,2,-0.025839793281653756,0.025839793281653756,-0.025839793281653756,True,True
GOLD,Gold monthly World Bank/DataHub,True,FIRST_HIKE,T06_1994,B03,1994,1994-02-04,1.0,3,-0.015503875968992276,0.025839793281653756,-0.025839793281653756,False,False
GOLD,Gold monthly World Bank/DataHub,True,FIRST_HIKE,T06_1994,B03,1994,1994-02-04,1.0,4,-0.0025839793281653423,0.025839793281653756,-0.025839793281653756,False,False
GOLD,Gold monthly World Bank/DataHub,True,FIRST_HIKE,T06_1994,B03,1994,1994-02-04,1.0,5,-0.0051679586563307955,0.025839793281653756,-0.025839793281653756,False,False
GOLD,Gold monthly World Bank/DataHub,True,FIRST_HIKE,T06_1994,B03,1994,1994-02-04,1.0,6,-0.018087855297157618,0.025839793281653756,-0.025839793281653756,False,False
GOLD,Gold monthly World Bank/DataHub,True,FIRST_HIKE,T06_1994,B03,1994,1994-02-04,1.0,7,0.012919896640826822,0.025839793281653756,-0.025839793281653756,False,False
GOLD,Gold monthly World Bank/DataHub,True,FIRST_HIKE,T06_1994,B03,1994,1994-02-04,1.0,8,0.007751937984496138,0.025839793281653756,-0.025839793281653756,False,False
GOLD,Gold monthly World Bank/DataHub,True,FIRST_HIKE,T06_1994,B03,1994,1994-02-04,1.0,9,-0.007751937984496138,0.025839793281653756,-0.025839793281653756,False,False
GOLD,Gold monthly World Bank/DataHub,True,FIRST_HIKE,T06_1994,B03,1994,1994-02-04,1.0,10,-0.02067183462532296,0.03316326530612246,-0.025839793281653756,False,True
GOLD,Gold monthly World Bank/DataHub,True,FIRST_HIKE,T06_1994,B03,1994,1994-02-04,1.0,11,-0.02067183462532296,0.03316326530612246,-0.025839793281653756,False,False
GOLD,Gold monthly World Bank/DataHub,True,FIRST_HIKE,T06_1994,B03,1994,1994-02-04,1.0,12,-0.025839793281653756,0.03826530612244894,-0.025839793281653756,False,True
GOLD,Gold monthly World Bank/DataHub,True,FIRST_HIKE,T07_1999,B04,1999,1999-06-30,1.0,1,-0.07246376811594202,0.07246376811594202,-0.07246376811594202,True,True
GOLD,Gold monthly World Bank/DataHub,True,FIRST_HIKE,T07_1999,B04,1999,1999-06-30,1.0,2,-0.0688405797101449,0.07246376811594202,-0.07246376811594202,False,False
GOLD,Gold monthly World Bank/DataHub,True,FIRST_HIKE,T07_1999,B04,1999,1999-06-30,1.0,3,-0.03985507246376807,0.07246376811594202,-0.07246376811594202,False,False
GOLD,Gold monthly World Bank/DataHub,True,FIRST_HIKE,T07_1999,B04,1999,1999-06-30,1.0,4,0.12681159420289845,0.07246376811594202,-0.07246376811594202,False,False
GOLD,Gold monthly World Bank/DataHub,True,FIRST_HIKE,T07_1999,B04,1999,1999-06-30,1.0,5,0.061594202898550776,0.07246376811594202,-0.07246376811594202,False,False
GOLD,Gold monthly World Bank/DataHub,True,FIRST_HIKE,T07_1999,B04,1999,1999-06-30,1.0,6,0.0253623188405796,0.090032154340836,-0.07246376811594202,False,True
GOLD,Gold monthly World Bank/DataHub,True,FIRST_HIKE,T07_1999,B04,1999,1999-06-30,1.0,7,0.02898550724637672,0.090032154340836,-0.07246376811594202,False,False
GOLD,Gold monthly World Bank/DataHub,True,FIRST_HIKE,T07_1999,B04,1999,1999-06-30,1.0,8,0.08695652173913038,0.090032154340836,-0.07246376811594202,False,False
GOLD,Gold monthly World Bank/DataHub,True,FIRST_HIKE,T07_1999,B04,1999,1999-06-30,1.0,9,0.03623188405797095,0.090032154340836,-0.07246376811594202,False,False
GOLD,Gold monthly World Bank/DataHub,True,FIRST_HIKE,T07_1999,B04,1999,1999-06-30,1.0,10,0.01449275362318847,0.09967845659163987,-0.07246376811594202,False,True
GOLD,Gold monthly World Bank/DataHub,True,FIRST_HIKE,T07_1999,B04,1999,1999-06-30,1.0,11,-0.0036231884057971175,0.11575562700964626,-0.07246376811594202,False,True
GOLD,Gold monthly World Bank/DataHub,True,FIRST_HIKE,T07_1999,B04,1999,1999-06-30,1.0,12,0.03623188405797095,0.11575562700964626,-0.07246376811594202,False,False
GOLD,Gold monthly World Bank/DataHub,True,FIRST_HIKE,T08_2004,B05,2004,2004-06-30,1.0,1,0.03645833333333326,0.0,0.0,False,True
GOLD,Gold monthly World Bank/DataHub,True,FIRST_HIKE,T08_2004,B05,2004,2004-06-30,1.0,2,0.04427083333333326,0.0,0.0,False,False
GOLD,Gold monthly World Bank/DataHub,True,FIRST_HIKE,T08_2004,B05,2004,2004-06-30,1.0,3,0.0546875,0.0,0.0,False,False
GOLD,Gold monthly World Bank/DataHub,True,FIRST_HIKE,T08_2004,B05,2004,2004-06-30,1.0,4,0.09375,0.0,0.0,False,False
GOLD,Gold monthly World Bank/DataHub,True,FIRST_HIKE,T08_2004,B05,2004,2004-06-30,1.0,5,0.14322916666666674,0.0,0.0,False,False
GOLD,Gold monthly World Bank/DataHub,True,FIRST_HIKE,T08_2004,B05,2004,2004-06-30,1.0,6,0.15104166666666674,0.0,0.0,False,False
GOLD,Gold monthly World Bank/DataHub,True,FIRST_HIKE,T08_2004,B05,2004,2004-06-30,1.0,7,0.10416666666666674,0.040723981900452455,0.0,False,True
GOLD,Gold monthly World Bank/DataHub,True,FIRST_HIKE,T08_2004,B05,2004,2004-06-30,1.0,8,0.1015625,0.042986425339366474,0.0,False,True
GOLD,Gold monthly World Bank/DataHub,True,FIRST_HIKE,T08_2004,B05,2004,2004-06-30,1.0,9,0.13020833333333326,0.042986425339366474,0.0,False,False
GOLD,Gold monthly World Bank/DataHub,True,FIRST_HIKE,T08_2004,B05,2004,2004-06-30,1.0,10,0.1171875,0.042986425339366474,0.0,False,False
GOLD,Gold monthly World Bank/DataHub,True,FIRST_HIKE,T08_2004,B05,2004,2004-06-30,1.0,11,0.09895833333333326,0.04524886877828049,0.0,False,True
GOLD,Gold monthly World Bank/DataHub,True,FIRST_HIKE,T08_2004,B05,2004,2004-06-30,1.0,12,0.12239583333333326,0.04524886877828049,0.0,False,False
GOLD,Gold monthly World Bank/DataHub,True,FIRST_HIKE,T09_2015,B06,2015,2015-12-16,1.0,1,0.011049723756906049,0.0,0.0,False,True
GOLD,Gold monthly World Bank/DataHub,True,FIRST_HIKE,T09_2015,B06,2015,2015-12-16,1.0,2,0.1049723756906078,0.0,0.0,False,False
GOLD,Gold monthly World Bank/DataHub,True,FIRST_HIKE,T09_2015,B06,2015,2015-12-16,1.0,3,0.14640883977900554,0.0,0.0,False,False
GOLD,Gold monthly World Bank/DataHub,True,FIRST_HIKE,T09_2015,B06,2015,2015-12-16,1.0,4,0.14364640883977908,0.002409638554216831,0.0,False,True
GOLD,Gold monthly World Bank/DataHub,True,FIRST_HIKE,T09_2015,B06,2015,2015-12-16,1.0,5,0.1611418047882136,0.002409638554216831,0.0,False,False
GOLD,Gold monthly World Bank/DataHub,True,FIRST_HIKE,T09_2015,B06,2015,2015-12-16,1.0,6,0.17495395948434633,0.002409638554216831,0.0,False,False
GOLD,Gold monthly World Bank/DataHub,True,FIRST_HIKE,T09_2015,B06,2015,2015-12-16,1.0,7,0.23112338858195214,0.002409638554216831,0.0,False,False
GOLD,Gold monthly World Bank/DataHub,True,FIRST_HIKE,T09_2015,B06,2015,2015-12-16,1.0,8,0.2338858195211786,0.002409638554216831,0.0,False,False
GOLD,Gold monthly World Bank/DataHub,True,FIRST_HIKE,T09_2015,B06,2015,2015-12-16,1.0,9,0.221915285451197,0.00970149253731345,0.0,False,True
GOLD,Gold monthly World Bank/DataHub,True,FIRST_HIKE,T09_2015,B06,2015,2015-12-16,1.0,10,0.16666666666666674,0.05447761194029854,0.0,False,True
GOLD,Gold monthly World Bank/DataHub,True,FIRST_HIKE,T09_2015,B06,2015,2015-12-16,1.0,11,0.13996316758747707,0.07611940298507458,0.0,False,True
GOLD,Gold monthly World Bank/DataHub,True,FIRST_HIKE,T09_2015,B06,2015,2015-12-16,1.0,12,0.06537753222836096,0.13656716417910453,0.0,False,True
GOLD,Gold monthly World Bank/DataHub,True,FIRST_HIKE,T10_2022,B07,2022,2022-03-16,1.0,1,0.043642241379310276,0.0,0.0,False,True
GOLD,Gold monthly World Bank/DataHub,True,FIRST_HIKE,T10_2022,B07,2022,2022-03-16,1.0,2,-0.0037715517241379004,0.04543107898812593,-0.0037715517241379004,True,True
GOLD,Gold monthly World Bank/DataHub,True,FIRST_HIKE,T10_2022,B07,2022,2022-03-16,1.0,3,-0.010237068965517238,0.05162622612287038,-0.010237068965517238,True,True
GOLD,Gold monthly World Bank/DataHub,True,FIRST_HIKE,T10_2022,B07,2022,2022-03-16,1.0,4,-0.0662715517241379,0.10531750129065565,-0.0662715517241379,True,True
GOLD,Gold monthly World Bank/DataHub,True,FIRST_HIKE,T10_2022,B07,2022,2022-03-16,1.0,5,-0.04903017241379315,0.10531750129065565,-0.0662715517241379,False,False
GOLD,Gold monthly World Bank/DataHub,True,FIRST_HIKE,T10_2022,B07,2022,2022-03-16,1.0,6,-0.09428879310344829,0.13216313887454822,-0.09428879310344829,True,True
GOLD,Gold monthly World Bank/DataHub,True,FIRST_HIKE,T10_2022,B07,2022,2022-03-16,1.0,7,-0.10344827586206895,0.14093959731543626,-0.10344827586206895,True,True
GOLD,Gold monthly World Bank/DataHub,True,FIRST_HIKE,T10_2022,B07,2022,2022-03-16,1.0,8,-0.07058189655172409,0.14093959731543626,-0.10344827586206895,False,False
GOLD,Gold monthly World Bank/DataHub,True,FIRST_HIKE,T10_2022,B07,2022,2022-03-16,1.0,9,-0.03125,0.14093959731543626,-0.10344827586206895,False,False
GOLD,Gold monthly World Bank/DataHub,True,FIRST_HIKE,T10_2022,B07,2022,2022-03-16,1.0,10,0.022629310344827624,0.14093959731543626,-0.10344827586206895,False,False
GOLD,Gold monthly World Bank/DataHub,True,FIRST_HIKE,T10_2022,B07,2022,2022-03-16,1.0,11,-0.0005387931034482873,0.14093959731543626,-0.10344827586206895,False,False
GOLD,Gold monthly World Bank/DataHub,True,FIRST_HIKE,T10_2022,B07,2022,2022-03-16,1.0,12,0.030711206896551824,0.14093959731543626,-0.10344827586206895,False,False
SP500,S&P 500 cash index monthly average,True,FIRST_HIKE,T01_1983,B01,1983,1983-03-31,0.5,1,0.07435554997632599,0.0,0.0,False,True
SP500,S&P 500 cash index monthly average,True,FIRST_HIKE,T01_1983,B01,1983,1983-03-31,0.5,2,0.11785201058865913,0.0,0.0,False,False
SP500,S&P 500 cash index monthly average,True,FIRST_HIKE,T01_1983,B01,1983,1983-03-31,0.5,3,0.13332882950012492,0.0,0.0,False,False
SP500,S&P 500 cash index monthly average,True,FIRST_HIKE,T01_1983,B01,1983,1983-03-31,0.5,4,0.13729286104989757,0.0,0.0,False,False
SP500,S&P 500 cash index monthly average,True,FIRST_HIKE,T01_1983,B01,1983,1983-03-31,0.5,5,0.10641226520953673,0.027152721078239406,0.0,False,True
SP500,S&P 500 cash index monthly average,True,FIRST_HIKE,T01_1983,B01,1983,1983-03-31,0.5,6,0.1387198535938774,0.027152721078239406,0.0,False,False
SP500,S&P 500 cash index monthly average,True,FIRST_HIKE,T01_1983,B01,1983,1983-03-31,0.5,7,0.14208373960467902,0.027152721078239406,0.0,False,False
SP500,S&P 500 cash index monthly average,True,FIRST_HIKE,T01_1983,B01,1983,1983-03-31,0.5,8,0.125575669199679,0.027152721078239406,0.0,False,False
SP500,S&P 500 cash index monthly average,True,FIRST_HIKE,T01_1983,B01,1983,1983-03-31,0.5,9,0.11972047536777164,0.027152721078239406,0.0,False,False
SP500,S&P 500 cash index monthly average,True,FIRST_HIKE,T01_1983,B01,1983,1983-03-31,0.5,10,0.13349072014740537,0.027152721078239406,0.0,False,False
SP500,S&P 500 cash index monthly average,True,FIRST_HIKE,T01_1983,B01,1983,1983-03-31,0.5,11,0.07121175599568241,0.062054979990809,0.0,False,True
SP500,S&P 500 cash index monthly average,True,FIRST_HIKE,T01_1983,B01,1983,1983-03-31,0.5,12,0.0724933701988808,0.062054979990809,0.0,False,False
SP500,S&P 500 cash index monthly average,True,FIRST_HIKE,T02_1984,B01,1984,1984-03-29,0.5,1,0.002232094155578901,0.0,0.0,False,True
SP500,S&P 500 cash index monthly average,True,FIRST_HIKE,T02_1984,B01,1984,1984-03-29,0.5,2,-0.004448903988801822,0.006666118739701354,-0.004448903988801822,True,True
SP500,S&P 500 cash index monthly average,True,FIRST_HIKE,T02_1984,B01,1984,1984-03-29,0.5,3,-0.02623673866063836,0.028405429223660406,-0.02623673866063836,True,True
SP500,S&P 500 cash index monthly average,True,FIRST_HIKE,T02_1984,B01,1984,1984-03-29,0.5,4,-0.039252054947156556,0.04139175879982904,-0.039252054947156556,True,True
SP500,S&P 500 cash index monthly average,True,FIRST_HIKE,T02_1984,B01,1984,1984-03-29,0.5,5,0.04559837926428689,0.04139175879982904,-0.039252054947156556,False,False
SP500,S&P 500 cash index monthly average,True,FIRST_HIKE,T02_1984,B01,1984,1984-03-29,0.5,6,0.05635675955815622,0.04139175879982904,-0.039252054947156556,False,False
SP500,S&P 500 cash index monthly average,True,FIRST_HIKE,T02_1984,B01,1984,1984-03-29,0.5,7,0.04812826091805089,0.04139175879982904,-0.039252054947156556,False,False
SP500,S&P 500 cash index monthly average,True,FIRST_HIKE,T02_1984,B01,1984,1984-03-29,0.5,8,0.05736963480949142,0.04139175879982904,-0.039252054947156556,False,False
SP500,S&P 500 cash index monthly average,True,FIRST_HIKE,T02_1984,B01,1984,1984-03-29,0.5,9,0.045974415085296316,0.04139175879982904,-0.039252054947156556,False,False
SP500,S&P 500 cash index monthly average,True,FIRST_HIKE,T02_1984,B01,1984,1984-03-29,0.5,10,0.09133341841854592,0.04139175879982904,-0.039252054947156556,False,False
SP500,S&P 500 cash index monthly average,True,FIRST_HIKE,T02_1984,B01,1984,1984-03-29,0.5,11,0.1502967308684504,0.04139175879982904,-0.039252054947156556,False,False
SP500,S&P 500 cash index monthly average,True,FIRST_HIKE,T02_1984,B01,1984,1984-03-29,0.5,12,0.14098204292720817,0.04139175879982904,-0.039252054947156556,False,False
SP500,S&P 500 cash index monthly average,True,FIRST_HIKE,T03_1987,B02,1987,1987-01-05,0.3333333333333333,1,0.13004043401259446,0.0,0.0,False,True
SP500,S&P 500 cash index monthly average,True,FIRST_HIKE,T03_1987,B02,1987,1987-01-05,0.3333333333333333,2,0.17644790119601228,0.0,0.0,False,False
SP500,S&P 500 cash index monthly average,True,FIRST_HIKE,T03_1987,B02,1987,1987-01-05,0.3333333333333333,3,0.1637793956518634,0.010768437370894057,0.0,False,True
SP500,S&P 500 cash index monthly average,True,FIRST_HIKE,T03_1987,B02,1987,1987-01-05,0.3333333333333333,4,0.16294913681639023,0.0114741709904016,0.0,False,True
SP500,S&P 500 cash index monthly average,True,FIRST_HIKE,T03_1987,B02,1987,1987-01-05,0.3333333333333333,5,0.21229878509732902,0.0114741709904016,0.0,False,False
SP500,S&P 500 cash index monthly average,True,FIRST_HIKE,T03_1987,B02,1987,1987-01-05,0.3333333333333333,6,0.24730679367947017,0.0114741709904016,0.0,False,False
SP500,S&P 500 cash index monthly average,True,FIRST_HIKE,T03_1987,B02,1987,1987-01-05,0.3333333333333333,7,0.3248224756038611,0.0114741709904016,0.0,False,False
SP500,S&P 500 cash index monthly average,True,FIRST_HIKE,T03_1987,B02,1987,1987-01-05,0.3333333333333333,8,0.2817938858388187,0.03247875889592655,0.0,False,True
SP500,S&P 500 cash index monthly average,True,FIRST_HIKE,T03_1987,B02,1987,1987-01-05,0.3333333333333333,9,0.12694265919912295,0.14936326945581413,0.0,False,True
SP500,S&P 500 cash index monthly average,True,FIRST_HIKE,T03_1987,B02,1987,1987-01-05,0.3333333333333333,10,-0.014468522121529381,0.25610299038045825,-0.014468522121529381,True,True
SP500,S&P 500 cash index monthly average,True,FIRST_HIKE,T03_1987,B02,1987,1987-01-05,0.3333333333333333,11,-0.030769817504093577,0.26840750338710384,-0.030769817504093577,True,True
SP500,S&P 500 cash index monthly average,True,FIRST_HIKE,T03_1987,B02,1987,1987-01-05,0.3333333333333333,12,0.0075261776217492304,0.26840750338710384,-0.030769817504093577,False,False
SP500,S&P 500 cash index monthly average,True,FIRST_HIKE,T04_1987,B02,1987,1987-08-27,0.3333333333333333,1,0.027649245826372848,0.0,0.0,False,True
SP500,S&P 500 cash index monthly average,True,FIRST_HIKE,T04_1987,B02,1987,1987-08-27,0.3333333333333333,2,-0.0964992214347532,0.12080821132826647,-0.0964992214347532,True,True
SP500,S&P 500 cash index monthly average,True,FIRST_HIKE,T04_1987,B02,1987,1987-08-27,0.3333333333333333,3,-0.20987243645870013,0.23113108217587652,-0.20987243645870013,True,True
SP500,S&P 500 cash index monthly average,True,FIRST_HIKE,T04_1987,B02,1987,1987-08-27,0.3333333333333333,4,-0.22294163119504595,0.24384864586740285,-0.22294163119504595,True,True
SP500,S&P 500 cash index monthly average,True,FIRST_HIKE,T04_1987,B02,1987,1987-08-27,0.3333333333333333,5,-0.19223868359634633,0.24384864586740285,-0.22294163119504595,False,False
SP500,S&P 500 cash index monthly average,True,FIRST_HIKE,T04_1987,B02,1987,1987-08-27,0.3333333333333333,6,-0.1675633846840776,0.24384864586740285,-0.22294163119504595,False,False
SP500,S&P 500 cash index monthly average,True,FIRST_HIKE,T04_1987,B02,1987,1987-08-27,0.3333333333333333,7,-0.14302386361045516,0.24384864586740285,-0.22294163119504595,False,False
SP500,S&P 500 cash index monthly average,True,FIRST_HIKE,T04_1987,B02,1987,1987-08-27,0.3333333333333333,8,-0.15309165480998765,0.24384864586740285,-0.22294163119504595,False,False
SP500,S&P 500 cash index monthly average,True,FIRST_HIKE,T04_1987,B02,1987,1987-08-27,0.3333333333333333,9,-0.1740266872076306,0.24384864586740285,-0.22294163119504595,False,False
SP500,S&P 500 cash index monthly average,True,FIRST_HIKE,T04_1987,B02,1987,1987-08-27,0.3333333333333333,10,-0.12707565693391432,0.24384864586740285,-0.22294163119504595,False,False
SP500,S&P 500 cash index monthly average,True,FIRST_HIKE,T04_1987,B02,1987,1987-08-27,0.3333333333333333,11,-0.13234265858928207,0.24384864586740285,-0.22294163119504595,False,False
SP500,S&P 500 cash index monthly average,True,FIRST_HIKE,T04_1987,B02,1987,1987-08-27,0.3333333333333333,12,-0.14950872683338778,0.24384864586740285,-0.22294163119504595,False,False
SP500,S&P 500 cash index monthly average,True,FIRST_HIKE,T05_1988,B02,1988,1988-03-30,0.3333333333333333,1,0.017384782946624266,0.0,0.0,False,True
SP500,S&P 500 cash index monthly average,True,FIRST_HIKE,T05_1988,B02,1988,1988-03-30,0.3333333333333333,2,-0.007764317912781982,0.024719360148642733,-0.007764317912781982,True,True
SP500,S&P 500 cash index monthly average,True,FIRST_HIKE,T05_1988,B02,1988,1988-03-30,0.3333333333333333,3,0.04863761036604286,0.024719360148642733,-0.007764317912781982,False,False
SP500,S&P 500 cash index monthly average,True,FIRST_HIKE,T05_1988,B02,1988,1988-03-30,0.3333333333333333,4,0.04231039991126373,0.024719360148642733,-0.007764317912781982,False,False
SP500,S&P 500 cash index monthly average,True,FIRST_HIKE,T05_1988,B02,1988,1988-03-30,0.3333333333333333,5,0.021688928043894107,0.02569875622975404,-0.007764317912781982,False,True
SP500,S&P 500 cash index monthly average,True,FIRST_HIKE,T05_1988,B02,1988,1988-03-30,0.3333333333333333,6,0.0381283787092328,0.02569875622975404,-0.007764317912781982,False,False
SP500,S&P 500 cash index monthly average,True,FIRST_HIKE,T05_1988,B02,1988,1988-03-30,0.3333333333333333,7,0.07464403928959795,0.02569875622975404,-0.007764317912781982,False,False
SP500,S&P 500 cash index monthly average,True,FIRST_HIKE,T05_1988,B02,1988,1988-03-30,0.3333333333333333,8,0.049960827813174236,0.02569875622975404,-0.007764317912781982,False,False
SP500,S&P 500 cash index monthly average,True,FIRST_HIKE,T05_1988,B02,1988,1988-03-30,0.3333333333333333,9,0.07123117147352676,0.02569875622975404,-0.007764317912781982,False,False
SP500,S&P 500 cash index monthly average,True,FIRST_HIKE,T05_1988,B02,1988,1988-03-30,0.3333333333333333,10,0.10570652360481647,0.02569875622975404,-0.007764317912781982,False,False
SP500,S&P 500 cash index monthly average,True,FIRST_HIKE,T05_1988,B02,1988,1988-03-30,0.3333333333333333,11,0.13901263400283392,0.02569875622975404,-0.007764317912781982,False,False
SP500,S&P 500 cash index monthly average,True,FIRST_HIKE,T05_1988,B02,1988,1988-03-30,0.3333333333333333,12,0.13398462364695907,0.02569875622975404,-0.007764317912781982,False,False
SP500,S&P 500 cash index monthly average,True,FIRST_HIKE,T06_1994,B03,1994,1994-02-04,1.0,1,-0.019418962589300537,0.019418962589300537,-0.019418962589300537,True,True
SP500,S&P 500 cash index monthly average,True,FIRST_HIKE,T06_1994,B03,1994,1994-02-04,1.0,2,-0.05446329678463202,0.05446329678463202,-0.05446329678463202,True,True
SP500,S&P 500 cash index monthly average,True,FIRST_HIKE,T06_1994,B03,1994,1994-02-04,1.0,3,-0.04671166686133821,0.05446329678463202,-0.05446329678463202,False,False
SP500,S&P 500 cash index monthly average,True,FIRST_HIKE,T06_1994,B03,1994,1994-02-04,1.0,4,-0.03840850624674996,0.05446329678463202,-0.05446329678463202,False,False
SP500,S&P 500 cash index monthly average,True,FIRST_HIKE,T06_1994,B03,1994,1994-02-04,1.0,5,-0.045649437710278296,0.05446329678463202,-0.05446329678463202,False,False
SP500,S&P 500 cash index monthly average,True,FIRST_HIKE,T06_1994,B03,1994,1994-02-04,1.0,6,-0.018498823657162045,0.05446329678463202,-0.05446329678463202,False,False
SP500,S&P 500 cash index monthly average,True,FIRST_HIKE,T06_1994,B03,1994,1994-02-04,1.0,7,-0.01275868174226047,0.05446329678463202,-0.05446329678463202,False,False
SP500,S&P 500 cash index monthly average,True,FIRST_HIKE,T06_1994,B03,1994,1994-02-04,1.0,8,-0.019406314365683297,0.05446329678463202,-0.05446329678463202,False,False
SP500,S&P 500 cash index monthly average,True,FIRST_HIKE,T06_1994,B03,1994,1994-02-04,1.0,9,-0.025323041031240612,0.05446329678463202,-0.05446329678463202,False,False
SP500,S&P 500 cash index monthly average,True,FIRST_HIKE,T06_1994,B03,1994,1994-02-04,1.0,10,-0.03764579687412628,0.05446329678463202,-0.05446329678463202,False,False
SP500,S&P 500 cash index monthly average,True,FIRST_HIKE,T06_1994,B03,1994,1994-02-04,1.0,11,-0.016369924644346834,0.05446329678463202,-0.05446329678463202,False,False
SP500,S&P 500 cash index monthly average,True,FIRST_HIKE,T06_1994,B03,1994,1994-02-04,1.0,12,0.0188837519504097,0.05446329678463202,-0.05446329678463202,False,False
SP500,S&P 500 cash index monthly average,True,FIRST_HIKE,T07_1999,B04,1999,1999-06-30,1.0,1,0.03672167628618883,0.0,0.0,False,True
SP500,S&P 500 cash index monthly average,True,FIRST_HIKE,T07_1999,B04,1999,1999-06-30,1.0,2,-0.0034422698605501845,0.03874130064552794,-0.0034422698605501845,True,True
SP500,S&P 500 cash index monthly average,True,FIRST_HIKE,T07_1999,B04,1999,1999-06-30,1.0,3,-0.010436437501897489,0.04548772815961466,-0.010436437501897489,True,True
SP500,S&P 500 cash index monthly average,True,FIRST_HIKE,T07_1999,B04,1999,1999-06-30,1.0,4,-0.02407073570576279,0.058639086441913624,-0.02407073570576279,True,True
SP500,S&P 500 cash index monthly average,True,FIRST_HIKE,T07_1999,B04,1999,1999-06-30,1.0,5,0.04423841061382827,0.058639086441913624,-0.02407073570576279,False,False
SP500,S&P 500 cash index monthly average,True,FIRST_HIKE,T07_1999,B04,1999,1999-06-30,1.0,6,0.0725260616779404,0.058639086441913624,-0.02407073570576279,False,False
SP500,S&P 500 cash index monthly average,True,FIRST_HIKE,T07_1999,B04,1999,1999-06-30,1.0,7,0.07019992292586119,0.058639086441913624,-0.02407073570576279,False,False
SP500,S&P 500 cash index monthly average,True,FIRST_HIKE,T07_1999,B04,1999,1999-06-30,1.0,8,0.042640639936201374,0.058639086441913624,-0.02407073570576279,False,False
SP500,S&P 500 cash index monthly average,True,FIRST_HIKE,T07_1999,B04,1999,1999-06-30,1.0,9,0.08268203309929034,0.058639086441913624,-0.02407073570576279,False,False
SP500,S&P 500 cash index monthly average,True,FIRST_HIKE,T07_1999,B04,1999,1999-06-30,1.0,10,0.09705259948976286,0.058639086441913624,-0.02407073570576279,False,False
SP500,S&P 500 cash index monthly average,True,FIRST_HIKE,T07_1999,B04,1999,1999-06-30,1.0,11,0.06486541717282068,0.058639086441913624,-0.02407073570576279,False,False
SP500,S&P 500 cash index monthly average,True,FIRST_HIKE,T07_1999,B04,1999,1999-06-30,1.0,12,0.09750590243023649,0.058639086441913624,-0.02407073570576279,False,False
SP500,S&P 500 cash index monthly average,True,FIRST_HIKE,T08_2004,B05,2004,2004-06-30,1.0,1,0.0027794773408809093,0.0,0.0,False,True
SP500,S&P 500 cash index monthly average,True,FIRST_HIKE,T08_2004,B05,2004,2004-06-30,1.0,2,-0.012555985234728784,0.015292956150514181,-0.012555985234728784,True,True
SP500,S&P 500 cash index monthly average,True,FIRST_HIKE,T08_2004,B05,2004,2004-06-30,1.0,3,0.013488350366405388,0.015292956150514181,-0.012555985234728784,False,False
SP500,S&P 500 cash index monthly average,True,FIRST_HIKE,T08_2004,B05,2004,2004-06-30,1.0,4,0.013861855270725698,0.015292956150514181,-0.012555985234728784,False,False
SP500,S&P 500 cash index monthly average,True,FIRST_HIKE,T08_2004,B05,2004,2004-06-30,1.0,5,0.05999023542880044,0.015292956150514181,-0.012555985234728784,False,False
SP500,S&P 500 cash index monthly average,True,FIRST_HIKE,T08_2004,B05,2004,2004-06-30,1.0,6,0.0874407527903025,0.015292956150514181,-0.012555985234728784,False,False
SP500,S&P 500 cash index monthly average,True,FIRST_HIKE,T08_2004,B05,2004,2004-06-30,1.0,7,0.07129834454415618,0.015292956150514181,-0.012555985234728784,False,False
SP500,S&P 500 cash index monthly average,True,FIRST_HIKE,T08_2004,B05,2004,2004-06-30,1.0,8,0.08781915877135527,0.015292956150514181,-0.012555985234728784,False,False
SP500,S&P 500 cash index monthly average,True,FIRST_HIKE,T08_2004,B05,2004,2004-06-30,1.0,9,0.0835308055205799,0.015292956150514181,-0.012555985234728784,False,False
SP500,S&P 500 cash index monthly average,True,FIRST_HIKE,T08_2004,B05,2004,2004-06-30,1.0,10,0.0559005678340625,0.029341817231223755,-0.012555985234728784,False,True
SP500,S&P 500 cash index monthly average,True,FIRST_HIKE,T08_2004,B05,2004,2004-06-30,1.0,11,0.0684579999618955,0.029341817231223755,-0.012555985234728784,False,False
SP500,S&P 500 cash index monthly average,True,FIRST_HIKE,T08_2004,B05,2004,2004-06-30,1.0,12,0.09020070432203675,0.029341817231223755,-0.012555985234728784,False,False
SP500,S&P 500 cash index monthly average,True,FIRST_HIKE,T09_2015,B06,2015,2015-12-16,1.0,1,-0.07787048505140182,0.07787048505140182,-0.07787048505140182,True,True
SP500,S&P 500 cash index monthly average,True,FIRST_HIKE,T09_2015,B06,2015,2015-12-16,1.0,2,-0.0846854814056811,0.0846854814056811,-0.0846854814056811,True,True
SP500,S&P 500 cash index monthly average,True,FIRST_HIKE,T09_2015,B06,2015,2015-12-16,1.0,3,-0.02819472657787503,0.0846854814056811,-0.0846854814056811,False,False
SP500,S&P 500 cash index monthly average,True,FIRST_HIKE,T09_2015,B06,2015,2015-12-16,1.0,4,-0.0024421954162978654,0.0846854814056811,-0.0846854814056811,False,False
SP500,S&P 500 cash index monthly average,True,FIRST_HIKE,T09_2015,B06,2015,2015-12-16,1.0,5,-0.007241134970000229,0.0846854814056811,-0.0846854814056811,False,False
SP500,S&P 500 cash index monthly average,True,FIRST_HIKE,T09_2015,B06,2015,2015-12-16,1.0,6,0.0015739876170248746,0.0846854814056811,-0.0846854814056811,False,False
SP500,S&P 500 cash index monthly average,True,FIRST_HIKE,T09_2015,B06,2015,2015-12-16,1.0,7,0.032819826962157794,0.0846854814056811,-0.0846854814056811,False,False
SP500,S&P 500 cash index monthly average,True,FIRST_HIKE,T09_2015,B06,2015,2015-12-16,1.0,8,0.0465562313052188,0.0846854814056811,-0.0846854814056811,False,False
SP500,S&P 500 cash index monthly average,True,FIRST_HIKE,T09_2015,B06,2015,2015-12-16,1.0,9,0.03704404940592032,0.0846854814056811,-0.0846854814056811,False,False
SP500,S&P 500 cash index monthly average,True,FIRST_HIKE,T09_2015,B06,2015,2015-12-16,1.0,10,0.029993241878846222,0.0846854814056811,-0.0846854814056811,False,False
SP500,S&P 500 cash index monthly average,True,FIRST_HIKE,T09_2015,B06,2015,2015-12-16,1.0,11,0.04055008918963621,0.0846854814056811,-0.0846854814056811,False,False
SP500,S&P 500 cash index monthly average,True,FIRST_HIKE,T09_2015,B06,2015,2015-12-16,1.0,12,0.07979007257752624,0.0846854814056811,-0.0846854814056811,False,False
SP500,S&P 500 cash index monthly average,True,FIRST_HIKE,T10_2022,B07,2022,2022-03-16,1.0,1,-0.010073195409939228,0.010073195409939228,-0.010073195409939228,True,True
SP500,S&P 500 cash index monthly average,True,FIRST_HIKE,T10_2022,B07,2022,2022-03-16,1.0,2,-0.08918445249114526,0.08918445249114526,-0.08918445249114526,True,True
SP500,S&P 500 cash index monthly average,True,FIRST_HIKE,T10_2022,B07,2022,2022-03-16,1.0,3,-0.12106315859216144,0.12106315859216144,-0.12106315859216144,True,True
SP500,S&P 500 cash index monthly average,True,FIRST_HIKE,T10_2022,B07,2022,2022-03-16,1.0,4,-0.11818153910224305,0.12106315859216144,-0.12106315859216144,False,False
SP500,S&P 500 cash index monthly average,True,FIRST_HIKE,T10_2022,B07,2022,2022-03-16,1.0,5,-0.06253801408315995,0.12106315859216144,-0.12106315859216144,False,False
SP500,S&P 500 cash index monthly average,True,FIRST_HIKE,T10_2022,B07,2022,2022-03-16,1.0,6,-0.13197984053240897,0.13197984053240897,-0.13197984053240897,True,True
SP500,S&P 500 cash index monthly average,True,FIRST_HIKE,T10_2022,B07,2022,2022-03-16,1.0,7,-0.16003892255640584,0.16003892255640584,-0.16003892255640584,True,True
SP500,S&P 500 cash index monthly average,True,FIRST_HIKE,T10_2022,B07,2022,2022-03-16,1.0,8,-0.11688326852490483,0.16003892255640584,-0.16003892255640584,False,False
SP500,S&P 500 cash index monthly average,True,FIRST_HIKE,T10_2022,B07,2022,2022-03-16,1.0,9,-0.11803468088357694,0.16003892255640584,-0.16003892255640584,False,False
SP500,S&P 500 cash index monthly average,True,FIRST_HIKE,T10_2022,B07,2022,2022-03-16,1.0,10,-0.10715195079917361,0.16003892255640584,-0.16003892255640584,False,False
SP500,S&P 500 cash index monthly average,True,FIRST_HIKE,T10_2022,B07,2022,2022-03-16,1.0,11,-0.08031950780403274,0.16003892255640584,-0.16003892255640584,False,False
SP500,S&P 500 cash index monthly average,True,FIRST_HIKE,T10_2022,B07,2022,2022-03-16,1.0,12,-0.10537046980116682,0.16003892255640584,-0.16003892255640584,False,False
NASDAQ,Nasdaq Composite monthly average,True,FIRST_HIKE,T01_1983,B01,1983,1983-03-31,0.5,1,0.09165712594370956,0.0,0.0,False,True
NASDAQ,Nasdaq Composite monthly average,True,FIRST_HIKE,T01_1983,B01,1983,1983-03-31,0.5,2,0.18112926727737078,0.0,0.0,False,False
NASDAQ,Nasdaq Composite monthly average,True,FIRST_HIKE,T01_1983,B01,1983,1983-03-31,0.5,3,0.24717277251135705,0.0,0.0,False,False
NASDAQ,Nasdaq Composite monthly average,True,FIRST_HIKE,T01_1983,B01,1983,1983-03-31,0.5,4,0.23446047468608122,0.010192892360597172,0.0,False,True
NASDAQ,Nasdaq Composite monthly average,True,FIRST_HIKE,T01_1983,B01,1983,1983-03-31,0.5,5,0.15939913955205287,0.07037808625549102,0.0,False,True
NASDAQ,Nasdaq Composite monthly average,True,FIRST_HIKE,T01_1983,B01,1983,1983-03-31,0.5,6,0.17305261340442457,0.07037808625549102,0.0,False,False
NASDAQ,Nasdaq Composite monthly average,True,FIRST_HIKE,T01_1983,B01,1983,1983-03-31,0.5,7,0.11975562437730836,0.10216479299614312,0.0,False,True
NASDAQ,Nasdaq Composite monthly average,True,FIRST_HIKE,T01_1983,B01,1983,1983-03-31,0.5,8,0.08829331025745923,0.12739170206063088,0.0,False,True
NASDAQ,Nasdaq Composite monthly average,True,FIRST_HIKE,T01_1983,B01,1983,1983-03-31,0.5,9,0.08825053728046672,0.12742599801219046,0.0,False,True
NASDAQ,Nasdaq Composite monthly average,True,FIRST_HIKE,T01_1983,B01,1983,1983-03-31,0.5,10,0.1013279100722142,0.12742599801219046,0.0,False,False
NASDAQ,Nasdaq Composite monthly average,True,FIRST_HIKE,T01_1983,B01,1983,1983-03-31,0.5,11,-0.006529451543747178,0.20342187517791888,-0.006529451543747178,True,True
NASDAQ,Nasdaq Composite monthly average,True,FIRST_HIKE,T01_1983,B01,1983,1983-03-31,0.5,12,-0.018778609322296802,0.21324341558397197,-0.018778609322296802,True,True
NASDAQ,Nasdaq Composite monthly average,True,FIRST_HIKE,T02_1984,B01,1984,1984-03-29,0.5,1,-0.03608485513185633,0.03608485513185633,-0.03608485513185633,True,True
NASDAQ,Nasdaq Composite monthly average,True,FIRST_HIKE,T02_1984,B01,1984,1984-03-29,0.5,2,-0.035942623456111655,0.03608485513185633,-0.03608485513185633,False,False
NASDAQ,Nasdaq Composite monthly average,True,FIRST_HIKE,T02_1984,B01,1984,1984-03-29,0.5,3,-0.06238660276315566,0.06238660276315566,-0.06238660276315566,True,True
NASDAQ,Nasdaq Composite monthly average,True,FIRST_HIKE,T02_1984,B01,1984,1984-03-29,0.5,4,-0.08641453251721487,0.08641453251721487,-0.08641453251721487,True,True
NASDAQ,Nasdaq Composite monthly average,True,FIRST_HIKE,T02_1984,B01,1984,1984-03-29,0.5,5,-0.015882969589495755,0.08641453251721487,-0.08641453251721487,False,False
NASDAQ,Nasdaq Composite monthly average,True,FIRST_HIKE,T02_1984,B01,1984,1984-03-29,0.5,6,-0.009362773409338554,0.08641453251721487,-0.08641453251721487,False,False
NASDAQ,Nasdaq Composite monthly average,True,FIRST_HIKE,T02_1984,B01,1984,1984-03-29,0.5,7,-0.028431488921470738,0.08641453251721487,-0.08641453251721487,False,False
NASDAQ,Nasdaq Composite monthly average,True,FIRST_HIKE,T02_1984,B01,1984,1984-03-29,0.5,8,-0.031402628527475995,0.08641453251721487,-0.08641453251721487,False,False
NASDAQ,Nasdaq Composite monthly average,True,FIRST_HIKE,T02_1984,B01,1984,1984-03-29,0.5,9,-0.049037586507145625,0.08641453251721487,-0.08641453251721487,False,False
NASDAQ,Nasdaq Composite monthly average,True,FIRST_HIKE,T02_1984,B01,1984,1984-03-29,0.5,10,0.02520627613350701,0.08641453251721487,-0.08641453251721487,False,False
NASDAQ,Nasdaq Composite monthly average,True,FIRST_HIKE,T02_1984,B01,1984,1984-03-29,0.5,11,0.12239074255740356,0.08641453251721487,-0.08641453251721487,False,False
NASDAQ,Nasdaq Composite monthly average,True,FIRST_HIKE,T02_1984,B01,1984,1984-03-29,0.5,12,0.1038190574840514,0.08641453251721487,-0.08641453251721487,False,False
NASDAQ,Nasdaq Composite monthly average,True,FIRST_HIKE,T03_1987,B02,1987,1987-01-05,0.3333333333333333,1,0.16001084679920696,0.0,0.0,False,True
NASDAQ,Nasdaq Composite monthly average,True,FIRST_HIKE,T03_1987,B02,1987,1987-01-05,0.3333333333333333,2,0.21774733711820948,0.0,0.0,False,False
NASDAQ,Nasdaq Composite monthly average,True,FIRST_HIKE,T03_1987,B02,1987,1987-01-05,0.3333333333333333,3,0.19116928955728096,0.02182558462728823,0.0,False,True
NASDAQ,Nasdaq Composite monthly average,True,FIRST_HIKE,T03_1987,B02,1987,1987-01-05,0.3333333333333333,4,0.17387692792385523,0.03602587158857862,0.0,False,True
NASDAQ,Nasdaq Composite monthly average,True,FIRST_HIKE,T03_1987,B02,1987,1987-01-05,0.3333333333333333,5,0.19377403701460127,0.03602587158857862,0.0,False,False
NASDAQ,Nasdaq Composite monthly average,True,FIRST_HIKE,T03_1987,B02,1987,1987-01-05,0.3333333333333333,6,0.20873765891804474,0.03602587158857862,0.0,False,False
NASDAQ,Nasdaq Composite monthly average,True,FIRST_HIKE,T03_1987,B02,1987,1987-01-05,0.3333333333333333,7,0.26333550990229115,0.03602587158857862,0.0,False,False
NASDAQ,Nasdaq Composite monthly average,True,FIRST_HIKE,T03_1987,B02,1987,1987-01-05,0.3333333333333333,8,0.24759627567035625,0.03602587158857862,0.0,False,False
NASDAQ,Nasdaq Composite monthly average,True,FIRST_HIKE,T03_1987,B02,1987,1987-01-05,0.3333333333333333,9,0.08489844741536867,0.141242814033402,0.0,False,True
NASDAQ,Nasdaq Composite monthly average,True,FIRST_HIKE,T03_1987,B02,1987,1987-01-05,0.3333333333333333,10,-0.10190528759891737,0.289108312588678,-0.10190528759891737,True,True
NASDAQ,Nasdaq Composite monthly average,True,FIRST_HIKE,T03_1987,B02,1987,1987-01-05,0.3333333333333333,11,-0.11378064539264121,0.2985083157554079,-0.11378064539264121,True,True
NASDAQ,Nasdaq Composite monthly average,True,FIRST_HIKE,T03_1987,B02,1987,1987-01-05,0.3333333333333333,12,-0.0440727587544999,0.2985083157554079,-0.11378064539264121,False,False
NASDAQ,Nasdaq Composite monthly average,True,FIRST_HIKE,T04_1987,B02,1987,1987-08-27,0.3333333333333333,1,0.032148098030712724,0.0,0.0,False,True
NASDAQ,Nasdaq Composite monthly average,True,FIRST_HIKE,T04_1987,B02,1987,1987-08-27,0.3333333333333333,2,-0.10245334096194691,0.13040903650306834,-0.10245334096194691,True,True
NASDAQ,Nasdaq Composite monthly average,True,FIRST_HIKE,T04_1987,B02,1987,1987-08-27,0.3333333333333333,3,-0.25699782266651827,0.2801399539939152,-0.25699782266651827,True,True
NASDAQ,Nasdaq Composite monthly average,True,FIRST_HIKE,T04_1987,B02,1987,1987-08-27,0.3333333333333333,4,-0.2668224175288588,0.2896585442825429,-0.2668224175288588,True,True
NASDAQ,Nasdaq Composite monthly average,True,FIRST_HIKE,T04_1987,B02,1987,1987-08-27,0.3333333333333333,5,-0.20915242923666189,0.2896585442825429,-0.2668224175288588,False,False
NASDAQ,Nasdaq Composite monthly average,True,FIRST_HIKE,T04_1987,B02,1987,1987-08-27,0.3333333333333333,6,-0.17582195663345046,0.2896585442825429,-0.2668224175288588,False,False
NASDAQ,Nasdaq Composite monthly average,True,FIRST_HIKE,T04_1987,B02,1987,1987-08-27,0.3333333333333333,7,-0.12462220281286696,0.2896585442825429,-0.2668224175288588,False,False
NASDAQ,Nasdaq Composite monthly average,True,FIRST_HIKE,T04_1987,B02,1987,1987-08-27,0.3333333333333333,8,-0.12067714541515018,0.2896585442825429,-0.2668224175288588,False,False
NASDAQ,Nasdaq Composite monthly average,True,FIRST_HIKE,T04_1987,B02,1987,1987-08-27,0.3333333333333333,9,-0.13315841002940687,0.2896585442825429,-0.2668224175288588,False,False
NASDAQ,Nasdaq Composite monthly average,True,FIRST_HIKE,T04_1987,B02,1987,1987-08-27,0.3333333333333333,10,-0.1002897813660516,0.2896585442825429,-0.2668224175288588,False,False
NASDAQ,Nasdaq Composite monthly average,True,FIRST_HIKE,T04_1987,B02,1987,1987-08-27,0.3333333333333333,11,-0.08765669119477859,0.2896585442825429,-0.2668224175288588,False,False
NASDAQ,Nasdaq Composite monthly average,True,FIRST_HIKE,T04_1987,B02,1987,1987-08-27,0.3333333333333333,12,-0.11515037605241807,0.2896585442825429,-0.2668224175288588,False,False
NASDAQ,Nasdaq Composite monthly average,True,FIRST_HIKE,T05_1988,B02,1988,1988-03-30,0.3333333333333333,1,0.0669088574515384,0.0,0.0,False,True
NASDAQ,Nasdaq Composite monthly average,True,FIRST_HIKE,T05_1988,B02,1988,1988-03-30,0.3333333333333333,2,0.051764963829628696,0.014194177427754306,0.0,False,True
NASDAQ,Nasdaq Composite monthly average,True,FIRST_HIKE,T05_1988,B02,1988,1988-03-30,0.3333333333333333,3,0.09164545922489009,0.014194177427754306,0.0,False,False
NASDAQ,Nasdaq Composite monthly average,True,FIRST_HIKE,T05_1988,B02,1988,1988-03-30,0.3333333333333333,4,0.10697356735996033,0.014194177427754306,0.0,False,False
NASDAQ,Nasdaq Composite monthly average,True,FIRST_HIKE,T05_1988,B02,1988,1988-03-30,0.3333333333333333,5,0.07361465288884061,0.030135240311724765,0.0,False,True
NASDAQ,Nasdaq Composite monthly average,True,FIRST_HIKE,T05_1988,B02,1988,1988-03-30,0.3333333333333333,6,0.08082704994843204,0.030135240311724765,0.0,False,False
NASDAQ,Nasdaq Composite monthly average,True,FIRST_HIKE,T05_1988,B02,1988,1988-03-30,0.3333333333333333,7,0.08889289330380135,0.030135240311724765,0.0,False,False
NASDAQ,Nasdaq Composite monthly average,True,FIRST_HIKE,T05_1988,B02,1988,1988-03-30,0.3333333333333333,8,0.054622823171771584,0.04729177437636645,0.0,False,True
NASDAQ,Nasdaq Composite monthly average,True,FIRST_HIKE,T05_1988,B02,1988,1988-03-30,0.3333333333333333,9,0.06280044896135273,0.04729177437636645,0.0,False,False
NASDAQ,Nasdaq Composite monthly average,True,FIRST_HIKE,T05_1988,B02,1988,1988-03-30,0.3333333333333333,10,0.10108929961975122,0.04729177437636645,0.0,False,False
NASDAQ,Nasdaq Composite monthly average,True,FIRST_HIKE,T05_1988,B02,1988,1988-03-30,0.3333333333333333,11,0.14283723892085476,0.04729177437636645,0.0,False,False
NASDAQ,Nasdaq Composite monthly average,True,FIRST_HIKE,T05_1988,B02,1988,1988-03-30,0.3333333333333333,12,0.14259345629792897,0.04729177437636645,0.0,False,False
NASDAQ,Nasdaq Composite monthly average,True,FIRST_HIKE,T06_1994,B03,1994,1994-02-04,1.0,1,-0.0023399690012059216,0.0023399690012059216,-0.0023399690012059216,True,True
NASDAQ,Nasdaq Composite monthly average,True,FIRST_HIKE,T06_1994,B03,1994,1994-02-04,1.0,2,-0.07041828054917076,0.07041828054917076,-0.07041828054917076,True,True
NASDAQ,Nasdaq Composite monthly average,True,FIRST_HIKE,T06_1994,B03,1994,1994-02-04,1.0,3,-0.0761699411357214,0.0761699411357214,-0.0761699411357214,True,True
NASDAQ,Nasdaq Composite monthly average,True,FIRST_HIKE,T06_1994,B03,1994,1994-02-04,1.0,4,-0.08195176643941493,0.08195176643941493,-0.08195176643941493,True,True
NASDAQ,Nasdaq Composite monthly average,True,FIRST_HIKE,T06_1994,B03,1994,1994-02-04,1.0,5,-0.09428983856752704,0.09428983856752704,-0.09428983856752704,True,True
NASDAQ,Nasdaq Composite monthly average,True,FIRST_HIKE,T06_1994,B03,1994,1994-02-04,1.0,6,-0.06207501430646856,0.09428983856752704,-0.09428983856752704,False,False
NASDAQ,Nasdaq Composite monthly average,True,FIRST_HIKE,T06_1994,B03,1994,1994-02-04,1.0,7,-0.0302506053868854,0.09428983856752704,-0.09428983856752704,False,False
NASDAQ,Nasdaq Composite monthly average,True,FIRST_HIKE,T06_1994,B03,1994,1994-02-04,1.0,8,-0.03212993422046828,0.09428983856752704,-0.09428983856752704,False,False
NASDAQ,Nasdaq Composite monthly average,True,FIRST_HIKE,T06_1994,B03,1994,1994-02-04,1.0,9,-0.03471771380765687,0.09428983856752704,-0.09428983856752704,False,False
NASDAQ,Nasdaq Composite monthly average,True,FIRST_HIKE,T06_1994,B03,1994,1994-02-04,1.0,10,-0.06699574566859734,0.09428983856752704,-0.09428983856752704,False,False
NASDAQ,Nasdaq Composite monthly average,True,FIRST_HIKE,T06_1994,B03,1994,1994-02-04,1.0,11,-0.03777275656253887,0.09428983856752704,-0.09428983856752704,False,False
NASDAQ,Nasdaq Composite monthly average,True,FIRST_HIKE,T06_1994,B03,1994,1994-02-04,1.0,12,-0.004474521256481401,0.09428983856752704,-0.09428983856752704,False,False
NASDAQ,Nasdaq Composite monthly average,True,FIRST_HIKE,T07_1999,B04,1999,1999-06-30,1.0,1,0.0910090203649252,0.0,0.0,False,True
NASDAQ,Nasdaq Composite monthly average,True,FIRST_HIKE,T07_1999,B04,1999,1999-06-30,1.0,2,0.05168126614479873,0.03604713937834525,0.0,False,True
NASDAQ,Nasdaq Composite monthly average,True,FIRST_HIKE,T07_1999,B04,1999,1999-06-30,1.0,3,0.11754845753759224,0.03604713937834525,0.0,False,False
NASDAQ,Nasdaq Composite monthly average,True,FIRST_HIKE,T07_1999,B04,1999,1999-06-30,1.0,4,0.12046576016694543,0.03604713937834525,0.0,False,False
NASDAQ,Nasdaq Composite monthly average,True,FIRST_HIKE,T07_1999,B04,1999,1999-06-30,1.0,5,0.28574186107533084,0.03604713937834525,0.0,False,False
NASDAQ,Nasdaq Composite monthly average,True,FIRST_HIKE,T07_1999,B04,1999,1999-06-30,1.0,6,0.4884526301945342,0.03604713937834525,0.0,False,False
NASDAQ,Nasdaq Composite monthly average,True,FIRST_HIKE,T07_1999,B04,1999,1999-06-30,1.0,7,0.597350149944579,0.03604713937834525,0.0,False,False
NASDAQ,Nasdaq Composite monthly average,True,FIRST_HIKE,T07_1999,B04,1999,1999-06-30,1.0,8,0.7555041699915823,0.03604713937834525,0.0,False,False
NASDAQ,Nasdaq Composite monthly average,True,FIRST_HIKE,T07_1999,B04,1999,1999-06-30,1.0,9,0.9115648406804777,0.03604713937834525,0.0,False,False
NASDAQ,Nasdaq Composite monthly average,True,FIRST_HIKE,T07_1999,B04,1999,1999-06-30,1.0,10,0.5377079745924243,0.19557634568909943,0.0,False,True
NASDAQ,Nasdaq Composite monthly average,True,FIRST_HIKE,T07_1999,B04,1999,1999-06-30,1.0,11,0.40429190465706477,0.265370509662039,0.0,False,True
NASDAQ,Nasdaq Composite monthly average,True,FIRST_HIKE,T07_1999,B04,1999,1999-06-30,1.0,12,0.5384400662191153,0.265370509662039,0.0,False,False
NASDAQ,Nasdaq Composite monthly average,True,FIRST_HIKE,T08_2004,B05,2004,2004-06-30,1.0,1,-0.00906430048871254,0.00906430048871254,-0.00906430048871254,True,True
NASDAQ,Nasdaq Composite monthly average,True,FIRST_HIKE,T08_2004,B05,2004,2004-06-30,1.0,2,-0.05612120725443448,0.05612120725443448,-0.05612120725443448,True,True
NASDAQ,Nasdaq Composite monthly average,True,FIRST_HIKE,T08_2004,B05,2004,2004-06-30,1.0,3,-0.02356575039316744,0.05612120725443448,-0.05612120725443448,False,False
NASDAQ,Nasdaq Composite monthly average,True,FIRST_HIKE,T08_2004,B05,2004,2004-06-30,1.0,4,0.004162681642033261,0.05612120725443448,-0.05612120725443448,False,False
NASDAQ,Nasdaq Composite monthly average,True,FIRST_HIKE,T08_2004,B05,2004,2004-06-30,1.0,5,0.06872412046828913,0.05612120725443448,-0.05612120725443448,False,False
NASDAQ,Nasdaq Composite monthly average,True,FIRST_HIKE,T08_2004,B05,2004,2004-06-30,1.0,6,0.1136213217610782,0.05612120725443448,-0.05612120725443448,False,False
NASDAQ,Nasdaq Composite monthly average,True,FIRST_HIKE,T08_2004,B05,2004,2004-06-30,1.0,7,0.07338758455977112,0.05612120725443448,-0.05612120725443448,False,False
NASDAQ,Nasdaq Composite monthly average,True,FIRST_HIKE,T08_2004,B05,2004,2004-06-30,1.0,8,0.07020881816359226,0.05612120725443448,-0.05612120725443448,False,False
NASDAQ,Nasdaq Composite monthly average,True,FIRST_HIKE,T08_2004,B05,2004,2004-06-30,1.0,9,0.05191960821183961,0.05612120725443448,-0.05612120725443448,False,False
NASDAQ,Nasdaq Composite monthly average,True,FIRST_HIKE,T08_2004,B05,2004,2004-06-30,1.0,10,0.014130716949181554,0.08933970899063093,-0.05612120725443448,False,True
NASDAQ,Nasdaq Composite monthly average,True,FIRST_HIKE,T08_2004,B05,2004,2004-06-30,1.0,11,0.038855539780953574,0.08933970899063093,-0.05612120725443448,False,False
NASDAQ,Nasdaq Composite monthly average,True,FIRST_HIKE,T08_2004,B05,2004,2004-06-30,1.0,12,0.07452893026539509,0.08933970899063093,-0.05612120725443448,False,False
NASDAQ,Nasdaq Composite monthly average,True,FIRST_HIKE,T09_2015,B06,2015,2015-12-16,1.0,1,-0.09282687521340272,0.09282687521340272,-0.09282687521340272,True,True
NASDAQ,Nasdaq Composite monthly average,True,FIRST_HIKE,T09_2015,B06,2015,2015-12-16,1.0,2,-0.12184959884466473,0.12184959884466473,-0.12184959884466473,True,True
NASDAQ,Nasdaq Composite monthly average,True,FIRST_HIKE,T09_2015,B06,2015,2015-12-16,1.0,3,-0.06454066405035486,0.12184959884466473,-0.12184959884466473,False,False
NASDAQ,Nasdaq Composite monthly average,True,FIRST_HIKE,T09_2015,B06,2015,2015-12-16,1.0,4,-0.03744962032824861,0.12184959884466473,-0.12184959884466473,False,False
NASDAQ,Nasdaq Composite monthly average,True,FIRST_HIKE,T09_2015,B06,2015,2015-12-16,1.0,5,-0.057899031512449683,0.12184959884466473,-0.12184959884466473,False,False
NASDAQ,Nasdaq Composite monthly average,True,FIRST_HIKE,T09_2015,B06,2015,2015-12-16,1.0,6,-0.044520392202613945,0.12184959884466473,-0.12184959884466473,False,False
NASDAQ,Nasdaq Composite monthly average,True,FIRST_HIKE,T09_2015,B06,2015,2015-12-16,1.0,7,-0.011513706571018356,0.12184959884466473,-0.12184959884466473,False,False
NASDAQ,Nasdaq Composite monthly average,True,FIRST_HIKE,T09_2015,B06,2015,2015-12-16,1.0,8,0.026469367899519147,0.12184959884466473,-0.12184959884466473,False,False
NASDAQ,Nasdaq Composite monthly average,True,FIRST_HIKE,T09_2015,B06,2015,2015-12-16,1.0,9,0.03377206737310012,0.12184959884466473,-0.12184959884466473,False,False
NASDAQ,Nasdaq Composite monthly average,True,FIRST_HIKE,T09_2015,B06,2015,2015-12-16,1.0,10,0.034133062788209934,0.12184959884466473,-0.12184959884466473,False,False
NASDAQ,Nasdaq Composite monthly average,True,FIRST_HIKE,T09_2015,B06,2015,2015-12-16,1.0,11,0.035033443255172436,0.12184959884466473,-0.12184959884466473,False,False
NASDAQ,Nasdaq Composite monthly average,True,FIRST_HIKE,T09_2015,B06,2015,2015-12-16,1.0,12,0.06504843655748016,0.12184959884466473,-0.12184959884466473,False,False
NASDAQ,Nasdaq Composite monthly average,True,FIRST_HIKE,T10_2022,B07,2022,2022-03-16,1.0,1,-0.03630299159514172,0.03630299159514172,-0.03630299159514172,True,True
NASDAQ,Nasdaq Composite monthly average,True,FIRST_HIKE,T10_2022,B07,2022,2022-03-16,1.0,2,-0.14886245954048294,0.14886245954048294,-0.14886245954048294,True,True
NASDAQ,Nasdaq Composite monthly average,True,FIRST_HIKE,T10_2022,B07,2022,2022-03-16,1.0,3,-0.17841987398482995,0.17841987398482995,-0.17841987398482995,True,True
NASDAQ,Nasdaq Composite monthly average,True,FIRST_HIKE,T10_2022,B07,2022,2022-03-16,1.0,4,-0.16376296104937138,0.17841987398482995,-0.17841987398482995,False,False
NASDAQ,Nasdaq Composite monthly average,True,FIRST_HIKE,T10_2022,B07,2022,2022-03-16,1.0,5,-0.0955819803096355,0.17841987398482995,-0.17841987398482995,False,False
NASDAQ,Nasdaq Composite monthly average,True,FIRST_HIKE,T10_2022,B07,2022,2022-03-16,1.0,6,-0.1795760263415237,0.1795760263415237,-0.1795760263415237,True,True
NASDAQ,Nasdaq Composite monthly average,True,FIRST_HIKE,T10_2022,B07,2022,2022-03-16,1.0,7,-0.22284298545231773,0.22284298545231773,-0.22284298545231773,True,True
NASDAQ,Nasdaq Composite monthly average,True,FIRST_HIKE,T10_2022,B07,2022,2022-03-16,1.0,8,-0.21045740568495852,0.22284298545231773,-0.22284298545231773,False,False
NASDAQ,Nasdaq Composite monthly average,True,FIRST_HIKE,T10_2022,B07,2022,2022-03-16,1.0,9,-0.22014479411888432,0.22284298545231773,-0.22284298545231773,False,False
NASDAQ,Nasdaq Composite monthly average,True,FIRST_HIKE,T10_2022,B07,2022,2022-03-16,1.0,10,-0.20755405341132305,0.22284298545231773,-0.22284298545231773,False,False
NASDAQ,Nasdaq Composite monthly average,True,FIRST_HIKE,T10_2022,B07,2022,2022-03-16,1.0,11,-0.15207536592518267,0.22284298545231773,-0.22284298545231773,False,False
NASDAQ,Nasdaq Composite monthly average,True,FIRST_HIKE,T10_2022,B07,2022,2022-03-16,1.0,12,-0.16272252961744704,0.22284298545231773,-0.22284298545231773,False,False
WTI,WTI spot monthly average,True,FIRST_HIKE,T03_1987,B02,1987,1987-01-05,0.3333333333333333,1,0.11236472695769661,0.0,0.0,False,True
WTI,WTI spot monthly average,True,FIRST_HIKE,T03_1987,B02,1987,1987-01-05,0.3333333333333333,2,0.15567596141139162,0.0,0.0,False,False
WTI,WTI spot monthly average,True,FIRST_HIKE,T03_1987,B02,1987,1987-01-05,0.3333333333333333,3,0.17193240385886077,0.0,0.0,False,False
WTI,WTI spot monthly average,True,FIRST_HIKE,T03_1987,B02,1987,1987-01-05,0.3333333333333333,4,0.219737015990485,0.0,0.0,False,False
WTI,WTI spot monthly average,True,FIRST_HIKE,T03_1987,B02,1987,1987-01-05,0.3333333333333333,5,0.2616343993656667,0.0,0.0,False,False
WTI,WTI spot monthly average,True,FIRST_HIKE,T03_1987,B02,1987,1987-01-05,0.3333333333333333,6,0.34138694330646224,0.0,0.0,False,False
WTI,WTI spot monthly average,True,FIRST_HIKE,T03_1987,B02,1987,1987-01-05,0.3333333333333333,7,0.2749705802765141,0.04951320225783218,0.0,False,True
WTI,WTI spot monthly average,True,FIRST_HIKE,T03_1987,B02,1987,1987-01-05,0.3333333333333333,8,0.2259481961147085,0.08605924470026682,0.0,False,True
WTI,WTI spot monthly average,True,FIRST_HIKE,T03_1987,B02,1987,1987-01-05,0.3333333333333333,9,0.24630444222092174,0.08605924470026682,0.0,False,False
WTI,WTI spot monthly average,True,FIRST_HIKE,T03_1987,B02,1987,1987-01-05,0.3333333333333333,10,0.18351394211708727,0.11769385558519352,0.0,False,True
WTI,WTI spot monthly average,True,FIRST_HIKE,T03_1987,B02,1987,1987-01-05,0.3333333333333333,11,0.0730970001321527,0.20000935935233288,0.0,False,True
WTI,WTI spot monthly average,True,FIRST_HIKE,T03_1987,B02,1987,1987-01-05,0.3333333333333333,12,0.07526265362759355,0.20000935935233288,0.0,False,False
WTI,WTI spot monthly average,True,FIRST_HIKE,T04_1987,B02,1987,1987-08-27,0.3333333333333333,1,-0.08605924470026682,0.08605924470026682,-0.08605924470026682,True,True
WTI,WTI spot monthly average,True,FIRST_HIKE,T04_1987,B02,1987,1987-08-27,0.3333333333333333,2,-0.07088372341776794,0.08605924470026682,-0.08605924470026682,False,False
WTI,WTI spot monthly average,True,FIRST_HIKE,T04_1987,B02,1987,1987-08-27,0.3333333333333333,3,-0.11769385558519352,0.11769385558519352,-0.11769385558519352,True,True
WTI,WTI spot monthly average,True,FIRST_HIKE,T04_1987,B02,1987,1987-08-27,0.3333333333333333,4,-0.20000935935233288,0.20000935935233288,-0.20000935935233288,True,True
WTI,WTI spot monthly average,True,FIRST_HIKE,T04_1987,B02,1987,1987-08-27,0.3333333333333333,5,-0.1983948710749216,0.20000935935233288,-0.20000935935233288,False,False
WTI,WTI spot monthly average,True,FIRST_HIKE,T04_1987,B02,1987,1987-08-27,0.3333333333333333,6,-0.2140149615932292,0.2140149615932292,-0.2140149615932292,True,True
WTI,WTI spot monthly average,True,FIRST_HIKE,T04_1987,B02,1987,1987-08-27,0.3333333333333333,7,-0.240212031872849,0.240212031872849,-0.240212031872849,True,True
WTI,WTI spot monthly average,True,FIRST_HIKE,T04_1987,B02,1987,1987-08-27,0.3333333333333333,8,-0.16409284477514152,0.240212031872849,-0.240212031872849,False,False
WTI,WTI spot monthly average,True,FIRST_HIKE,T04_1987,B02,1987,1987-08-27,0.3333333333333333,9,-0.18463024176908782,0.240212031872849,-0.240212031872849,False,False
WTI,WTI spot monthly average,True,FIRST_HIKE,T04_1987,B02,1987,1987-08-27,0.3333333333333333,10,-0.22476484627263793,0.240212031872849,-0.240212031872849,False,False
WTI,WTI spot monthly average,True,FIRST_HIKE,T04_1987,B02,1987,1987-08-27,0.3333333333333333,11,-0.27476718611072115,0.27476718611072115,-0.27476718611072115,True,True
WTI,WTI spot monthly average,True,FIRST_HIKE,T04_1987,B02,1987,1987-08-27,0.3333333333333333,12,-0.27355148762836035,0.27476718611072115,-0.27476718611072115,False,False
WTI,WTI spot monthly average,True,FIRST_HIKE,T05_1988,B02,1988,1988-03-30,0.3333333333333333,1,0.06351535255592422,0.0,0.0,False,True
WTI,WTI spot monthly average,True,FIRST_HIKE,T05_1988,B02,1988,1988-03-30,0.3333333333333333,2,0.03738585136901018,0.024568992938482248,0.0,False,True
WTI,WTI spot monthly average,True,FIRST_HIKE,T05_1988,B02,1988,1988-03-30,0.3333333333333333,3,-0.013676958407757178,0.07258222533240033,-0.013676958407757178,True,True
WTI,WTI spot monthly average,True,FIRST_HIKE,T05_1988,B02,1988,1988-03-30,0.3333333333333333,4,-0.0772943778174705,0.13240027991602532,-0.0772943778174705,True,True
WTI,WTI spot monthly average,True,FIRST_HIKE,T05_1988,B02,1988,1988-03-30,0.3333333333333333,5,-0.07574765819437812,0.13240027991602532,-0.0772943778174705,False,False
WTI,WTI spot monthly average,True,FIRST_HIKE,T05_1988,B02,1988,1988-03-30,0.3333333333333333,6,-0.13457360025362086,0.18625866785418932,-0.13457360025362086,True,True
WTI,WTI spot monthly average,True,FIRST_HIKE,T05_1988,B02,1988,1988-03-30,0.3333333333333333,7,-0.180119645034164,0.22908460795094798,-0.180119645034164,True,True
WTI,WTI spot monthly average,True,FIRST_HIKE,T05_1988,B02,1988,1988-03-30,0.3333333333333333,8,-0.15774999291202407,0.22908460795094798,-0.180119645034164,False,False
WTI,WTI spot monthly average,True,FIRST_HIKE,T05_1988,B02,1988,1988-03-30,0.3333333333333333,9,-0.02460945252473712,0.22908460795094798,-0.180119645034164,False,False
WTI,WTI spot monthly average,True,FIRST_HIKE,T05_1988,B02,1988,1988-03-30,0.3333333333333333,10,0.07060049332312657,0.22908460795094798,-0.180119645034164,False,False
WTI,WTI spot monthly average,True,FIRST_HIKE,T05_1988,B02,1988,1988-03-30,0.3333333333333333,11,0.07213196866169547,0.22908460795094798,-0.180119645034164,False,False
WTI,WTI spot monthly average,True,FIRST_HIKE,T05_1988,B02,1988,1988-03-30,0.3333333333333333,12,0.1600632505199997,0.22908460795094798,-0.180119645034164,False,False
WTI,WTI spot monthly average,True,FIRST_HIKE,T06_1994,B03,1994,1994-02-04,1.0,1,-0.020770931673122384,0.020770931673122384,-0.020770931673122384,True,True
WTI,WTI spot monthly average,True,FIRST_HIKE,T06_1994,B03,1994,1994-02-04,1.0,2,0.10110031264390096,0.020770931673122384,-0.020770931673122384,False,False
WTI,WTI spot monthly average,True,FIRST_HIKE,T06_1994,B03,1994,1994-02-04,1.0,3,0.19813882964542784,0.020770931673122384,-0.020770931673122384,False,False
WTI,WTI spot monthly average,True,FIRST_HIKE,T06_1994,B03,1994,1994-02-04,1.0,4,0.27464255145996175,0.020770931673122384,-0.020770931673122384,False,False
WTI,WTI spot monthly average,True,FIRST_HIKE,T06_1994,B03,1994,1994-02-04,1.0,5,0.30995067981871527,0.020770931673122384,-0.020770931673122384,False,False
WTI,WTI spot monthly average,True,FIRST_HIKE,T06_1994,B03,1994,1994-02-04,1.0,6,0.22755144082790046,0.06290255065344752,-0.020770931673122384,False,True
WTI,WTI spot monthly average,True,FIRST_HIKE,T06_1994,B03,1994,1994-02-04,1.0,7,0.16502266062383364,0.11063624106438741,-0.020770931673122384,False,True
WTI,WTI spot monthly average,True,FIRST_HIKE,T06_1994,B03,1994,1994-02-04,1.0,8,0.18333150375586116,0.11063624106438741,-0.020770931673122384,False,False
WTI,WTI spot monthly average,True,FIRST_HIKE,T06_1994,B03,1994,1994-02-04,1.0,9,0.2065802060626969,0.11063624106438741,-0.020770931673122384,False,False
WTI,WTI spot monthly average,True,FIRST_HIKE,T06_1994,B03,1994,1994-02-04,1.0,10,0.14143635771201768,0.1286417303359989,-0.020770931673122384,False,True
WTI,WTI spot monthly average,True,FIRST_HIKE,T06_1994,B03,1994,1994-02-04,1.0,11,0.20798898071625338,0.1286417303359989,-0.020770931673122384,False,False
WTI,WTI spot monthly average,True,FIRST_HIKE,T06_1994,B03,1994,1994-02-04,1.0,12,0.23718860155810306,0.1286417303359989,-0.020770931673122384,False,False
WTI,WTI spot monthly average,True,FIRST_HIKE,T07_1999,B04,1999,1999-06-30,1.0,1,0.13750468340202326,0.0,0.0,False,True
WTI,WTI spot monthly average,True,FIRST_HIKE,T07_1999,B04,1999,1999-06-30,1.0,2,0.1879449231922068,0.0,0.0,False,False
WTI,WTI spot monthly average,True,FIRST_HIKE,T07_1999,B04,1999,1999-06-30,1.0,3,0.35918571250156117,0.0,0.0,False,False
WTI,WTI spot monthly average,True,FIRST_HIKE,T07_1999,B04,1999,1999-06-30,1.0,4,0.26283252154364933,0.07089037949094923,0.0,False,True
WTI,WTI spot monthly average,True,FIRST_HIKE,T07_1999,B04,1999,1999-06-30,1.0,5,0.4227863119770203,0.07089037949094923,0.0,False,False
WTI,WTI spot monthly average,True,FIRST_HIKE,T07_1999,B04,1999,1999-06-30,1.0,6,0.4677157487198702,0.07089037949094923,0.0,False,False
WTI,WTI spot monthly average,True,FIRST_HIKE,T07_1999,B04,1999,1999-06-30,1.0,7,0.532761774623675,0.07089037949094923,0.0,False,False
WTI,WTI spot monthly average,True,FIRST_HIKE,T07_1999,B04,1999,1999-06-30,1.0,8,0.653250773993808,0.07089037949094923,0.0,False,False
WTI,WTI spot monthly average,True,FIRST_HIKE,T07_1999,B04,1999,1999-06-30,1.0,9,0.702997377294867,0.07089037949094923,0.0,False,False
WTI,WTI spot monthly average,True,FIRST_HIKE,T07_1999,B04,1999,1999-06-30,1.0,10,0.44363387917924757,0.15229823696358613,0.0,False,True
WTI,WTI spot monthly average,True,FIRST_HIKE,T07_1999,B04,1999,1999-06-30,1.0,11,0.6237756248996416,0.15229823696358613,0.0,False,False
WTI,WTI spot monthly average,True,FIRST_HIKE,T07_1999,B04,1999,1999-06-30,1.0,12,0.7860354332815929,0.15229823696358613,0.0,False,False
WTI,WTI spot monthly average,True,FIRST_HIKE,T08_2004,B05,2004,2004-06-30,1.0,1,0.01099677456808923,0.0,0.0,False,True
WTI,WTI spot monthly average,True,FIRST_HIKE,T08_2004,B05,2004,2004-06-30,1.0,2,0.11999060366773895,0.0,0.0,False,False
WTI,WTI spot monthly average,True,FIRST_HIKE,T08_2004,B05,2004,2004-06-30,1.0,3,0.15046669382405553,0.0,0.0,False,False
WTI,WTI spot monthly average,True,FIRST_HIKE,T08_2004,B05,2004,2004-06-30,1.0,4,0.31750703504865907,0.0,0.0,False,False
WTI,WTI spot monthly average,True,FIRST_HIKE,T08_2004,B05,2004,2004-06-30,1.0,5,0.2038137177129251,0.08629427723058425,0.0,False,True
WTI,WTI spot monthly average,True,FIRST_HIKE,T08_2004,B05,2004,2004-06-30,1.0,6,0.06993027635595062,0.18791304494519445,0.0,False,True
WTI,WTI spot monthly average,True,FIRST_HIKE,T08_2004,B05,2004,2004-06-30,1.0,7,0.16185648407517417,0.18791304494519445,0.0,False,False
WTI,WTI spot monthly average,True,FIRST_HIKE,T08_2004,B05,2004,2004-06-30,1.0,8,0.18537515571220253,0.18791304494519445,0.0,False,False
WTI,WTI spot monthly average,True,FIRST_HIKE,T08_2004,B05,2004,2004-06-30,1.0,9,0.3453198714715977,0.18791304494519445,0.0,False,False
WTI,WTI spot monthly average,True,FIRST_HIKE,T08_2004,B05,2004,2004-06-30,1.0,10,0.304557570712527,0.18791304494519445,0.0,False,False
WTI,WTI spot monthly average,True,FIRST_HIKE,T08_2004,B05,2004,2004-06-30,1.0,11,0.24028975753174753,0.18791304494519445,0.0,False,False
WTI,WTI spot monthly average,True,FIRST_HIKE,T08_2004,B05,2004,2004-06-30,1.0,12,0.39549817081210414,0.18791304494519445,0.0,False,False
WTI,WTI spot monthly average,True,FIRST_HIKE,T09_2015,B06,2015,2015-12-16,1.0,1,-0.25352155466121207,0.25352155466121207,-0.25352155466121207,True,True
WTI,WTI spot monthly average,True,FIRST_HIKE,T09_2015,B06,2015,2015-12-16,1.0,2,-0.2855678725835522,0.2855678725835522,-0.2855678725835522,True,True
WTI,WTI spot monthly average,True,FIRST_HIKE,T09_2015,B06,2015,2015-12-16,1.0,3,-0.11538012566438594,0.2855678725835522,-0.2855678725835522,False,False
WTI,WTI spot monthly average,True,FIRST_HIKE,T09_2015,B06,2015,2015-12-16,1.0,4,-0.03977668912228971,0.2855678725835522,-0.2855678725835522,False,False
WTI,WTI spot monthly average,True,FIRST_HIKE,T09_2015,B06,2015,2015-12-16,1.0,5,0.10057796723599499,0.2855678725835522,-0.2855678725835522,False,False
WTI,WTI spot monthly average,True,FIRST_HIKE,T09_2015,B06,2015,2015-12-16,1.0,6,0.14875711775119216,0.2855678725835522,-0.2855678725835522,False,False
WTI,WTI spot monthly average,True,FIRST_HIKE,T09_2015,B06,2015,2015-12-16,1.0,7,0.05202209996819307,0.2855678725835522,-0.2855678725835522,False,False
WTI,WTI spot monthly average,True,FIRST_HIKE,T09_2015,B06,2015,2015-12-16,1.0,8,0.05373844819788576,0.2855678725835522,-0.2855678725835522,False,False
WTI,WTI spot monthly average,True,FIRST_HIKE,T09_2015,B06,2015,2015-12-16,1.0,9,0.0645300447036874,0.2855678725835522,-0.2855678725835522,False,False
WTI,WTI spot monthly average,True,FIRST_HIKE,T09_2015,B06,2015,2015-12-16,1.0,10,0.17274112868255664,0.2855678725835522,-0.2855678725835522,False,False
WTI,WTI spot monthly average,True,FIRST_HIKE,T09_2015,B06,2015,2015-12-16,1.0,11,0.07580553867971251,0.2855678725835522,-0.2855678725835522,False,False
WTI,WTI spot monthly average,True,FIRST_HIKE,T09_2015,B06,2015,2015-12-16,1.0,12,0.22446254881138916,0.2855678725835522,-0.2855678725835522,False,False
WTI,WTI spot monthly average,True,FIRST_HIKE,T10_2022,B07,2022,2022-03-16,1.0,1,0.11061033322229763,0.0,0.0,False,True
WTI,WTI spot monthly average,True,FIRST_HIKE,T10_2022,B07,2022,2022-03-16,1.0,2,0.19545092299201583,0.0,0.0,False,False
WTI,WTI spot monthly average,True,FIRST_HIKE,T10_2022,B07,2022,2022-03-16,1.0,3,0.25311898499047447,0.0,0.0,False,False
WTI,WTI spot monthly average,True,FIRST_HIKE,T10_2022,B07,2022,2022-03-16,1.0,4,0.10888075902548855,0.11510337620978772,0.0,False,True
WTI,WTI spot monthly average,True,FIRST_HIKE,T10_2022,B07,2022,2022-03-16,1.0,5,0.022087969328146828,0.18436478772531228,0.0,False,True
WTI,WTI spot monthly average,True,FIRST_HIKE,T10_2022,B07,2022,2022-03-16,1.0,6,-0.08056386500889656,0.26628185670805027,-0.08056386500889656,True,True
WTI,WTI spot monthly average,True,FIRST_HIKE,T10_2022,B07,2022,2022-03-16,1.0,7,-0.04459017666727383,0.26628185670805027,-0.08056386500889656,False,False
WTI,WTI spot monthly average,True,FIRST_HIKE,T10_2022,B07,2022,2022-03-16,1.0,8,-0.07933754831835449,0.26628185670805027,-0.08056386500889656,False,False
WTI,WTI spot monthly average,True,FIRST_HIKE,T10_2022,B07,2022,2022-03-16,1.0,9,-0.16590719265916543,0.334386584728684,-0.16590719265916543,True,True
WTI,WTI spot monthly average,True,FIRST_HIKE,T10_2022,B07,2022,2022-03-16,1.0,10,-0.14751088342388485,0.334386584728684,-0.16590719265916543,False,False
WTI,WTI spot monthly average,True,FIRST_HIKE,T10_2022,B07,2022,2022-03-16,1.0,11,-0.16159156434142352,0.334386584728684,-0.16590719265916543,False,False
WTI,WTI spot monthly average,True,FIRST_HIKE,T10_2022,B07,2022,2022-03-16,1.0,12,-0.2003820996955088,0.3618978645427118,-0.2003820996955088,True,True
USD_BROAD,Nominal Broad U.S. Dollar Index monthly average,False,FIRST_HIKE,T09_2015,B06,2015,2015-12-16,1.0,1,0.03171927557486054,0.0,0.0,False,True
USD_BROAD,Nominal Broad U.S. Dollar Index monthly average,False,FIRST_HIKE,T09_2015,B06,2015,2015-12-16,1.0,2,0.023189964416118203,0.008267085204926361,0.0,False,True
USD_BROAD,Nominal Broad U.S. Dollar Index monthly average,False,FIRST_HIKE,T09_2015,B06,2015,2015-12-16,1.0,3,0.0018065884902294105,0.028993048586752668,0.0,False,True
USD_BROAD,Nominal Broad U.S. Dollar Index monthly average,False,FIRST_HIKE,T09_2015,B06,2015,2015-12-16,1.0,4,-0.014992480885080206,0.045275645774780604,-0.014992480885080206,True,True
USD_BROAD,Nominal Broad U.S. Dollar Index monthly average,False,FIRST_HIKE,T09_2015,B06,2015,2015-12-16,1.0,5,-0.004934088048373697,0.045275645774780604,-0.014992480885080206,False,False
USD_BROAD,Nominal Broad U.S. Dollar Index monthly average,False,FIRST_HIKE,T09_2015,B06,2015,2015-12-16,1.0,6,-0.0011816756242173376,0.045275645774780604,-0.014992480885080206,False,False
USD_BROAD,Nominal Broad U.S. Dollar Index monthly average,False,FIRST_HIKE,T09_2015,B06,2015,2015-12-16,1.0,7,0.007034364264083104,0.045275645774780604,-0.014992480885080206,False,False
USD_BROAD,Nominal Broad U.S. Dollar Index monthly average,False,FIRST_HIKE,T09_2015,B06,2015,2015-12-16,1.0,8,-0.0022673230326349936,0.045275645774780604,-0.014992480885080206,False,False
USD_BROAD,Nominal Broad U.S. Dollar Index monthly average,False,FIRST_HIKE,T09_2015,B06,2015,2015-12-16,1.0,9,0.005598015602960471,0.045275645774780604,-0.014992480885080206,False,False
USD_BROAD,Nominal Broad U.S. Dollar Index monthly average,False,FIRST_HIKE,T09_2015,B06,2015,2015-12-16,1.0,10,0.01596435457669476,0.045275645774780604,-0.014992480885080206,False,False
USD_BROAD,Nominal Broad U.S. Dollar Index monthly average,False,FIRST_HIKE,T09_2015,B06,2015,2015-12-16,1.0,11,0.03953658160067253,0.045275645774780604,-0.014992480885080206,False,False
USD_BROAD,Nominal Broad U.S. Dollar Index monthly average,False,FIRST_HIKE,T09_2015,B06,2015,2015-12-16,1.0,12,0.05562833247577603,0.045275645774780604,-0.014992480885080206,False,False
USD_BROAD,Nominal Broad U.S. Dollar Index monthly average,False,FIRST_HIKE,T10_2022,B07,2022,2022-03-16,1.0,1,0.018879093563809235,0.0,0.0,False,True
USD_BROAD,Nominal Broad U.S. Dollar Index monthly average,False,FIRST_HIKE,T10_2022,B07,2022,2022-03-16,1.0,2,0.040856874969132706,0.0,0.0,False,False
USD_BROAD,Nominal Broad U.S. Dollar Index monthly average,False,FIRST_HIKE,T10_2022,B07,2022,2022-03-16,1.0,3,0.04372231425156192,0.0,0.0,False,False
USD_BROAD,Nominal Broad U.S. Dollar Index monthly average,False,FIRST_HIKE,T10_2022,B07,2022,2022-03-16,1.0,4,0.06742269676599144,0.0,0.0,False,False
USD_BROAD,Nominal Broad U.S. Dollar Index monthly average,False,FIRST_HIKE,T10_2022,B07,2022,2022-03-16,1.0,5,0.06365351123111207,0.003531108666041116,0.0,False,True
USD_BROAD,Nominal Broad U.S. Dollar Index monthly average,False,FIRST_HIKE,T10_2022,B07,2022,2022-03-16,1.0,6,0.092148399618464,0.003531108666041116,0.0,False,False
USD_BROAD,Nominal Broad U.S. Dollar Index monthly average,False,FIRST_HIKE,T10_2022,B07,2022,2022-03-16,1.0,7,0.10854876509932398,0.003531108666041116,0.0,False,False
USD_BROAD,Nominal Broad U.S. Dollar Index monthly average,False,FIRST_HIKE,T10_2022,B07,2022,2022-03-16,1.0,8,0.08569714252055571,0.020613998498046016,0.0,False,True
USD_BROAD,Nominal Broad U.S. Dollar Index monthly average,False,FIRST_HIKE,T10_2022,B07,2022,2022-03-16,1.0,9,0.062928074357681,0.04115352628402902,0.0,False,True
USD_BROAD,Nominal Broad U.S. Dollar Index monthly average,False,FIRST_HIKE,T10_2022,B07,2022,2022-03-16,1.0,10,0.04184710766174771,0.06017025099622009,0.0,False,True
USD_BROAD,Nominal Broad U.S. Dollar Index monthly average,False,FIRST_HIKE,T10_2022,B07,2022,2022-03-16,1.0,11,0.04618031173243642,0.06017025099622009,0.0,False,False
USD_BROAD,Nominal Broad U.S. Dollar Index monthly average,False,FIRST_HIKE,T10_2022,B07,2022,2022-03-16,1.0,12,0.04997725027465605,0.06017025099622009,0.0,False,False
GOLD,Gold monthly World Bank/DataHub,True,LAST_HIKE,T01_1983,B01,1983,1983-08-11,0.5,1,0.022332506203474045,0.0,0.0,False,True
GOLD,Gold monthly World Bank/DataHub,True,LAST_HIKE,T01_1983,B01,1983,1983-08-11,0.5,2,-0.022332506203473934,0.043689320388349495,-0.022332506203473934,True,True
GOLD,Gold monthly World Bank/DataHub,True,LAST_HIKE,T01_1983,B01,1983,1983-08-11,0.5,3,-0.052109181141439254,0.07281553398058249,-0.052109181141439254,True,True
GOLD,Gold monthly World Bank/DataHub,True,LAST_HIKE,T01_1983,B01,1983,1983-08-11,0.5,4,-0.037220843672456594,0.07281553398058249,-0.052109181141439254,False,False
GOLD,Gold monthly World Bank/DataHub,True,LAST_HIKE,T01_1983,B01,1983,1983-08-11,0.5,5,-0.07940446650124067,0.09951456310679607,-0.07940446650124067,True,True
GOLD,Gold monthly World Bank/DataHub,True,LAST_HIKE,T01_1983,B01,1983,1983-08-11,0.5,6,-0.04218362282878407,0.09951456310679607,-0.07940446650124067,False,False
GOLD,Gold monthly World Bank/DataHub,True,LAST_HIKE,T01_1983,B01,1983,1983-08-11,0.5,7,-0.022332506203473934,0.09951456310679607,-0.07940446650124067,False,False
GOLD,Gold monthly World Bank/DataHub,True,LAST_HIKE,T01_1983,B01,1983,1983-08-11,0.5,8,-0.05459057071960294,0.09951456310679607,-0.07940446650124067,False,False
GOLD,Gold monthly World Bank/DataHub,True,LAST_HIKE,T01_1983,B01,1983,1983-08-11,0.5,9,-0.06451612903225812,0.09951456310679607,-0.07940446650124067,False,False
GOLD,Gold monthly World Bank/DataHub,True,LAST_HIKE,T01_1983,B01,1983,1983-08-11,0.5,10,-0.06203473945409432,0.09951456310679607,-0.07940446650124067,False,False
GOLD,Gold monthly World Bank/DataHub,True,LAST_HIKE,T01_1983,B01,1983,1983-08-11,0.5,11,-0.1364764267990074,0.15533980582524276,-0.1364764267990074,True,True
GOLD,Gold monthly World Bank/DataHub,True,LAST_HIKE,T01_1983,B01,1983,1983-08-11,0.5,12,-0.1364764267990074,0.15533980582524276,-0.1364764267990074,False,False
GOLD,Gold monthly World Bank/DataHub,True,LAST_HIKE,T02_1984,B01,1984,1984-08-09,0.5,1,-0.02298850574712641,0.02298850574712641,-0.02298850574712641,True,True
GOLD,Gold monthly World Bank/DataHub,True,LAST_HIKE,T02_1984,B01,1984,1984-08-09,0.5,2,-0.02011494252873558,0.02298850574712641,-0.02298850574712641,False,False
GOLD,Gold monthly World Bank/DataHub,True,LAST_HIKE,T02_1984,B01,1984,1984-08-09,0.5,3,-0.017241379310344862,0.02298850574712641,-0.02298850574712641,False,False
GOLD,Gold monthly World Bank/DataHub,True,LAST_HIKE,T02_1984,B01,1984,1984-08-09,0.5,4,-0.08045977011494254,0.08045977011494254,-0.08045977011494254,True,True
GOLD,Gold monthly World Bank/DataHub,True,LAST_HIKE,T02_1984,B01,1984,1984-08-09,0.5,5,-0.1293103448275862,0.1293103448275862,-0.1293103448275862,True,True
GOLD,Gold monthly World Bank/DataHub,True,LAST_HIKE,T02_1984,B01,1984,1984-08-09,0.5,6,-0.1408045977011494,0.1408045977011494,-0.1408045977011494,True,True
GOLD,Gold monthly World Bank/DataHub,True,LAST_HIKE,T02_1984,B01,1984,1984-08-09,0.5,7,-0.0977011494252874,0.1408045977011494,-0.1408045977011494,False,False
GOLD,Gold monthly World Bank/DataHub,True,LAST_HIKE,T02_1984,B01,1984,1984-08-09,0.5,8,-0.06034482758620685,0.1408045977011494,-0.1408045977011494,False,False
GOLD,Gold monthly World Bank/DataHub,True,LAST_HIKE,T02_1984,B01,1984,1984-08-09,0.5,9,-0.09195402298850575,0.1408045977011494,-0.1408045977011494,False,False
GOLD,Gold monthly World Bank/DataHub,True,LAST_HIKE,T02_1984,B01,1984,1984-08-09,0.5,10,-0.08908045977011492,0.1408045977011494,-0.1408045977011494,False,False
GOLD,Gold monthly World Bank/DataHub,True,LAST_HIKE,T02_1984,B01,1984,1984-08-09,0.5,11,-0.08908045977011492,0.1408045977011494,-0.1408045977011494,False,False
GOLD,Gold monthly World Bank/DataHub,True,LAST_HIKE,T02_1984,B01,1984,1984-08-09,0.5,12,-0.051724137931034475,0.1408045977011494,-0.1408045977011494,False,False
GOLD,Gold monthly World Bank/DataHub,True,LAST_HIKE,T03_1987,B02,1987,1987-05-22,0.3333333333333333,1,0.027397260273972712,0.0,0.0,False,True
GOLD,Gold monthly World Bank/DataHub,True,LAST_HIKE,T03_1987,B02,1987,1987-05-22,0.3333333333333333,2,0.029680365296803624,0.0,0.0,False,False
GOLD,Gold monthly World Bank/DataHub,True,LAST_HIKE,T03_1987,B02,1987,1987-05-22,0.3333333333333333,3,0.05251141552511407,0.0,0.0,False,False
GOLD,Gold monthly World Bank/DataHub,True,LAST_HIKE,T03_1987,B02,1987,1987-05-22,0.3333333333333333,4,0.05022831050228316,0.002169197396963085,0.0,False,True
GOLD,Gold monthly World Bank/DataHub,True,LAST_HIKE,T03_1987,B02,1987,1987-05-22,0.3333333333333333,5,0.06164383561643838,0.002169197396963085,0.0,False,False
GOLD,Gold monthly World Bank/DataHub,True,LAST_HIKE,T03_1987,B02,1987,1987-05-22,0.3333333333333333,6,0.06849315068493156,0.002169197396963085,0.0,False,False
GOLD,Gold monthly World Bank/DataHub,True,LAST_HIKE,T03_1987,B02,1987,1987-05-22,0.3333333333333333,7,0.1095890410958904,0.002169197396963085,0.0,False,False
GOLD,Gold monthly World Bank/DataHub,True,LAST_HIKE,T03_1987,B02,1987,1987-05-22,0.3333333333333333,8,0.08904109589041087,0.01851851851851849,0.0,False,True
GOLD,Gold monthly World Bank/DataHub,True,LAST_HIKE,T03_1987,B02,1987,1987-05-22,0.3333333333333333,9,0.009132420091324311,0.09053497942386834,0.0,False,True
GOLD,Gold monthly World Bank/DataHub,True,LAST_HIKE,T03_1987,B02,1987,1987-05-22,0.3333333333333333,10,0.013698630136986356,0.09053497942386834,0.0,False,False
GOLD,Gold monthly World Bank/DataHub,True,LAST_HIKE,T03_1987,B02,1987,1987-05-22,0.3333333333333333,11,0.03196347031963476,0.09053497942386834,0.0,False,False
GOLD,Gold monthly World Bank/DataHub,True,LAST_HIKE,T03_1987,B02,1987,1987-05-22,0.3333333333333333,12,0.029680365296803624,0.09053497942386834,0.0,False,False
GOLD,Gold monthly World Bank/DataHub,True,LAST_HIKE,T04_1987,B02,1987,1987-09-24,0.3333333333333333,1,0.008676789587852562,0.0,0.0,False,True
GOLD,Gold monthly World Bank/DataHub,True,LAST_HIKE,T04_1987,B02,1987,1987-09-24,0.3333333333333333,2,0.015184381778741818,0.0,0.0,False,False
GOLD,Gold monthly World Bank/DataHub,True,LAST_HIKE,T04_1987,B02,1987,1987-09-24,0.3333333333333333,3,0.054229934924078016,0.0,0.0,False,False
GOLD,Gold monthly World Bank/DataHub,True,LAST_HIKE,T04_1987,B02,1987,1987-09-24,0.3333333333333333,4,0.03470715835141003,0.01851851851851849,0.0,False,True
GOLD,Gold monthly World Bank/DataHub,True,LAST_HIKE,T04_1987,B02,1987,1987-09-24,0.3333333333333333,5,-0.041214750542299394,0.09053497942386834,-0.041214750542299394,True,True
GOLD,Gold monthly World Bank/DataHub,True,LAST_HIKE,T04_1987,B02,1987,1987-09-24,0.3333333333333333,6,-0.03687635574837311,0.09053497942386834,-0.041214750542299394,False,False
GOLD,Gold monthly World Bank/DataHub,True,LAST_HIKE,T04_1987,B02,1987,1987-09-24,0.3333333333333333,7,-0.0195227765726681,0.09053497942386834,-0.041214750542299394,False,False
GOLD,Gold monthly World Bank/DataHub,True,LAST_HIKE,T04_1987,B02,1987,1987-09-24,0.3333333333333333,8,-0.021691973969631184,0.09053497942386834,-0.041214750542299394,False,False
GOLD,Gold monthly World Bank/DataHub,True,LAST_HIKE,T04_1987,B02,1987,1987-09-24,0.3333333333333333,9,-0.021691973969631184,0.09053497942386834,-0.041214750542299394,False,False
GOLD,Gold monthly World Bank/DataHub,True,LAST_HIKE,T04_1987,B02,1987,1987-09-24,0.3333333333333333,10,-0.049891540130151846,0.09876543209876543,-0.049891540130151846,True,True
GOLD,Gold monthly World Bank/DataHub,True,LAST_HIKE,T04_1987,B02,1987,1987-09-24,0.3333333333333333,11,-0.06507592190889366,0.11316872427983538,-0.06507592190889366,True,True
GOLD,Gold monthly World Bank/DataHub,True,LAST_HIKE,T04_1987,B02,1987,1987-09-24,0.3333333333333333,12,-0.10412147505422997,0.15020576131687247,-0.10412147505422997,True,True
GOLD,Gold monthly World Bank/DataHub,True,LAST_HIKE,T05_1988,B02,1988,1989-05-17,0.3333333333333333,1,-0.04166666666666663,0.04166666666666663,-0.04166666666666663,True,True
GOLD,Gold monthly World Bank/DataHub,True,LAST_HIKE,T05_1988,B02,1988,1989-05-17,0.3333333333333333,2,-0.0234375,0.04166666666666663,-0.04166666666666663,False,False
GOLD,Gold monthly World Bank/DataHub,True,LAST_HIKE,T05_1988,B02,1988,1989-05-17,0.3333333333333333,3,-0.04947916666666663,0.04947916666666663,-0.04947916666666663,True,True
GOLD,Gold monthly World Bank/DataHub,True,LAST_HIKE,T05_1988,B02,1988,1989-05-17,0.3333333333333333,4,-0.05729166666666663,0.05729166666666663,-0.05729166666666663,True,True
GOLD,Gold monthly World Bank/DataHub,True,LAST_HIKE,T05_1988,B02,1988,1989-05-17,0.3333333333333333,5,-0.04427083333333337,0.05729166666666663,-0.05729166666666663,False,False
GOLD,Gold monthly World Bank/DataHub,True,LAST_HIKE,T05_1988,B02,1988,1989-05-17,0.3333333333333333,6,0.02604166666666674,0.05729166666666663,-0.05729166666666663,False,False
GOLD,Gold monthly World Bank/DataHub,True,LAST_HIKE,T05_1988,B02,1988,1989-05-17,0.3333333333333333,7,0.0661197916666667,0.05729166666666663,-0.05729166666666663,False,False
GOLD,Gold monthly World Bank/DataHub,True,LAST_HIKE,T05_1988,B02,1988,1989-05-17,0.3333333333333333,8,0.06770833333333326,0.05729166666666663,-0.05729166666666663,False,False
GOLD,Gold monthly World Bank/DataHub,True,LAST_HIKE,T05_1988,B02,1988,1989-05-17,0.3333333333333333,9,0.0859375,0.05729166666666663,-0.05729166666666663,False,False
GOLD,Gold monthly World Bank/DataHub,True,LAST_HIKE,T05_1988,B02,1988,1989-05-17,0.3333333333333333,10,0.0234375,0.05755395683453235,-0.05729166666666663,False,True
GOLD,Gold monthly World Bank/DataHub,True,LAST_HIKE,T05_1988,B02,1988,1989-05-17,0.3333333333333333,11,-0.02604166666666663,0.10311750599520386,-0.05729166666666663,False,True
GOLD,Gold monthly World Bank/DataHub,True,LAST_HIKE,T05_1988,B02,1988,1989-05-17,0.3333333333333333,12,-0.0390625,0.1151079136690647,-0.05729166666666663,False,True
GOLD,Gold monthly World Bank/DataHub,True,LAST_HIKE,T06_1994,B03,1994,1995-02-01,1.0,1,0.0079155672823219,0.0,0.0,False,True
GOLD,Gold monthly World Bank/DataHub,True,LAST_HIKE,T06_1994,B03,1994,1995-02-01,1.0,2,0.0316622691292876,0.0,0.0,False,False
GOLD,Gold monthly World Bank/DataHub,True,LAST_HIKE,T06_1994,B03,1994,1995-02-01,1.0,3,0.0158311345646438,0.01534526854219953,0.0,False,True
GOLD,Gold monthly World Bank/DataHub,True,LAST_HIKE,T06_1994,B03,1994,1995-02-01,1.0,4,0.0237467018469657,0.01534526854219953,0.0,False,False
GOLD,Gold monthly World Bank/DataHub,True,LAST_HIKE,T06_1994,B03,1994,1995-02-01,1.0,5,0.01846965699208436,0.01534526854219953,0.0,False,False
GOLD,Gold monthly World Bank/DataHub,True,LAST_HIKE,T06_1994,B03,1994,1995-02-01,1.0,6,0.013192612137203241,0.01790281329923271,0.0,False,True
GOLD,Gold monthly World Bank/DataHub,True,LAST_HIKE,T06_1994,B03,1994,1995-02-01,1.0,7,0.01055408970976246,0.020460358056266004,0.0,False,True
GOLD,Gold monthly World Bank/DataHub,True,LAST_HIKE,T06_1994,B03,1994,1995-02-01,1.0,8,0.01055408970976246,0.020460358056266004,0.0,False,False
GOLD,Gold monthly World Bank/DataHub,True,LAST_HIKE,T06_1994,B03,1994,1995-02-01,1.0,9,0.0158311345646438,0.020460358056266004,0.0,False,False
GOLD,Gold monthly World Bank/DataHub,True,LAST_HIKE,T06_1994,B03,1994,1995-02-01,1.0,10,0.02110817941952514,0.020460358056266004,0.0,False,False
GOLD,Gold monthly World Bank/DataHub,True,LAST_HIKE,T06_1994,B03,1994,1995-02-01,1.0,11,0.05277044854881274,0.020460358056266004,0.0,False,False
GOLD,Gold monthly World Bank/DataHub,True,LAST_HIKE,T06_1994,B03,1994,1995-02-01,1.0,12,0.06860158311345654,0.020460358056266004,0.0,False,False
GOLD,Gold monthly World Bank/DataHub,True,LAST_HIKE,T07_1999,B04,1999,2000-05-16,1.0,1,0.021428571428571352,0.0,0.0,False,True
GOLD,Gold monthly World Bank/DataHub,True,LAST_HIKE,T07_1999,B04,1999,2000-05-16,1.0,2,0.0071428571428571175,0.013986013986013957,0.0,False,True
GOLD,Gold monthly World Bank/DataHub,True,LAST_HIKE,T07_1999,B04,1999,2000-05-16,1.0,3,-0.019749999999999934,0.040314685314685184,-0.019749999999999934,True,True
GOLD,Gold monthly World Bank/DataHub,True,LAST_HIKE,T07_1999,B04,1999,2000-05-16,1.0,4,-0.021428571428571463,0.04195804195804198,-0.021428571428571463,True,True
GOLD,Gold monthly World Bank/DataHub,True,LAST_HIKE,T07_1999,B04,1999,2000-05-16,1.0,5,-0.0357142857142857,0.05594405594405594,-0.0357142857142857,True,True
GOLD,Gold monthly World Bank/DataHub,True,LAST_HIKE,T07_1999,B04,1999,2000-05-16,1.0,6,-0.050000000000000044,0.0699300699300699,-0.050000000000000044,True,True
GOLD,Gold monthly World Bank/DataHub,True,LAST_HIKE,T07_1999,B04,1999,2000-05-16,1.0,7,-0.03214285714285714,0.0699300699300699,-0.050000000000000044,False,False
GOLD,Gold monthly World Bank/DataHub,True,LAST_HIKE,T07_1999,B04,1999,2000-05-16,1.0,8,-0.0535714285714286,0.07342657342657344,-0.0535714285714286,True,True
GOLD,Gold monthly World Bank/DataHub,True,LAST_HIKE,T07_1999,B04,1999,2000-05-16,1.0,9,-0.06428571428571428,0.08391608391608396,-0.06428571428571428,True,True
GOLD,Gold monthly World Bank/DataHub,True,LAST_HIKE,T07_1999,B04,1999,2000-05-16,1.0,10,-0.06071428571428572,0.08391608391608396,-0.06428571428571428,False,False
GOLD,Gold monthly World Bank/DataHub,True,LAST_HIKE,T07_1999,B04,1999,2000-05-16,1.0,11,-0.0714285714285714,0.09090909090909094,-0.0714285714285714,True,True
GOLD,Gold monthly World Bank/DataHub,True,LAST_HIKE,T07_1999,B04,1999,2000-05-16,1.0,12,-0.02857142857142858,0.09090909090909094,-0.0714285714285714,False,False
GOLD,Gold monthly World Bank/DataHub,True,LAST_HIKE,T08_2004,B05,2004,2006-06-29,1.0,1,-0.06074074074074076,0.06074074074074076,-0.06074074074074076,True,True
GOLD,Gold monthly World Bank/DataHub,True,LAST_HIKE,T08_2004,B05,2004,2006-06-29,1.0,2,-0.06222222222222218,0.06222222222222218,-0.06222222222222218,True,True
GOLD,Gold monthly World Bank/DataHub,True,LAST_HIKE,T08_2004,B05,2004,2006-06-29,1.0,3,-0.1140740740740741,0.1140740740740741,-0.1140740740740741,True,True
GOLD,Gold monthly World Bank/DataHub,True,LAST_HIKE,T08_2004,B05,2004,2006-06-29,1.0,4,-0.1318518518518519,0.1318518518518519,-0.1318518518518519,True,True
GOLD,Gold monthly World Bank/DataHub,True,LAST_HIKE,T08_2004,B05,2004,2006-06-29,1.0,5,-0.0696296296296296,0.1318518518518519,-0.1318518518518519,False,False
GOLD,Gold monthly World Bank/DataHub,True,LAST_HIKE,T08_2004,B05,2004,2006-06-29,1.0,6,-0.06666666666666665,0.1318518518518519,-0.1318518518518519,False,False
GOLD,Gold monthly World Bank/DataHub,True,LAST_HIKE,T08_2004,B05,2004,2006-06-29,1.0,7,-0.06518518518518523,0.1318518518518519,-0.1318518518518519,False,False
GOLD,Gold monthly World Bank/DataHub,True,LAST_HIKE,T08_2004,B05,2004,2006-06-29,1.0,8,-0.014814814814814836,0.1318518518518519,-0.1318518518518519,False,False
GOLD,Gold monthly World Bank/DataHub,True,LAST_HIKE,T08_2004,B05,2004,2006-06-29,1.0,9,-0.029629629629629672,0.1318518518518519,-0.1318518518518519,False,False
GOLD,Gold monthly World Bank/DataHub,True,LAST_HIKE,T08_2004,B05,2004,2006-06-29,1.0,10,0.00592592592592589,0.1318518518518519,-0.1318518518518519,False,False
GOLD,Gold monthly World Bank/DataHub,True,LAST_HIKE,T08_2004,B05,2004,2006-06-29,1.0,11,-0.011851851851851891,0.1318518518518519,-0.1318518518518519,False,False
GOLD,Gold monthly World Bank/DataHub,True,LAST_HIKE,T08_2004,B05,2004,2006-06-29,1.0,12,-0.028148148148148144,0.1318518518518519,-0.1318518518518519,False,False
GOLD,Gold monthly World Bank/DataHub,True,LAST_HIKE,T09_2015,B06,2015,2018-12-19,1.0,1,0.05814905814905824,0.0,0.0,False,True
GOLD,Gold monthly World Bank/DataHub,True,LAST_HIKE,T09_2015,B06,2015,2018-12-19,1.0,2,0.08108108108108114,0.0,0.0,False,False
GOLD,Gold monthly World Bank/DataHub,True,LAST_HIKE,T09_2015,B06,2015,2018-12-19,1.0,3,0.06552006552006562,0.014393939393939403,0.0,False,True
GOLD,Gold monthly World Bank/DataHub,True,LAST_HIKE,T09_2015,B06,2015,2018-12-19,1.0,4,0.053235053235053176,0.025757575757575757,0.0,False,True
GOLD,Gold monthly World Bank/DataHub,True,LAST_HIKE,T09_2015,B06,2015,2018-12-19,1.0,5,0.051597051597051635,0.027272727272727226,0.0,False,True
GOLD,Gold monthly World Bank/DataHub,True,LAST_HIKE,T09_2015,B06,2015,2018-12-19,1.0,6,0.11302211302211296,0.027272727272727226,0.0,False,False
GOLD,Gold monthly World Bank/DataHub,True,LAST_HIKE,T09_2015,B06,2015,2018-12-19,1.0,7,0.15724815724815722,0.027272727272727226,0.0,False,False
GOLD,Gold monthly World Bank/DataHub,True,LAST_HIKE,T09_2015,B06,2015,2018-12-19,1.0,8,0.22850122850122845,0.027272727272727226,0.0,False,False
GOLD,Gold monthly World Bank/DataHub,True,LAST_HIKE,T09_2015,B06,2015,2018-12-19,1.0,9,0.2375102375102376,0.027272727272727226,0.0,False,False
GOLD,Gold monthly World Bank/DataHub,True,LAST_HIKE,T09_2015,B06,2015,2018-12-19,1.0,10,0.22440622440622437,0.027272727272727226,0.0,False,False
GOLD,Gold monthly World Bank/DataHub,True,LAST_HIKE,T09_2015,B06,2015,2018-12-19,1.0,11,0.20475020475020478,0.027272727272727226,0.0,False,False
GOLD,Gold monthly World Bank/DataHub,True,LAST_HIKE,T09_2015,B06,2015,2018-12-19,1.0,12,0.21130221130221138,0.027272727272727226,0.0,False,False
GOLD,Gold monthly World Bank/DataHub,True,LAST_HIKE,T10_2022,B07,2022,2023-07-26,1.0,1,-0.012352032938754531,0.012352032938754531,-0.012352032938754531,True,True
GOLD,Gold monthly World Bank/DataHub,True,LAST_HIKE,T10_2022,B07,2022,2023-07-26,1.0,2,-0.013896037056098764,0.013896037056098764,-0.013896037056098764,True,True
GOLD,Gold monthly World Bank/DataHub,True,LAST_HIKE,T10_2022,B07,2022,2023-07-26,1.0,3,-0.013896037056098764,0.013896037056098764,-0.013896037056098764,False,False
GOLD,Gold monthly World Bank/DataHub,True,LAST_HIKE,T10_2022,B07,2022,2023-07-26,1.0,4,0.021101389603705556,0.013896037056098764,-0.013896037056098764,False,False
GOLD,Gold monthly World Bank/DataHub,True,LAST_HIKE,T10_2022,B07,2022,2023-07-26,1.0,5,0.04271744724652593,0.013896037056098764,-0.013896037056098764,False,False
GOLD,Gold monthly World Bank/DataHub,True,LAST_HIKE,T10_2022,B07,2022,2023-07-26,1.0,6,0.046834791559444255,0.013896037056098764,-0.013896037056098764,False,False
GOLD,Gold monthly World Bank/DataHub,True,LAST_HIKE,T10_2022,B07,2022,2023-07-26,1.0,7,0.0411734431291817,0.013896037056098764,-0.013896037056098764,False,False
GOLD,Gold monthly World Bank/DataHub,True,LAST_HIKE,T10_2022,B07,2022,2023-07-26,1.0,8,0.11065362840967574,0.013896037056098764,-0.013896037056098764,False,False
GOLD,Gold monthly World Bank/DataHub,True,LAST_HIKE,T10_2022,B07,2022,2023-07-26,1.0,9,0.1996911991765311,0.013896037056098764,-0.013896037056098764,False,False
GOLD,Gold monthly World Bank/DataHub,True,LAST_HIKE,T10_2022,B07,2022,2023-07-26,1.0,10,0.2099845599588266,0.013896037056098764,-0.013896037056098764,False,False
GOLD,Gold monthly World Bank/DataHub,True,LAST_HIKE,T10_2022,B07,2022,2023-07-26,1.0,11,0.19711785898095724,0.013896037056098764,-0.013896037056098764,False,False
GOLD,Gold monthly World Bank/DataHub,True,LAST_HIKE,T10_2022,B07,2022,2023-07-26,1.0,12,0.23417395779722083,0.013896037056098764,-0.013896037056098764,False,False
SP500,S&P 500 cash index monthly average,True,LAST_HIKE,T01_1983,B01,1983,1983-08-11,0.5,1,0.001254727425847646,0.0,0.0,False,True
SP500,S&P 500 cash index monthly average,True,LAST_HIKE,T01_1983,B01,1983,1983-08-11,0.5,2,0.004212528469016208,0.0,0.0,False,False
SP500,S&P 500 cash index monthly average,True,LAST_HIKE,T01_1983,B01,1983,1983-08-11,0.5,3,-0.010302704124425466,0.014454343260953961,-0.010302704124425466,True,True
SP500,S&P 500 cash index monthly average,True,LAST_HIKE,T01_1983,B01,1983,1983-08-11,0.5,4,-0.015451064790738211,0.019581107287849342,-0.015451064790738211,True,True
SP500,S&P 500 cash index monthly average,True,LAST_HIKE,T01_1983,B01,1983,1983-08-11,0.5,5,-0.0033431502409873026,0.019581107287849342,-0.015451064790738211,False,False
SP500,S&P 500 cash index monthly average,True,LAST_HIKE,T01_1983,B01,1983,1983-08-11,0.5,6,-0.058103859891648346,0.062054979990809,-0.058103859891648346,True,True
SP500,S&P 500 cash index monthly average,True,LAST_HIKE,T01_1983,B01,1983,1983-08-11,0.5,7,-0.05697696087812998,0.062054979990809,-0.058103859891648346,False,False
SP500,S&P 500 cash index monthly average,True,LAST_HIKE,T01_1983,B01,1983,1983-08-11,0.5,8,-0.05600145902215026,0.062054979990809,-0.058103859891648346,False,False
SP500,S&P 500 cash index monthly average,True,LAST_HIKE,T01_1983,B01,1983,1983-08-11,0.5,9,-0.06229426538641336,0.0662278073316046,-0.06229426538641336,True,True
SP500,S&P 500 cash index monthly average,True,LAST_HIKE,T01_1983,B01,1983,1983-08-11,0.5,10,-0.08281614276513516,0.0866635983588373,-0.08281614276513516,True,True
SP500,S&P 500 cash index monthly average,True,LAST_HIKE,T01_1983,B01,1983,1983-08-11,0.5,11,-0.095075218937696,0.09887124945362158,-0.095075218937696,True,True
SP500,S&P 500 cash index monthly average,True,LAST_HIKE,T01_1983,B01,1983,1983-08-11,0.5,12,-0.015154922467419674,0.09887124945362158,-0.095075218937696,False,False
SP500,S&P 500 cash index monthly average,True,LAST_HIKE,T02_1984,B01,1984,1984-08-09,0.5,1,0.09951498204875575,0.0,0.0,False,True
SP500,S&P 500 cash index monthly average,True,LAST_HIKE,T02_1984,B01,1984,1984-08-09,0.5,2,0.09095030212154276,0.007789507252783601,0.0,False,True
SP500,S&P 500 cash index monthly average,True,LAST_HIKE,T02_1984,B01,1984,1984-08-09,0.5,3,0.10056923905398896,0.007789507252783601,0.0,False,False
SP500,S&P 500 cash index monthly average,True,LAST_HIKE,T02_1984,B01,1984,1984-08-09,0.5,4,0.08870845935326477,0.010776950036255117,0.0,False,True
SP500,S&P 500 cash index monthly average,True,LAST_HIKE,T02_1984,B01,1984,1984-08-09,0.5,5,0.1359206377053659,0.010776950036255117,0.0,False,False
SP500,S&P 500 cash index monthly average,True,LAST_HIKE,T02_1984,B01,1984,1984-08-09,0.5,6,0.19729293910192158,0.010776950036255117,0.0,False,False
SP500,S&P 500 cash index monthly average,True,LAST_HIKE,T02_1984,B01,1984,1984-08-09,0.5,7,0.18759769282093175,0.010776950036255117,0.0,False,False
SP500,S&P 500 cash index monthly average,True,LAST_HIKE,T02_1984,B01,1984,1984-08-09,0.5,8,0.19553115306587654,0.010776950036255117,0.0,False,False
SP500,S&P 500 cash index monthly average,True,LAST_HIKE,T02_1984,B01,1984,1984-08-09,0.5,9,0.22386430886188702,0.010776950036255117,0.0,False,False
SP500,S&P 500 cash index monthly average,True,LAST_HIKE,T02_1984,B01,1984,1984-08-09,0.5,10,0.2502540366841941,0.010776950036255117,0.0,False,False
SP500,S&P 500 cash index monthly average,True,LAST_HIKE,T02_1984,B01,1984,1984-08-09,0.5,11,0.2744702888550199,0.010776950036255117,0.0,False,False
SP500,S&P 500 cash index monthly average,True,LAST_HIKE,T02_1984,B01,1984,1984-08-09,0.5,12,0.24641737586018087,0.02201142956423241,0.0,False,True
SP500,S&P 500 cash index monthly average,True,LAST_HIKE,T03_1987,B02,1987,1987-05-22,0.3333333333333333,1,0.04169122569685002,0.0,0.0,False,True
SP500,S&P 500 cash index monthly average,True,LAST_HIKE,T03_1987,B02,1987,1987-05-22,0.3333333333333333,2,0.07177253553352436,0.0,0.0,False,False
SP500,S&P 500 cash index monthly average,True,LAST_HIKE,T03_1987,B02,1987,1987-05-22,0.3333333333333333,3,0.13837938749705514,0.0,0.0,False,False
SP500,S&P 500 cash index monthly average,True,LAST_HIKE,T03_1987,B02,1987,1987-05-22,0.3333333333333333,4,0.10140623783844571,0.03247875889592655,0.0,False,True
SP500,S&P 500 cash index monthly average,True,LAST_HIKE,T03_1987,B02,1987,1987-05-22,0.3333333333333333,5,-0.03165267970061214,0.14936326945581413,-0.03165267970061214,True,True
SP500,S&P 500 cash index monthly average,True,LAST_HIKE,T03_1987,B02,1987,1987-05-22,0.3333333333333333,6,-0.15316297782841515,0.25610299038045825,-0.15316297782841515,True,True
SP500,S&P 500 cash index monthly average,True,LAST_HIKE,T03_1987,B02,1987,1987-05-22,0.3333333333333333,7,-0.16717018180836996,0.26840750338710384,-0.16717018180836996,True,True
SP500,S&P 500 cash index monthly average,True,LAST_HIKE,T03_1987,B02,1987,1987-05-22,0.3333333333333333,8,-0.13426360581215868,0.26840750338710384,-0.16717018180836996,False,False
SP500,S&P 500 cash index monthly average,True,LAST_HIKE,T03_1987,B02,1987,1987-05-22,0.3333333333333333,9,-0.10781729813190888,0.26840750338710384,-0.16717018180836996,False,False
SP500,S&P 500 cash index monthly average,True,LAST_HIKE,T03_1987,B02,1987,1987-05-22,0.3333333333333333,10,-0.08151651341005417,0.26840750338710384,-0.16717018180836996,False,False
SP500,S&P 500 cash index monthly average,True,LAST_HIKE,T03_1987,B02,1987,1987-05-22,0.3333333333333333,11,-0.0923068955111992,0.26840750338710384,-0.16717018180836996,False,False
SP500,S&P 500 cash index monthly average,True,LAST_HIKE,T03_1987,B02,1987,1987-05-22,0.3333333333333333,12,-0.11474448826549744,0.26840750338710384,-0.16717018180836996,False,False
SP500,S&P 500 cash index monthly average,True,LAST_HIKE,T04_1987,B02,1987,1987-09-24,0.3333333333333333,1,-0.14936326945581413,0.14936326945581413,-0.14936326945581413,True,True
SP500,S&P 500 cash index monthly average,True,LAST_HIKE,T04_1987,B02,1987,1987-09-24,0.3333333333333333,2,-0.25610299038045825,0.25610299038045825,-0.25610299038045825,True,True
SP500,S&P 500 cash index monthly average,True,LAST_HIKE,T04_1987,B02,1987,1987-09-24,0.3333333333333333,3,-0.26840750338710384,0.26840750338710384,-0.26840750338710384,True,True
SP500,S&P 500 cash index monthly average,True,LAST_HIKE,T04_1987,B02,1987,1987-09-24,0.3333333333333333,4,-0.23950099264241909,0.26840750338710384,-0.26840750338710384,False,False
SP500,S&P 500 cash index monthly average,True,LAST_HIKE,T04_1987,B02,1987,1987-09-24,0.3333333333333333,5,-0.21626945140870346,0.26840750338710384,-0.26840750338710384,False,False
SP500,S&P 500 cash index monthly average,True,LAST_HIKE,T04_1987,B02,1987,1987-09-24,0.3333333333333333,6,-0.19316574361961392,0.26840750338710384,-0.26840750338710384,False,False
SP500,S&P 500 cash index monthly average,True,LAST_HIKE,T04_1987,B02,1987,1987-09-24,0.3333333333333333,7,-0.20264446593280494,0.26840750338710384,-0.26840750338710384,False,False
SP500,S&P 500 cash index monthly average,True,LAST_HIKE,T04_1987,B02,1987,1987-09-24,0.3333333333333333,8,-0.22235458454592527,0.26840750338710384,-0.26840750338710384,False,False
SP500,S&P 500 cash index monthly average,True,LAST_HIKE,T04_1987,B02,1987,1987-09-24,0.3333333333333333,9,-0.17815067035435506,0.26840750338710384,-0.26840750338710384,False,False
SP500,S&P 500 cash index monthly average,True,LAST_HIKE,T04_1987,B02,1987,1987-09-24,0.3333333333333333,10,-0.18310949847513158,0.26840750338710384,-0.26840750338710384,False,False
SP500,S&P 500 cash index monthly average,True,LAST_HIKE,T04_1987,B02,1987,1987-09-24,0.3333333333333333,11,-0.19927117593450516,0.26840750338710384,-0.26840750338710384,False,False
SP500,S&P 500 cash index monthly average,True,LAST_HIKE,T04_1987,B02,1987,1987-09-24,0.3333333333333333,12,-0.1863870762460197,0.26840750338710384,-0.26840750338710384,False,False
SP500,S&P 500 cash index monthly average,True,LAST_HIKE,T05_1988,B02,1988,1989-05-17,0.3333333333333333,1,0.07105594877625299,0.0,0.0,False,True
SP500,S&P 500 cash index monthly average,True,LAST_HIKE,T05_1988,B02,1988,1989-05-17,0.3333333333333333,2,0.09818166166357556,0.0,0.0,False,False
SP500,S&P 500 cash index monthly average,True,LAST_HIKE,T05_1988,B02,1988,1989-05-17,0.3333333333333333,3,0.14675495099825175,0.0,0.0,False,False
SP500,S&P 500 cash index monthly average,True,LAST_HIKE,T05_1988,B02,1988,1989-05-17,0.3333333333333333,4,0.14914261815815744,0.0,0.0,False,False
SP500,S&P 500 cash index monthly average,True,LAST_HIKE,T05_1988,B02,1988,1989-05-17,0.3333333333333333,5,0.1493668388932905,0.0,0.0,False,False
SP500,S&P 500 cash index monthly average,True,LAST_HIKE,T05_1988,B02,1988,1989-05-17,0.3333333333333333,6,0.1256176127016544,0.020662877497408916,0.0,False,True
SP500,S&P 500 cash index monthly average,True,LAST_HIKE,T05_1988,B02,1988,1989-05-17,0.3333333333333333,7,0.15325343596885221,0.020662877497408916,0.0,False,False
SP500,S&P 500 cash index monthly average,True,LAST_HIKE,T05_1988,B02,1988,1989-05-17,0.3333333333333333,8,0.12479966138822118,0.024672612015005035,0.0,False,True
SP500,S&P 500 cash index monthly average,True,LAST_HIKE,T05_1988,B02,1988,1989-05-17,0.3333333333333333,9,0.09330536226393105,0.051981699629239375,0.0,False,True
SP500,S&P 500 cash index monthly average,True,LAST_HIKE,T05_1988,B02,1988,1989-05-17,0.3333333333333333,10,0.11981434149734205,0.051981699629239375,0.0,False,False
SP500,S&P 500 cash index monthly average,True,LAST_HIKE,T05_1988,B02,1988,1989-05-17,0.3333333333333333,11,0.11886479244457737,0.051981699629239375,0.0,False,False
SP500,S&P 500 cash index monthly average,True,LAST_HIKE,T05_1988,B02,1988,1989-05-17,0.3333333333333333,12,0.1588051174689442,0.051981699629239375,0.0,False,False
SP500,S&P 500 cash index monthly average,True,LAST_HIKE,T06_1994,B03,1994,1995-02-01,1.0,1,0.05997430839580464,0.0,0.0,False,True
SP500,S&P 500 cash index monthly average,True,LAST_HIKE,T06_1994,B03,1994,1995-02-01,1.0,2,0.09168359082243915,0.0,0.0,False,False
SP500,S&P 500 cash index monthly average,True,LAST_HIKE,T06_1994,B03,1994,1995-02-01,1.0,3,0.12587563728681728,0.0,0.0,False,False
SP500,S&P 500 cash index monthly average,True,LAST_HIKE,T06_1994,B03,1994,1995-02-01,1.0,4,0.15927798895579426,0.0,0.0,False,False
SP500,S&P 500 cash index monthly average,True,LAST_HIKE,T06_1994,B03,1994,1995-02-01,1.0,5,0.19799354713107853,0.0,0.0,False,False
SP500,S&P 500 cash index monthly average,True,LAST_HIKE,T06_1994,B03,1994,1995-02-01,1.0,6,0.20174100220048818,0.0,0.0,False,False
SP500,S&P 500 cash index monthly average,True,LAST_HIKE,T06_1994,B03,1994,1995-02-01,1.0,7,0.24398816501754772,0.0,0.0,False,False
SP500,S&P 500 cash index monthly average,True,LAST_HIKE,T06_1994,B03,1994,1995-02-01,1.0,8,0.25291387936173426,0.0,0.0,False,False
SP500,S&P 500 cash index monthly average,True,LAST_HIKE,T06_1994,B03,1994,1995-02-01,1.0,9,0.2800266106471976,0.0,0.0,False,False
SP500,S&P 500 cash index monthly average,True,LAST_HIKE,T06_1994,B03,1994,1995-02-01,1.0,10,0.32094787564859284,0.0,0.0,False,False
SP500,S&P 500 cash index monthly average,True,LAST_HIKE,T06_1994,B03,1994,1995-02-01,1.0,11,0.3206233317673477,0.0002456901496479258,0.0,False,True
SP500,S&P 500 cash index monthly average,True,LAST_HIKE,T06_1994,B03,1994,1995-02-01,1.0,12,0.39611392669431744,0.0002456901496479258,0.0,False,False
SP500,S&P 500 cash index monthly average,True,LAST_HIKE,T07_1999,B04,1999,2000-05-16,1.0,1,0.0004132007350281519,0.0,0.0,False,True
SP500,S&P 500 cash index monthly average,True,LAST_HIKE,T07_1999,B04,1999,2000-05-16,1.0,2,0.007970163005254882,0.0,0.0,False,False
SP500,S&P 500 cash index monthly average,True,LAST_HIKE,T07_1999,B04,1999,2000-05-16,1.0,3,0.01649359415948637,0.0,0.0,False,False
SP500,S&P 500 cash index monthly average,True,LAST_HIKE,T07_1999,B04,1999,2000-05-16,1.0,4,0.004583927927342968,0.0117164203498904,0.0,False,True
SP500,S&P 500 cash index monthly average,True,LAST_HIKE,T07_1999,B04,1999,2000-05-16,1.0,5,-0.04872953616065201,0.06416482179021477,-0.04872953616065201,True,True
SP500,S&P 500 cash index monthly average,True,LAST_HIKE,T07_1999,B04,1999,2000-05-16,1.0,6,-0.05906685103866005,0.07433440371124578,-0.05906685103866005,True,True
SP500,S&P 500 cash index monthly average,True,LAST_HIKE,T07_1999,B04,1999,2000-05-16,1.0,7,-0.0892498643578924,0.10402766837386268,-0.0892498643578924,True,True
SP500,S&P 500 cash index monthly average,True,LAST_HIKE,T07_1999,B04,1999,2000-05-16,1.0,8,-0.08602713175277188,0.10402766837386268,-0.0892498643578924,False,False
SP500,S&P 500 cash index monthly average,True,LAST_HIKE,T07_1999,B04,1999,2000-05-16,1.0,9,-0.10647902043455482,0.1209772646877566,-0.10647902043455482,True,True
SP500,S&P 500 cash index monthly average,True,LAST_HIKE,T07_1999,B04,1999,2000-05-16,1.0,10,-0.1885272226489213,0.2016941552670919,-0.1885272226489213,True,True
SP500,S&P 500 cash index monthly average,True,LAST_HIKE,T07_1999,B04,1999,2000-05-16,1.0,11,-0.18579893969684114,0.2016941552670919,-0.1885272226489213,False,False
SP500,S&P 500 cash index monthly average,True,LAST_HIKE,T07_1999,B04,1999,2000-05-16,1.0,12,-0.1306914387554835,0.2016941552670919,-0.1885272226489213,False,False
SP500,S&P 500 cash index monthly average,True,LAST_HIKE,T08_2004,B05,2004,2006-06-29,1.0,1,-0.023084348628166107,0.023084348628166107,-0.023084348628166107,True,True
SP500,S&P 500 cash index monthly average,True,LAST_HIKE,T08_2004,B05,2004,2006-06-29,1.0,2,-0.002220177715591798,0.023084348628166107,-0.023084348628166107,False,False
SP500,S&P 500 cash index monthly average,True,LAST_HIKE,T08_2004,B05,2004,2006-06-29,1.0,3,0.021495419426582174,0.023084348628166107,-0.023084348628166107,False,False
SP500,S&P 500 cash index monthly average,True,LAST_HIKE,T08_2004,B05,2004,2006-06-29,1.0,4,0.056870435164797506,0.023084348628166107,-0.023084348628166107,False,False
SP500,S&P 500 cash index monthly average,True,LAST_HIKE,T08_2004,B05,2004,2006-06-29,1.0,5,0.07644967805934777,0.023084348628166107,-0.023084348628166107,False,False
SP500,S&P 500 cash index monthly average,True,LAST_HIKE,T08_2004,B05,2004,2006-06-29,1.0,6,0.09798840659132102,0.023084348628166107,-0.023084348628166107,False,False
SP500,S&P 500 cash index monthly average,True,LAST_HIKE,T08_2004,B05,2004,2006-06-29,1.0,7,0.10398910211807566,0.023084348628166107,-0.023084348628166107,False,False
SP500,S&P 500 cash index monthly average,True,LAST_HIKE,T08_2004,B05,2004,2006-06-29,1.0,8,0.11998409754983008,0.023084348628166107,-0.023084348628166107,False,False
SP500,S&P 500 cash index monthly average,True,LAST_HIKE,T08_2004,B05,2004,2006-06-29,1.0,9,0.09064880485738014,0.02619259751689884,-0.023084348628166107,False,True
SP500,S&P 500 cash index monthly average,True,LAST_HIKE,T08_2004,B05,2004,2006-06-29,1.0,10,0.13459305525499476,0.02619259751689884,-0.023084348628166107,False,False
SP500,S&P 500 cash index monthly average,True,LAST_HIKE,T08_2004,B05,2004,2006-06-29,1.0,11,0.1714115113824246,0.02619259751689884,-0.023084348628166107,False,False
SP500,S&P 500 cash index monthly average,True,LAST_HIKE,T08_2004,B05,2004,2006-06-29,1.0,12,0.1740104810702221,0.02619259751689884,-0.023084348628166107,False,False
SP500,S&P 500 cash index monthly average,True,LAST_HIKE,T09_2015,B06,2015,2018-12-19,1.0,1,-0.04253822275725605,0.04253822275725605,-0.04253822275725605,True,True
SP500,S&P 500 cash index monthly average,True,LAST_HIKE,T09_2015,B06,2015,2018-12-19,1.0,2,0.011615900175505844,0.04253822275725605,-0.04253822275725605,False,False
SP500,S&P 500 cash index monthly average,True,LAST_HIKE,T09_2015,B06,2015,2018-12-19,1.0,3,0.029653143319957165,0.04253822275725605,-0.04253822275725605,False,False
SP500,S&P 500 cash index monthly average,True,LAST_HIKE,T09_2015,B06,2015,2018-12-19,1.0,4,0.06630672499951906,0.04253822275725605,-0.04253822275725605,False,False
SP500,S&P 500 cash index monthly average,True,LAST_HIKE,T09_2015,B06,2015,2018-12-19,1.0,5,0.0482788525780411,0.04253822275725605,-0.04253822275725605,False,False
SP500,S&P 500 cash index monthly average,True,LAST_HIKE,T09_2015,B06,2015,2018-12-19,1.0,6,0.06130017287203371,0.04253822275725605,-0.04253822275725605,False,False
SP500,S&P 500 cash index monthly average,True,LAST_HIKE,T09_2015,B06,2015,2018-12-19,1.0,7,0.10020529731406391,0.04253822275725605,-0.04253822275725605,False,False
SP500,S&P 500 cash index monthly average,True,LAST_HIKE,T09_2015,B06,2015,2018-12-19,1.0,8,0.0639751095254184,0.04253822275725605,-0.04253822275725605,False,False
SP500,S&P 500 cash index monthly average,True,LAST_HIKE,T09_2015,B06,2015,2018-12-19,1.0,9,0.0950799045945212,0.04253822275725605,-0.04253822275725605,False,False
SP500,S&P 500 cash index monthly average,True,LAST_HIKE,T09_2015,B06,2015,2018-12-19,1.0,10,0.09343450333056169,0.04253822275725605,-0.04253822275725605,False,False
SP500,S&P 500 cash index monthly average,True,LAST_HIKE,T09_2015,B06,2015,2018-12-19,1.0,11,0.14015447495006805,0.04253822275725605,-0.04253822275725605,False,False
SP500,S&P 500 cash index monthly average,True,LAST_HIKE,T09_2015,B06,2015,2018-12-19,1.0,12,0.16653674233624405,0.04253822275725605,-0.04253822275725605,False,False
SP500,S&P 500 cash index monthly average,True,LAST_HIKE,T10_2022,B07,2022,2023-07-26,1.0,1,0.02577128384511629,0.0,0.0,False,True
SP500,S&P 500 cash index monthly average,True,LAST_HIKE,T10_2022,B07,2022,2023-07-26,1.0,2,0.014664370558500783,0.01082786529661961,0.0,False,True
SP500,S&P 500 cash index monthly average,True,LAST_HIKE,T10_2022,B07,2022,2023-07-26,1.0,3,-0.017483400150148487,0.0421679614905226,-0.017483400150148487,True,True
SP500,S&P 500 cash index monthly average,True,LAST_HIKE,T10_2022,B07,2022,2023-07-26,1.0,4,0.02639370210025871,0.0421679614905226,-0.017483400150148487,False,False
SP500,S&P 500 cash index monthly average,True,LAST_HIKE,T10_2022,B07,2022,2023-07-26,1.0,5,0.07817019720519691,0.0421679614905226,-0.017483400150148487,False,False
SP500,S&P 500 cash index monthly average,True,LAST_HIKE,T10_2022,B07,2022,2023-07-26,1.0,6,0.10565691201945038,0.0421679614905226,-0.017483400150148487,False,False
SP500,S&P 500 cash index monthly average,True,LAST_HIKE,T10_2022,B07,2022,2023-07-26,1.0,7,0.15340193191248175,0.0421679614905226,-0.017483400150148487,False,False
SP500,S&P 500 cash index monthly average,True,LAST_HIKE,T10_2022,B07,2022,2023-07-26,1.0,8,0.18990307128479178,0.0421679614905226,-0.017483400150148487,False,False
SP500,S&P 500 cash index monthly average,True,LAST_HIKE,T10_2022,B07,2022,2023-07-26,1.0,9,0.17653718873409496,0.0421679614905226,-0.017483400150148487,False,False
SP500,S&P 500 cash index monthly average,True,LAST_HIKE,T10_2022,B07,2022,2023-07-26,1.0,10,0.2047816592043188,0.0421679614905226,-0.017483400150148487,False,False
SP500,S&P 500 cash index monthly average,True,LAST_HIKE,T10_2022,B07,2022,2023-07-26,1.0,11,0.24618547104494604,0.0421679614905226,-0.017483400150148487,False,False
SP500,S&P 500 cash index monthly average,True,LAST_HIKE,T10_2022,B07,2022,2023-07-26,1.0,12,0.2744601623486882,0.0421679614905226,-0.017483400150148487,False,False
NASDAQ,Nasdaq Composite monthly average,True,LAST_HIKE,T01_1983,B01,1983,1983-08-11,0.5,1,-0.0497446961979664,0.0497446961979664,-0.0497446961979664,True,True
NASDAQ,Nasdaq Composite monthly average,True,LAST_HIKE,T01_1983,B01,1983,1983-08-11,0.5,2,-0.0929190141449785,0.0929190141449785,-0.0929190141449785,True,True
NASDAQ,Nasdaq Composite monthly average,True,LAST_HIKE,T01_1983,B01,1983,1983-08-11,0.5,3,-0.11840570631942815,0.11840570631942815,-0.11840570631942815,True,True
NASDAQ,Nasdaq Composite monthly average,True,LAST_HIKE,T01_1983,B01,1983,1983-08-11,0.5,4,-0.11844035544580322,0.11844035544580322,-0.11844035544580322,True,True
NASDAQ,Nasdaq Composite monthly average,True,LAST_HIKE,T01_1983,B01,1983,1983-08-11,0.5,5,-0.107846761677584,0.11844035544580322,-0.11844035544580322,False,False
NASDAQ,Nasdaq Composite monthly average,True,LAST_HIKE,T01_1983,B01,1983,1983-08-11,0.5,6,-0.19521882731086326,0.19521882731086326,-0.19521882731086326,True,True
NASDAQ,Nasdaq Composite monthly average,True,LAST_HIKE,T01_1983,B01,1983,1983-08-11,0.5,7,-0.20514150853859925,0.20514150853859925,-0.20514150853859925,True,True
NASDAQ,Nasdaq Composite monthly average,True,LAST_HIKE,T01_1983,B01,1983,1983-08-11,0.5,8,-0.2242592393401962,0.2242592393401962,-0.2242592393401962,True,True
NASDAQ,Nasdaq Composite monthly average,True,LAST_HIKE,T01_1983,B01,1983,1983-08-11,0.5,9,-0.2241447739653969,0.2242592393401962,-0.2242592393401962,False,False
NASDAQ,Nasdaq Composite monthly average,True,LAST_HIKE,T01_1983,B01,1983,1983-08-11,0.5,10,-0.245426390642687,0.245426390642687,-0.245426390642687,True,True
NASDAQ,Nasdaq Composite monthly average,True,LAST_HIKE,T01_1983,B01,1983,1983-08-11,0.5,11,-0.2647636161274509,0.2647636161274509,-0.2647636161274509,True,True
NASDAQ,Nasdaq Composite monthly average,True,LAST_HIKE,T01_1983,B01,1983,1983-08-11,0.5,12,-0.20800114220288357,0.2647636161274509,-0.2647636161274509,False,False
NASDAQ,Nasdaq Composite monthly average,True,LAST_HIKE,T02_1984,B01,1984,1984-08-09,0.5,1,0.08433995707065933,0.0,0.0,False,True
NASDAQ,Nasdaq Composite monthly average,True,LAST_HIKE,T02_1984,B01,1984,1984-08-09,0.5,2,0.06346756341856619,0.019248938966041407,0.0,False,True
NASDAQ,Nasdaq Composite monthly average,True,LAST_HIKE,T02_1984,B01,1984,1984-08-09,0.5,3,0.06021538865029652,0.0222481595952021,0.0,False,True
NASDAQ,Nasdaq Composite monthly average,True,LAST_HIKE,T02_1984,B01,1984,1984-08-09,0.5,4,0.04091236927515318,0.04004979020862198,0.0,False,True
NASDAQ,Nasdaq Composite monthly average,True,LAST_HIKE,T02_1984,B01,1984,1984-08-09,0.5,5,0.12217883561378473,0.04004979020862198,0.0,False,False
NASDAQ,Nasdaq Composite monthly average,True,LAST_HIKE,T02_1984,B01,1984,1984-08-09,0.5,6,0.22855581935857905,0.04004979020862198,0.0,False,False
NASDAQ,Nasdaq Composite monthly average,True,LAST_HIKE,T02_1984,B01,1984,1984-08-09,0.5,7,0.2082274694292363,0.04004979020862198,0.0,False,False
NASDAQ,Nasdaq Composite monthly average,True,LAST_HIKE,T02_1984,B01,1984,1984-08-09,0.5,8,0.20864955905976457,0.04004979020862198,0.0,False,False
NASDAQ,Nasdaq Composite monthly average,True,LAST_HIKE,T02_1984,B01,1984,1984-08-09,0.5,9,0.23690078546670512,0.04004979020862198,0.0,False,False
NASDAQ,Nasdaq Composite monthly average,True,LAST_HIKE,T02_1984,B01,1984,1984-08-09,0.5,10,0.24971058174605787,0.04004979020862198,0.0,False,False
NASDAQ,Nasdaq Composite monthly average,True,LAST_HIKE,T02_1984,B01,1984,1984-08-09,0.5,11,0.29964619724438424,0.04004979020862198,0.0,False,False
NASDAQ,Nasdaq Composite monthly average,True,LAST_HIKE,T02_1984,B01,1984,1984-08-09,0.5,12,0.28331490494228584,0.04004979020862198,0.0,False,False
NASDAQ,Nasdaq Composite monthly average,True,LAST_HIKE,T03_1987,B02,1987,1987-05-22,0.3333333333333333,1,0.002186714751761576,0.0,0.0,False,True
NASDAQ,Nasdaq Composite monthly average,True,LAST_HIKE,T03_1987,B02,1987,1987-05-22,0.3333333333333333,2,0.014748843438780579,0.0,0.0,False,False
NASDAQ,Nasdaq Composite monthly average,True,LAST_HIKE,T03_1987,B02,1987,1987-05-22,0.3333333333333333,3,0.06058435268410256,0.0,0.0,False,False
NASDAQ,Nasdaq Composite monthly average,True,LAST_HIKE,T03_1987,B02,1987,1987-05-22,0.3333333333333333,4,0.047371088734202926,0.01245847528907984,0.0,False,True
NASDAQ,Nasdaq Composite monthly average,True,LAST_HIKE,T03_1987,B02,1987,1987-05-22,0.3333333333333333,5,-0.0892155658087942,0.141242814033402,-0.0892155658087942,True,True
NASDAQ,Nasdaq Composite monthly average,True,LAST_HIKE,T03_1987,B02,1987,1987-05-22,0.3333333333333333,6,-0.24603939987835366,0.289108312588678,-0.24603939987835366,True,True
NASDAQ,Nasdaq Composite monthly average,True,LAST_HIKE,T03_1987,B02,1987,1987-05-22,0.3333333333333333,7,-0.2560088961521685,0.2985083157554079,-0.2560088961521685,True,True
NASDAQ,Nasdaq Composite monthly average,True,LAST_HIKE,T03_1987,B02,1987,1987-05-22,0.3333333333333333,8,-0.19748834223153344,0.2985083157554079,-0.2560088961521685,False,False
NASDAQ,Nasdaq Composite monthly average,True,LAST_HIKE,T03_1987,B02,1987,1987-05-22,0.3333333333333333,9,-0.16366628370615677,0.2985083157554079,-0.2560088961521685,False,False
NASDAQ,Nasdaq Composite monthly average,True,LAST_HIKE,T03_1987,B02,1987,1987-05-22,0.3333333333333333,10,-0.11171139273236941,0.2985083157554079,-0.2560088961521685,False,False
NASDAQ,Nasdaq Composite monthly average,True,LAST_HIKE,T03_1987,B02,1987,1987-05-22,0.3333333333333333,11,-0.10770815030073666,0.2985083157554079,-0.2560088961521685,False,False
NASDAQ,Nasdaq Composite monthly average,True,LAST_HIKE,T03_1987,B02,1987,1987-05-22,0.3333333333333333,12,-0.12037349913270712,0.2985083157554079,-0.2560088961521685,False,False
NASDAQ,Nasdaq Composite monthly average,True,LAST_HIKE,T04_1987,B02,1987,1987-09-24,0.3333333333333333,1,-0.141242814033402,0.141242814033402,-0.141242814033402,True,True
NASDAQ,Nasdaq Composite monthly average,True,LAST_HIKE,T04_1987,B02,1987,1987-09-24,0.3333333333333333,2,-0.289108312588678,0.289108312588678,-0.289108312588678,True,True
NASDAQ,Nasdaq Composite monthly average,True,LAST_HIKE,T04_1987,B02,1987,1987-09-24,0.3333333333333333,3,-0.2985083157554079,0.2985083157554079,-0.2985083157554079,True,True
NASDAQ,Nasdaq Composite monthly average,True,LAST_HIKE,T04_1987,B02,1987,1987-09-24,0.3333333333333333,4,-0.24333066414049154,0.2985083157554079,-0.2985083157554079,False,False
NASDAQ,Nasdaq Composite monthly average,True,LAST_HIKE,T04_1987,B02,1987,1987-09-24,0.3333333333333333,5,-0.21144064196565882,0.2985083157554079,-0.2985083157554079,False,False
NASDAQ,Nasdaq Composite monthly average,True,LAST_HIKE,T04_1987,B02,1987,1987-09-24,0.3333333333333333,6,-0.16245359926386793,0.2985083157554079,-0.2985083157554079,False,False
NASDAQ,Nasdaq Composite monthly average,True,LAST_HIKE,T04_1987,B02,1987,1987-09-24,0.3333333333333333,7,-0.15867903628686242,0.2985083157554079,-0.2985083157554079,False,False
NASDAQ,Nasdaq Composite monthly average,True,LAST_HIKE,T04_1987,B02,1987,1987-09-24,0.3333333333333333,8,-0.17062089531949587,0.2985083157554079,-0.2985083157554079,False,False
NASDAQ,Nasdaq Composite monthly average,True,LAST_HIKE,T04_1987,B02,1987,1987-09-24,0.3333333333333333,9,-0.139172757472517,0.2985083157554079,-0.2985083157554079,False,False
NASDAQ,Nasdaq Composite monthly average,True,LAST_HIKE,T04_1987,B02,1987,1987-09-24,0.3333333333333333,10,-0.1270856343616451,0.2985083157554079,-0.2985083157554079,False,False
NASDAQ,Nasdaq Composite monthly average,True,LAST_HIKE,T04_1987,B02,1987,1987-09-24,0.3333333333333333,11,-0.15339111854171372,0.2985083157554079,-0.2985083157554079,False,False
NASDAQ,Nasdaq Composite monthly average,True,LAST_HIKE,T04_1987,B02,1987,1987-09-24,0.3333333333333333,12,-0.1477037153465136,0.2985083157554079,-0.2985083157554079,False,False
NASDAQ,Nasdaq Composite monthly average,True,LAST_HIKE,T05_1988,B02,1988,1989-05-17,0.3333333333333333,1,0.07300536349034425,0.0,0.0,False,True
NASDAQ,Nasdaq Composite monthly average,True,LAST_HIKE,T05_1988,B02,1988,1989-05-17,0.3333333333333333,2,0.07088078057200398,0.0019800301010883814,0.0,False,True
NASDAQ,Nasdaq Composite monthly average,True,LAST_HIKE,T05_1988,B02,1988,1989-05-17,0.3333333333333333,3,0.10715562555308078,0.0019800301010883814,0.0,False,False
NASDAQ,Nasdaq Composite monthly average,True,LAST_HIKE,T05_1988,B02,1988,1989-05-17,0.3333333333333333,4,0.12501738067269197,0.0019800301010883814,0.0,False,False
NASDAQ,Nasdaq Composite monthly average,True,LAST_HIKE,T05_1988,B02,1988,1989-05-17,0.3333333333333333,5,0.12598208973439728,0.0019800301010883814,0.0,False,False
NASDAQ,Nasdaq Composite monthly average,True,LAST_HIKE,T05_1988,B02,1988,1989-05-17,0.3333333333333333,6,0.09006099503066856,0.031902012501994426,0.0,False,True
NASDAQ,Nasdaq Composite monthly average,True,LAST_HIKE,T05_1988,B02,1988,1989-05-17,0.3333333333333333,7,0.07643780116510457,0.04400095616172672,0.0,False,True
NASDAQ,Nasdaq Composite monthly average,True,LAST_HIKE,T05_1988,B02,1988,1989-05-17,0.3333333333333333,8,0.05326985483051927,0.06457672423637717,0.0,False,True
NASDAQ,Nasdaq Composite monthly average,True,LAST_HIKE,T05_1988,B02,1988,1989-05-17,0.3333333333333333,9,0.01772639351357097,0.0961433553941895,0.0,False,True
NASDAQ,Nasdaq Composite monthly average,True,LAST_HIKE,T05_1988,B02,1988,1989-05-17,0.3333333333333333,10,0.045454545454545414,0.0961433553941895,0.0,False,False
NASDAQ,Nasdaq Composite monthly average,True,LAST_HIKE,T05_1988,B02,1988,1989-05-17,0.3333333333333333,11,0.02843957519238627,0.0961433553941895,0.0,False,False
NASDAQ,Nasdaq Composite monthly average,True,LAST_HIKE,T05_1988,B02,1988,1989-05-17,0.3333333333333333,12,0.06105574237811173,0.0961433553941895,0.0,False,False
NASDAQ,Nasdaq Composite monthly average,True,LAST_HIKE,T06_1994,B03,1994,1995-02-01,1.0,1,0.06484035643179054,0.0,0.0,False,True
NASDAQ,Nasdaq Composite monthly average,True,LAST_HIKE,T06_1994,B03,1994,1995-02-01,1.0,2,0.08881918263084443,0.0,0.0,False,False
NASDAQ,Nasdaq Composite monthly average,True,LAST_HIKE,T06_1994,B03,1994,1995-02-01,1.0,3,0.13422829562344818,0.0,0.0,False,False
NASDAQ,Nasdaq Composite monthly average,True,LAST_HIKE,T06_1994,B03,1994,1995-02-01,1.0,4,0.19527791011420503,0.0,0.0,False,False
NASDAQ,Nasdaq Composite monthly average,True,LAST_HIKE,T06_1994,B03,1994,1995-02-01,1.0,5,0.29201517628182994,0.0,0.0,False,False
NASDAQ,Nasdaq Composite monthly average,True,LAST_HIKE,T06_1994,B03,1994,1995-02-01,1.0,6,0.3318860117931832,0.0,0.0,False,False
NASDAQ,Nasdaq Composite monthly average,True,LAST_HIKE,T06_1994,B03,1994,1995-02-01,1.0,7,0.3865208885895821,0.0,0.0,False,False
NASDAQ,Nasdaq Composite monthly average,True,LAST_HIKE,T06_1994,B03,1994,1995-02-01,1.0,8,0.34844403391279744,0.027462157252832853,0.0,False,True
NASDAQ,Nasdaq Composite monthly average,True,LAST_HIKE,T06_1994,B03,1994,1995-02-01,1.0,9,0.3807646061818313,0.027462157252832853,0.0,False,False
NASDAQ,Nasdaq Composite monthly average,True,LAST_HIKE,T06_1994,B03,1994,1995-02-01,1.0,10,0.3812901033153122,0.027462157252832853,0.0,False,False
NASDAQ,Nasdaq Composite monthly average,True,LAST_HIKE,T06_1994,B03,1994,1995-02-01,1.0,11,0.3521486987556772,0.027462157252832853,0.0,False,False
NASDAQ,Nasdaq Composite monthly average,True,LAST_HIKE,T06_1994,B03,1994,1995-02-01,1.0,12,0.44326996166666466,0.027462157252832853,0.0,False,False
NASDAQ,Nasdaq Composite monthly average,True,LAST_HIKE,T07_1999,B04,1999,2000-05-16,1.0,1,0.0004760927554434691,0.0,0.0,False,True
NASDAQ,Nasdaq Composite monthly average,True,LAST_HIKE,T07_1999,B04,1999,2000-05-16,1.0,2,0.03987114133382086,0.0,0.0,False,False
NASDAQ,Nasdaq Composite monthly average,True,LAST_HIKE,T07_1999,B04,1999,2000-05-16,1.0,3,0.011895419708984889,0.0269030656903817,0.0,False,True
NASDAQ,Nasdaq Composite monthly average,True,LAST_HIKE,T07_1999,B04,1999,2000-05-16,1.0,4,0.0031536685296962297,0.03530963726623659,0.0,False,True
NASDAQ,Nasdaq Composite monthly average,True,LAST_HIKE,T07_1999,B04,1999,2000-05-16,1.0,5,-0.13712798910603374,0.17021256134949714,-0.13712798910603374,True,True
NASDAQ,Nasdaq Composite monthly average,True,LAST_HIKE,T07_1999,B04,1999,2000-05-16,1.0,6,-0.20918684991808878,0.23950851346105073,-0.20918684991808878,True,True
NASDAQ,Nasdaq Composite monthly average,True,LAST_HIKE,T07_1999,B04,1999,2000-05-16,1.0,7,-0.3120970612502999,0.33847290168343214,-0.3120970612502999,True,True
NASDAQ,Nasdaq Composite monthly average,True,LAST_HIKE,T07_1999,B04,1999,2000-05-16,1.0,8,-0.31234118723723214,0.33870766729739,-0.31234118723723214,True,True
NASDAQ,Nasdaq Composite monthly average,True,LAST_HIKE,T07_1999,B04,1999,2000-05-16,1.0,9,-0.3659939481625645,0.39030325332020543,-0.3659939481625645,True,True
NASDAQ,Nasdaq Composite monthly average,True,LAST_HIKE,T07_1999,B04,1999,2000-05-16,1.0,10,-0.4858049572519615,0.5055204223780156,-0.4858049572519615,True,True
NASDAQ,Nasdaq Composite monthly average,True,LAST_HIKE,T07_1999,B04,1999,2000-05-16,1.0,11,-0.4994540595847028,0.5186461855521276,-0.4994540595847028,True,True
NASDAQ,Nasdaq Composite monthly average,True,LAST_HIKE,T07_1999,B04,1999,2000-05-16,1.0,12,-0.4354727350473382,0.5186461855521276,-0.4994540595847028,False,False
NASDAQ,Nasdaq Composite monthly average,True,LAST_HIKE,T08_2004,B05,2004,2006-06-29,1.0,1,-0.07084826363161534,0.07084826363161534,-0.07084826363161534,True,True
NASDAQ,Nasdaq Composite monthly average,True,LAST_HIKE,T08_2004,B05,2004,2006-06-29,1.0,2,-0.05679062092965059,0.07084826363161534,-0.07084826363161534,False,False
NASDAQ,Nasdaq Composite monthly average,True,LAST_HIKE,T08_2004,B05,2004,2006-06-29,1.0,3,-0.01039638676659338,0.07084826363161534,-0.07084826363161534,False,False
NASDAQ,Nasdaq Composite monthly average,True,LAST_HIKE,T08_2004,B05,2004,2006-06-29,1.0,4,0.03780938614711249,0.07084826363161534,-0.07084826363161534,False,False
NASDAQ,Nasdaq Composite monthly average,True,LAST_HIKE,T08_2004,B05,2004,2006-06-29,1.0,5,0.07278292662188601,0.07084826363161534,-0.07084826363161534,False,False
NASDAQ,Nasdaq Composite monthly average,True,LAST_HIKE,T08_2004,B05,2004,2006-06-29,1.0,6,0.08311926828379534,0.07084826363161534,-0.07084826363161534,False,False
NASDAQ,Nasdaq Composite monthly average,True,LAST_HIKE,T08_2004,B05,2004,2006-06-29,1.0,7,0.09259647503249235,0.07084826363161534,-0.07084826363161534,False,False
NASDAQ,Nasdaq Composite monthly average,True,LAST_HIKE,T08_2004,B05,2004,2006-06-29,1.0,8,0.10447792809120848,0.07084826363161534,-0.07084826363161534,False,False
NASDAQ,Nasdaq Composite monthly average,True,LAST_HIKE,T08_2004,B05,2004,2006-06-29,1.0,9,0.06957215332353517,0.07084826363161534,-0.07084826363161534,False,False
NASDAQ,Nasdaq Composite monthly average,True,LAST_HIKE,T08_2004,B05,2004,2006-06-29,1.0,10,0.11325357011268089,0.07084826363161534,-0.07084826363161534,False,False
NASDAQ,Nasdaq Composite monthly average,True,LAST_HIKE,T08_2004,B05,2004,2006-06-29,1.0,11,0.1411221915855878,0.07084826363161534,-0.07084826363161534,False,False
NASDAQ,Nasdaq Composite monthly average,True,LAST_HIKE,T08_2004,B05,2004,2006-06-29,1.0,12,0.15593337524903128,0.07084826363161534,-0.07084826363161534,False,False
NASDAQ,Nasdaq Composite monthly average,True,LAST_HIKE,T09_2015,B06,2015,2018-12-19,1.0,1,-0.03543709628159042,0.03543709628159042,-0.03543709628159042,True,True
NASDAQ,Nasdaq Composite monthly average,True,LAST_HIKE,T09_2015,B06,2015,2018-12-19,1.0,2,0.026809529683239575,0.03543709628159042,-0.03543709628159042,False,False
NASDAQ,Nasdaq Composite monthly average,True,LAST_HIKE,T09_2015,B06,2015,2018-12-19,1.0,3,0.054350582145519466,0.03543709628159042,-0.03543709628159042,False,False
NASDAQ,Nasdaq Composite monthly average,True,LAST_HIKE,T09_2015,B06,2015,2018-12-19,1.0,4,0.1046543424961639,0.03543709628159042,-0.03543709628159042,False,False
NASDAQ,Nasdaq Composite monthly average,True,LAST_HIKE,T09_2015,B06,2015,2018-12-19,1.0,5,0.07859771702869889,0.03543709628159042,-0.03543709628159042,False,False
NASDAQ,Nasdaq Composite monthly average,True,LAST_HIKE,T09_2015,B06,2015,2018-12-19,1.0,6,0.08144982574428128,0.03543709628159042,-0.03543709628159042,False,False
NASDAQ,Nasdaq Composite monthly average,True,LAST_HIKE,T09_2015,B06,2015,2018-12-19,1.0,7,0.13398373378775164,0.03543709628159042,-0.03543709628159042,False,False
NASDAQ,Nasdaq Composite monthly average,True,LAST_HIKE,T09_2015,B06,2015,2018-12-19,1.0,8,0.09326204519785031,0.035910293398902615,-0.03543709628159042,False,True
NASDAQ,Nasdaq Composite monthly average,True,LAST_HIKE,T09_2015,B06,2015,2018-12-19,1.0,9,0.11769050415408344,0.035910293398902615,-0.03543709628159042,False,False
NASDAQ,Nasdaq Composite monthly average,True,LAST_HIKE,T09_2015,B06,2015,2018-12-19,1.0,10,0.11652611883867592,0.035910293398902615,-0.03543709628159042,False,False
NASDAQ,Nasdaq Composite monthly average,True,LAST_HIKE,T09_2015,B06,2015,2018-12-19,1.0,11,0.1770980722202251,0.035910293398902615,-0.03543709628159042,False,False
NASDAQ,Nasdaq Composite monthly average,True,LAST_HIKE,T09_2015,B06,2015,2018-12-19,1.0,12,0.21316924294265815,0.035910293398902615,-0.03543709628159042,False,False
NASDAQ,Nasdaq Composite monthly average,True,LAST_HIKE,T10_2022,B07,2022,2023-07-26,1.0,1,0.02047856927623659,0.0,0.0,False,True
NASDAQ,Nasdaq Composite monthly average,True,LAST_HIKE,T10_2022,B07,2022,2023-07-26,1.0,2,0.009066094554301962,0.011183453592787052,0.0,False,True
NASDAQ,Nasdaq Composite monthly average,True,LAST_HIKE,T10_2022,B07,2022,2023-07-26,1.0,3,-0.019634154637321766,0.039307757282946,-0.019634154637321766,True,True
NASDAQ,Nasdaq Composite monthly average,True,LAST_HIKE,T10_2022,B07,2022,2023-07-26,1.0,4,0.03337717465766077,0.039307757282946,-0.019634154637321766,False,False
NASDAQ,Nasdaq Composite monthly average,True,LAST_HIKE,T10_2022,B07,2022,2023-07-26,1.0,5,0.09111227291937052,0.039307757282946,-0.019634154637321766,False,False
NASDAQ,Nasdaq Composite monthly average,True,LAST_HIKE,T10_2022,B07,2022,2023-07-26,1.0,6,0.12014536499043138,0.039307757282946,-0.019634154637321766,False,False
NASDAQ,Nasdaq Composite monthly average,True,LAST_HIKE,T10_2022,B07,2022,2023-07-26,1.0,7,0.1741827180534099,0.039307757282946,-0.019634154637321766,False,False
NASDAQ,Nasdaq Composite monthly average,True,LAST_HIKE,T10_2022,B07,2022,2023-07-26,1.0,8,0.20443875105737863,0.039307757282946,-0.019634154637321766,False,False
NASDAQ,Nasdaq Composite monthly average,True,LAST_HIKE,T10_2022,B07,2022,2023-07-26,1.0,9,0.1847242347346454,0.039307757282946,-0.019634154637321766,False,False
NASDAQ,Nasdaq Composite monthly average,True,LAST_HIKE,T10_2022,B07,2022,2023-07-26,1.0,10,0.2282078433420376,0.039307757282946,-0.019634154637321766,False,False
NASDAQ,Nasdaq Composite monthly average,True,LAST_HIKE,T10_2022,B07,2022,2023-07-26,1.0,11,0.2994786510878933,0.039307757282946,-0.019634154637321766,False,False
NASDAQ,Nasdaq Composite monthly average,True,LAST_HIKE,T10_2022,B07,2022,2023-07-26,1.0,12,0.33419396972790816,0.039307757282946,-0.019634154637321766,False,False
WTI,WTI spot monthly average,True,LAST_HIKE,T03_1987,B02,1987,1987-05-22,0.3333333333333333,1,0.07654195345349368,0.0,0.0,False,True
WTI,WTI spot monthly average,True,LAST_HIKE,T03_1987,B02,1987,1987-05-22,0.3333333333333333,2,0.14459412410616257,0.0,0.0,False,False
WTI,WTI spot monthly average,True,LAST_HIKE,T03_1987,B02,1987,1987-05-22,0.3333333333333333,3,0.08792160373616764,0.04951320225783218,0.0,False,True
WTI,WTI spot monthly average,True,LAST_HIKE,T03_1987,B02,1987,1987-05-22,0.3333333333333333,4,0.046091218297222625,0.08605924470026682,0.0,False,True
WTI,WTI spot monthly average,True,LAST_HIKE,T03_1987,B02,1987,1987-05-22,0.3333333333333333,5,0.06346103078741883,0.08605924470026682,0.0,False,False
WTI,WTI spot monthly average,True,LAST_HIKE,T03_1987,B02,1987,1987-05-22,0.3333333333333333,6,0.009882428559950807,0.11769385558519352,0.0,False,True
WTI,WTI spot monthly average,True,LAST_HIKE,T03_1987,B02,1987,1987-05-22,0.3333333333333333,7,-0.0843354133747557,0.20000935935233288,-0.0843354133747557,True,True
WTI,WTI spot monthly average,True,LAST_HIKE,T03_1987,B02,1987,1987-05-22,0.3333333333333333,8,-0.08248747957899238,0.20000935935233288,-0.0843354133747557,False,False
WTI,WTI spot monthly average,True,LAST_HIKE,T03_1987,B02,1987,1987-05-22,0.3333333333333333,9,-0.10036614340425365,0.2140149615932292,-0.10036614340425365,True,True
WTI,WTI spot monthly average,True,LAST_HIKE,T03_1987,B02,1987,1987-05-22,0.3333333333333333,10,-0.13035115611510273,0.240212031872849,-0.13035115611510273,True,True
WTI,WTI spot monthly average,True,LAST_HIKE,T03_1987,B02,1987,1987-05-22,0.3333333333333333,11,-0.043225581831329074,0.240212031872849,-0.13035115611510273,False,False
WTI,WTI spot monthly average,True,LAST_HIKE,T03_1987,B02,1987,1987-05-22,0.3333333333333333,12,-0.06673256575503561,0.240212031872849,-0.13035115611510273,False,False
WTI,WTI spot monthly average,True,LAST_HIKE,T04_1987,B02,1987,1987-09-24,0.3333333333333333,1,-0.022483764330762157,0.022483764330762157,-0.022483764330762157,True,True
WTI,WTI spot monthly average,True,LAST_HIKE,T04_1987,B02,1987,1987-09-24,0.3333333333333333,2,-0.07173235176892612,0.07173235176892612,-0.07173235176892612,True,True
WTI,WTI spot monthly average,True,LAST_HIKE,T04_1987,B02,1987,1987-09-24,0.3333333333333333,3,-0.15833587320938747,0.15833587320938747,-0.15833587320938747,True,True
WTI,WTI spot monthly average,True,LAST_HIKE,T04_1987,B02,1987,1987-09-24,0.3333333333333333,4,-0.15663728225447215,0.15833587320938747,-0.15833587320938747,False,False
WTI,WTI spot monthly average,True,LAST_HIKE,T04_1987,B02,1987,1987-09-24,0.3333333333333333,5,-0.17307106182449072,0.17307106182449072,-0.17307106182449072,True,True
WTI,WTI spot monthly average,True,LAST_HIKE,T04_1987,B02,1987,1987-09-24,0.3333333333333333,6,-0.20063280212624934,0.20063280212624934,-0.20063280212624934,True,True
WTI,WTI spot monthly average,True,LAST_HIKE,T04_1987,B02,1987,1987-09-24,0.3333333333333333,7,-0.12054837877757729,0.20063280212624934,-0.20063280212624934,False,False
WTI,WTI spot monthly average,True,LAST_HIKE,T04_1987,B02,1987,1987-09-24,0.3333333333333333,8,-0.1421556194491277,0.20063280212624934,-0.20063280212624934,False,False
WTI,WTI spot monthly average,True,LAST_HIKE,T04_1987,B02,1987,1987-09-24,0.3333333333333333,9,-0.1843809345180879,0.20063280212624934,-0.20063280212624934,False,False
WTI,WTI spot monthly average,True,LAST_HIKE,T04_1987,B02,1987,1987-09-24,0.3333333333333333,10,-0.23698801960002824,0.23698801960002824,-0.23698801960002824,True,True
WTI,WTI spot monthly average,True,LAST_HIKE,T04_1987,B02,1987,1987-09-24,0.3333333333333333,11,-0.2357089923844492,0.23698801960002824,-0.23698801960002824,False,False
WTI,WTI spot monthly average,True,LAST_HIKE,T04_1987,B02,1987,1987-09-24,0.3333333333333333,12,-0.28435386618867287,0.28435386618867287,-0.28435386618867287,True,True
WTI,WTI spot monthly average,True,LAST_HIKE,T05_1988,B02,1988,1989-05-17,0.3333333333333333,1,-0.048343322157931246,0.048343322157931246,-0.048343322157931246,True,True
WTI,WTI spot monthly average,True,LAST_HIKE,T05_1988,B02,1988,1989-05-17,0.3333333333333333,2,-0.06111212817748468,0.06111212817748468,-0.06111212817748468,True,True
WTI,WTI spot monthly average,True,LAST_HIKE,T05_1988,B02,1988,1989-05-17,0.3333333333333333,3,-0.11813564953248834,0.11813564953248834,-0.11813564953248834,True,True
WTI,WTI spot monthly average,True,LAST_HIKE,T05_1988,B02,1988,1989-05-17,0.3333333333333333,4,-0.07083076241555508,0.11813564953248834,-0.11813564953248834,False,False
WTI,WTI spot monthly average,True,LAST_HIKE,T05_1988,B02,1988,1989-05-17,0.3333333333333333,5,-0.04609961209704905,0.11813564953248834,-0.11813564953248834,False,False
WTI,WTI spot monthly average,True,LAST_HIKE,T05_1988,B02,1988,1989-05-17,0.3333333333333333,6,-0.0567833509446406,0.11813564953248834,-0.11813564953248834,False,False
WTI,WTI spot monthly average,True,LAST_HIKE,T05_1988,B02,1988,1989-05-17,0.3333333333333333,7,-0.00022732325616825477,0.11813564953248834,-0.11813564953248834,False,False
WTI,WTI spot monthly average,True,LAST_HIKE,T05_1988,B02,1988,1989-05-17,0.3333333333333333,8,0.08515742646456026,0.11813564953248834,-0.11813564953248834,False,False
WTI,WTI spot monthly average,True,LAST_HIKE,T05_1988,B02,1988,1989-05-17,0.3333333333333333,9,0.049551473729175566,0.11813564953248834,-0.11813564953248834,False,False
WTI,WTI spot monthly average,True,LAST_HIKE,T05_1988,B02,1988,1989-05-17,0.3333333333333333,10,-0.03233531383894461,0.11813564953248834,-0.11813564953248834,False,False
WTI,WTI spot monthly average,True,LAST_HIKE,T05_1988,B02,1988,1989-05-17,0.3333333333333333,11,-0.12546869808723715,0.19409729815702104,-0.12546869808723715,True,True
WTI,WTI spot monthly average,True,LAST_HIKE,T05_1988,B02,1988,1989-05-17,0.3333333333333333,12,-0.13126710649136952,0.19944067807842436,-0.13126710649136952,True,True
WTI,WTI spot monthly average,True,LAST_HIKE,T06_1994,B03,1994,1995-02-01,1.0,1,0.025674035384558813,0.0,0.0,False,True
WTI,WTI spot monthly average,True,LAST_HIKE,T06_1994,B03,1994,1995-02-01,1.0,2,0.0989627395446353,0.0,0.0,False,False
WTI,WTI spot monthly average,True,LAST_HIKE,T06_1994,B03,1994,1995-02-01,1.0,3,0.0953223750970944,0.003312545836676284,0.0,False,True
WTI,WTI spot monthly average,True,LAST_HIKE,T06_1994,B03,1994,1995-02-01,1.0,4,0.015611452952829286,0.07584541640269193,0.0,False,True
WTI,WTI spot monthly average,True,LAST_HIKE,T06_1994,B03,1994,1995-02-01,1.0,5,-0.043617299790773556,0.12974055825995356,-0.043617299790773556,True,True
WTI,WTI spot monthly average,True,LAST_HIKE,T06_1994,B03,1994,1995-02-01,1.0,6,-0.005348478718103955,0.12974055825995356,-0.043617299790773556,False,False
WTI,WTI spot monthly average,True,LAST_HIKE,T06_1994,B03,1994,1995-02-01,1.0,7,0.0031142335184708436,0.12974055825995356,-0.043617299790773556,False,False
WTI,WTI spot monthly average,True,LAST_HIKE,T06_1994,B03,1994,1995-02-01,1.0,8,-0.037339827665312186,0.12974055825995356,-0.043617299790773556,False,False
WTI,WTI spot monthly average,True,LAST_HIKE,T06_1994,B03,1994,1995-02-01,1.0,9,-0.006994442003047219,0.12974055825995356,-0.043617299790773556,False,False
WTI,WTI spot monthly average,True,LAST_HIKE,T06_1994,B03,1994,1995-02-01,1.0,10,0.04910822316393482,0.12974055825995356,-0.043617299790773556,False,False
WTI,WTI spot monthly average,True,LAST_HIKE,T06_1994,B03,1994,1995-02-01,1.0,11,0.044839542118620956,0.12974055825995356,-0.043617299790773556,False,False
WTI,WTI spot monthly average,True,LAST_HIKE,T06_1994,B03,1994,1995-02-01,1.0,12,0.057613320091710385,0.12974055825995356,-0.043617299790773556,False,False
WTI,WTI spot monthly average,True,LAST_HIKE,T07_1999,B04,1999,2000-05-16,1.0,1,0.23718032600967476,0.0,0.0,False,True
WTI,WTI spot monthly average,True,LAST_HIKE,T07_1999,B04,1999,2000-05-16,1.0,2,0.1657471410150717,0.05773870105500234,0.0,False,True
WTI,WTI spot monthly average,True,LAST_HIKE,T07_1999,B04,1999,2000-05-16,1.0,3,0.21596425924538032,0.05773870105500234,0.0,False,False
WTI,WTI spot monthly average,True,LAST_HIKE,T07_1999,B04,1999,2000-05-16,1.0,4,0.3300039184554162,0.05773870105500234,0.0,False,False
WTI,WTI spot monthly average,True,LAST_HIKE,T07_1999,B04,1999,2000-05-16,1.0,5,0.28601722084821835,0.05773870105500234,0.0,False,False
WTI,WTI spot monthly average,True,LAST_HIKE,T07_1999,B04,1999,2000-05-16,1.0,6,0.3366652926628195,0.05773870105500234,0.0,False,False
WTI,WTI spot monthly average,True,LAST_HIKE,T07_1999,B04,1999,2000-05-16,1.0,7,0.11482092149858025,0.16596852808401652,0.0,False,True
WTI,WTI spot monthly average,True,LAST_HIKE,T07_1999,B04,1999,2000-05-16,1.0,8,0.1524131846516541,0.16596852808401652,0.0,False,False
WTI,WTI spot monthly average,True,LAST_HIKE,T07_1999,B04,1999,2000-05-16,1.0,9,0.15270003808642252,0.16596852808401652,0.0,False,False
WTI,WTI spot monthly average,True,LAST_HIKE,T07_1999,B04,1999,2000-05-16,1.0,10,0.06063312431820278,0.20650806889339002,0.0,False,True
WTI,WTI spot monthly average,True,LAST_HIKE,T07_1999,B04,1999,2000-05-16,1.0,11,0.07316570486397356,0.20650806889339002,0.0,False,False
WTI,WTI spot monthly average,True,LAST_HIKE,T07_1999,B04,1999,2000-05-16,1.0,12,0.1165933864614821,0.20650806889339002,0.0,False,False
WTI,WTI spot monthly average,True,LAST_HIKE,T08_2004,B05,2004,2006-06-29,1.0,1,0.04497559737072243,0.0,0.0,False,True
WTI,WTI spot monthly average,True,LAST_HIKE,T08_2004,B05,2004,2006-06-29,1.0,2,0.03243126101195881,0.012004429950638551,0.0,False,True
WTI,WTI spot monthly average,True,LAST_HIKE,T08_2004,B05,2004,2006-06-29,1.0,3,-0.09628127494403405,0.13517719712323883,-0.09628127494403405,True,True
WTI,WTI spot monthly average,True,LAST_HIKE,T08_2004,B05,2004,2006-06-29,1.0,4,-0.16927833359407263,0.20503247301074035,-0.16927833359407263,True,True
WTI,WTI spot monthly average,True,LAST_HIKE,T08_2004,B05,2004,2006-06-29,1.0,5,-0.16563917298236486,0.20503247301074035,-0.16927833359407263,False,False
WTI,WTI spot monthly average,True,LAST_HIKE,T08_2004,B05,2004,2006-06-29,1.0,6,-0.12603323271362887,0.20503247301074035,-0.16927833359407263,False,False
WTI,WTI spot monthly average,True,LAST_HIKE,T08_2004,B05,2004,2006-06-29,1.0,7,-0.23080937738031448,0.26391522964262826,-0.23080937738031448,True,True
WTI,WTI spot monthly average,True,LAST_HIKE,T08_2004,B05,2004,2006-06-29,1.0,8,-0.16458540422403622,0.26391522964262826,-0.23080937738031448,False,False
WTI,WTI spot monthly average,True,LAST_HIKE,T08_2004,B05,2004,2006-06-29,1.0,9,-0.1474339410695097,0.26391522964262826,-0.23080937738031448,False,False
WTI,WTI spot monthly average,True,LAST_HIKE,T08_2004,B05,2004,2006-06-29,1.0,10,-0.09748876380303884,0.26391522964262826,-0.23080937738031448,False,False
WTI,WTI spot monthly average,True,LAST_HIKE,T08_2004,B05,2004,2006-06-29,1.0,11,-0.1049377175142403,0.26391522964262826,-0.23080937738031448,False,False
WTI,WTI spot monthly average,True,LAST_HIKE,T08_2004,B05,2004,2006-06-29,1.0,12,-0.048028780728303966,0.26391522964262826,-0.23080937738031448,False,False
WTI,WTI spot monthly average,True,LAST_HIKE,T09_2015,B06,2015,2018-12-19,1.0,1,-0.09809414299131392,0.09809414299131392,-0.09809414299131392,True,True
WTI,WTI spot monthly average,True,LAST_HIKE,T09_2015,B06,2015,2018-12-19,1.0,2,-0.035264040269553765,0.09809414299131392,-0.09809414299131392,False,False
WTI,WTI spot monthly average,True,LAST_HIKE,T09_2015,B06,2015,2018-12-19,1.0,3,0.020854206139520493,0.09809414299131392,-0.09809414299131392,False,False
WTI,WTI spot monthly average,True,LAST_HIKE,T09_2015,B06,2015,2018-12-19,1.0,4,0.12111055241305313,0.09809414299131392,-0.09809414299131392,False,False
WTI,WTI spot monthly average,True,LAST_HIKE,T09_2015,B06,2015,2018-12-19,1.0,5,0.067820941160887,0.09809414299131392,-0.09809414299131392,False,False
WTI,WTI spot monthly average,True,LAST_HIKE,T09_2015,B06,2015,2018-12-19,1.0,6,-0.04048206307547797,0.14413620060994237,-0.09809414299131392,False,True
WTI,WTI spot monthly average,True,LAST_HIKE,T09_2015,B06,2015,2018-12-19,1.0,7,0.006927159287881679,0.14413620060994237,-0.09809414299131392,False,False
WTI,WTI spot monthly average,True,LAST_HIKE,T09_2015,B06,2015,2018-12-19,1.0,8,-0.03787672648434359,0.14413620060994237,-0.09809414299131392,False,False
WTI,WTI spot monthly average,True,LAST_HIKE,T09_2015,B06,2015,2018-12-19,1.0,9,-0.0002896591677125082,0.14413620060994237,-0.09809414299131392,False,False
WTI,WTI spot monthly average,True,LAST_HIKE,T09_2015,B06,2015,2018-12-19,1.0,10,-0.05267331750575588,0.1550104666705353,-0.09809414299131392,False,True
WTI,WTI spot monthly average,True,LAST_HIKE,T09_2015,B06,2015,2018-12-19,1.0,11,0.0015000371890958597,0.1550104666705353,-0.09809414299131392,False,False
WTI,WTI spot monthly average,True,LAST_HIKE,T09_2015,B06,2015,2018-12-19,1.0,12,0.0500876292128587,0.1550104666705353,-0.09809414299131392,False,False
WTI,WTI spot monthly average,True,LAST_HIKE,T10_2022,B07,2022,2023-07-26,1.0,1,0.15855222381013978,0.0,0.0,False,True
WTI,WTI spot monthly average,True,LAST_HIKE,T10_2022,B07,2022,2023-07-26,1.0,2,0.27298825251998005,0.0,0.0,False,False
WTI,WTI spot monthly average,True,LAST_HIKE,T10_2022,B07,2022,2023-07-26,1.0,3,0.21910100934782162,0.042331296510776495,0.0,False,True
WTI,WTI spot monthly average,True,LAST_HIKE,T10_2022,B07,2022,2023-07-26,1.0,4,0.10586628344439086,0.13128319821079115,0.0,False,True
WTI,WTI spot monthly average,True,LAST_HIKE,T10_2022,B07,2022,2023-07-26,1.0,5,0.023515296127331053,0.195974280123008,0.0,False,True
WTI,WTI spot monthly average,True,LAST_HIKE,T10_2022,B07,2022,2023-07-26,1.0,6,0.05557852780282113,0.195974280123008,0.0,False,False
WTI,WTI spot monthly average,True,LAST_HIKE,T10_2022,B07,2022,2023-07-26,1.0,7,0.09965970946509284,0.195974280123008,0.0,False,False
WTI,WTI spot monthly average,True,LAST_HIKE,T10_2022,B07,2022,2023-07-26,1.0,8,0.15701357772791646,0.195974280123008,0.0,False,False
WTI,WTI spot monthly average,True,LAST_HIKE,T10_2022,B07,2022,2023-07-26,1.0,9,0.2149407387915805,0.195974280123008,0.0,False,False
WTI,WTI spot monthly average,True,LAST_HIKE,T10_2022,B07,2022,2023-07-26,1.0,10,0.1391703245947724,0.195974280123008,0.0,False,False
WTI,WTI spot monthly average,True,LAST_HIKE,T10_2022,B07,2022,2023-07-26,1.0,11,0.1355093422916771,0.195974280123008,0.0,False,False
WTI,WTI spot monthly average,True,LAST_HIKE,T10_2022,B07,2022,2023-07-26,1.0,12,0.16445085476274235,0.195974280123008,0.0,False,False
USD_BROAD,Nominal Broad U.S. Dollar Index monthly average,False,LAST_HIKE,T08_2004,B05,2004,2006-06-29,1.0,1,0.0095059328271212,0.0,0.0,False,True
USD_BROAD,Nominal Broad U.S. Dollar Index monthly average,False,LAST_HIKE,T08_2004,B05,2004,2006-06-29,1.0,2,0.0020714555406196045,0.007364471118739613,0.0,False,True
USD_BROAD,Nominal Broad U.S. Dollar Index monthly average,False,LAST_HIKE,T08_2004,B05,2004,2006-06-29,1.0,3,0.004815705559178873,0.007364471118739613,0.0,False,False
USD_BROAD,Nominal Broad U.S. Dollar Index monthly average,False,LAST_HIKE,T08_2004,B05,2004,2006-06-29,1.0,4,0.008243934041523238,0.007364471118739613,0.0,False,False
USD_BROAD,Nominal Broad U.S. Dollar Index monthly average,False,LAST_HIKE,T08_2004,B05,2004,2006-06-29,1.0,5,1.5463826344319642e-05,0.009401102749538759,0.0,False,True
USD_BROAD,Nominal Broad U.S. Dollar Index monthly average,False,LAST_HIKE,T08_2004,B05,2004,2006-06-29,1.0,6,-0.007349907151839696,0.016697118294051072,-0.007349907151839696,True,True
USD_BROAD,Nominal Broad U.S. Dollar Index monthly average,False,LAST_HIKE,T08_2004,B05,2004,2006-06-29,1.0,7,0.0033021997935442915,0.016697118294051072,-0.007349907151839696,False,False
USD_BROAD,Nominal Broad U.S. Dollar Index monthly average,False,LAST_HIKE,T08_2004,B05,2004,2006-06-29,1.0,8,-0.0003625091783789891,0.016697118294051072,-0.007349907151839696,False,False
USD_BROAD,Nominal Broad U.S. Dollar Index monthly average,False,LAST_HIKE,T08_2004,B05,2004,2006-06-29,1.0,9,-0.005127784548713321,0.016697118294051072,-0.007349907151839696,False,False
USD_BROAD,Nominal Broad U.S. Dollar Index monthly average,False,LAST_HIKE,T08_2004,B05,2004,2006-06-29,1.0,10,-0.019275353504691672,0.02851026962388503,-0.019275353504691672,True,True
USD_BROAD,Nominal Broad U.S. Dollar Index monthly average,False,LAST_HIKE,T08_2004,B05,2004,2006-06-29,1.0,11,-0.028603992882375584,0.03775106660618621,-0.028603992882375584,True,True
USD_BROAD,Nominal Broad U.S. Dollar Index monthly average,False,LAST_HIKE,T08_2004,B05,2004,2006-06-29,1.0,12,-0.031451221387571615,0.04057148440920222,-0.031451221387571615,True,True
USD_BROAD,Nominal Broad U.S. Dollar Index monthly average,False,LAST_HIKE,T09_2015,B06,2015,2018-12-19,1.0,1,-0.014862436030183557,0.014862436030183557,-0.014862436030183557,True,True
USD_BROAD,Nominal Broad U.S. Dollar Index monthly average,False,LAST_HIKE,T09_2015,B06,2015,2018-12-19,1.0,2,-0.015116242407299252,0.015116242407299252,-0.015116242407299252,True,True
USD_BROAD,Nominal Broad U.S. Dollar Index monthly average,False,LAST_HIKE,T09_2015,B06,2015,2018-12-19,1.0,3,-0.011926808491719676,0.015116242407299252,-0.015116242407299252,False,False
USD_BROAD,Nominal Broad U.S. Dollar Index monthly average,False,LAST_HIKE,T09_2015,B06,2015,2018-12-19,1.0,4,-0.010891803875511474,0.015116242407299252,-0.015116242407299252,False,False
USD_BROAD,Nominal Broad U.S. Dollar Index monthly average,False,LAST_HIKE,T09_2015,B06,2015,2018-12-19,1.0,5,-0.0018220273896388806,0.015116242407299252,-0.015116242407299252,False,False
USD_BROAD,Nominal Broad U.S. Dollar Index monthly average,False,LAST_HIKE,T09_2015,B06,2015,2018-12-19,1.0,6,-0.006387028489388102,0.015116242407299252,-0.015116242407299252,False,False
USD_BROAD,Nominal Broad U.S. Dollar Index monthly average,False,LAST_HIKE,T09_2015,B06,2015,2018-12-19,1.0,7,-0.009395395226922232,0.015116242407299252,-0.015116242407299252,False,False
USD_BROAD,Nominal Broad U.S. Dollar Index monthly average,False,LAST_HIKE,T09_2015,B06,2015,2018-12-19,1.0,8,0.008017121631983537,0.015116242407299252,-0.015116242407299252,False,False
USD_BROAD,Nominal Broad U.S. Dollar Index monthly average,False,LAST_HIKE,T09_2015,B06,2015,2018-12-19,1.0,9,0.009941331617213445,0.015116242407299252,-0.015116242407299252,False,False
USD_BROAD,Nominal Broad U.S. Dollar Index monthly average,False,LAST_HIKE,T09_2015,B06,2015,2018-12-19,1.0,10,0.004968742670726778,0.015116242407299252,-0.015116242407299252,False,False
USD_BROAD,Nominal Broad U.S. Dollar Index monthly average,False,LAST_HIKE,T09_2015,B06,2015,2018-12-19,1.0,11,0.0033608214740219466,0.015116242407299252,-0.015116242407299252,False,False
USD_BROAD,Nominal Broad U.S. Dollar Index monthly average,False,LAST_HIKE,T09_2015,B06,2015,2018-12-19,1.0,12,-0.0022332541340940315,0.015116242407299252,-0.015116242407299252,False,False
USD_BROAD,Nominal Broad U.S. Dollar Index monthly average,False,LAST_HIKE,T10_2022,B07,2022,2023-07-26,1.0,1,0.004689100886234199,0.0,0.0,False,True
USD_BROAD,Nominal Broad U.S. Dollar Index monthly average,False,LAST_HIKE,T10_2022,B07,2022,2023-07-26,1.0,2,0.019686819924350507,0.0,0.0,False,False
USD_BROAD,Nominal Broad U.S. Dollar Index monthly average,False,LAST_HIKE,T10_2022,B07,2022,2023-07-26,1.0,3,0.035207900573039685,0.0,0.0,False,False
USD_BROAD,Nominal Broad U.S. Dollar Index monthly average,False,LAST_HIKE,T10_2022,B07,2022,2023-07-26,1.0,4,0.016137609390891594,0.018421701738937424,0.0,False,True
USD_BROAD,Nominal Broad U.S. Dollar Index monthly average,False,LAST_HIKE,T10_2022,B07,2022,2023-07-26,1.0,5,0.004494562588115425,0.029668763122772668,0.0,False,True
USD_BROAD,Nominal Broad U.S. Dollar Index monthly average,False,LAST_HIKE,T10_2022,B07,2022,2023-07-26,1.0,6,0.007799065636930003,0.029668763122772668,0.0,False,False
USD_BROAD,Nominal Broad U.S. Dollar Index monthly average,False,LAST_HIKE,T10_2022,B07,2022,2023-07-26,1.0,7,0.014828439316695086,0.029668763122772668,0.0,False,False
USD_BROAD,Nominal Broad U.S. Dollar Index monthly average,False,LAST_HIKE,T10_2022,B07,2022,2023-07-26,1.0,8,0.011415890558813757,0.029668763122772668,0.0,False,False
USD_BROAD,Nominal Broad U.S. Dollar Index monthly average,False,LAST_HIKE,T10_2022,B07,2022,2023-07-26,1.0,9,0.02385527206364446,0.029668763122772668,0.0,False,False
USD_BROAD,Nominal Broad U.S. Dollar Index monthly average,False,LAST_HIKE,T10_2022,B07,2022,2023-07-26,1.0,10,0.021470695411892837,0.029668763122772668,0.0,False,False
USD_BROAD,Nominal Broad U.S. Dollar Index monthly average,False,LAST_HIKE,T10_2022,B07,2022,2023-07-26,1.0,11,0.03698775600172466,0.029668763122772668,0.0,False,False
USD_BROAD,Nominal Broad U.S. Dollar Index monthly average,False,LAST_HIKE,T10_2022,B07,2022,2023-07-26,1.0,12,0.03424633992021664,0.029668763122772668,0.0,False,False
GOLD,Gold monthly World Bank/DataHub,True,PAUSE_START,T02_1984,B01,1984,1984-08-21,1.0,1,-0.02298850574712641,0.02298850574712641,-0.02298850574712641,True,True
GOLD,Gold monthly World Bank/DataHub,True,PAUSE_START,T02_1984,B01,1984,1984-08-21,1.0,2,-0.02011494252873558,0.02298850574712641,-0.02298850574712641,False,False
GOLD,Gold monthly World Bank/DataHub,True,PAUSE_START,T02_1984,B01,1984,1984-08-21,1.0,3,-0.017241379310344862,0.02298850574712641,-0.02298850574712641,False,False
GOLD,Gold monthly World Bank/DataHub,True,PAUSE_START,T02_1984,B01,1984,1984-08-21,1.0,4,-0.08045977011494254,0.08045977011494254,-0.08045977011494254,True,True
GOLD,Gold monthly World Bank/DataHub,True,PAUSE_START,T02_1984,B01,1984,1984-08-21,1.0,5,-0.1293103448275862,0.1293103448275862,-0.1293103448275862,True,True
GOLD,Gold monthly World Bank/DataHub,True,PAUSE_START,T02_1984,B01,1984,1984-08-21,1.0,6,-0.1408045977011494,0.1408045977011494,-0.1408045977011494,True,True
GOLD,Gold monthly World Bank/DataHub,True,PAUSE_START,T02_1984,B01,1984,1984-08-21,1.0,7,-0.0977011494252874,0.1408045977011494,-0.1408045977011494,False,False
GOLD,Gold monthly World Bank/DataHub,True,PAUSE_START,T02_1984,B01,1984,1984-08-21,1.0,8,-0.06034482758620685,0.1408045977011494,-0.1408045977011494,False,False
GOLD,Gold monthly World Bank/DataHub,True,PAUSE_START,T02_1984,B01,1984,1984-08-21,1.0,9,-0.09195402298850575,0.1408045977011494,-0.1408045977011494,False,False
GOLD,Gold monthly World Bank/DataHub,True,PAUSE_START,T02_1984,B01,1984,1984-08-21,1.0,10,-0.08908045977011492,0.1408045977011494,-0.1408045977011494,False,False
GOLD,Gold monthly World Bank/DataHub,True,PAUSE_START,T02_1984,B01,1984,1984-08-21,1.0,11,-0.08908045977011492,0.1408045977011494,-0.1408045977011494,False,False
GOLD,Gold monthly World Bank/DataHub,True,PAUSE_START,T02_1984,B01,1984,1984-08-21,1.0,12,-0.051724137931034475,0.1408045977011494,-0.1408045977011494,False,False
GOLD,Gold monthly World Bank/DataHub,True,PAUSE_START,T04_1987,B02,1987,1987-11-03,1.0,1,0.04516129032258065,0.0,0.0,False,True
GOLD,Gold monthly World Bank/DataHub,True,PAUSE_START,T04_1987,B02,1987,1987-11-03,1.0,2,0.02580645161290329,0.01851851851851849,0.0,False,True
GOLD,Gold monthly World Bank/DataHub,True,PAUSE_START,T04_1987,B02,1987,1987-11-03,1.0,3,-0.04946236559139783,0.09053497942386834,-0.04946236559139783,True,True
GOLD,Gold monthly World Bank/DataHub,True,PAUSE_START,T04_1987,B02,1987,1987-11-03,1.0,4,-0.04516129032258065,0.09053497942386834,-0.04946236559139783,False,False
GOLD,Gold monthly World Bank/DataHub,True,PAUSE_START,T04_1987,B02,1987,1987-11-03,1.0,5,-0.027956989247311825,0.09053497942386834,-0.04946236559139783,False,False
GOLD,Gold monthly World Bank/DataHub,True,PAUSE_START,T04_1987,B02,1987,1987-11-03,1.0,6,-0.03010752688172047,0.09053497942386834,-0.04946236559139783,False,False
GOLD,Gold monthly World Bank/DataHub,True,PAUSE_START,T04_1987,B02,1987,1987-11-03,1.0,7,-0.03010752688172047,0.09053497942386834,-0.04946236559139783,False,False
GOLD,Gold monthly World Bank/DataHub,True,PAUSE_START,T04_1987,B02,1987,1987-11-03,1.0,8,-0.058064516129032295,0.09876543209876543,-0.058064516129032295,True,True
GOLD,Gold monthly World Bank/DataHub,True,PAUSE_START,T04_1987,B02,1987,1987-11-03,1.0,9,-0.07311827956989247,0.11316872427983538,-0.07311827956989247,True,True
GOLD,Gold monthly World Bank/DataHub,True,PAUSE_START,T04_1987,B02,1987,1987-11-03,1.0,10,-0.1118279569892473,0.15020576131687247,-0.1118279569892473,True,True
GOLD,Gold monthly World Bank/DataHub,True,PAUSE_START,T04_1987,B02,1987,1987-11-03,1.0,11,-0.12473118279569895,0.1625514403292181,-0.12473118279569895,True,True
GOLD,Gold monthly World Bank/DataHub,True,PAUSE_START,T04_1987,B02,1987,1987-11-03,1.0,12,-0.09677419354838712,0.1625514403292181,-0.12473118279569895,False,False
GOLD,Gold monthly World Bank/DataHub,True,PAUSE_START,T06_1994,B03,1994,1995-03-28,1.0,1,0.037135278514588865,0.0,0.0,False,True
GOLD,Gold monthly World Bank/DataHub,True,PAUSE_START,T06_1994,B03,1994,1995-03-28,1.0,2,0.021220159151193574,0.01534526854219953,0.0,False,True
GOLD,Gold monthly World Bank/DataHub,True,PAUSE_START,T06_1994,B03,1994,1995-03-28,1.0,3,0.02917771883289122,0.01534526854219953,0.0,False,False
GOLD,Gold monthly World Bank/DataHub,True,PAUSE_START,T06_1994,B03,1994,1995-03-28,1.0,4,0.023872679045092937,0.01534526854219953,0.0,False,False
GOLD,Gold monthly World Bank/DataHub,True,PAUSE_START,T06_1994,B03,1994,1995-03-28,1.0,5,0.018567639257294433,0.01790281329923271,0.0,False,True
GOLD,Gold monthly World Bank/DataHub,True,PAUSE_START,T06_1994,B03,1994,1995-03-28,1.0,6,0.01591511936339529,0.020460358056266004,0.0,False,True
GOLD,Gold monthly World Bank/DataHub,True,PAUSE_START,T06_1994,B03,1994,1995-03-28,1.0,7,0.01591511936339529,0.020460358056266004,0.0,False,False
GOLD,Gold monthly World Bank/DataHub,True,PAUSE_START,T06_1994,B03,1994,1995-03-28,1.0,8,0.021220159151193574,0.020460358056266004,0.0,False,False
GOLD,Gold monthly World Bank/DataHub,True,PAUSE_START,T06_1994,B03,1994,1995-03-28,1.0,9,0.02652519893899208,0.020460358056266004,0.0,False,False
GOLD,Gold monthly World Bank/DataHub,True,PAUSE_START,T06_1994,B03,1994,1995-03-28,1.0,10,0.05835543766578244,0.020460358056266004,0.0,False,False
GOLD,Gold monthly World Bank/DataHub,True,PAUSE_START,T06_1994,B03,1994,1995-03-28,1.0,11,0.07427055702917773,0.020460358056266004,0.0,False,False
GOLD,Gold monthly World Bank/DataHub,True,PAUSE_START,T06_1994,B03,1994,1995-03-28,1.0,12,0.05039787798408479,0.022222222222222254,0.0,False,True
GOLD,Gold monthly World Bank/DataHub,True,PAUSE_START,T07_1999,B04,1999,2000-06-28,1.0,1,0.025454545454545396,0.0,0.0,False,True
GOLD,Gold monthly World Bank/DataHub,True,PAUSE_START,T07_1999,B04,1999,2000-06-28,1.0,2,-0.0019272727272726664,0.02670212765957436,-0.0019272727272726664,True,True
GOLD,Gold monthly World Bank/DataHub,True,PAUSE_START,T07_1999,B04,1999,2000-06-28,1.0,3,-0.0036363636363636598,0.028368794326241176,-0.0036363636363636598,True,True
GOLD,Gold monthly World Bank/DataHub,True,PAUSE_START,T07_1999,B04,1999,2000-06-28,1.0,4,-0.018181818181818188,0.04255319148936165,-0.018181818181818188,True,True
GOLD,Gold monthly World Bank/DataHub,True,PAUSE_START,T07_1999,B04,1999,2000-06-28,1.0,5,-0.032727272727272716,0.05673758865248224,-0.032727272727272716,True,True
GOLD,Gold monthly World Bank/DataHub,True,PAUSE_START,T07_1999,B04,1999,2000-06-28,1.0,6,-0.014545454545454528,0.05673758865248224,-0.032727272727272716,False,False
GOLD,Gold monthly World Bank/DataHub,True,PAUSE_START,T07_1999,B04,1999,2000-06-28,1.0,7,-0.036363636363636376,0.06028368794326244,-0.036363636363636376,True,True
GOLD,Gold monthly World Bank/DataHub,True,PAUSE_START,T07_1999,B04,1999,2000-06-28,1.0,8,-0.047272727272727244,0.07092198581560283,-0.047272727272727244,True,True
GOLD,Gold monthly World Bank/DataHub,True,PAUSE_START,T07_1999,B04,1999,2000-06-28,1.0,9,-0.043636363636363584,0.07092198581560283,-0.047272727272727244,False,False
GOLD,Gold monthly World Bank/DataHub,True,PAUSE_START,T07_1999,B04,1999,2000-06-28,1.0,10,-0.054545454545454564,0.07801418439716312,-0.054545454545454564,True,True
GOLD,Gold monthly World Bank/DataHub,True,PAUSE_START,T07_1999,B04,1999,2000-06-28,1.0,11,-0.010909090909090868,0.07801418439716312,-0.054545454545454564,False,False
GOLD,Gold monthly World Bank/DataHub,True,PAUSE_START,T07_1999,B04,1999,2000-06-28,1.0,12,-0.018181818181818188,0.07801418439716312,-0.054545454545454564,False,False
GOLD,Gold monthly World Bank/DataHub,True,PAUSE_START,T08_2004,B05,2004,2006-08-08,1.0,1,-0.056782334384858024,0.056782334384858024,-0.056782334384858024,True,True
GOLD,Gold monthly World Bank/DataHub,True,PAUSE_START,T08_2004,B05,2004,2006-08-08,1.0,2,-0.0757097791798107,0.0757097791798107,-0.0757097791798107,True,True
GOLD,Gold monthly World Bank/DataHub,True,PAUSE_START,T08_2004,B05,2004,2006-08-08,1.0,3,-0.009463722397476393,0.0757097791798107,-0.0757097791798107,False,False
GOLD,Gold monthly World Bank/DataHub,True,PAUSE_START,T08_2004,B05,2004,2006-08-08,1.0,4,-0.006309148264984188,0.0757097791798107,-0.0757097791798107,False,False
GOLD,Gold monthly World Bank/DataHub,True,PAUSE_START,T08_2004,B05,2004,2006-08-08,1.0,5,-0.004731861198738141,0.0757097791798107,-0.0757097791798107,False,False
GOLD,Gold monthly World Bank/DataHub,True,PAUSE_START,T08_2004,B05,2004,2006-08-08,1.0,6,0.04889589905362768,0.0757097791798107,-0.0757097791798107,False,False
GOLD,Gold monthly World Bank/DataHub,True,PAUSE_START,T08_2004,B05,2004,2006-08-08,1.0,7,0.03312302839116721,0.0757097791798107,-0.0757097791798107,False,False
GOLD,Gold monthly World Bank/DataHub,True,PAUSE_START,T08_2004,B05,2004,2006-08-08,1.0,8,0.07097791798107256,0.0757097791798107,-0.0757097791798107,False,False
GOLD,Gold monthly World Bank/DataHub,True,PAUSE_START,T08_2004,B05,2004,2006-08-08,1.0,9,0.05205047318611977,0.0757097791798107,-0.0757097791798107,False,False
GOLD,Gold monthly World Bank/DataHub,True,PAUSE_START,T08_2004,B05,2004,2006-08-08,1.0,10,0.034700315457413256,0.0757097791798107,-0.0757097791798107,False,False
GOLD,Gold monthly World Bank/DataHub,True,PAUSE_START,T08_2004,B05,2004,2006-08-08,1.0,11,0.04889589905362768,0.0757097791798107,-0.0757097791798107,False,False
GOLD,Gold monthly World Bank/DataHub,True,PAUSE_START,T08_2004,B05,2004,2006-08-08,1.0,12,0.04889589905362768,0.0757097791798107,-0.0757097791798107,False,False
GOLD,Gold monthly World Bank/DataHub,True,PAUSE_START,T09_2015,B06,2015,2019-01-30,1.0,1,0.05600000000000005,0.0,0.0,False,True
GOLD,Gold monthly World Bank/DataHub,True,PAUSE_START,T09_2015,B06,2015,2019-01-30,1.0,2,0.04079999999999995,0.014393939393939403,0.0,False,True
GOLD,Gold monthly World Bank/DataHub,True,PAUSE_START,T09_2015,B06,2015,2019-01-30,1.0,3,0.028799999999999937,0.025757575757575757,0.0,False,True
GOLD,Gold monthly World Bank/DataHub,True,PAUSE_START,T09_2015,B06,2015,2019-01-30,1.0,4,0.02719999999999989,0.027272727272727226,0.0,False,True
GOLD,Gold monthly World Bank/DataHub,True,PAUSE_START,T09_2015,B06,2015,2019-01-30,1.0,5,0.08719999999999994,0.027272727272727226,0.0,False,False
GOLD,Gold monthly World Bank/DataHub,True,PAUSE_START,T09_2015,B06,2015,2019-01-30,1.0,6,0.13040000000000007,0.027272727272727226,0.0,False,False
GOLD,Gold monthly World Bank/DataHub,True,PAUSE_START,T09_2015,B06,2015,2019-01-30,1.0,7,0.19999999999999996,0.027272727272727226,0.0,False,False
GOLD,Gold monthly World Bank/DataHub,True,PAUSE_START,T09_2015,B06,2015,2019-01-30,1.0,8,0.2088000000000001,0.027272727272727226,0.0,False,False
GOLD,Gold monthly World Bank/DataHub,True,PAUSE_START,T09_2015,B06,2015,2019-01-30,1.0,9,0.19599999999999995,0.027272727272727226,0.0,False,False
GOLD,Gold monthly World Bank/DataHub,True,PAUSE_START,T09_2015,B06,2015,2019-01-30,1.0,10,0.17680000000000007,0.027272727272727226,0.0,False,False
GOLD,Gold monthly World Bank/DataHub,True,PAUSE_START,T09_2015,B06,2015,2019-01-30,1.0,11,0.18320000000000003,0.027272727272727226,0.0,False,False
GOLD,Gold monthly World Bank/DataHub,True,PAUSE_START,T09_2015,B06,2015,2019-01-30,1.0,12,0.2487999999999999,0.027272727272727226,0.0,False,False
GOLD,Gold monthly World Bank/DataHub,True,PAUSE_START,T10_2022,B07,2022,2023-09-20,1.0,1,-0.0015633142261594069,0.0015633142261594069,-0.0015633142261594069,True,True
GOLD,Gold monthly World Bank/DataHub,True,PAUSE_START,T10_2022,B07,2022,2023-09-20,1.0,2,0.033871808233454814,0.0015633142261594069,-0.0015633142261594069,False,False
GOLD,Gold monthly World Bank/DataHub,True,PAUSE_START,T10_2022,B07,2022,2023-09-20,1.0,3,0.0557582073996874,0.0015633142261594069,-0.0015633142261594069,False,False
GOLD,Gold monthly World Bank/DataHub,True,PAUSE_START,T10_2022,B07,2022,2023-09-20,1.0,4,0.05992704533611248,0.0015633142261594069,-0.0015633142261594069,False,False
GOLD,Gold monthly World Bank/DataHub,True,PAUSE_START,T10_2022,B07,2022,2023-09-20,1.0,5,0.05419489317352788,0.005408062930186808,-0.0015633142261594069,False,True
GOLD,Gold monthly World Bank/DataHub,True,PAUSE_START,T10_2022,B07,2022,2023-09-20,1.0,6,0.12454403335070352,0.005408062930186808,-0.0015633142261594069,False,False
GOLD,Gold monthly World Bank/DataHub,True,PAUSE_START,T10_2022,B07,2022,2023-09-20,1.0,7,0.21469515372589898,0.005408062930186808,-0.0015633142261594069,False,False
GOLD,Gold monthly World Bank/DataHub,True,PAUSE_START,T10_2022,B07,2022,2023-09-20,1.0,8,0.22511724856696191,0.005408062930186808,-0.0015633142261594069,False,False
GOLD,Gold monthly World Bank/DataHub,True,PAUSE_START,T10_2022,B07,2022,2023-09-20,1.0,9,0.2120896300156332,0.01063377286261169,-0.0015633142261594069,False,True
GOLD,Gold monthly World Bank/DataHub,True,PAUSE_START,T10_2022,B07,2022,2023-09-20,1.0,10,0.24960917144346007,0.01063377286261169,-0.0015633142261594069,False,False
GOLD,Gold monthly World Bank/DataHub,True,PAUSE_START,T10_2022,B07,2022,2023-09-20,1.0,11,0.28712871287128716,0.01063377286261169,-0.0015633142261594069,False,False
GOLD,Gold monthly World Bank/DataHub,True,PAUSE_START,T10_2022,B07,2022,2023-09-20,1.0,12,0.3397602918186555,0.01063377286261169,-0.0015633142261594069,False,False
SP500,S&P 500 cash index monthly average,True,PAUSE_START,T02_1984,B01,1984,1984-08-21,1.0,1,0.09951498204875575,0.0,0.0,False,True
SP500,S&P 500 cash index monthly average,True,PAUSE_START,T02_1984,B01,1984,1984-08-21,1.0,2,0.09095030212154276,0.007789507252783601,0.0,False,True
SP500,S&P 500 cash index monthly average,True,PAUSE_START,T02_1984,B01,1984,1984-08-21,1.0,3,0.10056923905398896,0.007789507252783601,0.0,False,False
SP500,S&P 500 cash index monthly average,True,PAUSE_START,T02_1984,B01,1984,1984-08-21,1.0,4,0.08870845935326477,0.010776950036255117,0.0,False,True
SP500,S&P 500 cash index monthly average,True,PAUSE_START,T02_1984,B01,1984,1984-08-21,1.0,5,0.1359206377053659,0.010776950036255117,0.0,False,False
SP500,S&P 500 cash index monthly average,True,PAUSE_START,T02_1984,B01,1984,1984-08-21,1.0,6,0.19729293910192158,0.010776950036255117,0.0,False,False
SP500,S&P 500 cash index monthly average,True,PAUSE_START,T02_1984,B01,1984,1984-08-21,1.0,7,0.18759769282093175,0.010776950036255117,0.0,False,False
SP500,S&P 500 cash index monthly average,True,PAUSE_START,T02_1984,B01,1984,1984-08-21,1.0,8,0.19553115306587654,0.010776950036255117,0.0,False,False
SP500,S&P 500 cash index monthly average,True,PAUSE_START,T02_1984,B01,1984,1984-08-21,1.0,9,0.22386430886188702,0.010776950036255117,0.0,False,False
SP500,S&P 500 cash index monthly average,True,PAUSE_START,T02_1984,B01,1984,1984-08-21,1.0,10,0.2502540366841941,0.010776950036255117,0.0,False,False
SP500,S&P 500 cash index monthly average,True,PAUSE_START,T02_1984,B01,1984,1984-08-21,1.0,11,0.2744702888550199,0.010776950036255117,0.0,False,False
SP500,S&P 500 cash index monthly average,True,PAUSE_START,T02_1984,B01,1984,1984-08-21,1.0,12,0.24641737586018087,0.02201142956423241,0.0,False,True
SP500,S&P 500 cash index monthly average,True,PAUSE_START,T04_1987,B02,1987,1987-11-03,1.0,1,-0.1399472062006215,0.1399472062006215,-0.1399472062006215,True,True
SP500,S&P 500 cash index monthly average,True,PAUSE_START,T04_1987,B02,1987,1987-11-03,1.0,2,-0.10596500239172646,0.1399472062006215,-0.1399472062006215,False,False
SP500,S&P 500 cash index monthly average,True,PAUSE_START,T04_1987,B02,1987,1987-11-03,1.0,3,-0.07865423576299935,0.1399472062006215,-0.1399472062006215,False,False
SP500,S&P 500 cash index monthly average,True,PAUSE_START,T04_1987,B02,1987,1987-11-03,1.0,4,-0.051493748848321697,0.1399472062006215,-0.1399472062006215,False,False
SP500,S&P 500 cash index monthly average,True,PAUSE_START,T04_1987,B02,1987,1987-11-03,1.0,5,-0.06263683963294742,0.1399472062006215,-0.1399472062006215,False,False
SP500,S&P 500 cash index monthly average,True,PAUSE_START,T04_1987,B02,1987,1987-11-03,1.0,6,-0.08580785718413053,0.1399472062006215,-0.1399472062006215,False,False
SP500,S&P 500 cash index monthly average,True,PAUSE_START,T04_1987,B02,1987,1987-11-03,1.0,7,-0.03384217946963619,0.1399472062006215,-0.1399472062006215,False,False
SP500,S&P 500 cash index monthly average,True,PAUSE_START,T04_1987,B02,1987,1987-11-03,1.0,8,-0.03967172802158292,0.1399472062006215,-0.1399472062006215,False,False
SP500,S&P 500 cash index monthly average,True,PAUSE_START,T04_1987,B02,1987,1987-11-03,1.0,9,-0.058671233778916476,0.1399472062006215,-0.1399472062006215,False,False
SP500,S&P 500 cash index monthly average,True,PAUSE_START,T04_1987,B02,1987,1987-11-03,1.0,10,-0.043524815542023365,0.1399472062006215,-0.1399472062006215,False,False
SP500,S&P 500 cash index monthly average,True,PAUSE_START,T04_1987,B02,1987,1987-11-03,1.0,11,-0.009881266337988137,0.1399472062006215,-0.1399472062006215,False,False
SP500,S&P 500 cash index monthly average,True,PAUSE_START,T04_1987,B02,1987,1987-11-03,1.0,12,-0.03262303867955718,0.1399472062006215,-0.1399472062006215,False,False
SP500,S&P 500 cash index monthly average,True,PAUSE_START,T06_1994,B03,1994,1995-03-28,1.0,1,0.05391101845489965,0.0,0.0,False,True
SP500,S&P 500 cash index monthly average,True,PAUSE_START,T06_1994,B03,1994,1995-03-28,1.0,2,0.0869200100851415,0.0,0.0,False,False
SP500,S&P 500 cash index monthly average,True,PAUSE_START,T06_1994,B03,1994,1995-03-28,1.0,3,0.1191666305914727,0.0,0.0,False,False
SP500,S&P 500 cash index monthly average,True,PAUSE_START,T06_1994,B03,1994,1995-03-28,1.0,4,0.15654261910094958,0.0,0.0,False,False
SP500,S&P 500 cash index monthly average,True,PAUSE_START,T06_1994,B03,1994,1995-03-28,1.0,5,0.1601604111260544,0.0,0.0,False,False
SP500,S&P 500 cash index monthly average,True,PAUSE_START,T06_1994,B03,1994,1995-03-28,1.0,6,0.20094580972109388,0.0,0.0,False,False
SP500,S&P 500 cash index monthly average,True,PAUSE_START,T06_1994,B03,1994,1995-03-28,1.0,7,0.20956269173159692,0.0,0.0,False,False
SP500,S&P 500 cash index monthly average,True,PAUSE_START,T06_1994,B03,1994,1995-03-28,1.0,8,0.23573731456405111,0.0,0.0,False,False
SP500,S&P 500 cash index monthly average,True,PAUSE_START,T06_1994,B03,1994,1995-03-28,1.0,9,0.2752426917966544,0.0,0.0,False,False
SP500,S&P 500 cash index monthly average,True,PAUSE_START,T06_1994,B03,1994,1995-03-28,1.0,10,0.27492937722886945,0.0002456901496479258,0.0,False,True
SP500,S&P 500 cash index monthly average,True,PAUSE_START,T06_1994,B03,1994,1995-03-28,1.0,11,0.3478079754345189,0.0002456901496479258,0.0,False,False
SP500,S&P 500 cash index monthly average,True,PAUSE_START,T06_1994,B03,1994,1995-03-28,1.0,12,0.34268841037208486,0.0037984380236238957,0.0,False,True
SP500,S&P 500 cash index monthly average,True,PAUSE_START,T07_1999,B04,1999,2000-06-28,1.0,1,0.03843759943757408,0.0,0.0,False,True
SP500,S&P 500 cash index monthly average,True,PAUSE_START,T07_1999,B04,1999,2000-06-28,1.0,2,0.04721866430598487,0.0,0.0,False,False
SP500,S&P 500 cash index monthly average,True,PAUSE_START,T07_1999,B04,1999,2000-06-28,1.0,3,0.034949010236725364,0.0117164203498904,0.0,False,True
SP500,S&P 500 cash index monthly average,True,PAUSE_START,T07_1999,B04,1999,2000-06-28,1.0,4,-0.01997593466459535,0.06416482179021477,-0.01997593466459535,True,True
SP500,S&P 500 cash index monthly average,True,PAUSE_START,T07_1999,B04,1999,2000-06-28,1.0,5,-0.030625710660487693,0.07433440371124578,-0.030625710660487693,True,True
SP500,S&P 500 cash index monthly average,True,PAUSE_START,T07_1999,B04,1999,2000-06-28,1.0,6,-0.06172105161935748,0.10402766837386268,-0.06172105161935748,True,True
SP500,S&P 500 cash index monthly average,True,PAUSE_START,T07_1999,B04,1999,2000-06-28,1.0,7,-0.05840090700305989,0.10402766837386268,-0.06172105161935748,False,False
SP500,S&P 500 cash index monthly average,True,PAUSE_START,T07_1999,B04,1999,2000-06-28,1.0,8,-0.07947098523171914,0.1209772646877566,-0.07947098523171914,True,True
SP500,S&P 500 cash index monthly average,True,PAUSE_START,T07_1999,B04,1999,2000-06-28,1.0,9,-0.16399921957114294,0.2016941552670919,-0.16399921957114294,True,True
SP500,S&P 500 cash index monthly average,True,PAUSE_START,T07_1999,B04,1999,2000-06-28,1.0,10,-0.16118847010322468,0.2016941552670919,-0.16399921957114294,False,False
SP500,S&P 500 cash index monthly average,True,PAUSE_START,T07_1999,B04,1999,2000-06-28,1.0,11,-0.10441526084678254,0.2016941552670919,-0.16399921957114294,False,False
SP500,S&P 500 cash index monthly average,True,PAUSE_START,T07_1999,B04,1999,2000-06-28,1.0,12,-0.12673364329533077,0.2016941552670919,-0.16399921957114294,False,False
SP500,S&P 500 cash index monthly average,True,PAUSE_START,T08_2004,B05,2004,2006-08-08,1.0,1,0.04563318029775365,0.0,0.0,False,True
SP500,S&P 500 cash index monthly average,True,PAUSE_START,T08_2004,B05,2004,2006-08-08,1.0,2,0.0818441015666882,0.0,0.0,False,False
SP500,S&P 500 cash index monthly average,True,PAUSE_START,T08_2004,B05,2004,2006-08-08,1.0,3,0.10188599859951397,0.0,0.0,False,False
SP500,S&P 500 cash index monthly average,True,PAUSE_START,T08_2004,B05,2004,2006-08-08,1.0,4,0.12393368357797385,0.0,0.0,False,False
SP500,S&P 500 cash index monthly average,True,PAUSE_START,T08_2004,B05,2004,2006-08-08,1.0,5,0.13007617450677422,0.0,0.0,False,False
SP500,S&P 500 cash index monthly average,True,PAUSE_START,T08_2004,B05,2004,2006-08-08,1.0,6,0.14644912892642492,0.0,0.0,False,False
SP500,S&P 500 cash index monthly average,True,PAUSE_START,T08_2004,B05,2004,2006-08-08,1.0,7,0.1164206483188559,0.02619259751689884,0.0,False,True
SP500,S&P 500 cash index monthly average,True,PAUSE_START,T08_2004,B05,2004,2006-08-08,1.0,8,0.16140329378666673,0.02619259751689884,0.0,False,False
SP500,S&P 500 cash index monthly average,True,PAUSE_START,T08_2004,B05,2004,2006-08-08,1.0,9,0.1990917636926688,0.02619259751689884,0.0,False,False
SP500,S&P 500 cash index monthly average,True,PAUSE_START,T08_2004,B05,2004,2006-08-08,1.0,10,0.20175214658667606,0.02619259751689884,0.0,False,False
SP500,S&P 500 cash index monthly average,True,PAUSE_START,T08_2004,B05,2004,2006-08-08,1.0,11,0.20668395809449036,0.02619259751689884,0.0,False,False
SP500,S&P 500 cash index monthly average,True,PAUSE_START,T08_2004,B05,2004,2006-08-08,1.0,12,0.15424308382147967,0.04345866531268194,0.0,False,True
SP500,S&P 500 cash index monthly average,True,PAUSE_START,T09_2015,B06,2015,2019-01-30,1.0,1,0.07305584892110861,0.0,0.0,False,True
SP500,S&P 500 cash index monthly average,True,PAUSE_START,T09_2015,B06,2015,2019-01-30,1.0,2,0.09218857434704097,0.0,0.0,False,False
SP500,S&P 500 cash index monthly average,True,PAUSE_START,T09_2015,B06,2015,2019-01-30,1.0,3,0.13106829163730693,0.0,0.0,False,False
SP500,S&P 500 cash index monthly average,True,PAUSE_START,T09_2015,B06,2015,2019-01-30,1.0,4,0.11194550606017817,0.01690683552754113,0.0,False,True
SP500,S&P 500 cash index monthly average,True,PAUSE_START,T09_2015,B06,2015,2019-01-30,1.0,5,0.125757669253461,0.01690683552754113,0.0,False,False
SP500,S&P 500 cash index monthly average,True,PAUSE_START,T09_2015,B06,2015,2019-01-30,1.0,6,0.16702567554743197,0.01690683552754113,0.0,False,False
SP500,S&P 500 cash index monthly average,True,PAUSE_START,T09_2015,B06,2015,2019-01-30,1.0,7,0.12859506674880472,0.03293038842577323,0.0,False,True
SP500,S&P 500 cash index monthly average,True,PAUSE_START,T09_2015,B06,2015,2019-01-30,1.0,8,0.16158899485195377,0.03293038842577323,0.0,False,False
SP500,S&P 500 cash index monthly average,True,PAUSE_START,T09_2015,B06,2015,2019-01-30,1.0,9,0.15984366102534286,0.03293038842577323,0.0,False,False
SP500,S&P 500 cash index monthly average,True,PAUSE_START,T09_2015,B06,2015,2019-01-30,1.0,10,0.20940114504575202,0.03293038842577323,0.0,False,False
SP500,S&P 500 cash index monthly average,True,PAUSE_START,T09_2015,B06,2015,2019-01-30,1.0,11,0.23738572528181323,0.03293038842577323,0.0,False,False
SP500,S&P 500 cash index monthly average,True,PAUSE_START,T09_2015,B06,2015,2019-01-30,1.0,12,0.27690313813485723,0.03293038842577323,0.0,False,False
SP500,S&P 500 cash index monthly average,True,PAUSE_START,T10_2022,B07,2022,2023-09-20,1.0,1,-0.0421679614905226,0.0421679614905226,-0.0421679614905226,True,True
SP500,S&P 500 cash index monthly average,True,PAUSE_START,T10_2022,B07,2022,2023-09-20,1.0,2,0.0006067807365488509,0.0421679614905226,-0.0421679614905226,False,False
SP500,S&P 500 cash index monthly average,True,PAUSE_START,T10_2022,B07,2022,2023-09-20,1.0,3,0.05108245296520941,0.0421679614905226,-0.0421679614905226,False,False
SP500,S&P 500 cash index monthly average,True,PAUSE_START,T10_2022,B07,2022,2023-09-20,1.0,4,0.07787859675197928,0.0421679614905226,-0.0421679614905226,False,False
SP500,S&P 500 cash index monthly average,True,PAUSE_START,T10_2022,B07,2022,2023-09-20,1.0,5,0.12442407978993164,0.0421679614905226,-0.0421679614905226,False,False
SP500,S&P 500 cash index monthly average,True,PAUSE_START,T10_2022,B07,2022,2023-09-20,1.0,6,0.16000817143605883,0.0421679614905226,-0.0421679614905226,False,False
SP500,S&P 500 cash index monthly average,True,PAUSE_START,T10_2022,B07,2022,2023-09-20,1.0,7,0.14697809079216073,0.0421679614905226,-0.0421679614905226,False,False
SP500,S&P 500 cash index monthly average,True,PAUSE_START,T10_2022,B07,2022,2023-09-20,1.0,8,0.17451295252503063,0.0421679614905226,-0.0421679614905226,False,False
SP500,S&P 500 cash index monthly average,True,PAUSE_START,T10_2022,B07,2022,2023-09-20,1.0,9,0.214876542823079,0.0421679614905226,-0.0421679614905226,False,False
SP500,S&P 500 cash index monthly average,True,PAUSE_START,T10_2022,B07,2022,2023-09-20,1.0,10,0.24244086612695814,0.0421679614905226,-0.0421679614905226,False,False
SP500,S&P 500 cash index monthly average,True,PAUSE_START,T10_2022,B07,2022,2023-09-20,1.0,11,0.22902709374727848,0.0421679614905226,-0.0421679614905226,False,False
SP500,S&P 500 cash index monthly average,True,PAUSE_START,T10_2022,B07,2022,2023-09-20,1.0,12,0.2611191649159754,0.0421679614905226,-0.0421679614905226,False,False
NASDAQ,Nasdaq Composite monthly average,True,PAUSE_START,T02_1984,B01,1984,1984-08-21,1.0,1,0.08433995707065933,0.0,0.0,False,True
NASDAQ,Nasdaq Composite monthly average,True,PAUSE_START,T02_1984,B01,1984,1984-08-21,1.0,2,0.06346756341856619,0.019248938966041407,0.0,False,True
NASDAQ,Nasdaq Composite monthly average,True,PAUSE_START,T02_1984,B01,1984,1984-08-21,1.0,3,0.06021538865029652,0.0222481595952021,0.0,False,True
NASDAQ,Nasdaq Composite monthly average,True,PAUSE_START,T02_1984,B01,1984,1984-08-21,1.0,4,0.04091236927515318,0.04004979020862198,0.0,False,True
NASDAQ,Nasdaq Composite monthly average,True,PAUSE_START,T02_1984,B01,1984,1984-08-21,1.0,5,0.12217883561378473,0.04004979020862198,0.0,False,False
NASDAQ,Nasdaq Composite monthly average,True,PAUSE_START,T02_1984,B01,1984,1984-08-21,1.0,6,0.22855581935857905,0.04004979020862198,0.0,False,False
NASDAQ,Nasdaq Composite monthly average,True,PAUSE_START,T02_1984,B01,1984,1984-08-21,1.0,7,0.2082274694292363,0.04004979020862198,0.0,False,False
NASDAQ,Nasdaq Composite monthly average,True,PAUSE_START,T02_1984,B01,1984,1984-08-21,1.0,8,0.20864955905976457,0.04004979020862198,0.0,False,False
NASDAQ,Nasdaq Composite monthly average,True,PAUSE_START,T02_1984,B01,1984,1984-08-21,1.0,9,0.23690078546670512,0.04004979020862198,0.0,False,False
NASDAQ,Nasdaq Composite monthly average,True,PAUSE_START,T02_1984,B01,1984,1984-08-21,1.0,10,0.24971058174605787,0.04004979020862198,0.0,False,False
NASDAQ,Nasdaq Composite monthly average,True,PAUSE_START,T02_1984,B01,1984,1984-08-21,1.0,11,0.29964619724438424,0.04004979020862198,0.0,False,False
NASDAQ,Nasdaq Composite monthly average,True,PAUSE_START,T02_1984,B01,1984,1984-08-21,1.0,12,0.28331490494228584,0.04004979020862198,0.0,False,False
NASDAQ,Nasdaq Composite monthly average,True,PAUSE_START,T04_1987,B02,1987,1987-11-03,1.0,1,-0.1831315117846628,0.1831315117846628,-0.1831315117846628,True,True
NASDAQ,Nasdaq Composite monthly average,True,PAUSE_START,T04_1987,B02,1987,1987-11-03,1.0,2,-0.11887859778684906,0.1831315117846628,-0.1831315117846628,False,False
NASDAQ,Nasdaq Composite monthly average,True,PAUSE_START,T04_1987,B02,1987,1987-11-03,1.0,3,-0.08174351152968073,0.1831315117846628,-0.1831315117846628,False,False
NASDAQ,Nasdaq Composite monthly average,True,PAUSE_START,T04_1987,B02,1987,1987-11-03,1.0,4,-0.024699397661041456,0.1831315117846628,-0.1831315117846628,False,False
NASDAQ,Nasdaq Composite monthly average,True,PAUSE_START,T04_1987,B02,1987,1987-11-03,1.0,5,-0.020304019038669963,0.1831315117846628,-0.1831315117846628,False,False
NASDAQ,Nasdaq Composite monthly average,True,PAUSE_START,T04_1987,B02,1987,1987-11-03,1.0,6,-0.03420999761769283,0.1831315117846628,-0.1831315117846628,False,False
NASDAQ,Nasdaq Composite monthly average,True,PAUSE_START,T04_1987,B02,1987,1987-11-03,1.0,7,0.0024105260424167607,0.1831315117846628,-0.1831315117846628,False,False
NASDAQ,Nasdaq Composite monthly average,True,PAUSE_START,T04_1987,B02,1987,1987-11-03,1.0,8,0.01648566079341962,0.1831315117846628,-0.1831315117846628,False,False
NASDAQ,Nasdaq Composite monthly average,True,PAUSE_START,T04_1987,B02,1987,1987-11-03,1.0,9,-0.01414637886801251,0.1831315117846628,-0.1831315117846628,False,False
NASDAQ,Nasdaq Composite monthly average,True,PAUSE_START,T04_1987,B02,1987,1987-11-03,1.0,10,-0.007523548470618535,0.1831315117846628,-0.1831315117846628,False,False
NASDAQ,Nasdaq Composite monthly average,True,PAUSE_START,T04_1987,B02,1987,1987-11-03,1.0,11,-0.00011703547456543006,0.1831315117846628,-0.1831315117846628,False,False
NASDAQ,Nasdaq Composite monthly average,True,PAUSE_START,T04_1987,B02,1987,1987-11-03,1.0,12,-0.031585749733634594,0.1831315117846628,-0.1831315117846628,False,False
NASDAQ,Nasdaq Composite monthly average,True,PAUSE_START,T06_1994,B03,1994,1995-03-28,1.0,1,0.052400468973459624,0.0,0.0,False,True
NASDAQ,Nasdaq Composite monthly average,True,PAUSE_START,T06_1994,B03,1994,1995-03-28,1.0,2,0.09629074255737713,0.0,0.0,False,False
NASDAQ,Nasdaq Composite monthly average,True,PAUSE_START,T06_1994,B03,1994,1995-03-28,1.0,3,0.1552983757306663,0.0,0.0,False,False
NASDAQ,Nasdaq Composite monthly average,True,PAUSE_START,T06_1994,B03,1994,1995-03-28,1.0,4,0.24879998362485356,0.0,0.0,False,False
NASDAQ,Nasdaq Composite monthly average,True,PAUSE_START,T06_1994,B03,1994,1995-03-28,1.0,5,0.28733722347135093,0.0,0.0,False,False
NASDAQ,Nasdaq Composite monthly average,True,PAUSE_START,T06_1994,B03,1994,1995-03-28,1.0,6,0.3401446784464819,0.0,0.0,False,False
NASDAQ,Nasdaq Composite monthly average,True,PAUSE_START,T06_1994,B03,1994,1995-03-28,1.0,7,0.3033414145454376,0.027462157252832853,0.0,False,True
NASDAQ,Nasdaq Composite monthly average,True,PAUSE_START,T06_1994,B03,1994,1995-03-28,1.0,8,0.33458093158924607,0.027462157252832853,0.0,False,False
NASDAQ,Nasdaq Composite monthly average,True,PAUSE_START,T06_1994,B03,1994,1995-03-28,1.0,9,0.33508885194787097,0.027462157252832853,0.0,False,False
NASDAQ,Nasdaq Composite monthly average,True,PAUSE_START,T06_1994,B03,1994,1995-03-28,1.0,10,0.30692216613415946,0.027462157252832853,0.0,False,False
NASDAQ,Nasdaq Composite monthly average,True,PAUSE_START,T06_1994,B03,1994,1995-03-28,1.0,11,0.39499561427939645,0.027462157252832853,0.0,False,False
NASDAQ,Nasdaq Composite monthly average,True,PAUSE_START,T06_1994,B03,1994,1995-03-28,1.0,12,0.39324952799215307,0.027462157252832853,0.0,False,False
NASDAQ,Nasdaq Composite monthly average,True,PAUSE_START,T07_1999,B04,1999,2000-06-28,1.0,1,0.13866507474315348,0.0,0.0,False,True
NASDAQ,Nasdaq Composite monthly average,True,PAUSE_START,T07_1999,B04,1999,2000-06-28,1.0,2,0.10803149343799512,0.0269030656903817,0.0,False,True
NASDAQ,Nasdaq Composite monthly average,True,PAUSE_START,T07_1999,B04,1999,2000-06-28,1.0,3,0.09845922398624052,0.03530963726623659,0.0,False,True
NASDAQ,Nasdaq Composite monthly average,True,PAUSE_START,T07_1999,B04,1999,2000-06-28,1.0,4,-0.05515002414809522,0.17021256134949714,-0.05515002414809522,True,True
NASDAQ,Nasdaq Composite monthly average,True,PAUSE_START,T07_1999,B04,1999,2000-06-28,1.0,5,-0.13405490463859537,0.23950851346105073,-0.13405490463859537,True,True
NASDAQ,Nasdaq Composite monthly average,True,PAUSE_START,T07_1999,B04,1999,2000-06-28,1.0,6,-0.24674219715074375,0.33847290168343214,-0.24674219715074375,True,True
NASDAQ,Nasdaq Composite monthly average,True,PAUSE_START,T07_1999,B04,1999,2000-06-28,1.0,7,-0.24700951655610814,0.33870766729739,-0.24700951655610814,True,True
NASDAQ,Nasdaq Composite monthly average,True,PAUSE_START,T07_1999,B04,1999,2000-06-28,1.0,8,-0.3057596083711941,0.39030325332020543,-0.3057596083711941,True,True
NASDAQ,Nasdaq Composite monthly average,True,PAUSE_START,T07_1999,B04,1999,2000-06-28,1.0,9,-0.43695337478810026,0.5055204223780156,-0.43695337478810026,True,True
NASDAQ,Nasdaq Composite monthly average,True,PAUSE_START,T07_1999,B04,1999,2000-06-28,1.0,10,-0.45189922289381135,0.5186461855521276,-0.45189922289381135,True,True
NASDAQ,Nasdaq Composite monthly average,True,PAUSE_START,T07_1999,B04,1999,2000-06-28,1.0,11,-0.38183929259027705,0.5186461855521276,-0.45189922289381135,False,False
NASDAQ,Nasdaq Composite monthly average,True,PAUSE_START,T07_1999,B04,1999,2000-06-28,1.0,12,-0.40141628215251757,0.5186461855521276,-0.45189922289381135,False,False
NASDAQ,Nasdaq Composite monthly average,True,PAUSE_START,T08_2004,B05,2004,2006-08-08,1.0,1,0.06506136134588725,0.0,0.0,False,True
NASDAQ,Nasdaq Composite monthly average,True,PAUSE_START,T08_2004,B05,2004,2006-08-08,1.0,2,0.11694284746581785,0.0,0.0,False,False
NASDAQ,Nasdaq Composite monthly average,True,PAUSE_START,T08_2004,B05,2004,2006-08-08,1.0,3,0.15458313710405114,0.0,0.0,False,False
NASDAQ,Nasdaq Composite monthly average,True,PAUSE_START,T08_2004,B05,2004,2006-08-08,1.0,4,0.16570762975399167,0.0,0.0,False,False
NASDAQ,Nasdaq Composite monthly average,True,PAUSE_START,T08_2004,B05,2004,2006-08-08,1.0,5,0.17590747804329143,0.0,0.0,False,False
NASDAQ,Nasdaq Composite monthly average,True,PAUSE_START,T08_2004,B05,2004,2006-08-08,1.0,6,0.18869489757194136,0.0,0.0,False,False
NASDAQ,Nasdaq Composite monthly average,True,PAUSE_START,T08_2004,B05,2004,2006-08-08,1.0,7,0.15112754080833724,0.03160386810807392,0.0,False,True
NASDAQ,Nasdaq Composite monthly average,True,PAUSE_START,T08_2004,B05,2004,2006-08-08,1.0,8,0.19813968648852054,0.03160386810807392,0.0,False,False
NASDAQ,Nasdaq Composite monthly average,True,PAUSE_START,T08_2004,B05,2004,2006-08-08,1.0,9,0.22813330365791007,0.03160386810807392,0.0,False,False
NASDAQ,Nasdaq Composite monthly average,True,PAUSE_START,T08_2004,B05,2004,2006-08-08,1.0,10,0.24407384714904468,0.03160386810807392,0.0,False,False
NASDAQ,Nasdaq Composite monthly average,True,PAUSE_START,T08_2004,B05,2004,2006-08-08,1.0,11,0.2726807810230718,0.03160386810807392,0.0,False,False
NASDAQ,Nasdaq Composite monthly average,True,PAUSE_START,T08_2004,B05,2004,2006-08-08,1.0,12,0.21728001440517009,0.04353076391502253,0.0,False,True
NASDAQ,Nasdaq Composite monthly average,True,PAUSE_START,T09_2015,B06,2015,2019-01-30,1.0,1,0.09036680957065935,0.0,0.0,False,True
NASDAQ,Nasdaq Composite monthly average,True,PAUSE_START,T09_2015,B06,2015,2019-01-30,1.0,2,0.11961259336736618,0.0,0.0,False,False
NASDAQ,Nasdaq Composite monthly average,True,PAUSE_START,T09_2015,B06,2015,2019-01-30,1.0,3,0.17303004723523174,0.0,0.0,False,False
NASDAQ,Nasdaq Composite monthly average,True,PAUSE_START,T09_2015,B06,2015,2019-01-30,1.0,4,0.14536057324047635,0.023588035157301235,0.0,False,True
NASDAQ,Nasdaq Composite monthly average,True,PAUSE_START,T09_2015,B06,2015,2019-01-30,1.0,5,0.14838922129141285,0.023588035157301235,0.0,False,False
NASDAQ,Nasdaq Composite monthly average,True,PAUSE_START,T09_2015,B06,2015,2019-01-30,1.0,6,0.20417486415090957,0.023588035157301235,0.0,False,False
NASDAQ,Nasdaq Composite monthly average,True,PAUSE_START,T09_2015,B06,2015,2019-01-30,1.0,7,0.16093259147566674,0.035910293398902615,0.0,False,True
NASDAQ,Nasdaq Composite monthly average,True,PAUSE_START,T09_2015,B06,2015,2019-01-30,1.0,8,0.18687311898815762,0.035910293398902615,0.0,False,False
NASDAQ,Nasdaq Composite monthly average,True,PAUSE_START,T09_2015,B06,2015,2019-01-30,1.0,9,0.18563666075051,0.035910293398902615,0.0,False,False
NASDAQ,Nasdaq Composite monthly average,True,PAUSE_START,T09_2015,B06,2015,2019-01-30,1.0,10,0.24995788649768125,0.035910293398902615,0.0,False,False
NASDAQ,Nasdaq Composite monthly average,True,PAUSE_START,T09_2015,B06,2015,2019-01-30,1.0,11,0.28826178434934135,0.035910293398902615,0.0,False,False
NASDAQ,Nasdaq Composite monthly average,True,PAUSE_START,T09_2015,B06,2015,2019-01-30,1.0,12,0.3549991832365704,0.035910293398902615,0.0,False,False
NASDAQ,Nasdaq Composite monthly average,True,PAUSE_START,T10_2022,B07,2022,2023-09-20,1.0,1,-0.039307757282946,0.039307757282946,-0.039307757282946,True,True
NASDAQ,Nasdaq Composite monthly average,True,PAUSE_START,T10_2022,B07,2022,2023-09-20,1.0,2,0.01263976115693688,0.039307757282946,-0.039307757282946,False,False
NASDAQ,Nasdaq Composite monthly average,True,PAUSE_START,T10_2022,B07,2022,2023-09-20,1.0,3,0.06921625379475649,0.039307757282946,-0.039307757282946,False,False
NASDAQ,Nasdaq Composite monthly average,True,PAUSE_START,T10_2022,B07,2022,2023-09-20,1.0,4,0.09766672100216911,0.039307757282946,-0.039307757282946,False,False
NASDAQ,Nasdaq Composite monthly average,True,PAUSE_START,T10_2022,B07,2022,2023-09-20,1.0,5,0.15061967336186832,0.039307757282946,-0.039307757282946,False,False
NASDAQ,Nasdaq Composite monthly average,True,PAUSE_START,T10_2022,B07,2022,2023-09-20,1.0,6,0.18026853999649783,0.039307757282946,-0.039307757282946,False,False
NASDAQ,Nasdaq Composite monthly average,True,PAUSE_START,T10_2022,B07,2022,2023-09-20,1.0,7,0.16094964696308933,0.039307757282946,-0.039307757282946,False,False
NASDAQ,Nasdaq Composite monthly average,True,PAUSE_START,T10_2022,B07,2022,2023-09-20,1.0,8,0.20356064332946344,0.039307757282946,-0.039307757282946,False,False
NASDAQ,Nasdaq Composite monthly average,True,PAUSE_START,T10_2022,B07,2022,2023-09-20,1.0,9,0.2734012160681969,0.039307757282946,-0.039307757282946,False,False
NASDAQ,Nasdaq Composite monthly average,True,PAUSE_START,T10_2022,B07,2022,2023-09-20,1.0,10,0.3074198811192783,0.039307757282946,-0.039307757282946,False,False
NASDAQ,Nasdaq Composite monthly average,True,PAUSE_START,T10_2022,B07,2022,2023-09-20,1.0,11,0.2568341648503025,0.039307757282946,-0.039307757282946,False,False
NASDAQ,Nasdaq Composite monthly average,True,PAUSE_START,T10_2022,B07,2022,2023-09-20,1.0,12,0.28092248301485134,0.039307757282946,-0.039307757282946,False,False
WTI,WTI spot monthly average,True,PAUSE_START,T04_1987,B02,1987,1987-11-03,1.0,1,-0.13897683119873372,0.13897683119873372,-0.13897683119873372,True,True
WTI,WTI spot monthly average,True,PAUSE_START,T04_1987,B02,1987,1987-11-03,1.0,2,-0.13723917110375594,0.13897683119873372,-0.13897683119873372,False,False
WTI,WTI spot monthly average,True,PAUSE_START,T04_1987,B02,1987,1987-11-03,1.0,3,-0.15405094258166652,0.15405094258166652,-0.15405094258166652,True,True
WTI,WTI spot monthly average,True,PAUSE_START,T04_1987,B02,1987,1987-11-03,1.0,4,-0.1822466280301941,0.1822466280301941,-0.1822466280301941,True,True
WTI,WTI spot monthly average,True,PAUSE_START,T04_1987,B02,1987,1987-11-03,1.0,5,-0.10032018995538927,0.1822466280301941,-0.1822466280301941,False,False
WTI,WTI spot monthly average,True,PAUSE_START,T04_1987,B02,1987,1987-11-03,1.0,6,-0.12242441685527039,0.1822466280301941,-0.1822466280301941,False,False
WTI,WTI spot monthly average,True,PAUSE_START,T04_1987,B02,1987,1987-11-03,1.0,7,-0.16562095265505838,0.1822466280301941,-0.1822466280301941,False,False
WTI,WTI spot monthly average,True,PAUSE_START,T04_1987,B02,1987,1987-11-03,1.0,8,-0.2194380486400922,0.2194380486400922,-0.2194380486400922,True,True
WTI,WTI spot monthly average,True,PAUSE_START,T04_1987,B02,1987,1987-11-03,1.0,9,-0.21812960263284675,0.2194380486400922,-0.2194380486400922,False,False
WTI,WTI spot monthly average,True,PAUSE_START,T04_1987,B02,1987,1987-11-03,1.0,10,-0.2678933528696086,0.2678933528696086,-0.2678933528696086,True,True
WTI,WTI spot monthly average,True,PAUSE_START,T04_1987,B02,1987,1987-11-03,1.0,11,-0.3064229865208423,0.3064229865208423,-0.3064229865208423,True,True
WTI,WTI spot monthly average,True,PAUSE_START,T04_1987,B02,1987,1987-11-03,1.0,12,-0.287499400393342,0.3064229865208423,-0.3064229865208423,False,False
WTI,WTI spot monthly average,True,PAUSE_START,T06_1994,B03,1994,1995-03-28,1.0,1,0.07302546912878216,0.0,0.0,False,True
WTI,WTI spot monthly average,True,PAUSE_START,T06_1994,B03,1994,1995-03-28,1.0,2,0.06947102307837194,0.003312545836676284,0.0,False,True
WTI,WTI spot monthly average,True,PAUSE_START,T06_1994,B03,1994,1995-03-28,1.0,3,-0.008358594387984253,0.07584541640269193,-0.008358594387984253,True,True
WTI,WTI spot monthly average,True,PAUSE_START,T06_1994,B03,1994,1995-03-28,1.0,4,-0.0661894542631346,0.12974055825995356,-0.0661894542631346,True,True
WTI,WTI spot monthly average,True,PAUSE_START,T06_1994,B03,1994,1995-03-28,1.0,5,-0.028823838299192217,0.12974055825995356,-0.0661894542631346,False,False
WTI,WTI spot monthly average,True,PAUSE_START,T06_1994,B03,1994,1995-03-28,1.0,6,-0.020560859545685872,0.12974055825995356,-0.0661894542631346,False,False
WTI,WTI spot monthly average,True,PAUSE_START,T06_1994,B03,1994,1995-03-28,1.0,7,-0.06006014047479158,0.12974055825995356,-0.0661894542631346,False,False
WTI,WTI spot monthly average,True,PAUSE_START,T06_1994,B03,1994,1995-03-28,1.0,8,-0.03043095422991704,0.12974055825995356,-0.0661894542631346,False,False
WTI,WTI spot monthly average,True,PAUSE_START,T06_1994,B03,1994,1995-03-28,1.0,9,0.02434759871276082,0.12974055825995356,-0.0661894542631346,False,False
WTI,WTI spot monthly average,True,PAUSE_START,T06_1994,B03,1994,1995-03-28,1.0,10,0.02017966533668747,0.12974055825995356,-0.0661894542631346,False,False
WTI,WTI spot monthly average,True,PAUSE_START,T06_1994,B03,1994,1995-03-28,1.0,11,0.032651961811270835,0.12974055825995356,-0.0661894542631346,False,False
WTI,WTI spot monthly average,True,PAUSE_START,T06_1994,B03,1994,1995-03-28,1.0,12,0.16337952294017288,0.12974055825995356,-0.0661894542631346,False,False
WTI,WTI spot monthly average,True,PAUSE_START,T07_1999,B04,1999,2000-06-28,1.0,1,0.036419097268884704,0.0,0.0,False,True
WTI,WTI spot monthly average,True,PAUSE_START,T07_1999,B04,1999,2000-06-28,1.0,2,0.08106512599376092,0.0,0.0,False,False
WTI,WTI spot monthly average,True,PAUSE_START,T07_1999,B04,1999,2000-06-28,1.0,3,0.18245321994044672,0.0,0.0,False,False
WTI,WTI spot monthly average,True,PAUSE_START,T07_1999,B04,1999,2000-06-28,1.0,4,0.14334640867587423,0.03307260752906749,0.0,False,True
WTI,WTI spot monthly average,True,PAUSE_START,T07_1999,B04,1999,2000-06-28,1.0,5,0.18837558097372842,0.03307260752906749,0.0,False,False
WTI,WTI spot monthly average,True,PAUSE_START,T07_1999,B04,1999,2000-06-28,1.0,6,-0.008857365011469276,0.16596852808401652,-0.008857365011469276,True,True
WTI,WTI spot monthly average,True,PAUSE_START,T07_1999,B04,1999,2000-06-28,1.0,7,0.024564410664066783,0.16596852808401652,-0.008857365011469276,False,False
WTI,WTI spot monthly average,True,PAUSE_START,T07_1999,B04,1999,2000-06-28,1.0,8,0.024819440565021278,0.16596852808401652,-0.008857365011469276,False,False
WTI,WTI spot monthly average,True,PAUSE_START,T07_1999,B04,1999,2000-06-28,1.0,9,-0.05703356537321658,0.20650806889339002,-0.05703356537321658,True,True
WTI,WTI spot monthly average,True,PAUSE_START,T07_1999,B04,1999,2000-06-28,1.0,10,-0.04589134991439303,0.20650806889339002,-0.05703356537321658,False,False
WTI,WTI spot monthly average,True,PAUSE_START,T07_1999,B04,1999,2000-06-28,1.0,11,-0.007281537396578552,0.20650806889339002,-0.05703356537321658,False,False
WTI,WTI spot monthly average,True,PAUSE_START,T07_1999,B04,1999,2000-06-28,1.0,12,-0.04571454347045378,0.20650806889339002,-0.05703356537321658,False,False
WTI,WTI spot monthly average,True,PAUSE_START,T08_2004,B05,2004,2006-08-08,1.0,1,-0.13517719712323883,0.13517719712323883,-0.13517719712323883,True,True
WTI,WTI spot monthly average,True,PAUSE_START,T08_2004,B05,2004,2006-08-08,1.0,2,-0.20503247301074035,0.20503247301074035,-0.20503247301074035,True,True
WTI,WTI spot monthly average,True,PAUSE_START,T08_2004,B05,2004,2006-08-08,1.0,3,-0.20154994134123128,0.20503247301074035,-0.20503247301074035,False,False
WTI,WTI spot monthly average,True,PAUSE_START,T08_2004,B05,2004,2006-08-08,1.0,4,-0.16364863496777238,0.20503247301074035,-0.20503247301074035,False,False
WTI,WTI spot monthly average,True,PAUSE_START,T08_2004,B05,2004,2006-08-08,1.0,5,-0.26391522964262826,0.26391522964262826,-0.26391522964262826,True,True
WTI,WTI spot monthly average,True,PAUSE_START,T08_2004,B05,2004,2006-08-08,1.0,6,-0.20054152663663916,0.26391522964262826,-0.26391522964262826,False,False
WTI,WTI spot monthly average,True,PAUSE_START,T08_2004,B05,2004,2006-08-08,1.0,7,-0.18412825995588444,0.26391522964262826,-0.26391522964262826,False,False
WTI,WTI spot monthly average,True,PAUSE_START,T08_2004,B05,2004,2006-08-08,1.0,8,-0.13633271583778395,0.26391522964262826,-0.26391522964262826,False,False
WTI,WTI spot monthly average,True,PAUSE_START,T08_2004,B05,2004,2006-08-08,1.0,9,-0.14346106766718925,0.26391522964262826,-0.26391522964262826,False,False
WTI,WTI spot monthly average,True,PAUSE_START,T08_2004,B05,2004,2006-08-08,1.0,10,-0.08900148322414025,0.26391522964262826,-0.26391522964262826,False,False
WTI,WTI spot monthly average,True,PAUSE_START,T08_2004,B05,2004,2006-08-08,1.0,11,0.0004740532193034941,0.26391522964262826,-0.26391522964262826,False,False
WTI,WTI spot monthly average,True,PAUSE_START,T08_2004,B05,2004,2006-08-08,1.0,12,-0.023303925265457548,0.26391522964262826,-0.26391522964262826,False,False
WTI,WTI spot monthly average,True,PAUSE_START,T09_2015,B06,2015,2019-01-30,1.0,1,0.10968607392546059,0.0,0.0,False,True
WTI,WTI spot monthly average,True,PAUSE_START,T09_2015,B06,2015,2019-01-30,1.0,2,0.17423600171157427,0.0,0.0,False,False
WTI,WTI spot monthly average,True,PAUSE_START,T09_2015,B06,2015,2019-01-30,1.0,3,0.289555711897844,0.0,0.0,False,False
WTI,WTI spot monthly average,True,PAUSE_START,T09_2015,B06,2015,2019-01-30,1.0,4,0.22825941740919142,0.047532878124701194,0.0,False,True
WTI,WTI spot monthly average,True,PAUSE_START,T09_2015,B06,2015,2019-01-30,1.0,5,0.10368405111003942,0.14413620060994237,0.0,False,True
WTI,WTI spot monthly average,True,PAUSE_START,T09_2015,B06,2015,2019-01-30,1.0,6,0.1582164372014161,0.14413620060994237,0.0,False,False
WTI,WTI spot monthly average,True,PAUSE_START,T09_2015,B06,2015,2019-01-30,1.0,7,0.1066808355710207,0.14413620060994237,0.0,False,False
WTI,WTI spot monthly average,True,PAUSE_START,T09_2015,B06,2015,2019-01-30,1.0,8,0.14991530272265297,0.14413620060994237,0.0,False,False
WTI,WTI spot monthly average,True,PAUSE_START,T09_2015,B06,2015,2019-01-30,1.0,9,0.08966107919890476,0.1550104666705353,0.0,False,True
WTI,WTI spot monthly average,True,PAUSE_START,T09_2015,B06,2015,2019-01-30,1.0,10,0.15197389824163854,0.1550104666705353,0.0,False,False
WTI,WTI spot monthly average,True,PAUSE_START,T09_2015,B06,2015,2019-01-30,1.0,11,0.20786170224700196,0.1550104666705353,0.0,False,False
WTI,WTI spot monthly average,True,PAUSE_START,T09_2015,B06,2015,2019-01-30,1.0,12,0.1614665049111601,0.1550104666705353,0.0,False,False
WTI,WTI spot monthly average,True,PAUSE_START,T10_2022,B07,2022,2023-09-20,1.0,1,0.05226245679159325,0.0,0.0,False,True
WTI,WTI spot monthly average,True,PAUSE_START,T10_2022,B07,2022,2023-09-20,1.0,2,-0.04547567151740495,0.09288379308619177,-0.04547567151740495,True,True
WTI,WTI spot monthly average,True,PAUSE_START,T10_2022,B07,2022,2023-09-20,1.0,3,-0.11655661687715013,0.16043437887490752,-0.11655661687715013,True,True
WTI,WTI spot monthly average,True,PAUSE_START,T10_2022,B07,2022,2023-09-20,1.0,4,-0.08888135889866766,0.16043437887490752,-0.11655661687715013,False,False
WTI,WTI spot monthly average,True,PAUSE_START,T10_2022,B07,2022,2023-09-20,1.0,5,-0.05083285253328207,0.16043437887490752,-0.11655661687715013,False,False
WTI,WTI spot monthly average,True,PAUSE_START,T10_2022,B07,2022,2023-09-20,1.0,6,-0.0013280765861060084,0.16043437887490752,-0.11655661687715013,False,False
WTI,WTI spot monthly average,True,PAUSE_START,T10_2022,B07,2022,2023-09-20,1.0,7,0.04867153488860021,0.16043437887490752,-0.11655661687715013,False,False
WTI,WTI spot monthly average,True,PAUSE_START,T10_2022,B07,2022,2023-09-20,1.0,8,-0.016729413501642587,0.16043437887490752,-0.11655661687715013,False,False
WTI,WTI spot monthly average,True,PAUSE_START,T10_2022,B07,2022,2023-09-20,1.0,9,-0.019889376624457555,0.16043437887490752,-0.11655661687715013,False,False
WTI,WTI spot monthly average,True,PAUSE_START,T10_2022,B07,2022,2023-09-20,1.0,10,0.005091381149141316,0.16043437887490752,-0.11655661687715013,False,False
WTI,WTI spot monthly average,True,PAUSE_START,T10_2022,B07,2022,2023-09-20,1.0,11,-0.05778512414354453,0.16043437887490752,-0.11655661687715013,False,False
WTI,WTI spot monthly average,True,PAUSE_START,T10_2022,B07,2022,2023-09-20,1.0,12,-0.13700237194691955,0.17986465973098753,-0.13700237194691955,True,True
USD_BROAD,Nominal Broad U.S. Dollar Index monthly average,False,PAUSE_START,T08_2004,B05,2004,2006-08-08,1.0,1,-0.004646062113579985,0.004646062113579985,-0.004646062113579985,True,True
USD_BROAD,Nominal Broad U.S. Dollar Index monthly average,False,PAUSE_START,T08_2004,B05,2004,2006-08-08,1.0,2,-0.0012501152737792731,0.004646062113579985,-0.004646062113579985,False,False
USD_BROAD,Nominal Broad U.S. Dollar Index monthly average,False,PAUSE_START,T08_2004,B05,2004,2006-08-08,1.0,3,-0.009401102749538759,0.009401102749538759,-0.009401102749538759,True,True
USD_BROAD,Nominal Broad U.S. Dollar Index monthly average,False,PAUSE_START,T08_2004,B05,2004,2006-08-08,1.0,4,-0.016697118294051072,0.016697118294051072,-0.016697118294051072,True,True
USD_BROAD,Nominal Broad U.S. Dollar Index monthly average,False,PAUSE_START,T08_2004,B05,2004,2006-08-08,1.0,5,-0.0061453160717969135,0.016697118294051072,-0.016697118294051072,False,False
USD_BROAD,Nominal Broad U.S. Dollar Index monthly average,False,PAUSE_START,T08_2004,B05,2004,2006-08-08,1.0,6,-0.009775516601337353,0.016697118294051072,-0.016697118294051072,False,False
USD_BROAD,Nominal Broad U.S. Dollar Index monthly average,False,PAUSE_START,T08_2004,B05,2004,2006-08-08,1.0,7,-0.01449592013278489,0.016697118294051072,-0.016697118294051072,False,False
USD_BROAD,Nominal Broad U.S. Dollar Index monthly average,False,PAUSE_START,T08_2004,B05,2004,2006-08-08,1.0,8,-0.02851026962388503,0.02851026962388503,-0.02851026962388503,True,True
USD_BROAD,Nominal Broad U.S. Dollar Index monthly average,False,PAUSE_START,T08_2004,B05,2004,2006-08-08,1.0,9,-0.03775106660618621,0.03775106660618621,-0.03775106660618621,True,True
USD_BROAD,Nominal Broad U.S. Dollar Index monthly average,False,PAUSE_START,T08_2004,B05,2004,2006-08-08,1.0,10,-0.04057148440920222,0.04057148440920222,-0.04057148440920222,True,True
USD_BROAD,Nominal Broad U.S. Dollar Index monthly average,False,PAUSE_START,T08_2004,B05,2004,2006-08-08,1.0,11,-0.05315795403587531,0.05315795403587531,-0.05315795403587531,True,True
USD_BROAD,Nominal Broad U.S. Dollar Index monthly average,False,PAUSE_START,T08_2004,B05,2004,2006-08-08,1.0,12,-0.047526206203399424,0.05315795403587531,-0.05315795403587531,False,False
USD_BROAD,Nominal Broad U.S. Dollar Index monthly average,False,PAUSE_START,T09_2015,B06,2015,2019-01-30,1.0,1,-0.015478631482653715,0.015478631482653715,-0.015478631482653715,True,True
USD_BROAD,Nominal Broad U.S. Dollar Index monthly average,False,PAUSE_START,T09_2015,B06,2015,2019-01-30,1.0,2,-0.012290371122835042,0.015478631482653715,-0.015478631482653715,False,False
USD_BROAD,Nominal Broad U.S. Dollar Index monthly average,False,PAUSE_START,T09_2015,B06,2015,2019-01-30,1.0,3,-0.01125574733772794,0.015478631482653715,-0.015478631482653715,False,False
USD_BROAD,Nominal Broad U.S. Dollar Index monthly average,False,PAUSE_START,T09_2015,B06,2015,2019-01-30,1.0,4,-0.002189308086213315,0.015478631482653715,-0.015478631482653715,False,False
USD_BROAD,Nominal Broad U.S. Dollar Index monthly average,False,PAUSE_START,T09_2015,B06,2015,2019-01-30,1.0,5,-0.00675262948872446,0.015478631482653715,-0.015478631482653715,False,False
USD_BROAD,Nominal Broad U.S. Dollar Index monthly average,False,PAUSE_START,T09_2015,B06,2015,2019-01-30,1.0,6,-0.00975988929436733,0.015478631482653715,-0.015478631482653715,False,False
USD_BROAD,Nominal Broad U.S. Dollar Index monthly average,False,PAUSE_START,T09_2015,B06,2015,2019-01-30,1.0,7,0.007646220609569765,0.015478631482653715,-0.015478631482653715,False,False
USD_BROAD,Nominal Broad U.S. Dollar Index monthly average,False,PAUSE_START,T09_2015,B06,2015,2019-01-30,1.0,8,0.009569722579592987,0.015478631482653715,-0.015478631482653715,False,False
USD_BROAD,Nominal Broad U.S. Dollar Index monthly average,False,PAUSE_START,T09_2015,B06,2015,2019-01-30,1.0,9,0.0045989633027465615,0.015478631482653715,-0.015478631482653715,False,False
USD_BROAD,Nominal Broad U.S. Dollar Index monthly average,False,PAUSE_START,T09_2015,B06,2015,2019-01-30,1.0,10,0.0029916337424364947,0.015478631482653715,-0.015478631482653715,False,False
USD_BROAD,Nominal Broad U.S. Dollar Index monthly average,False,PAUSE_START,T09_2015,B06,2015,2019-01-30,1.0,11,-0.0026003835193300073,0.015478631482653715,-0.015478631482653715,False,False
USD_BROAD,Nominal Broad U.S. Dollar Index monthly average,False,PAUSE_START,T09_2015,B06,2015,2019-01-30,1.0,12,-0.008023449483129164,0.017426406189925192,-0.015478631482653715,False,True
USD_BROAD,Nominal Broad U.S. Dollar Index monthly average,False,PAUSE_START,T10_2022,B07,2022,2023-09-20,1.0,1,0.030376361861480294,0.0,0.0,False,True
USD_BROAD,Nominal Broad U.S. Dollar Index monthly average,False,PAUSE_START,T10_2022,B07,2022,2023-09-20,1.0,2,0.011395075844416569,0.018421701738937424,0.0,False,True
USD_BROAD,Nominal Broad U.S. Dollar Index monthly average,False,PAUSE_START,T10_2022,B07,2022,2023-09-20,1.0,3,-0.00019363034589225947,0.029668763122772668,-0.00019363034589225947,True,True
USD_BROAD,Nominal Broad U.S. Dollar Index monthly average,False,PAUSE_START,T10_2022,B07,2022,2023-09-20,1.0,4,0.003095449873948608,0.029668763122772668,-0.00019363034589225947,False,False
USD_BROAD,Nominal Broad U.S. Dollar Index monthly average,False,PAUSE_START,T10_2022,B07,2022,2023-09-20,1.0,5,0.010092015949528133,0.029668763122772668,-0.00019363034589225947,False,False
USD_BROAD,Nominal Broad U.S. Dollar Index monthly average,False,PAUSE_START,T10_2022,B07,2022,2023-09-20,1.0,6,0.006695394293265267,0.029668763122772668,-0.00019363034589225947,False,False
USD_BROAD,Nominal Broad U.S. Dollar Index monthly average,False,PAUSE_START,T10_2022,B07,2022,2023-09-20,1.0,7,0.01907671851969317,0.029668763122772668,-0.00019363034589225947,False,False
USD_BROAD,Nominal Broad U.S. Dollar Index monthly average,False,PAUSE_START,T10_2022,B07,2022,2023-09-20,1.0,8,0.0167032712018631,0.029668763122772668,-0.00019363034589225947,False,False
USD_BROAD,Nominal Broad U.S. Dollar Index monthly average,False,PAUSE_START,T10_2022,B07,2022,2023-09-20,1.0,9,0.032147910320714956,0.029668763122772668,-0.00019363034589225947,False,False
USD_BROAD,Nominal Broad U.S. Dollar Index monthly average,False,PAUSE_START,T10_2022,B07,2022,2023-09-20,1.0,10,0.029419289019767314,0.029668763122772668,-0.00019363034589225947,False,False
USD_BROAD,Nominal Broad U.S. Dollar Index monthly average,False,PAUSE_START,T10_2022,B07,2022,2023-09-20,1.0,11,0.023005815987359846,0.029668763122772668,-0.00019363034589225947,False,False
USD_BROAD,Nominal Broad U.S. Dollar Index monthly average,False,PAUSE_START,T10_2022,B07,2022,2023-09-20,1.0,12,0.016924486776924264,0.029668763122772668,-0.00019363034589225947,False,False
GOLD,Gold monthly World Bank/DataHub,True,FIRST_CUT,T01_1983,B01,1983,1983-08-17,0.5,1,0.022332506203474045,0.0,0.0,False,True
GOLD,Gold monthly World Bank/DataHub,True,FIRST_CUT,T01_1983,B01,1983,1983-08-17,0.5,2,-0.022332506203473934,0.043689320388349495,-0.022332506203473934,True,True
GOLD,Gold monthly World Bank/DataHub,True,FIRST_CUT,T01_1983,B01,1983,1983-08-17,0.5,3,-0.052109181141439254,0.07281553398058249,-0.052109181141439254,True,True
GOLD,Gold monthly World Bank/DataHub,True,FIRST_CUT,T01_1983,B01,1983,1983-08-17,0.5,4,-0.037220843672456594,0.07281553398058249,-0.052109181141439254,False,False
GOLD,Gold monthly World Bank/DataHub,True,FIRST_CUT,T01_1983,B01,1983,1983-08-17,0.5,5,-0.07940446650124067,0.09951456310679607,-0.07940446650124067,True,True
GOLD,Gold monthly World Bank/DataHub,True,FIRST_CUT,T01_1983,B01,1983,1983-08-17,0.5,6,-0.04218362282878407,0.09951456310679607,-0.07940446650124067,False,False
GOLD,Gold monthly World Bank/DataHub,True,FIRST_CUT,T01_1983,B01,1983,1983-08-17,0.5,7,-0.022332506203473934,0.09951456310679607,-0.07940446650124067,False,False
GOLD,Gold monthly World Bank/DataHub,True,FIRST_CUT,T01_1983,B01,1983,1983-08-17,0.5,8,-0.05459057071960294,0.09951456310679607,-0.07940446650124067,False,False
GOLD,Gold monthly World Bank/DataHub,True,FIRST_CUT,T01_1983,B01,1983,1983-08-17,0.5,9,-0.06451612903225812,0.09951456310679607,-0.07940446650124067,False,False
GOLD,Gold monthly World Bank/DataHub,True,FIRST_CUT,T01_1983,B01,1983,1983-08-17,0.5,10,-0.06203473945409432,0.09951456310679607,-0.07940446650124067,False,False
GOLD,Gold monthly World Bank/DataHub,True,FIRST_CUT,T01_1983,B01,1983,1983-08-17,0.5,11,-0.1364764267990074,0.15533980582524276,-0.1364764267990074,True,True
GOLD,Gold monthly World Bank/DataHub,True,FIRST_CUT,T01_1983,B01,1983,1983-08-17,0.5,12,-0.1364764267990074,0.15533980582524276,-0.1364764267990074,False,False
GOLD,Gold monthly World Bank/DataHub,True,FIRST_CUT,T02_1984,B01,1984,1984-09-20,0.5,1,-0.02011494252873558,0.02011494252873558,-0.02011494252873558,True,True
GOLD,Gold monthly World Bank/DataHub,True,FIRST_CUT,T02_1984,B01,1984,1984-09-20,0.5,2,-0.017241379310344862,0.02011494252873558,-0.02011494252873558,False,False
GOLD,Gold monthly World Bank/DataHub,True,FIRST_CUT,T02_1984,B01,1984,1984-09-20,0.5,3,-0.08045977011494254,0.08045977011494254,-0.08045977011494254,True,True
GOLD,Gold monthly World Bank/DataHub,True,FIRST_CUT,T02_1984,B01,1984,1984-09-20,0.5,4,-0.1293103448275862,0.1293103448275862,-0.1293103448275862,True,True
GOLD,Gold monthly World Bank/DataHub,True,FIRST_CUT,T02_1984,B01,1984,1984-09-20,0.5,5,-0.1408045977011494,0.1408045977011494,-0.1408045977011494,True,True
GOLD,Gold monthly World Bank/DataHub,True,FIRST_CUT,T02_1984,B01,1984,1984-09-20,0.5,6,-0.0977011494252874,0.1408045977011494,-0.1408045977011494,False,False
GOLD,Gold monthly World Bank/DataHub,True,FIRST_CUT,T02_1984,B01,1984,1984-09-20,0.5,7,-0.06034482758620685,0.1408045977011494,-0.1408045977011494,False,False
GOLD,Gold monthly World Bank/DataHub,True,FIRST_CUT,T02_1984,B01,1984,1984-09-20,0.5,8,-0.09195402298850575,0.1408045977011494,-0.1408045977011494,False,False
GOLD,Gold monthly World Bank/DataHub,True,FIRST_CUT,T02_1984,B01,1984,1984-09-20,0.5,9,-0.08908045977011492,0.1408045977011494,-0.1408045977011494,False,False
GOLD,Gold monthly World Bank/DataHub,True,FIRST_CUT,T02_1984,B01,1984,1984-09-20,0.5,10,-0.08908045977011492,0.1408045977011494,-0.1408045977011494,False,False
GOLD,Gold monthly World Bank/DataHub,True,FIRST_CUT,T02_1984,B01,1984,1984-09-20,0.5,11,-0.051724137931034475,0.1408045977011494,-0.1408045977011494,False,False
GOLD,Gold monthly World Bank/DataHub,True,FIRST_CUT,T02_1984,B01,1984,1984-09-20,0.5,12,-0.07183908045977017,0.1408045977011494,-0.1408045977011494,False,False
GOLD,Gold monthly World Bank/DataHub,True,FIRST_CUT,T03_1987,B02,1987,1987-07-02,0.3333333333333333,1,0.02444444444444449,0.0,0.0,False,True
GOLD,Gold monthly World Bank/DataHub,True,FIRST_CUT,T03_1987,B02,1987,1987-07-02,0.3333333333333333,2,0.022222222222222143,0.002169197396963085,0.0,False,True
GOLD,Gold monthly World Bank/DataHub,True,FIRST_CUT,T03_1987,B02,1987,1987-07-02,0.3333333333333333,3,0.03333333333333344,0.002169197396963085,0.0,False,False
GOLD,Gold monthly World Bank/DataHub,True,FIRST_CUT,T03_1987,B02,1987,1987-07-02,0.3333333333333333,4,0.040000000000000036,0.002169197396963085,0.0,False,False
GOLD,Gold monthly World Bank/DataHub,True,FIRST_CUT,T03_1987,B02,1987,1987-07-02,0.3333333333333333,5,0.08000000000000007,0.002169197396963085,0.0,False,False
GOLD,Gold monthly World Bank/DataHub,True,FIRST_CUT,T03_1987,B02,1987,1987-07-02,0.3333333333333333,6,0.06000000000000005,0.01851851851851849,0.0,False,True
GOLD,Gold monthly World Bank/DataHub,True,FIRST_CUT,T03_1987,B02,1987,1987-07-02,0.3333333333333333,7,-0.01777777777777778,0.09053497942386834,-0.01777777777777778,True,True
GOLD,Gold monthly World Bank/DataHub,True,FIRST_CUT,T03_1987,B02,1987,1987-07-02,0.3333333333333333,8,-0.013333333333333308,0.09053497942386834,-0.01777777777777778,False,False
GOLD,Gold monthly World Bank/DataHub,True,FIRST_CUT,T03_1987,B02,1987,1987-07-02,0.3333333333333333,9,0.004444444444444473,0.09053497942386834,-0.01777777777777778,False,False
GOLD,Gold monthly World Bank/DataHub,True,FIRST_CUT,T03_1987,B02,1987,1987-07-02,0.3333333333333333,10,0.0022222222222221255,0.09053497942386834,-0.01777777777777778,False,False
GOLD,Gold monthly World Bank/DataHub,True,FIRST_CUT,T03_1987,B02,1987,1987-07-02,0.3333333333333333,11,0.0022222222222221255,0.09053497942386834,-0.01777777777777778,False,False
GOLD,Gold monthly World Bank/DataHub,True,FIRST_CUT,T03_1987,B02,1987,1987-07-02,0.3333333333333333,12,-0.026666666666666616,0.09876543209876543,-0.026666666666666616,True,True
GOLD,Gold monthly World Bank/DataHub,True,FIRST_CUT,T04_1987,B02,1987,1987-11-04,0.3333333333333333,1,0.04516129032258065,0.0,0.0,False,True
GOLD,Gold monthly World Bank/DataHub,True,FIRST_CUT,T04_1987,B02,1987,1987-11-04,0.3333333333333333,2,0.02580645161290329,0.01851851851851849,0.0,False,True
GOLD,Gold monthly World Bank/DataHub,True,FIRST_CUT,T04_1987,B02,1987,1987-11-04,0.3333333333333333,3,-0.04946236559139783,0.09053497942386834,-0.04946236559139783,True,True
GOLD,Gold monthly World Bank/DataHub,True,FIRST_CUT,T04_1987,B02,1987,1987-11-04,0.3333333333333333,4,-0.04516129032258065,0.09053497942386834,-0.04946236559139783,False,False
GOLD,Gold monthly World Bank/DataHub,True,FIRST_CUT,T04_1987,B02,1987,1987-11-04,0.3333333333333333,5,-0.027956989247311825,0.09053497942386834,-0.04946236559139783,False,False
GOLD,Gold monthly World Bank/DataHub,True,FIRST_CUT,T04_1987,B02,1987,1987-11-04,0.3333333333333333,6,-0.03010752688172047,0.09053497942386834,-0.04946236559139783,False,False
GOLD,Gold monthly World Bank/DataHub,True,FIRST_CUT,T04_1987,B02,1987,1987-11-04,0.3333333333333333,7,-0.03010752688172047,0.09053497942386834,-0.04946236559139783,False,False
GOLD,Gold monthly World Bank/DataHub,True,FIRST_CUT,T04_1987,B02,1987,1987-11-04,0.3333333333333333,8,-0.058064516129032295,0.09876543209876543,-0.058064516129032295,True,True
GOLD,Gold monthly World Bank/DataHub,True,FIRST_CUT,T04_1987,B02,1987,1987-11-04,0.3333333333333333,9,-0.07311827956989247,0.11316872427983538,-0.07311827956989247,True,True
GOLD,Gold monthly World Bank/DataHub,True,FIRST_CUT,T04_1987,B02,1987,1987-11-04,0.3333333333333333,10,-0.1118279569892473,0.15020576131687247,-0.1118279569892473,True,True
GOLD,Gold monthly World Bank/DataHub,True,FIRST_CUT,T04_1987,B02,1987,1987-11-04,0.3333333333333333,11,-0.12473118279569895,0.1625514403292181,-0.12473118279569895,True,True
GOLD,Gold monthly World Bank/DataHub,True,FIRST_CUT,T04_1987,B02,1987,1987-11-04,0.3333333333333333,12,-0.09677419354838712,0.1625514403292181,-0.12473118279569895,False,False
GOLD,Gold monthly World Bank/DataHub,True,FIRST_CUT,T05_1988,B02,1988,1989-06-06,0.3333333333333333,1,0.010781671159029615,0.0,0.0,False,True
GOLD,Gold monthly World Bank/DataHub,True,FIRST_CUT,T05_1988,B02,1988,1989-06-06,0.3333333333333333,2,-0.016172506738544423,0.026666666666666616,-0.016172506738544423,True,True
GOLD,Gold monthly World Bank/DataHub,True,FIRST_CUT,T05_1988,B02,1988,1989-06-06,0.3333333333333333,3,-0.02425876010781669,0.03466666666666662,-0.02425876010781669,True,True
GOLD,Gold monthly World Bank/DataHub,True,FIRST_CUT,T05_1988,B02,1988,1989-06-06,0.3333333333333333,4,-0.010781671159029615,0.03466666666666662,-0.02425876010781669,False,False
GOLD,Gold monthly World Bank/DataHub,True,FIRST_CUT,T05_1988,B02,1988,1989-06-06,0.3333333333333333,5,0.06199460916442057,0.03466666666666662,-0.02425876010781669,False,False
GOLD,Gold monthly World Bank/DataHub,True,FIRST_CUT,T05_1988,B02,1988,1989-06-06,0.3333333333333333,6,0.10347708894878704,0.03466666666666662,-0.02425876010781669,False,False
GOLD,Gold monthly World Bank/DataHub,True,FIRST_CUT,T05_1988,B02,1988,1989-06-06,0.3333333333333333,7,0.10512129380053903,0.03466666666666662,-0.02425876010781669,False,False
GOLD,Gold monthly World Bank/DataHub,True,FIRST_CUT,T05_1988,B02,1988,1989-06-06,0.3333333333333333,8,0.12398921832884091,0.03466666666666662,-0.02425876010781669,False,False
GOLD,Gold monthly World Bank/DataHub,True,FIRST_CUT,T05_1988,B02,1988,1989-06-06,0.3333333333333333,9,0.059299191374662996,0.05755395683453235,-0.02425876010781669,False,True
GOLD,Gold monthly World Bank/DataHub,True,FIRST_CUT,T05_1988,B02,1988,1989-06-06,0.3333333333333333,10,0.008086253369272267,0.10311750599520386,-0.02425876010781669,False,True
GOLD,Gold monthly World Bank/DataHub,True,FIRST_CUT,T05_1988,B02,1988,1989-06-06,0.3333333333333333,11,-0.005390835579514808,0.1151079136690647,-0.02425876010781669,False,True
GOLD,Gold monthly World Bank/DataHub,True,FIRST_CUT,T05_1988,B02,1988,1989-06-06,0.3333333333333333,12,-0.05121293800539084,0.15587529976019188,-0.05121293800539084,True,True
GOLD,Gold monthly World Bank/DataHub,True,FIRST_CUT,T06_1994,B03,1994,1995-07-06,1.0,1,-0.010309278350515427,0.010309278350515427,-0.010309278350515427,True,True
GOLD,Gold monthly World Bank/DataHub,True,FIRST_CUT,T06_1994,B03,1994,1995-07-06,1.0,2,-0.012886597938144284,0.012886597938144284,-0.012886597938144284,True,True
GOLD,Gold monthly World Bank/DataHub,True,FIRST_CUT,T06_1994,B03,1994,1995-07-06,1.0,3,-0.012886597938144284,0.012886597938144284,-0.012886597938144284,False,False
GOLD,Gold monthly World Bank/DataHub,True,FIRST_CUT,T06_1994,B03,1994,1995-07-06,1.0,4,-0.0077319587628865705,0.012886597938144284,-0.012886597938144284,False,False
GOLD,Gold monthly World Bank/DataHub,True,FIRST_CUT,T06_1994,B03,1994,1995-07-06,1.0,5,-0.002577319587628857,0.012886597938144284,-0.012886597938144284,False,False
GOLD,Gold monthly World Bank/DataHub,True,FIRST_CUT,T06_1994,B03,1994,1995-07-06,1.0,6,0.028350515463917425,0.012886597938144284,-0.012886597938144284,False,False
GOLD,Gold monthly World Bank/DataHub,True,FIRST_CUT,T06_1994,B03,1994,1995-07-06,1.0,7,0.04381443298969079,0.012886597938144284,-0.012886597938144284,False,False
GOLD,Gold monthly World Bank/DataHub,True,FIRST_CUT,T06_1994,B03,1994,1995-07-06,1.0,8,0.020618556701030855,0.022222222222222254,-0.012886597938144284,False,True
GOLD,Gold monthly World Bank/DataHub,True,FIRST_CUT,T06_1994,B03,1994,1995-07-06,1.0,9,0.012886597938144284,0.029629629629629672,-0.012886597938144284,False,True
GOLD,Gold monthly World Bank/DataHub,True,FIRST_CUT,T06_1994,B03,1994,1995-07-06,1.0,10,0.010309278350515427,0.032098765432098775,-0.012886597938144284,False,True
GOLD,Gold monthly World Bank/DataHub,True,FIRST_CUT,T06_1994,B03,1994,1995-07-06,1.0,11,-0.0077319587628865705,0.04938271604938271,-0.012886597938144284,False,True
GOLD,Gold monthly World Bank/DataHub,True,FIRST_CUT,T06_1994,B03,1994,1995-07-06,1.0,12,-0.012886597938144284,0.05432098765432103,-0.012886597938144284,False,True
GOLD,Gold monthly World Bank/DataHub,True,FIRST_CUT,T07_1999,B04,1999,2001-01-03,1.0,1,-0.03321033210332103,0.03321033210332103,-0.03321033210332103,True,True
GOLD,Gold monthly World Bank/DataHub,True,FIRST_CUT,T07_1999,B04,1999,2001-01-03,1.0,2,-0.029520295202952074,0.03321033210332103,-0.03321033210332103,False,False
GOLD,Gold monthly World Bank/DataHub,True,FIRST_CUT,T07_1999,B04,1999,2001-01-03,1.0,3,-0.040590405904059046,0.040590405904059046,-0.040590405904059046,True,True
GOLD,Gold monthly World Bank/DataHub,True,FIRST_CUT,T07_1999,B04,1999,2001-01-03,1.0,4,0.0036900369003689537,0.040590405904059046,-0.040590405904059046,False,False
GOLD,Gold monthly World Bank/DataHub,True,FIRST_CUT,T07_1999,B04,1999,2001-01-03,1.0,5,-0.0036900369003689537,0.040590405904059046,-0.040590405904059046,False,False
GOLD,Gold monthly World Bank/DataHub,True,FIRST_CUT,T07_1999,B04,1999,2001-01-03,1.0,6,-0.011070110701106972,0.040590405904059046,-0.040590405904059046,False,False
GOLD,Gold monthly World Bank/DataHub,True,FIRST_CUT,T07_1999,B04,1999,2001-01-03,1.0,7,0.0036900369003689537,0.040590405904059046,-0.040590405904059046,False,False
GOLD,Gold monthly World Bank/DataHub,True,FIRST_CUT,T07_1999,B04,1999,2001-01-03,1.0,8,0.04428044280442811,0.040590405904059046,-0.040590405904059046,False,False
GOLD,Gold monthly World Bank/DataHub,True,FIRST_CUT,T07_1999,B04,1999,2001-01-03,1.0,9,0.04428044280442811,0.040590405904059046,-0.040590405904059046,False,False
GOLD,Gold monthly World Bank/DataHub,True,FIRST_CUT,T07_1999,B04,1999,2001-01-03,1.0,10,0.01845018450184499,0.040590405904059046,-0.040590405904059046,False,False
GOLD,Gold monthly World Bank/DataHub,True,FIRST_CUT,T07_1999,B04,1999,2001-01-03,1.0,11,0.01845018450184499,0.040590405904059046,-0.040590405904059046,False,False
GOLD,Gold monthly World Bank/DataHub,True,FIRST_CUT,T07_1999,B04,1999,2001-01-03,1.0,12,0.040590405904058935,0.040590405904059046,-0.040590405904059046,False,False
GOLD,Gold monthly World Bank/DataHub,True,FIRST_CUT,T08_2004,B05,2004,2007-09-18,1.0,1,0.13533834586466176,0.0,0.0,False,True
GOLD,Gold monthly World Bank/DataHub,True,FIRST_CUT,T08_2004,B05,2004,2007-09-18,1.0,2,0.21203007518797,0.0,0.0,False,False
GOLD,Gold monthly World Bank/DataHub,True,FIRST_CUT,T08_2004,B05,2004,2007-09-18,1.0,3,0.2075187969924812,0.003722084367245637,0.0,False,True
GOLD,Gold monthly World Bank/DataHub,True,FIRST_CUT,T08_2004,B05,2004,2007-09-18,1.0,4,0.33834586466165417,0.003722084367245637,0.0,False,False
GOLD,Gold monthly World Bank/DataHub,True,FIRST_CUT,T08_2004,B05,2004,2007-09-18,1.0,5,0.38646616541353374,0.003722084367245637,0.0,False,False
GOLD,Gold monthly World Bank/DataHub,True,FIRST_CUT,T08_2004,B05,2004,2007-09-18,1.0,6,0.45563909774436095,0.003722084367245637,0.0,False,False
GOLD,Gold monthly World Bank/DataHub,True,FIRST_CUT,T08_2004,B05,2004,2007-09-18,1.0,7,0.368421052631579,0.05991735537190079,0.0,False,True
GOLD,Gold monthly World Bank/DataHub,True,FIRST_CUT,T08_2004,B05,2004,2007-09-18,1.0,8,0.33684210526315783,0.08161157024793386,0.0,False,True
GOLD,Gold monthly World Bank/DataHub,True,FIRST_CUT,T08_2004,B05,2004,2007-09-18,1.0,9,0.33684210526315783,0.08161157024793386,0.0,False,False
GOLD,Gold monthly World Bank/DataHub,True,FIRST_CUT,T08_2004,B05,2004,2007-09-18,1.0,10,0.4135338345864661,0.08161157024793386,0.0,False,False
GOLD,Gold monthly World Bank/DataHub,True,FIRST_CUT,T08_2004,B05,2004,2007-09-18,1.0,11,0.2616541353383459,0.13326446280991733,0.0,False,True
GOLD,Gold monthly World Bank/DataHub,True,FIRST_CUT,T08_2004,B05,2004,2007-09-18,1.0,12,0.24812030075187974,0.1425619834710744,0.0,False,True
GOLD,Gold monthly World Bank/DataHub,True,FIRST_CUT,T09_2015,B06,2015,2019-07-31,1.0,1,0.10375275938189854,0.0,0.0,False,True
GOLD,Gold monthly World Bank/DataHub,True,FIRST_CUT,T09_2015,B06,2015,2019-07-31,1.0,2,0.11184694628403236,0.0,0.0,False,False
GOLD,Gold monthly World Bank/DataHub,True,FIRST_CUT,T09_2015,B06,2015,2019-07-31,1.0,3,0.10007358351729212,0.010589013898080757,0.0,False,True
GOLD,Gold monthly World Bank/DataHub,True,FIRST_CUT,T09_2015,B06,2015,2019-07-31,1.0,4,0.08241353936718165,0.026472534745201837,0.0,False,True
GOLD,Gold monthly World Bank/DataHub,True,FIRST_CUT,T09_2015,B06,2015,2019-07-31,1.0,5,0.08830022075055188,0.026472534745201837,0.0,False,False
GOLD,Gold monthly World Bank/DataHub,True,FIRST_CUT,T09_2015,B06,2015,2019-07-31,1.0,6,0.14863870493009568,0.026472534745201837,0.0,False,False
GOLD,Gold monthly World Bank/DataHub,True,FIRST_CUT,T09_2015,B06,2015,2019-07-31,1.0,7,0.17512877115526115,0.026472534745201837,0.0,False,False
GOLD,Gold monthly World Bank/DataHub,True,FIRST_CUT,T09_2015,B06,2015,2019-07-31,1.0,8,0.17144959529065495,0.026472534745201837,0.0,False,False
GOLD,Gold monthly World Bank/DataHub,True,FIRST_CUT,T09_2015,B06,2015,2019-07-31,1.0,9,0.23841059602649017,0.026472534745201837,0.0,False,False
GOLD,Gold monthly World Bank/DataHub,True,FIRST_CUT,T09_2015,B06,2015,2019-07-31,1.0,10,0.26269315673289184,0.026472534745201837,0.0,False,False
GOLD,Gold monthly World Bank/DataHub,True,FIRST_CUT,T09_2015,B06,2015,2019-07-31,1.0,11,0.2744665194996321,0.026472534745201837,0.0,False,False
GOLD,Gold monthly World Bank/DataHub,True,FIRST_CUT,T09_2015,B06,2015,2019-07-31,1.0,12,0.35908756438557754,0.026472534745201837,0.0,False,False
GOLD,Gold monthly World Bank/DataHub,True,FIRST_CUT,T10_2022,B07,2022,2024-09-18,1.0,1,0.08906882591093113,0.0,0.0,False,True
GOLD,Gold monthly World Bank/DataHub,True,FIRST_CUT,T10_2022,B07,2022,2024-09-18,1.0,2,0.07327935222672055,0.014498141263940556,0.0,False,True
GOLD,Gold monthly World Bank/DataHub,True,FIRST_CUT,T10_2022,B07,2022,2024-09-18,1.0,3,0.07206477732793526,0.015613382899628214,0.0,False,True
GOLD,Gold monthly World Bank/DataHub,True,FIRST_CUT,T10_2022,B07,2022,2024-09-18,1.0,4,0.09716599190283404,0.015613382899628214,0.0,False,False
GOLD,Gold monthly World Bank/DataHub,True,FIRST_CUT,T10_2022,B07,2022,2024-09-18,1.0,5,0.17206477732793513,0.015613382899628214,0.0,False,False
GOLD,Gold monthly World Bank/DataHub,True,FIRST_CUT,T10_2022,B07,2022,2024-09-18,1.0,6,0.20769230769230762,0.015613382899628214,0.0,False,False
GOLD,Gold monthly World Bank/DataHub,True,FIRST_CUT,T10_2022,B07,2022,2024-09-18,1.0,7,0.3028340080971661,0.015613382899628214,0.0,False,False
GOLD,Gold monthly World Bank/DataHub,True,FIRST_CUT,T10_2022,B07,2022,2024-09-18,1.0,8,0.3396761133603239,0.015613382899628214,0.0,False,False
GOLD,Gold monthly World Bank/DataHub,True,FIRST_CUT,T10_2022,B07,2022,2024-09-18,1.0,9,0.35748987854251,0.015613382899628214,0.0,False,False
GOLD,Gold monthly World Bank/DataHub,True,FIRST_CUT,T10_2022,B07,2022,2024-09-18,1.0,10,0.3522267206477734,0.015613382899628214,0.0,False,False
GOLD,Gold monthly World Bank/DataHub,True,FIRST_CUT,T10_2022,B07,2022,2024-09-18,1.0,11,0.36356275303643715,0.015613382899628214,0.0,False,False
GOLD,Gold monthly World Bank/DataHub,True,FIRST_CUT,T10_2022,B07,2022,2024-09-18,1.0,12,0.4850202429149797,0.015613382899628214,0.0,False,False
SP500,S&P 500 cash index monthly average,True,FIRST_CUT,T01_1983,B01,1983,1983-08-17,0.5,1,0.001254727425847646,0.0,0.0,False,True
SP500,S&P 500 cash index monthly average,True,FIRST_CUT,T01_1983,B01,1983,1983-08-17,0.5,2,0.004212528469016208,0.0,0.0,False,False
SP500,S&P 500 cash index monthly average,True,FIRST_CUT,T01_1983,B01,1983,1983-08-17,0.5,3,-0.010302704124425466,0.014454343260953961,-0.010302704124425466,True,True
SP500,S&P 500 cash index monthly average,True,FIRST_CUT,T01_1983,B01,1983,1983-08-17,0.5,4,-0.015451064790738211,0.019581107287849342,-0.015451064790738211,True,True
SP500,S&P 500 cash index monthly average,True,FIRST_CUT,T01_1983,B01,1983,1983-08-17,0.5,5,-0.0033431502409873026,0.019581107287849342,-0.015451064790738211,False,False
SP500,S&P 500 cash index monthly average,True,FIRST_CUT,T01_1983,B01,1983,1983-08-17,0.5,6,-0.058103859891648346,0.062054979990809,-0.058103859891648346,True,True
SP500,S&P 500 cash index monthly average,True,FIRST_CUT,T01_1983,B01,1983,1983-08-17,0.5,7,-0.05697696087812998,0.062054979990809,-0.058103859891648346,False,False
SP500,S&P 500 cash index monthly average,True,FIRST_CUT,T01_1983,B01,1983,1983-08-17,0.5,8,-0.05600145902215026,0.062054979990809,-0.058103859891648346,False,False
SP500,S&P 500 cash index monthly average,True,FIRST_CUT,T01_1983,B01,1983,1983-08-17,0.5,9,-0.06229426538641336,0.0662278073316046,-0.06229426538641336,True,True
SP500,S&P 500 cash index monthly average,True,FIRST_CUT,T01_1983,B01,1983,1983-08-17,0.5,10,-0.08281614276513516,0.0866635983588373,-0.08281614276513516,True,True
SP500,S&P 500 cash index monthly average,True,FIRST_CUT,T01_1983,B01,1983,1983-08-17,0.5,11,-0.095075218937696,0.09887124945362158,-0.095075218937696,True,True
SP500,S&P 500 cash index monthly average,True,FIRST_CUT,T01_1983,B01,1983,1983-08-17,0.5,12,-0.015154922467419674,0.09887124945362158,-0.095075218937696,False,False
SP500,S&P 500 cash index monthly average,True,FIRST_CUT,T02_1984,B01,1984,1984-09-20,0.5,1,0.002419553916623407,0.0,0.0,False,True
SP500,S&P 500 cash index monthly average,True,FIRST_CUT,T02_1984,B01,1984,1984-09-20,0.5,2,0.011257912960315641,0.0,0.0,False,False
SP500,S&P 500 cash index monthly average,True,FIRST_CUT,T02_1984,B01,1984,1984-09-20,0.5,3,0.0003596369585747716,0.010776950036255117,0.0,False,True
SP500,S&P 500 cash index monthly average,True,FIRST_CUT,T02_1984,B01,1984,1984-09-20,0.5,4,0.043740541360095975,0.010776950036255117,0.0,False,False
SP500,S&P 500 cash index monthly average,True,FIRST_CUT,T02_1984,B01,1984,1984-09-20,0.5,5,0.10013247311824669,0.010776950036255117,0.0,False,False
SP500,S&P 500 cash index monthly average,True,FIRST_CUT,T02_1984,B01,1984,1984-09-20,0.5,6,0.09122399723882135,0.010776950036255117,0.0,False,False
SP500,S&P 500 cash index monthly average,True,FIRST_CUT,T02_1984,B01,1984,1984-09-20,0.5,7,0.09851365623088304,0.010776950036255117,0.0,False,False
SP500,S&P 500 cash index monthly average,True,FIRST_CUT,T02_1984,B01,1984,1984-09-20,0.5,8,0.12454757302695962,0.010776950036255117,0.0,False,False
SP500,S&P 500 cash index monthly average,True,FIRST_CUT,T02_1984,B01,1984,1984-09-20,0.5,9,0.14879577126309806,0.010776950036255117,0.0,False,False
SP500,S&P 500 cash index monthly average,True,FIRST_CUT,T02_1984,B01,1984,1984-09-20,0.5,10,0.17104687165823518,0.010776950036255117,0.0,False,False
SP500,S&P 500 cash index monthly average,True,FIRST_CUT,T02_1984,B01,1984,1984-09-20,0.5,11,0.14527045592631538,0.02201142956423241,0.0,False,True
SP500,S&P 500 cash index monthly average,True,FIRST_CUT,T02_1984,B01,1984,1984-09-20,0.5,12,0.12033096110843089,0.04330818157431149,0.0,False,True
SP500,S&P 500 cash index monthly average,True,FIRST_CUT,T03_1987,B02,1987,1987-07-02,0.3333333333333333,1,0.09281844697839747,0.0,0.0,False,True
SP500,S&P 500 cash index monthly average,True,FIRST_CUT,T03_1987,B02,1987,1987-07-02,0.3333333333333333,2,0.057325060121965254,0.03247875889592655,0.0,False,True
SP500,S&P 500 cash index monthly average,True,FIRST_CUT,T03_1987,B02,1987,1987-07-02,0.3333333333333333,3,-0.07040848918392117,0.14936326945581413,-0.07040848918392117,True,True
SP500,S&P 500 cash index monthly average,True,FIRST_CUT,T03_1987,B02,1987,1987-07-02,0.3333333333333333,4,-0.1870556252356983,0.25610299038045825,-0.1870556252356983,True,True
SP500,S&P 500 cash index monthly average,True,FIRST_CUT,T03_1987,B02,1987,1987-07-02,0.3333333333333333,5,-0.20050222403044626,0.26840750338710384,-0.20050222403044626,True,True
SP500,S&P 500 cash index monthly average,True,FIRST_CUT,T03_1987,B02,1987,1987-07-02,0.3333333333333333,6,-0.16891265585087556,0.26840750338710384,-0.20050222403044626,False,False
SP500,S&P 500 cash index monthly average,True,FIRST_CUT,T03_1987,B02,1987,1987-07-02,0.3333333333333333,7,-0.14352479903893178,0.26840750338710384,-0.20050222403044626,False,False
SP500,S&P 500 cash index monthly average,True,FIRST_CUT,T03_1987,B02,1987,1987-07-02,0.3333333333333333,8,-0.11827664097341628,0.26840750338710384,-0.20050222403044626,False,False
SP500,S&P 500 cash index monthly average,True,FIRST_CUT,T03_1987,B02,1987,1987-07-02,0.3333333333333333,9,-0.1286351635710571,0.26840750338710384,-0.20050222403044626,False,False
SP500,S&P 500 cash index monthly average,True,FIRST_CUT,T03_1987,B02,1987,1987-07-02,0.3333333333333333,10,-0.15017474478360737,0.26840750338710384,-0.20050222403044626,False,False
SP500,S&P 500 cash index monthly average,True,FIRST_CUT,T03_1987,B02,1987,1987-07-02,0.3333333333333333,11,-0.1018678919264091,0.26840750338710384,-0.20050222403044626,False,False
SP500,S&P 500 cash index monthly average,True,FIRST_CUT,T03_1987,B02,1987,1987-07-02,0.3333333333333333,12,-0.10728699077218895,0.26840750338710384,-0.20050222403044626,False,False
SP500,S&P 500 cash index monthly average,True,FIRST_CUT,T04_1987,B02,1987,1987-11-04,0.3333333333333333,1,-0.1399472062006215,0.1399472062006215,-0.1399472062006215,True,True
SP500,S&P 500 cash index monthly average,True,FIRST_CUT,T04_1987,B02,1987,1987-11-04,0.3333333333333333,2,-0.10596500239172646,0.1399472062006215,-0.1399472062006215,False,False
SP500,S&P 500 cash index monthly average,True,FIRST_CUT,T04_1987,B02,1987,1987-11-04,0.3333333333333333,3,-0.07865423576299935,0.1399472062006215,-0.1399472062006215,False,False
SP500,S&P 500 cash index monthly average,True,FIRST_CUT,T04_1987,B02,1987,1987-11-04,0.3333333333333333,4,-0.051493748848321697,0.1399472062006215,-0.1399472062006215,False,False
SP500,S&P 500 cash index monthly average,True,FIRST_CUT,T04_1987,B02,1987,1987-11-04,0.3333333333333333,5,-0.06263683963294742,0.1399472062006215,-0.1399472062006215,False,False
SP500,S&P 500 cash index monthly average,True,FIRST_CUT,T04_1987,B02,1987,1987-11-04,0.3333333333333333,6,-0.08580785718413053,0.1399472062006215,-0.1399472062006215,False,False
SP500,S&P 500 cash index monthly average,True,FIRST_CUT,T04_1987,B02,1987,1987-11-04,0.3333333333333333,7,-0.03384217946963619,0.1399472062006215,-0.1399472062006215,False,False
SP500,S&P 500 cash index monthly average,True,FIRST_CUT,T04_1987,B02,1987,1987-11-04,0.3333333333333333,8,-0.03967172802158292,0.1399472062006215,-0.1399472062006215,False,False
SP500,S&P 500 cash index monthly average,True,FIRST_CUT,T04_1987,B02,1987,1987-11-04,0.3333333333333333,9,-0.058671233778916476,0.1399472062006215,-0.1399472062006215,False,False
SP500,S&P 500 cash index monthly average,True,FIRST_CUT,T04_1987,B02,1987,1987-11-04,0.3333333333333333,10,-0.043524815542023365,0.1399472062006215,-0.1399472062006215,False,False
SP500,S&P 500 cash index monthly average,True,FIRST_CUT,T04_1987,B02,1987,1987-11-04,0.3333333333333333,11,-0.009881266337988137,0.1399472062006215,-0.1399472062006215,False,False
SP500,S&P 500 cash index monthly average,True,FIRST_CUT,T04_1987,B02,1987,1987-11-04,0.3333333333333333,12,-0.03262303867955718,0.1399472062006215,-0.1399472062006215,False,False
SP500,S&P 500 cash index monthly average,True,FIRST_CUT,T05_1988,B02,1988,1989-06-06,0.3333333333333333,1,0.05732648002903584,0.0,0.0,False,True
SP500,S&P 500 cash index monthly average,True,FIRST_CUT,T05_1988,B02,1988,1989-06-06,0.3333333333333333,2,0.10409271810103737,0.0,0.0,False,False
SP500,S&P 500 cash index monthly average,True,FIRST_CUT,T05_1988,B02,1988,1989-06-06,0.3333333333333333,3,0.10639155790304233,0.0,0.0,False,False
SP500,S&P 500 cash index monthly average,True,FIRST_CUT,T05_1988,B02,1988,1989-06-06,0.3333333333333333,4,0.10660743705027609,0.0,0.0,False,False
SP500,S&P 500 cash index monthly average,True,FIRST_CUT,T05_1988,B02,1988,1989-06-06,0.3333333333333333,5,0.08374174314078453,0.020662877497408916,0.0,False,True
SP500,S&P 500 cash index monthly average,True,FIRST_CUT,T05_1988,B02,1988,1989-06-06,0.3333333333333333,6,0.11034944272078562,0.020662877497408916,0.0,False,False
SP500,S&P 500 cash index monthly average,True,FIRST_CUT,T05_1988,B02,1988,1989-06-06,0.3333333333333333,7,0.08295422171945854,0.024672612015005035,0.0,False,True
SP500,S&P 500 cash index monthly average,True,FIRST_CUT,T05_1988,B02,1988,1989-06-06,0.3333333333333333,8,0.05263159150578045,0.051981699629239375,0.0,False,True
SP500,S&P 500 cash index monthly average,True,FIRST_CUT,T05_1988,B02,1988,1989-06-06,0.3333333333333333,9,0.0781543685475734,0.051981699629239375,0.0,False,False
SP500,S&P 500 cash index monthly average,True,FIRST_CUT,T05_1988,B02,1988,1989-06-06,0.3333333333333333,10,0.07724014516120437,0.051981699629239375,0.0,False,False
SP500,S&P 500 cash index monthly average,True,FIRST_CUT,T05_1988,B02,1988,1989-06-06,0.3333333333333333,11,0.1156945873937012,0.051981699629239375,0.0,False,False
SP500,S&P 500 cash index monthly average,True,FIRST_CUT,T05_1988,B02,1988,1989-06-06,0.3333333333333333,12,0.1479841585067856,0.051981699629239375,0.0,False,False
SP500,S&P 500 cash index monthly average,True,FIRST_CUT,T06_1994,B03,1994,1995-07-06,1.0,1,0.036628844547408335,0.0,0.0,False,True
SP500,S&P 500 cash index monthly average,True,FIRST_CUT,T06_1994,B03,1994,1995-07-06,1.0,2,0.07307149524856849,0.0,0.0,False,False
SP500,S&P 500 cash index monthly average,True,FIRST_CUT,T06_1994,B03,1994,1995-07-06,1.0,3,0.080770868849396,0.0,0.0,False,False
SP500,S&P 500 cash index monthly average,True,FIRST_CUT,T06_1994,B03,1994,1995-07-06,1.0,4,0.10415847004924705,0.0,0.0,False,False
SP500,S&P 500 cash index monthly average,True,FIRST_CUT,T06_1994,B03,1994,1995-07-06,1.0,5,0.13945739350957642,0.0,0.0,False,False
SP500,S&P 500 cash index monthly average,True,FIRST_CUT,T06_1994,B03,1994,1995-07-06,1.0,6,0.1391774400520478,0.0002456901496479258,0.0,False,True
SP500,S&P 500 cash index monthly average,True,FIRST_CUT,T06_1994,B03,1994,1995-07-06,1.0,7,0.20429607048077436,0.0002456901496479258,0.0,False,False
SP500,S&P 500 cash index monthly average,True,FIRST_CUT,T06_1994,B03,1994,1995-07-06,1.0,8,0.19972162649495928,0.0037984380236238957,0.0,False,True
SP500,S&P 500 cash index monthly average,True,FIRST_CUT,T06_1994,B03,1994,1995-07-06,1.0,9,0.19990350167618476,0.0037984380236238957,0.0,False,False
SP500,S&P 500 cash index monthly average,True,FIRST_CUT,T06_1994,B03,1994,1995-07-06,1.0,10,0.22596727094581848,0.0037984380236238957,0.0,False,False
SP500,S&P 500 cash index monthly average,True,FIRST_CUT,T06_1994,B03,1994,1995-07-06,1.0,11,0.23944364621078096,0.0037984380236238957,0.0,False,False
SP500,S&P 500 cash index monthly average,True,FIRST_CUT,T06_1994,B03,1994,1995-07-06,1.0,12,0.19415143532812285,0.03654237207244171,0.0,False,True
SP500,S&P 500 cash index monthly average,True,FIRST_CUT,T07_1999,B04,1999,2001-01-03,1.0,1,-0.018917544343285075,0.018917544343285075,-0.018917544343285075,True,True
SP500,S&P 500 cash index monthly average,True,FIRST_CUT,T07_1999,B04,1999,2001-01-03,1.0,2,-0.10900614164722044,0.10900614164722044,-0.10900614164722044,True,True
SP500,S&P 500 cash index monthly average,True,FIRST_CUT,T07_1999,B04,1999,2001-01-03,1.0,3,-0.10601049789674599,0.10900614164722044,-0.10900614164722044,False,False
SP500,S&P 500 cash index monthly average,True,FIRST_CUT,T07_1999,B04,1999,2001-01-03,1.0,4,-0.045502682652222126,0.10900614164722044,-0.10900614164722044,False,False
SP500,S&P 500 cash index monthly average,True,FIRST_CUT,T07_1999,B04,1999,2001-01-03,1.0,5,-0.06928919356890317,0.10900614164722044,-0.10900614164722044,False,False
SP500,S&P 500 cash index monthly average,True,FIRST_CUT,T07_1999,B04,1999,2001-01-03,1.0,6,-0.09503131265335796,0.10900614164722044,-0.10900614164722044,False,False
SP500,S&P 500 cash index monthly average,True,FIRST_CUT,T07_1999,B04,1999,2001-01-03,1.0,7,-0.11452565369324119,0.11452565369324119,-0.11452565369324119,True,True
SP500,S&P 500 cash index monthly average,True,FIRST_CUT,T07_1999,B04,1999,2001-01-03,1.0,8,-0.21510193028105273,0.21510193028105273,-0.21510193028105273,True,True
SP500,S&P 500 cash index monthly average,True,FIRST_CUT,T07_1999,B04,1999,2001-01-03,1.0,9,-0.19109882261851785,0.21510193028105273,-0.21510193028105273,False,False
SP500,S&P 500 cash index monthly average,True,FIRST_CUT,T07_1999,B04,1999,2001-01-03,1.0,10,-0.15120723252333612,0.21510193028105273,-0.21510193028105273,False,False
SP500,S&P 500 cash index monthly average,True,FIRST_CUT,T07_1999,B04,1999,2001-01-03,1.0,11,-0.13975157026989082,0.21510193028105273,-0.21510193028105273,False,False
SP500,S&P 500 cash index monthly average,True,FIRST_CUT,T07_1999,B04,1999,2001-01-03,1.0,12,-0.14329975732972056,0.21510193028105273,-0.21510193028105273,False,False
SP500,S&P 500 cash index monthly average,True,FIRST_CUT,T08_2004,B05,2004,2007-09-18,1.0,1,0.05846331680792516,0.0,0.0,False,True
SP500,S&P 500 cash index monthly average,True,FIRST_CUT,T08_2004,B05,2004,2007-09-18,1.0,2,0.006027894237101927,0.04953919681312724,0.0,False,True
SP500,S&P 500 cash index monthly average,True,FIRST_CUT,T08_2004,B05,2004,2007-09-18,1.0,3,0.016916164146552504,0.04953919681312724,0.0,False,False
SP500,S&P 500 cash index monthly average,True,FIRST_CUT,T08_2004,B05,2004,2007-09-18,1.0,4,-0.05214647968080599,0.10450035889982856,-0.05214647968080599,True,True
SP500,S&P 500 cash index monthly average,True,FIRST_CUT,T08_2004,B05,2004,2007-09-18,1.0,5,-0.06857093812877502,0.12001762642072977,-0.06857093812877502,True,True
SP500,S&P 500 cash index monthly average,True,FIRST_CUT,T08_2004,B05,2004,2007-09-18,1.0,6,-0.09464619894540627,0.1446526424884269,-0.09464619894540627,True,True
SP500,S&P 500 cash index monthly average,True,FIRST_CUT,T08_2004,B05,2004,2007-09-18,1.0,7,-0.057848813550760214,0.1446526424884269,-0.09464619894540627,False,False
SP500,S&P 500 cash index monthly average,True,FIRST_CUT,T08_2004,B05,2004,2007-09-18,1.0,8,-0.03533531110280719,0.1446526424884269,-0.09464619894540627,False,False
SP500,S&P 500 cash index monthly average,True,FIRST_CUT,T08_2004,B05,2004,2007-09-18,1.0,9,-0.07793528985171694,0.1446526424884269,-0.09464619894540627,False,False
SP500,S&P 500 cash index monthly average,True,FIRST_CUT,T08_2004,B05,2004,2007-09-18,1.0,10,-0.13563061529356712,0.1833733196222932,-0.13563061529356712,True,True
SP500,S&P 500 cash index monthly average,True,FIRST_CUT,T08_2004,B05,2004,2007-09-18,1.0,11,-0.11903105664373936,0.1833733196222932,-0.13563061529356712,False,False
SP500,S&P 500 cash index monthly average,True,FIRST_CUT,T08_2004,B05,2004,2007-09-18,1.0,12,-0.16333791624850547,0.20955023148589658,-0.16333791624850547,True,True
SP500,S&P 500 cash index monthly average,True,FIRST_CUT,T09_2015,B06,2015,2019-07-31,1.0,1,0.002520433635797792,0.0,0.0,False,True
SP500,S&P 500 cash index monthly average,True,FIRST_CUT,T09_2015,B06,2015,2019-07-31,1.0,2,0.031828631131826324,0.0,0.0,False,False
SP500,S&P 500 cash index monthly average,True,FIRST_CUT,T09_2015,B06,2015,2019-07-31,1.0,3,0.0302782674307569,0.001502539912435541,0.0,False,True
SP500,S&P 500 cash index monthly average,True,FIRST_CUT,T09_2015,B06,2015,2019-07-31,1.0,4,0.07429971660575818,0.001502539912435541,0.0,False,False
SP500,S&P 500 cash index monthly average,True,FIRST_CUT,T09_2015,B06,2015,2019-07-31,1.0,5,0.09915815728120037,0.001502539912435541,0.0,False,False
SP500,S&P 500 cash index monthly average,True,FIRST_CUT,T09_2015,B06,2015,2019-07-31,1.0,6,0.13426110521781087,0.001502539912435541,0.0,False,False
SP500,S&P 500 cash index monthly average,True,FIRST_CUT,T09_2015,B06,2015,2019-07-31,1.0,7,0.1339536231115992,0.001502539912435541,0.0,False,False
SP500,S&P 500 cash index monthly average,True,FIRST_CUT,T09_2015,B06,2015,2019-07-31,1.0,8,-0.08226944347232479,0.19090009142873288,-0.08226944347232479,True,True
SP500,S&P 500 cash index monthly average,True,FIRST_CUT,T09_2015,B06,2015,2019-07-31,1.0,9,-0.044354114744874384,0.19090009142873288,-0.08226944347232479,False,False
SP500,S&P 500 cash index monthly average,True,FIRST_CUT,T09_2015,B06,2015,2019-07-31,1.0,10,0.010187132883267669,0.19090009142873288,-0.08226944347232479,False,False
SP500,S&P 500 cash index monthly average,True,FIRST_CUT,T09_2015,B06,2015,2019-07-31,1.0,11,0.07421544493133192,0.19090009142873288,-0.08226944347232479,False,False
SP500,S&P 500 cash index monthly average,True,FIRST_CUT,T09_2015,B06,2015,2019-07-31,1.0,12,0.10983906098752816,0.19090009142873288,-0.08226944347232479,False,False
SP500,S&P 500 cash index monthly average,True,FIRST_CUT,T10_2022,B07,2022,2024-09-18,1.0,1,0.057337106164825125,0.0,0.0,False,True
SP500,S&P 500 cash index monthly average,True,FIRST_CUT,T10_2022,B07,2022,2024-09-18,1.0,2,0.08245412942720587,0.0,0.0,False,False
SP500,S&P 500 cash index monthly average,True,FIRST_CUT,T10_2022,B07,2022,2024-09-18,1.0,3,0.09723861067412454,0.0,0.0,False,False
SP500,S&P 500 cash index monthly average,True,FIRST_CUT,T10_2022,B07,2022,2024-09-18,1.0,4,0.09150808951436629,0.005222675454555348,0.0,False,True
SP500,S&P 500 cash index monthly average,True,FIRST_CUT,T10_2022,B07,2022,2024-09-18,1.0,5,0.10230986423956123,0.005222675454555348,0.0,False,False
SP500,S&P 500 cash index monthly average,True,FIRST_CUT,T10_2022,B07,2022,2024-09-18,1.0,6,0.0375612841760673,0.05873900085994532,0.0,False,True
SP500,S&P 500 cash index monthly average,True,FIRST_CUT,T10_2022,B07,2022,2024-09-18,1.0,7,-0.019845673102474204,0.11081778482160776,-0.019845673102474204,True,True
SP500,S&P 500 cash index monthly average,True,FIRST_CUT,T10_2022,B07,2022,2024-09-18,1.0,8,0.060732360512785855,0.11081778482160776,-0.019845673102474204,False,False
SP500,S&P 500 cash index monthly average,True,FIRST_CUT,T10_2022,B07,2022,2024-09-18,1.0,9,0.1007147362448646,0.11081778482160776,-0.019845673102474204,False,False
SP500,S&P 500 cash index monthly average,True,FIRST_CUT,T10_2022,B07,2022,2024-09-18,1.0,10,0.1493704912548346,0.11081778482160776,-0.019845673102474204,False,False
SP500,S&P 500 cash index monthly average,True,FIRST_CUT,T10_2022,B07,2022,2024-09-18,1.0,11,0.16989748830554574,0.11081778482160776,-0.019845673102474204,False,False
SP500,S&P 500 cash index monthly average,True,FIRST_CUT,T10_2022,B07,2022,2024-09-18,1.0,12,0.20185472777972224,0.11081778482160776,-0.019845673102474204,False,False
NASDAQ,Nasdaq Composite monthly average,True,FIRST_CUT,T01_1983,B01,1983,1983-08-17,0.5,1,-0.0497446961979664,0.0497446961979664,-0.0497446961979664,True,True
NASDAQ,Nasdaq Composite monthly average,True,FIRST_CUT,T01_1983,B01,1983,1983-08-17,0.5,2,-0.0929190141449785,0.0929190141449785,-0.0929190141449785,True,True
NASDAQ,Nasdaq Composite monthly average,True,FIRST_CUT,T01_1983,B01,1983,1983-08-17,0.5,3,-0.11840570631942815,0.11840570631942815,-0.11840570631942815,True,True
NASDAQ,Nasdaq Composite monthly average,True,FIRST_CUT,T01_1983,B01,1983,1983-08-17,0.5,4,-0.11844035544580322,0.11844035544580322,-0.11844035544580322,True,True
NASDAQ,Nasdaq Composite monthly average,True,FIRST_CUT,T01_1983,B01,1983,1983-08-17,0.5,5,-0.107846761677584,0.11844035544580322,-0.11844035544580322,False,False
NASDAQ,Nasdaq Composite monthly average,True,FIRST_CUT,T01_1983,B01,1983,1983-08-17,0.5,6,-0.19521882731086326,0.19521882731086326,-0.19521882731086326,True,True
NASDAQ,Nasdaq Composite monthly average,True,FIRST_CUT,T01_1983,B01,1983,1983-08-17,0.5,7,-0.20514150853859925,0.20514150853859925,-0.20514150853859925,True,True
NASDAQ,Nasdaq Composite monthly average,True,FIRST_CUT,T01_1983,B01,1983,1983-08-17,0.5,8,-0.2242592393401962,0.2242592393401962,-0.2242592393401962,True,True
NASDAQ,Nasdaq Composite monthly average,True,FIRST_CUT,T01_1983,B01,1983,1983-08-17,0.5,9,-0.2241447739653969,0.2242592393401962,-0.2242592393401962,False,False
NASDAQ,Nasdaq Composite monthly average,True,FIRST_CUT,T01_1983,B01,1983,1983-08-17,0.5,10,-0.245426390642687,0.245426390642687,-0.245426390642687,True,True
NASDAQ,Nasdaq Composite monthly average,True,FIRST_CUT,T01_1983,B01,1983,1983-08-17,0.5,11,-0.2647636161274509,0.2647636161274509,-0.2647636161274509,True,True
NASDAQ,Nasdaq Composite monthly average,True,FIRST_CUT,T01_1983,B01,1983,1983-08-17,0.5,12,-0.20800114220288357,0.2647636161274509,-0.2647636161274509,False,False
NASDAQ,Nasdaq Composite monthly average,True,FIRST_CUT,T02_1984,B01,1984,1984-09-20,0.5,1,-0.012751043772447068,0.012751043772447068,-0.012751043772447068,True,True
NASDAQ,Nasdaq Composite monthly average,True,FIRST_CUT,T02_1984,B01,1984,1984-09-20,0.5,2,-0.01577013552088069,0.01577013552088069,-0.01577013552088069,True,True
NASDAQ,Nasdaq Composite monthly average,True,FIRST_CUT,T02_1984,B01,1984,1984-09-20,0.5,3,-0.03368970954991013,0.03368970954991013,-0.03368970954991013,True,True
NASDAQ,Nasdaq Composite monthly average,True,FIRST_CUT,T02_1984,B01,1984,1984-09-20,0.5,4,0.04175239778734774,0.03368970954991013,-0.03368970954991013,False,False
NASDAQ,Nasdaq Composite monthly average,True,FIRST_CUT,T02_1984,B01,1984,1984-09-20,0.5,5,0.14050535441828615,0.03368970954991013,-0.03368970954991013,False,False
NASDAQ,Nasdaq Composite monthly average,True,FIRST_CUT,T02_1984,B01,1984,1984-09-20,0.5,6,0.12163393516685295,0.03368970954991013,-0.03368970954991013,False,False
NASDAQ,Nasdaq Composite monthly average,True,FIRST_CUT,T02_1984,B01,1984,1984-09-20,0.5,7,0.12202577367844225,0.03368970954991013,-0.03368970954991013,False,False
NASDAQ,Nasdaq Composite monthly average,True,FIRST_CUT,T02_1984,B01,1984,1984-09-20,0.5,8,0.14825223769276863,0.03368970954991013,-0.03368970954991013,False,False
NASDAQ,Nasdaq Composite monthly average,True,FIRST_CUT,T02_1984,B01,1984,1984-09-20,0.5,9,0.16014395723485397,0.03368970954991013,-0.03368970954991013,False,False
NASDAQ,Nasdaq Composite monthly average,True,FIRST_CUT,T02_1984,B01,1984,1984-09-20,0.5,10,0.20650069248010183,0.03368970954991013,-0.03368970954991013,False,False
NASDAQ,Nasdaq Composite monthly average,True,FIRST_CUT,T02_1984,B01,1984,1984-09-20,0.5,11,0.19133986216077803,0.03368970954991013,-0.03368970954991013,False,False
NASDAQ,Nasdaq Composite monthly average,True,FIRST_CUT,T02_1984,B01,1984,1984-09-20,0.5,12,0.1501404371650632,0.0467138192844162,-0.03368970954991013,False,True
NASDAQ,Nasdaq Composite monthly average,True,FIRST_CUT,T03_1987,B02,1987,1987-07-02,0.3333333333333333,1,0.05827021758795303,0.0,0.0,False,True
NASDAQ,Nasdaq Composite monthly average,True,FIRST_CUT,T03_1987,B02,1987,1987-07-02,0.3333333333333333,2,0.045085784232964166,0.01245847528907984,0.0,False,True
NASDAQ,Nasdaq Composite monthly average,True,FIRST_CUT,T03_1987,B02,1987,1987-07-02,0.3333333333333333,3,-0.0912028459519102,0.141242814033402,-0.0912028459519102,True,True
NASDAQ,Nasdaq Composite monthly average,True,FIRST_CUT,T03_1987,B02,1987,1987-07-02,0.3333333333333333,4,-0.24768449928175318,0.289108312588678,-0.24768449928175318,True,True
NASDAQ,Nasdaq Composite monthly average,True,FIRST_CUT,T03_1987,B02,1987,1987-07-02,0.3333333333333333,5,-0.25763224267833595,0.2985083157554079,-0.25763224267833595,True,True
NASDAQ,Nasdaq Composite monthly average,True,FIRST_CUT,T03_1987,B02,1987,1987-07-02,0.3333333333333333,6,-0.19923937729782615,0.2985083157554079,-0.25763224267833595,False,False
NASDAQ,Nasdaq Composite monthly average,True,FIRST_CUT,T03_1987,B02,1987,1987-07-02,0.3333333333333333,7,-0.16549111659198124,0.2985083157554079,-0.25763224267833595,False,False
NASDAQ,Nasdaq Composite monthly average,True,FIRST_CUT,T03_1987,B02,1987,1987-07-02,0.3333333333333333,8,-0.11364958825296667,0.2985083157554079,-0.25763224267833595,False,False
NASDAQ,Nasdaq Composite monthly average,True,FIRST_CUT,T03_1987,B02,1987,1987-07-02,0.3333333333333333,9,-0.10965508066999163,0.2985083157554079,-0.25763224267833595,False,False
NASDAQ,Nasdaq Composite monthly average,True,FIRST_CUT,T03_1987,B02,1987,1987-07-02,0.3333333333333333,10,-0.12229279442686136,0.2985083157554079,-0.25763224267833595,False,False
NASDAQ,Nasdaq Composite monthly average,True,FIRST_CUT,T03_1987,B02,1987,1987-07-02,0.3333333333333333,11,-0.08901216674480295,0.2985083157554079,-0.25763224267833595,False,False
NASDAQ,Nasdaq Composite monthly average,True,FIRST_CUT,T03_1987,B02,1987,1987-07-02,0.3333333333333333,12,-0.07622072434024829,0.2985083157554079,-0.25763224267833595,False,False
NASDAQ,Nasdaq Composite monthly average,True,FIRST_CUT,T04_1987,B02,1987,1987-11-04,0.3333333333333333,1,-0.1831315117846628,0.1831315117846628,-0.1831315117846628,True,True
NASDAQ,Nasdaq Composite monthly average,True,FIRST_CUT,T04_1987,B02,1987,1987-11-04,0.3333333333333333,2,-0.11887859778684906,0.1831315117846628,-0.1831315117846628,False,False
NASDAQ,Nasdaq Composite monthly average,True,FIRST_CUT,T04_1987,B02,1987,1987-11-04,0.3333333333333333,3,-0.08174351152968073,0.1831315117846628,-0.1831315117846628,False,False
NASDAQ,Nasdaq Composite monthly average,True,FIRST_CUT,T04_1987,B02,1987,1987-11-04,0.3333333333333333,4,-0.024699397661041456,0.1831315117846628,-0.1831315117846628,False,False
NASDAQ,Nasdaq Composite monthly average,True,FIRST_CUT,T04_1987,B02,1987,1987-11-04,0.3333333333333333,5,-0.020304019038669963,0.1831315117846628,-0.1831315117846628,False,False
NASDAQ,Nasdaq Composite monthly average,True,FIRST_CUT,T04_1987,B02,1987,1987-11-04,0.3333333333333333,6,-0.03420999761769283,0.1831315117846628,-0.1831315117846628,False,False
NASDAQ,Nasdaq Composite monthly average,True,FIRST_CUT,T04_1987,B02,1987,1987-11-04,0.3333333333333333,7,0.0024105260424167607,0.1831315117846628,-0.1831315117846628,False,False
NASDAQ,Nasdaq Composite monthly average,True,FIRST_CUT,T04_1987,B02,1987,1987-11-04,0.3333333333333333,8,0.01648566079341962,0.1831315117846628,-0.1831315117846628,False,False
NASDAQ,Nasdaq Composite monthly average,True,FIRST_CUT,T04_1987,B02,1987,1987-11-04,0.3333333333333333,9,-0.01414637886801251,0.1831315117846628,-0.1831315117846628,False,False
NASDAQ,Nasdaq Composite monthly average,True,FIRST_CUT,T04_1987,B02,1987,1987-11-04,0.3333333333333333,10,-0.007523548470618535,0.1831315117846628,-0.1831315117846628,False,False
NASDAQ,Nasdaq Composite monthly average,True,FIRST_CUT,T04_1987,B02,1987,1987-11-04,0.3333333333333333,11,-0.00011703547456543006,0.1831315117846628,-0.1831315117846628,False,False
NASDAQ,Nasdaq Composite monthly average,True,FIRST_CUT,T04_1987,B02,1987,1987-11-04,0.3333333333333333,12,-0.031585749733634594,0.1831315117846628,-0.1831315117846628,False,False
NASDAQ,Nasdaq Composite monthly average,True,FIRST_CUT,T05_1988,B02,1988,1989-06-06,0.3333333333333333,1,0.024549278814827158,0.0,0.0,False,True
NASDAQ,Nasdaq Composite monthly average,True,FIRST_CUT,T05_1988,B02,1988,1989-06-06,0.3333333333333333,2,0.059254697885501084,0.0,0.0,False,False
NASDAQ,Nasdaq Composite monthly average,True,FIRST_CUT,T05_1988,B02,1988,1989-06-06,0.3333333333333333,3,0.0763436667587587,0.0,0.0,False,False
NASDAQ,Nasdaq Composite monthly average,True,FIRST_CUT,T05_1988,B02,1988,1989-06-06,0.3333333333333333,4,0.07726663782273491,0.0,0.0,False,False
NASDAQ,Nasdaq Composite monthly average,True,FIRST_CUT,T05_1988,B02,1988,1989-06-06,0.3333333333333333,5,0.04289966407493262,0.031902012501994426,0.0,False,True
NASDAQ,Nasdaq Composite monthly average,True,FIRST_CUT,T05_1988,B02,1988,1989-06-06,0.3333333333333333,6,0.029865875717405954,0.04400095616172672,0.0,False,True
NASDAQ,Nasdaq Composite monthly average,True,FIRST_CUT,T05_1988,B02,1988,1989-06-06,0.3333333333333333,7,0.007700287223006974,0.06457672423637717,0.0,False,True
NASDAQ,Nasdaq Composite monthly average,True,FIRST_CUT,T05_1988,B02,1988,1989-06-06,0.3333333333333333,8,-0.026305391391759914,0.0961433553941895,-0.026305391391759914,True,True
NASDAQ,Nasdaq Composite monthly average,True,FIRST_CUT,T05_1988,B02,1988,1989-06-06,0.3333333333333333,9,0.0002231060744277702,0.0961433553941895,-0.026305391391759914,False,False
NASDAQ,Nasdaq Composite monthly average,True,FIRST_CUT,T05_1988,B02,1988,1989-06-06,0.3333333333333333,10,-0.016055713965501872,0.0961433553941895,-0.026305391391759914,False,False
NASDAQ,Nasdaq Composite monthly average,True,FIRST_CUT,T05_1988,B02,1988,1989-06-06,0.3333333333333333,11,0.01514931947434528,0.0961433553941895,-0.026305391391759914,False,False
NASDAQ,Nasdaq Composite monthly average,True,FIRST_CUT,T05_1988,B02,1988,1989-06-06,0.3333333333333333,12,0.060351881073639646,0.0961433553941895,-0.026305391391759914,False,False
NASDAQ,Nasdaq Composite monthly average,True,FIRST_CUT,T06_1994,B03,1994,1995-07-06,1.0,1,0.11428982374979713,0.0,0.0,False,True
NASDAQ,Nasdaq Composite monthly average,True,FIRST_CUT,T06_1994,B03,1994,1995-07-06,1.0,2,0.15999875581830536,0.0,0.0,False,False
NASDAQ,Nasdaq Composite monthly average,True,FIRST_CUT,T06_1994,B03,1994,1995-07-06,1.0,3,0.12814268757293257,0.027462157252832853,0.0,False,True
NASDAQ,Nasdaq Composite monthly average,True,FIRST_CUT,T06_1994,B03,1994,1995-07-06,1.0,4,0.15518290307055338,0.027462157252832853,0.0,False,False
NASDAQ,Nasdaq Composite monthly average,True,FIRST_CUT,T06_1994,B03,1994,1995-07-06,1.0,5,0.1556225473817503,0.027462157252832853,0.0,False,False
NASDAQ,Nasdaq Composite monthly average,True,FIRST_CUT,T06_1994,B03,1994,1995-07-06,1.0,6,0.1312421047139436,0.027462157252832853,0.0,False,False
NASDAQ,Nasdaq Composite monthly average,True,FIRST_CUT,T06_1994,B03,1994,1995-07-06,1.0,7,0.20747647844405037,0.027462157252832853,0.0,False,False
NASDAQ,Nasdaq Composite monthly average,True,FIRST_CUT,T06_1994,B03,1994,1995-07-06,1.0,8,0.2059651058636649,0.027462157252832853,0.0,False,False
NASDAQ,Nasdaq Composite monthly average,True,FIRST_CUT,T06_1994,B03,1994,1995-07-06,1.0,9,0.25340359424215264,0.027462157252832853,0.0,False,False
NASDAQ,Nasdaq Composite monthly average,True,FIRST_CUT,T06_1994,B03,1994,1995-07-06,1.0,10,0.34712217763904496,0.027462157252832853,0.0,False,False
NASDAQ,Nasdaq Composite monthly average,True,FIRST_CUT,T06_1994,B03,1994,1995-07-06,1.0,11,0.3300533593407444,0.027462157252832853,0.0,False,False
NASDAQ,Nasdaq Composite monthly average,True,FIRST_CUT,T06_1994,B03,1994,1995-07-06,1.0,12,0.22027534543601046,0.09416134208802451,0.0,False,True
NASDAQ,Nasdaq Composite monthly average,True,FIRST_CUT,T07_1999,B04,1999,2001-01-03,1.0,1,-0.07834955176994174,0.07834955176994174,-0.07834955176994174,True,True
NASDAQ,Nasdaq Composite monthly average,True,FIRST_CUT,T07_1999,B04,1999,2001-01-03,1.0,2,-0.25251803156617547,0.25251803156617547,-0.25251803156617547,True,True
NASDAQ,Nasdaq Composite monthly average,True,FIRST_CUT,T07_1999,B04,1999,2001-01-03,1.0,3,-0.2723596422991508,0.2723596422991508,-0.2723596422991508,True,True
NASDAQ,Nasdaq Composite monthly average,True,FIRST_CUT,T07_1999,B04,1999,2001-01-03,1.0,4,-0.17935040955237114,0.2723596422991508,-0.2723596422991508,False,False
NASDAQ,Nasdaq Composite monthly average,True,FIRST_CUT,T07_1999,B04,1999,2001-01-03,1.0,5,-0.2053401696161753,0.2723596422991508,-0.2723596422991508,False,False
NASDAQ,Nasdaq Composite monthly average,True,FIRST_CUT,T07_1999,B04,1999,2001-01-03,1.0,6,-0.23471561750481496,0.2723596422991508,-0.2723596422991508,False,False
NASDAQ,Nasdaq Composite monthly average,True,FIRST_CUT,T07_1999,B04,1999,2001-01-03,1.0,7,-0.27394568316341494,0.27394568316341494,-0.27394568316341494,True,True
NASDAQ,Nasdaq Composite monthly average,True,FIRST_CUT,T07_1999,B04,1999,2001-01-03,1.0,8,-0.40804215504697006,0.40804215504697006,-0.40804215504697006,True,True
NASDAQ,Nasdaq Composite monthly average,True,FIRST_CUT,T07_1999,B04,1999,2001-01-03,1.0,9,-0.37676891164256054,0.40804215504697006,-0.40804215504697006,False,False
NASDAQ,Nasdaq Composite monthly average,True,FIRST_CUT,T07_1999,B04,1999,2001-01-03,1.0,10,-0.29638907973870154,0.40804215504697006,-0.40804215504697006,False,False
NASDAQ,Nasdaq Composite monthly average,True,FIRST_CUT,T07_1999,B04,1999,2001-01-03,1.0,11,-0.25588647785815943,0.40804215504697006,-0.40804215504697006,False,False
NASDAQ,Nasdaq Composite monthly average,True,FIRST_CUT,T07_1999,B04,1999,2001-01-03,1.0,12,-0.25624087845768684,0.40804215504697006,-0.40804215504697006,False,False
NASDAQ,Nasdaq Composite monthly average,True,FIRST_CUT,T08_2004,B05,2004,2007-09-18,1.0,1,0.09486791898503744,0.0,0.0,False,True
NASDAQ,Nasdaq Composite monthly average,True,FIRST_CUT,T08_2004,B05,2004,2007-09-18,1.0,2,0.048554340867082546,0.04230060751153297,0.0,False,True
NASDAQ,Nasdaq Composite monthly average,True,FIRST_CUT,T08_2004,B05,2004,2007-09-18,1.0,3,0.04806058950011871,0.04275157639864913,0.0,False,True
NASDAQ,Nasdaq Composite monthly average,True,FIRST_CUT,T08_2004,B05,2004,2007-09-18,1.0,4,-0.047806634567766904,0.13031211443757185,-0.047806634567766904,True,True
NASDAQ,Nasdaq Composite monthly average,True,FIRST_CUT,T08_2004,B05,2004,2007-09-18,1.0,5,-0.08413991155734779,0.1634971921620727,-0.08413991155734779,True,True
NASDAQ,Nasdaq Composite monthly average,True,FIRST_CUT,T08_2004,B05,2004,2007-09-18,1.0,6,-0.11210113875607419,0.18903563996374628,-0.11210113875607419,True,True
NASDAQ,Nasdaq Composite monthly average,True,FIRST_CUT,T08_2004,B05,2004,2007-09-18,1.0,7,-0.0674933011350144,0.18903563996374628,-0.11210113875607419,False,False
NASDAQ,Nasdaq Composite monthly average,True,FIRST_CUT,T08_2004,B05,2004,2007-09-18,1.0,8,-0.022153090043928403,0.18903563996374628,-0.11210113875607419,False,False
NASDAQ,Nasdaq Composite monthly average,True,FIRST_CUT,T08_2004,B05,2004,2007-09-18,1.0,9,-0.044120680246742094,0.18903563996374628,-0.11210113875607419,False,False
NASDAQ,Nasdaq Composite monthly average,True,FIRST_CUT,T08_2004,B05,2004,2007-09-18,1.0,10,-0.10291851040221944,0.18903563996374628,-0.11210113875607419,False,False
NASDAQ,Nasdaq Composite monthly average,True,FIRST_CUT,T08_2004,B05,2004,2007-09-18,1.0,11,-0.0591579562739053,0.18903563996374628,-0.11210113875607419,False,False
NASDAQ,Nasdaq Composite monthly average,True,FIRST_CUT,T08_2004,B05,2004,2007-09-18,1.0,12,-0.13145925256257895,0.20671641539869567,-0.13145925256257895,True,True
NASDAQ,Nasdaq Composite monthly average,True,FIRST_CUT,T09_2015,B06,2015,2019-07-31,1.0,1,0.010922577425577451,0.0,0.0,False,True
NASDAQ,Nasdaq Composite monthly average,True,FIRST_CUT,T09_2015,B06,2015,2019-07-31,1.0,2,0.03351119723456475,0.0,0.0,False,False
NASDAQ,Nasdaq Composite monthly average,True,FIRST_CUT,T09_2015,B06,2015,2019-07-31,1.0,3,0.032434508064444145,0.0010417779439656494,0.0,False,True
NASDAQ,Nasdaq Composite monthly average,True,FIRST_CUT,T09_2015,B06,2015,2019-07-31,1.0,4,0.08844446057413369,0.0010417779439656494,0.0,False,False
NASDAQ,Nasdaq Composite monthly average,True,FIRST_CUT,T09_2015,B06,2015,2019-07-31,1.0,5,0.12179891666053422,0.0010417779439656494,0.0,False,False
NASDAQ,Nasdaq Composite monthly average,True,FIRST_CUT,T09_2015,B06,2015,2019-07-31,1.0,6,0.17991283627062948,0.0010417779439656494,0.0,False,False
NASDAQ,Nasdaq Composite monthly average,True,FIRST_CUT,T09_2015,B06,2015,2019-07-31,1.0,7,0.20361616454299014,0.0010417779439656494,0.0,False,False
NASDAQ,Nasdaq Composite monthly average,True,FIRST_CUT,T09_2015,B06,2015,2019-07-31,1.0,8,-0.006805107650438291,0.1748242325021655,-0.006805107650438291,True,True
NASDAQ,Nasdaq Composite monthly average,True,FIRST_CUT,T09_2015,B06,2015,2019-07-31,1.0,9,0.05967038391705115,0.1748242325021655,-0.006805107650438291,False,False
NASDAQ,Nasdaq Composite monthly average,True,FIRST_CUT,T09_2015,B06,2015,2019-07-31,1.0,10,0.16359379047286549,0.1748242325021655,-0.006805107650438291,False,False
NASDAQ,Nasdaq Composite monthly average,True,FIRST_CUT,T09_2015,B06,2015,2019-07-31,1.0,11,0.2574303948177352,0.1748242325021655,-0.006805107650438291,False,False
NASDAQ,Nasdaq Composite monthly average,True,FIRST_CUT,T09_2015,B06,2015,2019-07-31,1.0,12,0.34175678733640136,0.1748242325021655,-0.006805107650438291,False,False
NASDAQ,Nasdaq Composite monthly average,True,FIRST_CUT,T10_2022,B07,2022,2024-09-18,1.0,1,0.06068049078201798,0.0,0.0,False,True
NASDAQ,Nasdaq Composite monthly average,True,FIRST_CUT,T10_2022,B07,2022,2024-09-18,1.0,2,0.09804870420367218,0.0,0.0,False,False
NASDAQ,Nasdaq Composite monthly average,True,FIRST_CUT,T10_2022,B07,2022,2024-09-18,1.0,3,0.1428223769907444,0.0,0.0,False,False
NASDAQ,Nasdaq Composite monthly average,True,FIRST_CUT,T10_2022,B07,2022,2024-09-18,1.0,4,0.13300553819274064,0.008589995257052396,0.0,False,True
NASDAQ,Nasdaq Composite monthly average,True,FIRST_CUT,T10_2022,B07,2022,2024-09-18,1.0,5,0.1319768915031112,0.009490088491434068,0.0,False,True
NASDAQ,Nasdaq Composite monthly average,True,FIRST_CUT,T10_2022,B07,2022,2024-09-18,1.0,6,0.03241538372490993,0.096609057968007,0.0,False,True
NASDAQ,Nasdaq Composite monthly average,True,FIRST_CUT,T10_2022,B07,2022,2024-09-18,1.0,7,-0.03415566001284498,0.1548604932549572,-0.03415566001284498,True,True
NASDAQ,Nasdaq Composite monthly average,True,FIRST_CUT,T10_2022,B07,2022,2024-09-18,1.0,8,0.07957366704273228,0.1548604932549572,-0.03415566001284498,False,False
NASDAQ,Nasdaq Composite monthly average,True,FIRST_CUT,T10_2022,B07,2022,2024-09-18,1.0,9,0.13927463802432594,0.1548604932549572,-0.03415566001284498,False,False
NASDAQ,Nasdaq Composite monthly average,True,FIRST_CUT,T10_2022,B07,2022,2024-09-18,1.0,10,0.20364675186813375,0.1548604932549572,-0.03415566001284498,False,False
NASDAQ,Nasdaq Composite monthly average,True,FIRST_CUT,T10_2022,B07,2022,2024-09-18,1.0,11,0.23831677147047436,0.1548604932549572,-0.03415566001284498,False,False
NASDAQ,Nasdaq Composite monthly average,True,FIRST_CUT,T10_2022,B07,2022,2024-09-18,1.0,12,0.28493415075285644,0.1548604932549572,-0.03415566001284498,False,False
WTI,WTI spot monthly average,True,FIRST_CUT,T03_1987,B02,1987,1987-07-02,0.3333333333333333,1,0.010570559044325911,0.0,0.0,False,True
WTI,WTI spot monthly average,True,FIRST_CUT,T03_1987,B02,1987,1987-07-02,0.3333333333333333,2,-0.028285692962161324,0.03844981595667385,-0.028285692962161324,True,True
WTI,WTI spot monthly average,True,FIRST_CUT,T03_1987,B02,1987,1987-07-02,0.3333333333333333,3,-0.012150871244833272,0.03844981595667385,-0.028285692962161324,False,False
WTI,WTI spot monthly average,True,FIRST_CUT,T03_1987,B02,1987,1987-07-02,0.3333333333333333,4,-0.061920043784362,0.07173235176892612,-0.061920043784362,True,True
WTI,WTI spot monthly average,True,FIRST_CUT,T03_1987,B02,1987,1987-07-02,0.3333333333333333,5,-0.14943901286165628,0.15833587320938747,-0.14943901286165628,True,True
WTI,WTI spot monthly average,True,FIRST_CUT,T03_1987,B02,1987,1987-07-02,0.3333333333333333,6,-0.14772246685075996,0.15833587320938747,-0.14943901286165628,False,False
WTI,WTI spot monthly average,True,FIRST_CUT,T03_1987,B02,1987,1987-07-02,0.3333333333333333,7,-0.16432996065804473,0.17307106182449072,-0.16432996065804473,True,True
WTI,WTI spot monthly average,True,FIRST_CUT,T03_1987,B02,1987,1987-07-02,0.3333333333333333,8,-0.19218304396302754,0.20063280212624934,-0.19218304396302754,True,True
WTI,WTI spot monthly average,True,FIRST_CUT,T03_1987,B02,1987,1987-07-02,0.3333333333333333,9,-0.11125208348881743,0.20063280212624934,-0.19218304396302754,False,False
WTI,WTI spot monthly average,True,FIRST_CUT,T03_1987,B02,1987,1987-07-02,0.3333333333333333,10,-0.13308772477367148,0.20063280212624934,-0.19218304396302754,False,False
WTI,WTI spot monthly average,True,FIRST_CUT,T03_1987,B02,1987,1987-07-02,0.3333333333333333,11,-0.17575938502873345,0.20063280212624934,-0.19218304396302754,False,False
WTI,WTI spot monthly average,True,FIRST_CUT,T03_1987,B02,1987,1987-07-02,0.3333333333333333,12,-0.2289225564096823,0.23698801960002824,-0.2289225564096823,True,True
WTI,WTI spot monthly average,True,FIRST_CUT,T04_1987,B02,1987,1987-11-04,0.3333333333333333,1,-0.13897683119873372,0.13897683119873372,-0.13897683119873372,True,True
WTI,WTI spot monthly average,True,FIRST_CUT,T04_1987,B02,1987,1987-11-04,0.3333333333333333,2,-0.13723917110375594,0.13897683119873372,-0.13897683119873372,False,False
WTI,WTI spot monthly average,True,FIRST_CUT,T04_1987,B02,1987,1987-11-04,0.3333333333333333,3,-0.15405094258166652,0.15405094258166652,-0.15405094258166652,True,True
WTI,WTI spot monthly average,True,FIRST_CUT,T04_1987,B02,1987,1987-11-04,0.3333333333333333,4,-0.1822466280301941,0.1822466280301941,-0.1822466280301941,True,True
WTI,WTI spot monthly average,True,FIRST_CUT,T04_1987,B02,1987,1987-11-04,0.3333333333333333,5,-0.10032018995538927,0.1822466280301941,-0.1822466280301941,False,False
WTI,WTI spot monthly average,True,FIRST_CUT,T04_1987,B02,1987,1987-11-04,0.3333333333333333,6,-0.12242441685527039,0.1822466280301941,-0.1822466280301941,False,False
WTI,WTI spot monthly average,True,FIRST_CUT,T04_1987,B02,1987,1987-11-04,0.3333333333333333,7,-0.16562095265505838,0.1822466280301941,-0.1822466280301941,False,False
WTI,WTI spot monthly average,True,FIRST_CUT,T04_1987,B02,1987,1987-11-04,0.3333333333333333,8,-0.2194380486400922,0.2194380486400922,-0.2194380486400922,True,True
WTI,WTI spot monthly average,True,FIRST_CUT,T04_1987,B02,1987,1987-11-04,0.3333333333333333,9,-0.21812960263284675,0.2194380486400922,-0.2194380486400922,False,False
WTI,WTI spot monthly average,True,FIRST_CUT,T04_1987,B02,1987,1987-11-04,0.3333333333333333,10,-0.2678933528696086,0.2678933528696086,-0.2678933528696086,True,True
WTI,WTI spot monthly average,True,FIRST_CUT,T04_1987,B02,1987,1987-11-04,0.3333333333333333,11,-0.3064229865208423,0.3064229865208423,-0.3064229865208423,True,True
WTI,WTI spot monthly average,True,FIRST_CUT,T04_1987,B02,1987,1987-11-04,0.3333333333333333,12,-0.287499400393342,0.3064229865208423,-0.3064229865208423,False,False
WTI,WTI spot monthly average,True,FIRST_CUT,T05_1988,B02,1988,1989-06-06,0.3333333333333333,1,-0.015804811227489557,0.015804811227489557,-0.015804811227489557,True,True
WTI,WTI spot monthly average,True,FIRST_CUT,T05_1988,B02,1988,1989-06-06,0.3333333333333333,2,-0.07558008051019927,0.07558008051019927,-0.07558008051019927,True,True
WTI,WTI spot monthly average,True,FIRST_CUT,T05_1988,B02,1988,1989-06-06,0.3333333333333333,3,-0.02599243143817742,0.07558008051019927,-0.07558008051019927,False,False
WTI,WTI spot monthly average,True,FIRST_CUT,T05_1988,B02,1988,1989-06-06,0.3333333333333333,4,-6.7845673707434e-05,0.07558008051019927,-0.07558008051019927,False,False
WTI,WTI spot monthly average,True,FIRST_CUT,T05_1988,B02,1988,1989-06-06,0.3333333333333333,5,-0.011267142935360908,0.07558008051019927,-0.07558008051019927,False,False
WTI,WTI spot monthly average,True,FIRST_CUT,T05_1988,B02,1988,1989-06-06,0.3333333333333333,6,0.048018073135255745,0.07558008051019927,-0.07558008051019927,False,False
WTI,WTI spot monthly average,True,FIRST_CUT,T05_1988,B02,1988,1989-06-06,0.3333333333333333,7,0.13752318060518354,0.07558008051019927,-0.07558008051019927,False,False
WTI,WTI spot monthly average,True,FIRST_CUT,T05_1988,B02,1988,1989-06-06,0.3333333333333333,8,0.10019901397620878,0.07558008051019927,-0.07558008051019927,False,False
WTI,WTI spot monthly average,True,FIRST_CUT,T05_1988,B02,1988,1989-06-06,0.3333333333333333,9,0.0143606676014294,0.10827253026899131,-0.07558008051019927,False,True
WTI,WTI spot monthly average,True,FIRST_CUT,T05_1988,B02,1988,1989-06-06,0.3333333333333333,10,-0.0832669953412637,0.19409729815702104,-0.0832669953412637,True,True
WTI,WTI spot monthly average,True,FIRST_CUT,T05_1988,B02,1988,1989-06-06,0.3333333333333333,11,-0.08934521386464023,0.19944067807842436,-0.08934521386464023,True,True
WTI,WTI spot monthly average,True,FIRST_CUT,T05_1988,B02,1988,1989-06-06,0.3333333333333333,12,-0.16935357072857626,0.269776261764174,-0.16935357072857626,True,True
WTI,WTI spot monthly average,True,FIRST_CUT,T06_1994,B03,1994,1995-07-06,1.0,1,-0.020637746462974116,0.020637746462974116,-0.020637746462974116,True,True
WTI,WTI spot monthly average,True,FIRST_CUT,T06_1994,B03,1994,1995-07-06,1.0,2,-0.012305118653421654,0.020637746462974116,-0.020637746462974116,False,False
WTI,WTI spot monthly average,True,FIRST_CUT,T06_1994,B03,1994,1995-07-06,1.0,3,-0.05213734097246425,0.05213734097246425,-0.05213734097246425,True,True
WTI,WTI spot monthly average,True,FIRST_CUT,T06_1994,B03,1994,1995-07-06,1.0,4,-0.022258408853259137,0.05213734097246425,-0.05213734097246425,False,False
WTI,WTI spot monthly average,True,FIRST_CUT,T06_1994,B03,1994,1995-07-06,1.0,5,0.032981875217846124,0.05213734097246425,-0.05213734097246425,False,False
WTI,WTI spot monthly average,True,FIRST_CUT,T06_1994,B03,1994,1995-07-06,1.0,6,0.028778810125479337,0.05213734097246425,-0.05213734097246425,False,False
WTI,WTI spot monthly average,True,FIRST_CUT,T06_1994,B03,1994,1995-07-06,1.0,7,0.04135623620309037,0.05213734097246425,-0.05213734097246425,False,False
WTI,WTI spot monthly average,True,FIRST_CUT,T06_1994,B03,1994,1995-07-06,1.0,8,0.17318570640176612,0.05213734097246425,-0.05213734097246425,False,False
WTI,WTI spot monthly average,True,FIRST_CUT,T06_1994,B03,1994,1995-07-06,1.0,9,0.277503049843151,0.05213734097246425,-0.05213734097246425,False,False
WTI,WTI spot monthly average,True,FIRST_CUT,T06_1994,B03,1994,1995-07-06,1.0,10,0.14982032661047562,0.09994709855945316,-0.05213734097246425,False,True
WTI,WTI spot monthly average,True,FIRST_CUT,T06_1994,B03,1994,1995-07-06,1.0,11,0.10986651490066235,0.1312220232766339,-0.05213734097246425,False,True
WTI,WTI spot monthly average,True,FIRST_CUT,T06_1994,B03,1994,1995-07-06,1.0,12,0.16999786579056297,0.1312220232766339,-0.05213734097246425,False,False
WTI,WTI spot monthly average,True,FIRST_CUT,T07_1999,B04,1999,2001-01-03,1.0,1,0.033977758990137996,0.0,0.0,False,True
WTI,WTI spot monthly average,True,FIRST_CUT,T07_1999,B04,1999,2001-01-03,1.0,2,-0.04860672789270626,0.07987066081914818,-0.04860672789270626,True,True
WTI,WTI spot monthly average,True,FIRST_CUT,T07_1999,B04,1999,2001-01-03,1.0,3,-0.03736493981348343,0.07987066081914818,-0.04860672789270626,False,False
WTI,WTI spot monthly average,True,FIRST_CUT,T07_1999,B04,1999,2001-01-03,1.0,4,0.0015899100283471856,0.07987066081914818,-0.04860672789270626,False,False
WTI,WTI spot monthly average,True,FIRST_CUT,T07_1999,B04,1999,2001-01-03,1.0,5,-0.03718655333539467,0.07987066081914818,-0.04860672789270626,False,False
WTI,WTI spot monthly average,True,FIRST_CUT,T07_1999,B04,1999,2001-01-03,1.0,6,-0.0722203963134902,0.10270835555239555,-0.0722203963134902,True,True
WTI,WTI spot monthly average,True,FIRST_CUT,T07_1999,B04,1999,2001-01-03,1.0,7,-0.04408914642140749,0.10270835555239555,-0.0722203963134902,False,False
WTI,WTI spot monthly average,True,FIRST_CUT,T07_1999,B04,1999,2001-01-03,1.0,8,-0.0757774947619243,0.10614856344613988,-0.0757774947619243,True,True
WTI,WTI spot monthly average,True,FIRST_CUT,T07_1999,B04,1999,2001-01-03,1.0,9,-0.22652745416806053,0.25194469696584953,-0.22652745416806053,True,True
WTI,WTI spot monthly average,True,FIRST_CUT,T07_1999,B04,1999,2001-01-03,1.0,10,-0.3109747956123413,0.3336169966938036,-0.3109747956123413,True,True
WTI,WTI spot monthly average,True,FIRST_CUT,T07_1999,B04,1999,2001-01-03,1.0,11,-0.3206934801363954,0.3430163134968517,-0.3206934801363954,True,True
WTI,WTI spot monthly average,True,FIRST_CUT,T07_1999,B04,1999,2001-01-03,1.0,12,-0.3147159114251674,0.3430163134968517,-0.3206934801363954,False,False
WTI,WTI spot monthly average,True,FIRST_CUT,T08_2004,B05,2004,2007-09-18,1.0,1,0.18578407513565143,0.0,0.0,False,True
WTI,WTI spot monthly average,True,FIRST_CUT,T08_2004,B05,2004,2007-09-18,1.0,2,0.3098052277112362,0.0,0.0,False,False
WTI,WTI spot monthly average,True,FIRST_CUT,T08_2004,B05,2004,2007-09-18,1.0,3,0.26716360511720416,0.032555697360090896,0.0,False,True
WTI,WTI spot monthly average,True,FIRST_CUT,T08_2004,B05,2004,2007-09-18,1.0,4,0.2849019357050291,0.032555697360090896,0.0,False,False
WTI,WTI spot monthly average,True,FIRST_CUT,T08_2004,B05,2004,2007-09-18,1.0,5,0.31828577265817004,0.032555697360090896,0.0,False,False
WTI,WTI spot monthly average,True,FIRST_CUT,T08_2004,B05,2004,2007-09-18,1.0,6,0.4574309423803773,0.032555697360090896,0.0,False,False
WTI,WTI spot monthly average,True,FIRST_CUT,T08_2004,B05,2004,2007-09-18,1.0,7,0.5559223733741068,0.032555697360090896,0.0,False,False
WTI,WTI spot monthly average,True,FIRST_CUT,T08_2004,B05,2004,2007-09-18,1.0,8,0.7330624736930507,0.032555697360090896,0.0,False,False
WTI,WTI spot monthly average,True,FIRST_CUT,T08_2004,B05,2004,2007-09-18,1.0,9,0.8502935361947854,0.032555697360090896,0.0,False,False
WTI,WTI spot monthly average,True,FIRST_CUT,T08_2004,B05,2004,2007-09-18,1.0,10,0.8432576262872085,0.032555697360090896,0.0,False,False
WTI,WTI spot monthly average,True,FIRST_CUT,T08_2004,B05,2004,2007-09-18,1.0,11,0.6123894392781959,0.12857640815513538,0.0,False,True
WTI,WTI spot monthly average,True,FIRST_CUT,T08_2004,B05,2004,2007-09-18,1.0,12,0.43891537109859535,0.22233129881770453,0.0,False,True
WTI,WTI spot monthly average,True,FIRST_CUT,T09_2015,B06,2015,2019-07-31,1.0,1,0.0027152557454892534,0.0,0.0,False,True
WTI,WTI spot monthly average,True,FIRST_CUT,T09_2015,B06,2015,2019-07-31,1.0,2,0.0418881214837854,0.0,0.0,False,False
WTI,WTI spot monthly average,True,FIRST_CUT,T09_2015,B06,2015,2019-07-31,1.0,3,-0.012705603471419913,0.052398836141309135,-0.012705603471419913,True,True
WTI,WTI spot monthly average,True,FIRST_CUT,T09_2015,B06,2015,2019-07-31,1.0,4,0.0437533251323432,0.052398836141309135,-0.012705603471419913,False,False
WTI,WTI spot monthly average,True,FIRST_CUT,T09_2015,B06,2015,2019-07-31,1.0,5,0.09439082773025964,0.052398836141309135,-0.012705603471419913,False,False
WTI,WTI spot monthly average,True,FIRST_CUT,T09_2015,B06,2015,2019-07-31,1.0,6,0.05235416217440636,0.052398836141309135,-0.012705603471419913,False,False
WTI,WTI spot monthly average,True,FIRST_CUT,T09_2015,B06,2015,2019-07-31,1.0,7,-0.07528460725522812,0.15504098781364106,-0.07528460725522812,True,True
WTI,WTI spot monthly average,True,FIRST_CUT,T09_2015,B06,2015,2019-07-31,1.0,8,-0.46562270003700734,0.5117125560424529,-0.46562270003700734,True,True
WTI,WTI spot monthly average,True,FIRST_CUT,T09_2015,B06,2015,2019-07-31,1.0,9,-0.6972488853749431,0.7233610635672492,-0.6972488853749431,True,True
WTI,WTI spot monthly average,True,FIRST_CUT,T09_2015,B06,2015,2019-07-31,1.0,10,-0.4774276174358506,0.7233610635672492,-0.6972488853749431,False,False
WTI,WTI spot monthly average,True,FIRST_CUT,T09_2015,B06,2015,2019-07-31,1.0,11,-0.29913968389932355,0.7233610635672492,-0.6972488853749431,False,False
WTI,WTI spot monthly average,True,FIRST_CUT,T09_2015,B06,2015,2019-07-31,1.0,12,-0.2551716681982429,0.7233610635672492,-0.6972488853749431,False,False
WTI,WTI spot monthly average,True,FIRST_CUT,T10_2022,B07,2022,2024-09-18,1.0,1,-0.061267434485456795,0.061267434485456795,-0.061267434485456795,True,True
WTI,WTI spot monthly average,True,FIRST_CUT,T10_2022,B07,2022,2024-09-18,1.0,2,-0.0878051961138806,0.0878051961138806,-0.0878051961138806,True,True
WTI,WTI spot monthly average,True,FIRST_CUT,T10_2022,B07,2022,2024-09-18,1.0,3,-0.08561312173577518,0.0878051961138806,-0.0878051961138806,False,False
WTI,WTI spot monthly average,True,FIRST_CUT,T10_2022,B07,2022,2024-09-18,1.0,4,-0.012267120323882996,0.0878051961138806,-0.0878051961138806,False,False
WTI,WTI spot monthly average,True,FIRST_CUT,T10_2022,B07,2022,2024-09-18,1.0,5,-0.06715975786784434,0.0878051961138806,-0.0878051961138806,False,False
WTI,WTI spot monthly average,True,FIRST_CUT,T10_2022,B07,2022,2024-09-18,1.0,6,-0.11011715996808136,0.11011715996808136,-0.11011715996808136,True,True
WTI,WTI spot monthly average,True,FIRST_CUT,T10_2022,B07,2022,2024-09-18,1.0,7,-0.17143935397315602,0.17143935397315602,-0.17143935397315602,True,True
WTI,WTI spot monthly average,True,FIRST_CUT,T10_2022,B07,2022,2024-09-18,1.0,8,-0.18929265096197523,0.18929265096197523,-0.18929265096197523,True,True
WTI,WTI spot monthly average,True,FIRST_CUT,T10_2022,B07,2022,2024-09-18,1.0,9,-0.11103062778966577,0.18929265096197523,-0.18929265096197523,False,False
WTI,WTI spot monthly average,True,FIRST_CUT,T10_2022,B07,2022,2024-09-18,1.0,10,-0.10813678476375643,0.18929265096197523,-0.18929265096197523,False,False
WTI,WTI spot monthly average,True,FIRST_CUT,T10_2022,B07,2022,2024-09-18,1.0,11,-0.1541263132758246,0.18929265096197523,-0.18929265096197523,False,False
WTI,WTI spot monthly average,True,FIRST_CUT,T10_2022,B07,2022,2024-09-18,1.0,12,-0.16593122373695335,0.18929265096197523,-0.18929265096197523,False,False
USD_BROAD,Nominal Broad U.S. Dollar Index monthly average,False,FIRST_CUT,T08_2004,B05,2004,2007-09-18,1.0,1,-0.03583731650942645,0.03583731650942645,-0.03583731650942645,True,True
USD_BROAD,Nominal Broad U.S. Dollar Index monthly average,False,FIRST_CUT,T08_2004,B05,2004,2007-09-18,1.0,2,-0.05020568850477303,0.05020568850477303,-0.05020568850477303,True,True
USD_BROAD,Nominal Broad U.S. Dollar Index monthly average,False,FIRST_CUT,T08_2004,B05,2004,2007-09-18,1.0,3,-0.04005254551722093,0.05020568850477303,-0.05020568850477303,False,False
USD_BROAD,Nominal Broad U.S. Dollar Index monthly average,False,FIRST_CUT,T08_2004,B05,2004,2007-09-18,1.0,4,-0.046535457578502304,0.05020568850477303,-0.05020568850477303,False,False
USD_BROAD,Nominal Broad U.S. Dollar Index monthly average,False,FIRST_CUT,T08_2004,B05,2004,2007-09-18,1.0,5,-0.05457382062784899,0.05457382062784899,-0.05457382062784899,True,True
USD_BROAD,Nominal Broad U.S. Dollar Index monthly average,False,FIRST_CUT,T08_2004,B05,2004,2007-09-18,1.0,6,-0.07380980336474441,0.07380980336474441,-0.07380980336474441,True,True
USD_BROAD,Nominal Broad U.S. Dollar Index monthly average,False,FIRST_CUT,T08_2004,B05,2004,2007-09-18,1.0,7,-0.07692765086081865,0.07692765086081865,-0.07692765086081865,True,True
USD_BROAD,Nominal Broad U.S. Dollar Index monthly average,False,FIRST_CUT,T08_2004,B05,2004,2007-09-18,1.0,8,-0.07397408431326202,0.07692765086081865,-0.07692765086081865,False,False
USD_BROAD,Nominal Broad U.S. Dollar Index monthly average,False,FIRST_CUT,T08_2004,B05,2004,2007-09-18,1.0,9,-0.07132540318641911,0.07692765086081865,-0.07692765086081865,False,False
USD_BROAD,Nominal Broad U.S. Dollar Index monthly average,False,FIRST_CUT,T08_2004,B05,2004,2007-09-18,1.0,10,-0.07792785933120483,0.07792785933120483,-0.07792785933120483,True,True
USD_BROAD,Nominal Broad U.S. Dollar Index monthly average,False,FIRST_CUT,T08_2004,B05,2004,2007-09-18,1.0,11,-0.05135756431423999,0.07792785933120483,-0.07792785933120483,False,False
USD_BROAD,Nominal Broad U.S. Dollar Index monthly average,False,FIRST_CUT,T08_2004,B05,2004,2007-09-18,1.0,12,-0.026612400738595388,0.07792785933120483,-0.07792785933120483,False,False
USD_BROAD,Nominal Broad U.S. Dollar Index monthly average,False,FIRST_CUT,T09_2015,B06,2015,2019-07-31,1.0,1,0.014496741220550557,0.0,0.0,False,True
USD_BROAD,Nominal Broad U.S. Dollar Index monthly average,False,FIRST_CUT,T09_2015,B06,2015,2019-07-31,1.0,2,0.016433320190835765,0.0,0.0,False,False
USD_BROAD,Nominal Broad U.S. Dollar Index monthly average,False,FIRST_CUT,T09_2015,B06,2015,2019-07-31,1.0,3,0.011428767020674524,0.004923641394618539,0.0,False,True
USD_BROAD,Nominal Broad U.S. Dollar Index monthly average,False,FIRST_CUT,T09_2015,B06,2015,2019-07-31,1.0,4,0.00981050997008448,0.006515735060227845,0.0,False,True
USD_BROAD,Nominal Broad U.S. Dollar Index monthly average,False,FIRST_CUT,T09_2015,B06,2015,2019-07-31,1.0,5,0.004180475169299536,0.012054745528448096,0.0,False,True
USD_BROAD,Nominal Broad U.S. Dollar Index monthly average,False,FIRST_CUT,T09_2015,B06,2015,2019-07-31,1.0,6,-0.0012794597117842255,0.017426406189925192,-0.0012794597117842255,True,True
USD_BROAD,Nominal Broad U.S. Dollar Index monthly average,False,FIRST_CUT,T09_2015,B06,2015,2019-07-31,1.0,7,0.011119333664652231,0.017426406189925192,-0.0012794597117842255,False,False
USD_BROAD,Nominal Broad U.S. Dollar Index monthly average,False,FIRST_CUT,T09_2015,B06,2015,2019-07-31,1.0,8,0.04847797755839167,0.017426406189925192,-0.0012794597117842255,False,False
USD_BROAD,Nominal Broad U.S. Dollar Index monthly average,False,FIRST_CUT,T09_2015,B06,2015,2019-07-31,1.0,9,0.06803668718737677,0.017426406189925192,-0.0012794597117842255,False,False
USD_BROAD,Nominal Broad U.S. Dollar Index monthly average,False,FIRST_CUT,T09_2015,B06,2015,2019-07-31,1.0,10,0.062272567431539416,0.017426406189925192,-0.0012794597117842255,False,False
USD_BROAD,Nominal Broad U.S. Dollar Index monthly average,False,FIRST_CUT,T09_2015,B06,2015,2019-07-31,1.0,11,0.03681575340563126,0.029232079905386343,-0.0012794597117842255,False,True
USD_BROAD,Nominal Broad U.S. Dollar Index monthly average,False,FIRST_CUT,T09_2015,B06,2015,2019-07-31,1.0,12,0.028268758792889592,0.03723460895263253,-0.0012794597117842255,False,True
USD_BROAD,Nominal Broad U.S. Dollar Index monthly average,False,FIRST_CUT,T10_2022,B07,2022,2024-09-18,1.0,1,0.008005220236512844,0.0,0.0,False,True
USD_BROAD,Nominal Broad U.S. Dollar Index monthly average,False,FIRST_CUT,T10_2022,B07,2022,2024-09-18,1.0,2,0.030156456410181942,0.0,0.0,False,False
USD_BROAD,Nominal Broad U.S. Dollar Index monthly average,False,FIRST_CUT,T10_2022,B07,2022,2024-09-18,1.0,3,0.04046887409600397,0.0,0.0,False,False
USD_BROAD,Nominal Broad U.S. Dollar Index monthly average,False,FIRST_CUT,T10_2022,B07,2022,2024-09-18,1.0,4,0.050754600795317906,0.0,0.0,False,False
USD_BROAD,Nominal Broad U.S. Dollar Index monthly average,False,FIRST_CUT,T10_2022,B07,2022,2024-09-18,1.0,5,0.04291599482115083,0.007459977780001403,0.0,False,True
USD_BROAD,Nominal Broad U.S. Dollar Index monthly average,False,FIRST_CUT,T10_2022,B07,2022,2024-09-18,1.0,6,0.029599471650920472,0.020133272914898637,0.0,False,True
USD_BROAD,Nominal Broad U.S. Dollar Index monthly average,False,FIRST_CUT,T10_2022,B07,2022,2024-09-18,1.0,7,0.012449331368503458,0.03645500994982198,0.0,False,True
USD_BROAD,Nominal Broad U.S. Dollar Index monthly average,False,FIRST_CUT,T10_2022,B07,2022,2024-09-18,1.0,8,-0.002214914921569555,0.050410929133020144,-0.002214914921569555,True,True
USD_BROAD,Nominal Broad U.S. Dollar Index monthly average,False,FIRST_CUT,T10_2022,B07,2022,2024-09-18,1.0,9,-0.016473446565736016,0.06398073090535983,-0.016473446565736016,True,True
USD_BROAD,Nominal Broad U.S. Dollar Index monthly average,False,FIRST_CUT,T10_2022,B07,2022,2024-09-18,1.0,10,-0.020397795397616436,0.06771552191070973,-0.020397795397616436,True,True
USD_BROAD,Nominal Broad U.S. Dollar Index monthly average,False,FIRST_CUT,T10_2022,B07,2022,2024-09-18,1.0,11,-0.016620470404365206,0.06771552191070973,-0.020397795397616436,False,False
USD_BROAD,Nominal Broad U.S. Dollar Index monthly average,False,FIRST_CUT,T10_2022,B07,2022,2024-09-18,1.0,12,-0.02107984786342465,0.06836462919540964,-0.02107984786342465,True,True
