asset,asset_label,anchor,cycle_id,broad_episode_id,anchor_date,episode_weight,ret_3m,ret_6m,ret_12m,cash_carry_3m,cash_carry_6m,cash_carry_12m,anchor_month,fedfunds_monthly_pct,evidence_tier,matched_cash_carry,asset_vs_cash,beats_cash,positive_nominal_but_not_cash,asset_order,phase_order,matched_cash_3m,asset_vs_cash_3m,beats_cash_3m,positive_nominal_but_not_cash_3m,matched_cash_6m,asset_vs_cash_6m,beats_cash_6m,positive_nominal_but_not_cash_6m,matched_cash_12m,asset_vs_cash_12m,beats_cash_12m,positive_nominal_but_not_cash_12m,pattern_3_6_12,first_observed_beating_horizon,last_observed_below_cash_horizon,late_improvement_by_12m,early_advantage_lost_by_12m,mixed_nonmonotonic
GOLD,Gold monthly World Bank/DataHub,FIRST_HIKE,T01_1983,B01,1983-03-31,0.5,-0.1588594704684317,-0.1608961303462321,-0.1975560081466395,0.0221735444819659,0.0465339378224709,0.0975530110675242,1983-03,8.77,CORE_SUPPORTED,0.1055742943234092,-0.2741835659769558,False,False,0,0,0.029643929469554964,-0.1830762990416489,False,False,0.05418235668472349,-0.20402398661589394,False,False,0.10557429432340926,-0.2741835659769558,False,False,000,NONE,12M,False,False,False
GOLD,Gold monthly World Bank/DataHub,FIRST_HIKE,T02_1984,B01,1984-03-29,0.5,-0.0207253886010362,-0.1191709844559585,-0.1865284974093264,0.0266261014494879,0.0561410455764717,0.1038547656433739,1984-03,9.91,CORE_SUPPORTED,0.1129707662496453,-0.2690989491738298,False,False,0,0,0.03510432200395819,-0.05393631290893297,False,False,0.06486301037785736,-0.17282410323231434,False,False,0.1129707662496453,-0.2690989491738298,False,False,000,NONE,12M,False,False,False
GOLD,Gold monthly World Bank/DataHub,FIRST_HIKE,T03_1987,B02,1987-01-05,0.3333333333333333,0.1202046035805626,0.1534526854219948,0.2199488491048593,0.0155758214371988,0.0327333439969539,0.0689974774334174,1987-01,6.43,CORE_SUPPORTED,0.0747255222499982,0.1351259683038213,True,False,0,0,0.021017615213733132,0.09714522735836084,True,False,0.03826707349853753,0.11094025310398092,True,False,0.07472552224999829,0.1351259683038213,True,False,111,3M,NONE,False,False,False
GOLD,Gold monthly World Bank/DataHub,FIRST_HIKE,T04_1987,B02,1987-08-27,0.3333333333333333,0.0376940133037693,-0.0199556541019955,-0.0443458980044345,0.0177694651652773,0.0349864733874343,0.0733481732067407,1987-08,6.73,CORE_SUPPORTED,0.0793678675448086,-0.1146168690667523,False,False,0,0,0.023477455582412654,0.013890445406310015,True,False,0.04079102252568223,-0.058365872987897305,False,False,0.07936786754480862,-0.11461686906675239,False,False,100,3M,12M,False,True,False
GOLD,Gold monthly World Bank/DataHub,FIRST_HIKE,T05_1988,B02,1988-03-30,0.3333333333333333,0.0203619909502261,-0.0656108597285067,-0.1176470588235294,0.0179960790920346,0.0384552104919126,0.0858297630790456,1988-03,6.58,CORE_SUPPORTED,0.0917837296132624,-0.1918244270877508,False,False,0,0,0.023578090925722606,-0.003142017208074277,False,True,0.04414940656277655,-0.10511931108844064,False,False,0.09178372961326242,-0.19182442708775083,False,False,000,NONE,12M,False,False,False
GOLD,Gold monthly World Bank/DataHub,FIRST_HIKE,T06_1994,B03,1994-02-04,1.0,-0.0155038759689922,-0.0180878552971576,-0.0258397932816537,0.0091122682390833,0.0200637664182903,0.0472948037647049,1994-02,3.25,CORE_SUPPORTED,0.0501312271915677,-0.0723443113642048,False,False,0,0,0.011845280632230892,-0.027028990622098403,False,False,0.022826439119006503,-0.040001209248565095,False,False,0.05013122719156771,-0.07234431136420483,False,False,000,NONE,12M,False,False,False
GOLD,Gold monthly World Bank/DataHub,FIRST_HIKE,T07_1999,B04,1999-06-30,1.0,-0.039855072463768,0.0253623188405796,0.0362318840579709,0.012796510109492,0.0262888709872932,0.0573356608346271,1999-06,4.76,CORE_SUPPORTED,0.0615297589559378,-0.0238315267985029,False,True,0,0,0.0168139362662596,-0.05573193551822875,False,False,0.030359816842209453,-0.004850245438477896,False,True,0.06152975895593782,-0.023831526798502978,False,True,000,NONE,12M,False,False,False
GOLD,Gold monthly World Bank/DataHub,FIRST_HIKE,T08_2004,B05,2004-06-30,1.0,0.0546875,0.1510416666666667,0.1223958333333332,0.0035858433717013,0.0084854936873182,0.0222051111685028,2004-06,1.03,CORE_SUPPORTED,0.0230825038889226,0.097072649631777,True,False,0,0,0.004447254553928692,0.05001780354149399,True,False,0.009351110402733287,0.14037786732844482,True,False,0.023082503888922634,0.09707264963177709,True,False,111,3M,NONE,False,False,False
GOLD,Gold monthly World Bank/DataHub,FIRST_HIKE,T09_2015,B06,2015-12-16,1.0,0.1464088397790055,0.1749539594843463,0.0653775322283609,0.0009005480974288,0.0018251319801412,0.0039373561976299,2015-12,0.24,CORE_SUPPORTED,0.0041381436688694,0.060987015527304,True,False,0,0,0.0011007282070483182,0.14514834269694443,True,False,0.0020254970065372024,0.17257890442350776,True,False,0.004138143668869443,0.06098701552730401,True,False,111,3M,NONE,False,False,False
GOLD,Gold monthly World Bank/DataHub,FIRST_HIKE,T10_2022,B07,2022-03-16,1.0,-0.0102370689655172,-0.0942887931034482,0.0307112068965518,0.0019181621990038,0.0074058318426895,0.0281601509892475,2022-03,0.2,CORE_SUPPORTED,0.0283315110144124,0.0023141329976281,True,False,0,0,0.0020851485593702535,-0.012296577334373504,False,False,0.0075737328146632255,-0.10109684542247621,False,False,0.028331511014412447,0.002314132997628171,True,False,001,12M,6M,True,False,False
GOLD,Gold monthly World Bank/DataHub,LAST_HIKE,T01_1983,B01,1983-08-11,0.5,-0.0521091811414392,-0.042183622828784,-0.1364764267990074,0.0237388427197475,0.048347262739006,0.1059325427340327,1983-08,9.56,CORE_SUPPORTED,0.1147431386578139,-0.2253609434719622,False,False,0,1,0.031894628833414984,-0.08140735267691313,False,False,0.05669909593216005,-0.0935769881337083,False,False,0.11474313865781394,-0.22536094347196223,False,False,000,NONE,12M,False,False,False
GOLD,Gold monthly World Bank/DataHub,LAST_HIKE,T02_1984,B01,1984-08-09,0.5,-0.0172413793103448,-0.1408045977011494,-0.0517241379310344,0.0258131838584141,0.0475342059818171,0.0902584339865293,1984-08,11.64,CORE_SUPPORTED,0.1008339407961986,-0.1385840979947371,False,False,0,1,0.03576357174184075,-0.05117475889120837,False,False,0.0576952877798409,-0.18767209022709386,False,False,0.10083394079619867,-0.13858409799473714,False,False,000,NONE,12M,False,False,False
GOLD,Gold monthly World Bank/DataHub,LAST_HIKE,T03_1987,B02,1987-05-22,0.3333333333333333,0.052511415525114,0.0684931506849315,0.0296803652968036,0.0167927231081659,0.0348605859817439,0.0704772574938583,1987-05,6.85,CORE_SUPPORTED,0.0765878985053858,-0.0435705558958106,False,True,0,1,0.022596914902575094,0.029253462617172987,True,False,0.0407679151600564,0.026639210453188733,True,False,0.07658789850538583,-0.0435705558958106,False,True,110,3M,12M,False,True,True
GOLD,Gold monthly World Bank/DataHub,LAST_HIKE,T04_1987,B02,1987-09-24,0.3333333333333333,0.054229934924078,-0.0368763557483731,-0.1041214750542299,0.0173929023752199,0.0344373285157848,0.0742168337245512,1987-09,7.22,CORE_SUPPORTED,0.0806800383407937,-0.1710048366200562,False,False,0,1,0.023514216337844118,0.03001005564547543,True,False,0.040661193109021276,-0.07450796606121879,False,False,0.08068003834079374,-0.17100483662005628,False,False,100,3M,12M,False,True,False
GOLD,Gold monthly World Bank/DataHub,LAST_HIKE,T05_1988,B02,1989-05-17,0.3333333333333333,-0.0494791666666666,0.0260416666666667,-0.0390625,0.0233102139555005,0.0459968415724922,0.0900071707363823,1989-05,9.81,CORE_SUPPORTED,0.0989179793571521,-0.1255603074561291,False,False,0,1,0.031675774954586844,-0.07866322307008311,False,False,0.05454786575234749,-0.027031678704639517,False,True,0.09891797935715219,-0.12556030745612912,False,False,000,NONE,12M,False,False,False
GOLD,Gold monthly World Bank/DataHub,LAST_HIKE,T06_1994,B03,1995-02-01,1.0,0.0158311345646438,0.0131926121372032,0.0686015831134565,0.0151027462026596,0.0300539293553649,0.0593701708993066,1995-02,5.92,CORE_SUPPORTED,0.064596397075743,0.0037621638103557,True,False,0,1,0.02011058641725927,-0.004195086208883869,False,True,0.03513552874018466,-0.021198109806632837,False,True,0.06459639707574305,0.0037621638103557675,True,False,001,12M,6M,True,False,False
GOLD,Gold monthly World Bank/DataHub,LAST_HIKE,T07_1999,B04,2000-05-16,1.0,-0.0197499999999999,-0.05,-0.0285714285714285,0.0163968304388688,0.0330377420749607,0.0610660946140089,2000-05,6.27,CORE_SUPPORTED,0.0666101649583672,-0.0892374708743853,False,False,0,1,0.021707503877911982,-0.04057668532389069,False,False,0.03843536427730254,-0.08516212690700209,False,False,0.06661016495836725,-0.08923747087438538,False,False,000,NONE,12M,False,False,False
GOLD,Gold monthly World Bank/DataHub,LAST_HIKE,T08_2004,B05,2006-06-29,1.0,-0.1140740740740741,-0.0666666666666666,-0.0281481481481481,0.0131709716367036,0.0265091261964498,0.05377006302548,2006-06,4.99,CORE_SUPPORTED,0.0581519902042275,-0.0815574124996159,False,False,0,1,0.01738407426042632,-0.12921191874372728,False,False,0.03077769331288338,-0.09453479699038425,False,False,0.058151990204227566,-0.0815574124996159,False,False,000,NONE,12M,False,False,False
GOLD,Gold monthly World Bank/DataHub,LAST_HIKE,T09_2015,B06,2018-12-19,1.0,0.0655200655200656,0.1130221130221129,0.2113022113022113,0.006016326296774,0.0120580239068979,0.0218003584453352,2018-12,2.27,CORE_SUPPORTED,0.0237332641233942,0.1832205260414481,True,False,0,1,0.007919373847352196,0.05714811439018619,True,False,0.013972500335455162,0.09768471300147574,True,False,0.02373326412339427,0.18322052604144812,True,False,111,3M,NONE,False,False,False
GOLD,Gold monthly World Bank/DataHub,LAST_HIKE,T10_2022,B07,2023-07-26,1.0,-0.0138960370560987,0.0468347915594442,0.2341739577972208,0.0133842728353223,0.0269476844299749,0.0546215465560875,2023-07,5.12,CORE_SUPPORTED,0.0591212651547268,0.1652810668634063,True,False,0,1,0.017708045732752975,-0.031054174054501615,False,False,0.03132932788354292,0.015034444630524613,True,False,0.05912126515472682,0.16528106686340638,True,False,011,6M,3M,True,False,False
GOLD,Gold monthly World Bank/DataHub,PAUSE_START,T02_1984,B01,1984-08-21,1.0,-0.0172413793103448,-0.1408045977011494,-0.0517241379310344,0.0258131838584141,0.0475342059818171,0.0902584339865293,1984-08,11.64,CORE_SUPPORTED,0.1008339407961986,-0.1385840979947371,False,False,0,2,0.03576357174184075,-0.05117475889120837,False,False,0.0576952877798409,-0.18767209022709386,False,False,0.10083394079619867,-0.13858409799473714,False,False,000,NONE,12M,False,False,False
GOLD,Gold monthly World Bank/DataHub,PAUSE_START,T04_1987,B02,1987-11-03,1.0,-0.0494623655913978,-0.0301075268817204,-0.0967741935483871,0.0169164126174299,0.0344168789444481,0.0765847773626859,1987-11,6.69,CORE_SUPPORTED,0.082586737496483,-0.165678115972165,False,False,0,2,0.02258572161777228,-0.07045677021109498,False,False,0.04018375304456345,-0.06757582948257446,False,False,0.08258673749648304,-0.16567811597216509,False,False,000,NONE,12M,False,False,False
GOLD,Gold monthly World Bank/DataHub,PAUSE_START,T06_1994,B03,1995-03-28,1.0,0.0291777188328912,0.0159151193633952,0.0503978779840847,0.0151236898145394,0.0299072036389227,0.0587884211992624,1995-03,5.98,CORE_SUPPORTED,0.064064716831572,-0.0128439921287706,False,True,0,2,0.020182389535448708,0.008817373628198677,True,False,0.03503957453705664,-0.018477027974717952,False,True,0.064064716831572,-0.012843992128770632,False,True,100,3M,12M,False,True,False
GOLD,Gold monthly World Bank/DataHub,PAUSE_START,T07_1999,B04,2000-06-28,1.0,-0.0036363636363636,-0.0145454545454545,-0.0181818181818181,0.0163872830757771,0.0329297955747149,0.0588159075505039,2000-06,6.53,CORE_SUPPORTED,0.0645776307807577,-0.0777392334478043,False,False,0,2,0.021918123874514528,-0.025006394263750287,False,False,0.03855065521230072,-0.05112519980732311,False,False,0.06457763078075773,-0.07773923344780431,False,False,000,NONE,12M,False,False,False
GOLD,Gold monthly World Bank/DataHub,PAUSE_START,T08_2004,B05,2006-08-08,1.0,-0.0094637223974763,0.0488958990536276,0.0488958990536276,0.0131787181961524,0.0265310174789417,0.0535943494913566,2006-08,5.25,CORE_SUPPORTED,0.0582038247703813,-0.008795966806086,False,True,0,2,0.017611375088260717,-0.026606520080800666,False,False,0.031022090680412173,0.01733600912607014,True,False,0.05820382477038133,-0.008795966806086075,False,True,010,6M,12M,False,True,True
GOLD,Gold monthly World Bank/DataHub,PAUSE_START,T09_2015,B06,2019-01-30,1.0,0.0287999999999999,0.1304,0.2487999999999999,0.0060361275717706,0.0120604675470947,0.0210785761111365,2019-01,2.4,CORE_SUPPORTED,0.0231207332633587,0.2205793113162821,True,False,0,2,0.008048199826914182,0.02058611897392293,True,False,0.014084588482188964,0.11469991047975969,True,False,0.023120733263358728,0.22057931131628217,True,False,111,3M,NONE,False,False,False
GOLD,Gold monthly World Bank/DataHub,PAUSE_START,T10_2022,B07,2023-09-20,1.0,0.0557582073996874,0.1245440333507035,0.3397602918186555,0.0133842728353223,0.0269476844299749,0.0544465535588907,2023-09,5.33,CORE_SUPPORTED,0.0591300536676147,0.2649629638770601,True,False,0,2,0.017885387980499212,0.03720735150185073,True,False,0.03150904372831809,0.09019309155653832,True,False,0.0591300536676147,0.2649629638770601,True,False,111,3M,NONE,False,False,False
GOLD,Gold monthly World Bank/DataHub,FIRST_CUT,T01_1983,B01,1983-08-17,0.5,-0.0521091811414392,-0.042183622828784,-0.1364764267990074,0.0237388427197475,0.048347262739006,0.1059325427340327,1983-08,9.56,CORE_SUPPORTED,0.1147431386578139,-0.2253609434719622,False,False,0,3,0.031894628833414984,-0.08140735267691313,False,False,0.05669909593216005,-0.0935769881337083,False,False,0.11474313865781394,-0.22536094347196223,False,False,000,NONE,12M,False,False,False
GOLD,Gold monthly World Bank/DataHub,FIRST_CUT,T02_1984,B01,1984-09-20,0.5,-0.0804597701149425,-0.0977011494252874,-0.0718390804597701,0.0233394375819837,0.0451774128718374,0.0872149938239381,1984-09,11.3,CORE_SUPPORTED,0.0974529350157802,-0.1542590211152117,False,False,0,3,0.03297588395254736,-0.1098144262898405,False,False,0.055019500176380465,-0.14475623396168102,False,False,0.09745293501578023,-0.15425902111521173,False,False,000,NONE,12M,False,False,False
GOLD,Gold monthly World Bank/DataHub,FIRST_CUT,T03_1987,B02,1987-07-02,0.3333333333333333,0.0333333333333334,0.06,-0.0266666666666666,0.0178022957128103,0.0351147115054031,0.0722137253577195,1987-07,6.58,CORE_SUPPORTED,0.0780930306184308,-0.0971712962702335,False,False,0,3,0.02338324496763544,0.0097227391738397,True,False,0.04079059050682443,0.018456555687942355,True,False,0.07809303061843087,-0.09717129627023358,False,False,110,3M,12M,False,True,True
GOLD,Gold monthly World Bank/DataHub,FIRST_CUT,T04_1987,B02,1987-11-04,0.3333333333333333,-0.0494623655913978,-0.0301075268817204,-0.0967741935483871,0.0169164126174299,0.0344168789444481,0.0765847773626859,1987-11,6.69,CORE_SUPPORTED,0.082586737496483,-0.165678115972165,False,False,0,3,0.02258572161777228,-0.07045677021109498,False,False,0.04018375304456345,-0.06757582948257446,False,False,0.08258673749648304,-0.16567811597216509,False,False,000,NONE,12M,False,False,False
GOLD,Gold monthly World Bank/DataHub,FIRST_CUT,T05_1988,B02,1989-06-06,0.3333333333333333,-0.0242587601078166,0.103477088948787,-0.0512129380053908,0.0228795798257945,0.0450650935032335,0.0888885029607935,1989-06,9.53,CORE_SUPPORTED,0.0975360924884738,-0.1355299670889199,False,False,0,3,0.031002948488911164,-0.05359995204448453,False,False,0.0533646521208051,0.04757368374483373,True,False,0.09753609248847384,-0.13552996708891996,False,False,010,6M,12M,False,True,True
GOLD,Gold monthly World Bank/DataHub,FIRST_CUT,T06_1994,B03,1995-07-06,1.0,-0.0128865979381442,0.0283505154639174,-0.0128865979381442,0.0144826552176149,0.0288966603979246,0.0563489339180411,1995-07,5.85,CORE_SUPPORTED,0.0614986349708917,-0.0700756745778345,False,False,0,3,0.019428258161800827,-0.03169899974934387,False,False,0.033912531617364516,-0.005379580944576023,False,True,0.0614986349708917,-0.07007567457783459,False,False,000,NONE,12M,False,False,False
GOLD,Gold monthly World Bank/DataHub,FIRST_CUT,T07_1999,B04,2001-01-03,1.0,-0.040590405904059,-0.0110701107011069,0.0405904059040589,0.0130624220258928,0.0231851388049435,0.035903877751156,2001-01,5.98,CORE_SUPPORTED,0.0410661320752825,-0.0004569605681775,False,True,0,3,0.018110849762321912,-0.057657037718520265,False,False,0.028284011413321597,-0.03827164642999581,False,False,0.041066132075282535,-0.0004569605681775668,False,True,000,NONE,12M,False,False,False
GOLD,Gold monthly World Bank/DataHub,FIRST_CUT,T08_2004,B05,2007-09-18,1.0,0.2075187969924812,0.4556390977443609,0.2481203007518797,0.0112810001364211,0.0193343351740002,0.029634890038974,2007-09,4.94,CORE_SUPPORTED,0.0338735536696346,0.2072272245689976,True,False,0,3,0.01544410692031617,0.18915338497034329,True,False,0.023530594853800046,0.42217448610051833,True,False,0.033873553669634626,0.20722722456899767,True,False,111,3M,NONE,False,False,False
GOLD,Gold monthly World Bank/DataHub,FIRST_CUT,T09_2015,B06,2019-07-31,1.0,0.1000735835172921,0.1486387049300956,0.3590875643855775,0.0050070540699402,0.0089106420547167,0.0110175780501742,2019-07,2.4,CORE_SUPPORTED,0.0130396132062746,0.3415937014388408,True,False,0,3,0.007017068178080121,0.09240808153090407,True,False,0.010928463338826244,0.13622154938288045,True,False,0.01303961320627467,0.3415937014388408,True,False,111,3M,NONE,False,False,False
GOLD,Gold monthly World Bank/DataHub,FIRST_CUT,T10_2022,B07,2024-09-18,1.0,0.0720647773279352,0.2076923076923076,0.4850202429149797,0.0116646198370107,0.022655452706324,0.0449052347503553,2024-09,5.13,CORE_SUPPORTED,0.0493722046289131,0.4151511126027238,True,False,0,3,0.015989486086813942,0.05519278694221619,True,False,0.02702730476664361,0.17591061317178314,True,False,0.04937220462891312,0.41515111260272386,True,False,111,3M,NONE,False,False,False
SP500,S&P 500 cash index monthly average,FIRST_HIKE,T01_1983,B01,1983-03-31,0.5,0.1333288295001249,0.1387198535938774,0.0724933701988808,0.0221735444819659,0.0465339378224709,0.0975530110675242,1983-03,8.77,CORE_SUPPORTED,0.1055742943234092,-0.0299219367656999,False,True,1,0,0.029643929469554964,0.10069976334827291,True,False,0.05418235668472349,0.08019247938754548,True,False,0.10557429432340926,-0.029921936765699986,False,True,110,3M,12M,False,True,True
SP500,S&P 500 cash index monthly average,FIRST_HIKE,T02_1984,B01,1984-03-29,0.5,-0.0262367386606383,0.0563567595581562,0.1409820429272081,0.0266261014494879,0.0561410455764717,0.1038547656433739,1984-03,9.91,CORE_SUPPORTED,0.1129707662496453,0.0251680255465756,True,False,1,0,0.03510432200395819,-0.0592607521393016,False,False,0.06486301037785736,-0.00798811747314121,False,True,0.1129707662496453,0.0251680255465756,True,False,001,12M,6M,True,False,False
SP500,S&P 500 cash index monthly average,FIRST_HIKE,T03_1987,B02,1987-01-05,0.3333333333333333,0.1637793956518634,0.2473067936794701,0.0075261776217492,0.0155758214371988,0.0327333439969539,0.0689974774334174,1987-01,6.43,CORE_SUPPORTED,0.0747255222499982,-0.0625269831571166,False,True,1,0,0.021017615213733132,0.1398230337174402,True,False,0.03826707349853753,0.20133521086877382,True,False,0.07472552224999829,-0.06252698315711669,False,True,110,3M,12M,False,True,True
SP500,S&P 500 cash index monthly average,FIRST_HIKE,T04_1987,B02,1987-08-27,0.3333333333333333,-0.2098724364587001,-0.1675633846840776,-0.1495087268333877,0.0177694651652773,0.0349864733874343,0.0733481732067407,1987-08,6.73,CORE_SUPPORTED,0.0793678675448086,-0.2120468852744449,False,False,1,0,0.023477455582412654,-0.2279971002471416,False,False,0.04079102252568223,-0.200188513063984,False,False,0.07936786754480862,-0.21204688527444493,False,False,000,NONE,12M,False,False,False
SP500,S&P 500 cash index monthly average,FIRST_HIKE,T05_1988,B02,1988-03-30,0.3333333333333333,0.0486376103660428,0.0381283787092328,0.133984623646959,0.0179960790920346,0.0384552104919126,0.0858297630790456,1988-03,6.58,CORE_SUPPORTED,0.0917837296132624,0.0386531626081707,True,False,1,0,0.023578090925722606,0.024482274154242978,True,False,0.04414940656277655,-0.0057664428248485056,False,True,0.09178372961326242,0.038653162608170755,True,False,101,3M,6M,False,False,True
SP500,S&P 500 cash index monthly average,FIRST_HIKE,T06_1994,B03,1994-02-04,1.0,-0.0467116668613382,-0.018498823657162,0.0188837519504097,0.0091122682390833,0.0200637664182903,0.0472948037647049,1994-02,3.25,CORE_SUPPORTED,0.0501312271915677,-0.0297557814033633,False,True,1,0,0.011845280632230892,-0.05787144399881072,False,False,0.022826439119006503,-0.04040300601904989,False,False,0.05013122719156771,-0.029755781403363324,False,True,000,NONE,12M,False,False,False
SP500,S&P 500 cash index monthly average,FIRST_HIKE,T07_1999,B04,1999-06-30,1.0,-0.0104364375018974,0.0725260616779404,0.0975059024302364,0.012796510109492,0.0262888709872932,0.0573356608346271,1999-06,4.76,CORE_SUPPORTED,0.0615297589559378,0.0338908477796071,True,False,1,0,0.0168139362662596,-0.026799764240270307,False,False,0.030359816842209453,0.04092380559342823,True,False,0.06152975895593782,0.03389084777960716,True,False,011,6M,3M,True,False,False
SP500,S&P 500 cash index monthly average,FIRST_HIKE,T08_2004,B05,2004-06-30,1.0,0.0134883503664053,0.0874407527903025,0.0902007043220367,0.0035858433717013,0.0084854936873182,0.0222051111685028,2004-06,1.03,CORE_SUPPORTED,0.0230825038889226,0.0656038981978341,True,False,1,0,0.004447254553928692,0.0090010657816888,True,False,0.009351110402733287,0.0773661826719656,True,False,0.023082503888922634,0.06560389819783419,True,False,111,3M,NONE,False,False,False
SP500,S&P 500 cash index monthly average,FIRST_HIKE,T09_2015,B06,2015-12-16,1.0,-0.028194726577875,0.0015739876170248,0.0797900725775262,0.0009005480974288,0.0018251319801412,0.0039373561976299,2015-12,0.24,CORE_SUPPORTED,0.0041381436688694,0.0753401605004702,True,False,1,0,0.0011007282070483182,-0.02926324390692525,False,False,0.0020254970065372024,-0.00045059670723068823,False,True,0.004138143668869443,0.07534016050047021,True,False,001,12M,6M,True,False,False
SP500,S&P 500 cash index monthly average,FIRST_HIKE,T10_2022,B07,2022-03-16,1.0,-0.1210631585921614,-0.1319798405324089,-0.1053704698011668,0.0019181621990038,0.0074058318426895,0.0281601509892475,2022-03,0.2,CORE_SUPPORTED,0.0283315110144124,-0.1300183641009765,False,False,1,0,0.0020851485593702535,-0.12289205895185018,False,False,0.0075737328146632255,-0.1385045766896169,False,False,0.028331511014412447,-0.13001836410097656,False,False,000,NONE,12M,False,False,False
SP500,S&P 500 cash index monthly average,LAST_HIKE,T01_1983,B01,1983-08-11,0.5,-0.0103027041244254,-0.0581038598916483,-0.0151549224674196,0.0237388427197475,0.048347262739006,0.1059325427340327,1983-08,9.56,CORE_SUPPORTED,0.1147431386578139,-0.1165273475301538,False,False,1,1,0.031894628833414984,-0.040893063864035795,False,False,0.05669909593216005,-0.10864299616205852,False,False,0.11474313865781394,-0.11652734753015381,False,False,000,NONE,12M,False,False,False
SP500,S&P 500 cash index monthly average,LAST_HIKE,T02_1984,B01,1984-08-09,0.5,0.1005692390539889,0.1972929391019215,0.2464173758601808,0.0258131838584141,0.0475342059818171,0.0902584339865293,1984-08,11.64,CORE_SUPPORTED,0.1008339407961986,0.132248316179901,True,False,1,1,0.03576357174184075,0.06256801173569437,True,False,0.0576952877798409,0.1319828621106025,True,False,0.10083394079619867,0.13224831617990107,True,False,111,3M,NONE,False,False,False
SP500,S&P 500 cash index monthly average,LAST_HIKE,T03_1987,B02,1987-05-22,0.3333333333333333,0.1383793874970551,-0.1531629778284151,-0.1147444882654974,0.0167927231081659,0.0348605859817439,0.0704772574938583,1987-05,6.85,CORE_SUPPORTED,0.0765878985053858,-0.1777211011163211,False,False,1,1,0.022596914902575094,0.11322396039646843,True,False,0.0407679151600564,-0.18633442688195045,False,False,0.07658789850538583,-0.1777211011163211,False,False,100,3M,12M,False,True,False
SP500,S&P 500 cash index monthly average,LAST_HIKE,T04_1987,B02,1987-09-24,0.3333333333333333,-0.2684075033871038,-0.1931657436196139,-0.1863870762460197,0.0173929023752199,0.0344373285157848,0.0742168337245512,1987-09,7.22,CORE_SUPPORTED,0.0806800383407937,-0.247128756997169,False,False,1,1,0.023514216337844118,-0.2852151099272955,False,False,0.040661193109021276,-0.2246907430362296,False,False,0.08068003834079374,-0.24712875699716907,False,False,000,NONE,12M,False,False,False
SP500,S&P 500 cash index monthly average,LAST_HIKE,T05_1988,B02,1989-05-17,0.3333333333333333,0.1467549509982517,0.1256176127016544,0.1588051174689442,0.0233102139555005,0.0459968415724922,0.0900071707363823,1989-05,9.81,CORE_SUPPORTED,0.0989179793571521,0.0544964585499136,True,False,1,1,0.031675774954586844,0.11154587404044691,True,False,0.05454786575234749,0.06739357146069747,True,False,0.09891797935715219,0.054496458549913696,True,False,111,3M,NONE,False,False,False
SP500,S&P 500 cash index monthly average,LAST_HIKE,T06_1994,B03,1995-02-01,1.0,0.1258756372868172,0.2017410022004881,0.3961139266943174,0.0151027462026596,0.0300539293553649,0.0593701708993066,1995-02,5.92,CORE_SUPPORTED,0.064596397075743,0.3114020773780506,True,False,1,1,0.02011058641725927,0.1036799855602093,True,False,0.03513552874018466,0.160950396189252,True,False,0.06459639707574305,0.3114020773780506,True,False,111,3M,NONE,False,False,False
SP500,S&P 500 cash index monthly average,LAST_HIKE,T07_1999,B04,2000-05-16,1.0,0.0164935941594863,-0.05906685103866,-0.1306914387554835,0.0163968304388688,0.0330377420749607,0.0610660946140089,2000-05,6.27,CORE_SUPPORTED,0.0666101649583672,-0.1849800519401124,False,False,1,1,0.021707503877911982,-0.005103133429710693,False,True,0.03843536427730254,-0.09389338871737973,False,False,0.06661016495836725,-0.18498005194011247,False,False,000,NONE,12M,False,False,False
SP500,S&P 500 cash index monthly average,LAST_HIKE,T08_2004,B05,2006-06-29,1.0,0.0214954194265821,0.097988406591321,0.1740104810702221,0.0131709716367036,0.0265091261964498,0.05377006302548,2006-06,4.99,CORE_SUPPORTED,0.0581519902042275,0.1094913509009545,True,False,1,1,0.01738407426042632,0.004041094479628526,True,False,0.03077769331288338,0.06520388801044463,True,False,0.058151990204227566,0.10949135090095452,True,False,111,3M,NONE,False,False,False
SP500,S&P 500 cash index monthly average,LAST_HIKE,T09_2015,B06,2018-12-19,1.0,0.0296531433199571,0.0613001728720337,0.166536742336244,0.006016326296774,0.0120580239068979,0.0218003584453352,2018-12,2.27,CORE_SUPPORTED,0.0237332641233942,0.1394928573851999,True,False,1,1,0.007919373847352196,0.021563003982793205,True,False,0.013972500335455162,0.046675499109611884,True,False,0.02373326412339427,0.1394928573851999,True,False,111,3M,NONE,False,False,False
SP500,S&P 500 cash index monthly average,LAST_HIKE,T10_2022,B07,2023-07-26,1.0,-0.0174834001501484,0.1056569120194503,0.2744601623486882,0.0133842728353223,0.0269476844299749,0.0546215465560875,2023-07,5.12,CORE_SUPPORTED,0.0591212651547268,0.2033184530219989,True,False,1,1,0.017708045732752975,-0.03457911729248775,False,False,0.03132932788354292,0.07206968921211598,True,False,0.05912126515472682,0.2033184530219989,True,False,011,6M,3M,True,False,False
SP500,S&P 500 cash index monthly average,PAUSE_START,T02_1984,B01,1984-08-21,1.0,0.1005692390539889,0.1972929391019215,0.2464173758601808,0.0258131838584141,0.0475342059818171,0.0902584339865293,1984-08,11.64,CORE_SUPPORTED,0.1008339407961986,0.132248316179901,True,False,1,2,0.03576357174184075,0.06256801173569437,True,False,0.0576952877798409,0.1319828621106025,True,False,0.10083394079619867,0.13224831617990107,True,False,111,3M,NONE,False,False,False
SP500,S&P 500 cash index monthly average,PAUSE_START,T04_1987,B02,1987-11-03,1.0,-0.0786542357629993,-0.0858078571841305,-0.0326230386795571,0.0169164126174299,0.0344168789444481,0.0765847773626859,1987-11,6.69,CORE_SUPPORTED,0.082586737496483,-0.1064208272516495,False,False,1,2,0.02258572161777228,-0.09900388323494869,False,False,0.04018375304456345,-0.12112437813023236,False,False,0.08258673749648304,-0.10642082725164959,False,False,000,NONE,12M,False,False,False
SP500,S&P 500 cash index monthly average,PAUSE_START,T06_1994,B03,1995-03-28,1.0,0.1191666305914727,0.2009458097210938,0.3426884103720848,0.0151236898145394,0.0299072036389227,0.0587884211992624,1995-03,5.98,CORE_SUPPORTED,0.064064716831572,0.2618484469348452,True,False,1,2,0.020182389535448708,0.0970260240436982,True,False,0.03503957453705664,0.16028975052305827,True,False,0.064064716831572,0.2618484469348452,True,False,111,3M,NONE,False,False,False
SP500,S&P 500 cash index monthly average,PAUSE_START,T07_1999,B04,2000-06-28,1.0,0.0349490102367253,-0.0617210516193574,-0.1267336432953307,0.0163872830757771,0.0329297955747149,0.0588159075505039,2000-06,6.53,CORE_SUPPORTED,0.0645776307807577,-0.17970626898837,False,False,1,2,0.021918123874514528,0.012751399606071523,True,False,0.03855065521230072,-0.09654965439423902,False,False,0.06457763078075773,-0.17970626898837005,False,False,100,3M,12M,False,True,False
SP500,S&P 500 cash index monthly average,PAUSE_START,T08_2004,B05,2006-08-08,1.0,0.1018859985995139,0.1464491289264249,0.1542430838214796,0.0131787181961524,0.0265310174789417,0.0535943494913566,2006-08,5.25,CORE_SUPPORTED,0.0582038247703813,0.0907568625278194,True,False,1,2,0.017611375088260717,0.08281611779737008,True,False,0.031022090680412173,0.11195399137358719,True,False,0.05820382477038133,0.09075686252781945,True,False,111,3M,NONE,False,False,False
SP500,S&P 500 cash index monthly average,PAUSE_START,T09_2015,B06,2019-01-30,1.0,0.1310682916373069,0.1670256755474319,0.2769031381348572,0.0060361275717706,0.0120604675470947,0.0210785761111365,2019-01,2.4,CORE_SUPPORTED,0.0231207332633587,0.248047367842924,True,False,1,2,0.008048199826914182,0.12203790635360079,True,False,0.014084588482188964,0.15081689318852054,True,False,0.023120733263358728,0.24804736784292403,True,False,111,3M,NONE,False,False,False
SP500,S&P 500 cash index monthly average,PAUSE_START,T10_2022,B07,2023-09-20,1.0,0.0510824529652094,0.1600081714360588,0.2611191649159754,0.0133842728353223,0.0269476844299749,0.0544465535588907,2023-09,5.33,CORE_SUPPORTED,0.0591300536676147,0.1907122836793287,True,False,1,2,0.017885387980499212,0.03261375531735822,True,False,0.03150904372831809,0.12457392253517185,True,False,0.0591300536676147,0.1907122836793287,True,False,111,3M,NONE,False,False,False
SP500,S&P 500 cash index monthly average,FIRST_CUT,T01_1983,B01,1983-08-17,0.5,-0.0103027041244254,-0.0581038598916483,-0.0151549224674196,0.0237388427197475,0.048347262739006,0.1059325427340327,1983-08,9.56,CORE_SUPPORTED,0.1147431386578139,-0.1165273475301538,False,False,1,3,0.031894628833414984,-0.040893063864035795,False,False,0.05669909593216005,-0.10864299616205852,False,False,0.11474313865781394,-0.11652734753015381,False,False,000,NONE,12M,False,False,False
SP500,S&P 500 cash index monthly average,FIRST_CUT,T02_1984,B01,1984-09-20,0.5,0.0003596369585747,0.0912239972388213,0.1203309611084308,0.0233394375819837,0.0451774128718374,0.0872149938239381,1984-09,11.3,CORE_SUPPORTED,0.0974529350157802,0.0208464758375461,True,False,1,3,0.03297588395254736,-0.031575032390079416,False,True,0.055019500176380465,0.03431642453659678,True,False,0.09745293501578023,0.020846475837546175,True,False,011,6M,3M,True,False,False
SP500,S&P 500 cash index monthly average,FIRST_CUT,T03_1987,B02,1987-07-02,0.3333333333333333,-0.0704084891839211,-0.1689126558508755,-0.1072869907721889,0.0178022957128103,0.0351147115054031,0.0722137253577195,1987-07,6.58,CORE_SUPPORTED,0.0780930306184308,-0.1719517853522154,False,False,1,3,0.02338324496763544,-0.09164869037358792,False,False,0.04079059050682443,-0.20148457170004075,False,False,0.07809303061843087,-0.17195178535221545,False,False,000,NONE,12M,False,False,False
SP500,S&P 500 cash index monthly average,FIRST_CUT,T04_1987,B02,1987-11-04,0.3333333333333333,-0.0786542357629993,-0.0858078571841305,-0.0326230386795571,0.0169164126174299,0.0344168789444481,0.0765847773626859,1987-11,6.69,CORE_SUPPORTED,0.082586737496483,-0.1064208272516495,False,False,1,3,0.02258572161777228,-0.09900388323494869,False,False,0.04018375304456345,-0.12112437813023236,False,False,0.08258673749648304,-0.10642082725164959,False,False,000,NONE,12M,False,False,False
SP500,S&P 500 cash index monthly average,FIRST_CUT,T05_1988,B02,1989-06-06,0.3333333333333333,0.1063915579030423,0.1103494427207856,0.1479841585067856,0.0228795798257945,0.0450650935032335,0.0888885029607935,1989-06,9.53,CORE_SUPPORTED,0.0975360924884738,0.0459648355653885,True,False,1,3,0.031002948488911164,0.07312162348771589,True,False,0.0533646521208051,0.054097876253251354,True,False,0.09753609248847384,0.04596483556538855,True,False,111,3M,NONE,False,False,False
SP500,S&P 500 cash index monthly average,FIRST_CUT,T06_1994,B03,1995-07-06,1.0,0.080770868849396,0.1391774400520478,0.1941514353281228,0.0144826552176149,0.0288966603979246,0.0563489339180411,1995-07,5.85,CORE_SUPPORTED,0.0614986349708917,0.1249674714474491,True,False,1,3,0.019428258161800827,0.0601735435490145,True,False,0.033912531617364516,0.10181219901650262,True,False,0.0614986349708917,0.12496747144744913,True,False,111,3M,NONE,False,False,False
SP500,S&P 500 cash index monthly average,FIRST_CUT,T07_1999,B04,2001-01-03,1.0,-0.1060104978967459,-0.0950313126533579,-0.1432997573297205,0.0130624220258928,0.0231851388049435,0.035903877751156,2001-01,5.98,CORE_SUPPORTED,0.0410661320752825,-0.1770933504843581,False,False,1,3,0.018110849762321912,-0.12191339252306754,False,False,0.028284011413321597,-0.11992340899785969,False,False,0.041066132075282535,-0.17709335048435815,False,False,000,NONE,12M,False,False,False
SP500,S&P 500 cash index monthly average,FIRST_CUT,T08_2004,B05,2007-09-18,1.0,0.0169161641465525,-0.0946461989454062,-0.1633379162485054,0.0112810001364211,0.0193343351740002,0.029634890038974,2007-09,4.94,CORE_SUPPORTED,0.0338735536696346,-0.1907500866214798,False,False,1,3,0.01544410692031617,0.001449668392582204,True,False,0.023530594853800046,-0.11545995243658191,False,False,0.033873553669634626,-0.19075008662147985,False,False,100,3M,12M,False,True,False
SP500,S&P 500 cash index monthly average,FIRST_CUT,T09_2015,B06,2019-07-31,1.0,0.0302782674307569,0.1342611052178108,0.1098390609875281,0.0050070540699402,0.0089106420547167,0.0110175780501742,2019-07,2.4,CORE_SUPPORTED,0.0130396132062746,0.0955534675242193,True,False,1,3,0.007017068178080121,0.02309911121443209,True,False,0.010928463338826244,0.12199937616916023,True,False,0.01303961320627467,0.09555346752421934,True,False,111,3M,NONE,False,False,False
SP500,S&P 500 cash index monthly average,FIRST_CUT,T10_2022,B07,2024-09-18,1.0,0.0972386106741245,0.0375612841760673,0.2018547277797222,0.0116646198370107,0.022655452706324,0.0449052347503553,2024-09,5.13,CORE_SUPPORTED,0.0493722046289131,0.1453083305219915,True,False,1,3,0.015989486086813942,0.0799704383755484,True,False,0.02702730476664361,0.010256766651220772,True,False,0.04937220462891312,0.14530833052199155,True,False,111,3M,NONE,False,False,False
NASDAQ,Nasdaq Composite monthly average,FIRST_HIKE,T01_1983,B01,1983-03-31,0.5,0.247172772511357,0.1730526134044245,-0.0187786093222968,0.0221735444819659,0.0465339378224709,0.0975530110675242,1983-03,8.77,CORE_SUPPORTED,0.1055742943234092,-0.1124781068845379,False,False,2,0,0.029643929469554964,0.21126608608654363,True,False,0.05418235668472349,0.11276062055670688,True,False,0.10557429432340926,-0.11247810688453797,False,False,110,3M,12M,False,True,True
NASDAQ,Nasdaq Composite monthly average,FIRST_HIKE,T02_1984,B01,1984-03-29,0.5,-0.0623866027631556,-0.0093627734093385,0.1038190574840514,0.0266261014494879,0.0561410455764717,0.1038547656433739,1984-03,9.91,CORE_SUPPORTED,0.1129707662496453,-0.008222775514969,False,True,2,0,0.03510432200395819,-0.09418463694400547,False,False,0.06486301037785736,-0.06970453763893769,False,False,0.1129707662496453,-0.008222775514969083,False,True,000,NONE,12M,False,False,False
NASDAQ,Nasdaq Composite monthly average,FIRST_HIKE,T03_1987,B02,1987-01-05,0.3333333333333333,0.1911692895572809,0.2087376589180447,-0.0440727587544999,0.0155758214371988,0.0327333439969539,0.0689974774334174,1987-01,6.43,CORE_SUPPORTED,0.0747255222499982,-0.1105382523677183,False,False,2,0,0.021017615213733132,0.16664910752585738,True,False,0.03826707349853753,0.16418760622456285,True,False,0.07472552224999829,-0.1105382523677183,False,False,110,3M,12M,False,True,True
NASDAQ,Nasdaq Composite monthly average,FIRST_HIKE,T04_1987,B02,1987-08-27,0.3333333333333333,-0.2569978226665182,-0.1758219566334504,-0.115150376052418,0.0177694651652773,0.0349864733874343,0.0733481732067407,1987-08,6.73,CORE_SUPPORTED,0.0793678675448086,-0.1802149660427531,False,False,2,0,0.023477455582412654,-0.27404148153837504,False,False,0.04079102252568223,-0.20812341235753462,False,False,0.07936786754480862,-0.1802149660427531,False,False,000,NONE,12M,False,False,False
NASDAQ,Nasdaq Composite monthly average,FIRST_HIKE,T05_1988,B02,1988-03-30,0.3333333333333333,0.09164545922489,0.080827049948432,0.1425934562979289,0.0179960790920346,0.0384552104919126,0.0858297630790456,1988-03,6.58,CORE_SUPPORTED,0.0917837296132624,0.0465382706359478,True,False,2,0,0.023578090925722606,0.06649943849189599,True,False,0.04414940656277655,0.035126815334209915,True,False,0.09178372961326242,0.04653827063594784,True,False,111,3M,NONE,False,False,False
NASDAQ,Nasdaq Composite monthly average,FIRST_HIKE,T06_1994,B03,1994-02-04,1.0,-0.0761699411357214,-0.0620750143064685,-0.0044745212564814,0.0091122682390833,0.0200637664182903,0.0472948037647049,1994-02,3.25,CORE_SUPPORTED,0.0501312271915677,-0.0519989759699697,False,False,2,0,0.011845280632230892,-0.08698486167070696,False,False,0.022826439119006503,-0.08300670590662818,False,False,0.05013122719156771,-0.05199897596996972,False,False,000,NONE,12M,False,False,False
NASDAQ,Nasdaq Composite monthly average,FIRST_HIKE,T07_1999,B04,1999-06-30,1.0,0.1175484575375922,0.4884526301945342,0.5384400662191153,0.012796510109492,0.0262888709872932,0.0573356608346271,1999-06,4.76,CORE_SUPPORTED,0.0615297589559378,0.4492670160582594,True,False,2,0,0.0168139362662596,0.09906878503379857,True,False,0.030359816842209453,0.4445949908608262,True,False,0.06152975895593782,0.44926701605825947,True,False,111,3M,NONE,False,False,False
NASDAQ,Nasdaq Composite monthly average,FIRST_HIKE,T08_2004,B05,2004-06-30,1.0,-0.0235657503931674,0.1136213217610782,0.074528930265395,0.0035858433717013,0.0084854936873182,0.0222051111685028,2004-06,1.03,CORE_SUPPORTED,0.0230825038889226,0.0502857063637733,True,False,2,0,0.004447254553928692,-0.027888975573472585,False,False,0.009351110402733287,0.10330420235703786,True,False,0.023082503888922634,0.050285706363773386,True,False,011,6M,3M,True,False,False
NASDAQ,Nasdaq Composite monthly average,FIRST_HIKE,T09_2015,B06,2015-12-16,1.0,-0.0645406640503548,-0.0445203922026139,0.0650484365574801,0.0009005480974288,0.0018251319801412,0.0039373561976299,2015-12,0.24,CORE_SUPPORTED,0.0041381436688694,0.0606592760893036,True,False,2,0,0.0011007282070483182,-0.06556921836922991,False,False,0.0020254970065372024,-0.046451801224822065,False,False,0.004138143668869443,0.06065927608930366,True,False,001,12M,6M,True,False,False
NASDAQ,Nasdaq Composite monthly average,FIRST_HIKE,T10_2022,B07,2022-03-16,1.0,-0.1784198739848299,-0.1795760263415237,-0.162722529617447,0.0019181621990038,0.0074058318426895,0.0281601509892475,2022-03,0.2,CORE_SUPPORTED,0.0283315110144124,-0.1857903201307051,False,False,2,0,0.0020851485593702535,-0.1801294259312195,False,False,0.0075737328146632255,-0.18574299136737416,False,False,0.028331511014412447,-0.18579032013070518,False,False,000,NONE,12M,False,False,False
NASDAQ,Nasdaq Composite monthly average,LAST_HIKE,T01_1983,B01,1983-08-11,0.5,-0.1184057063194281,-0.1952188273108632,-0.2080011422028835,0.0237388427197475,0.048347262739006,0.1059325427340327,1983-08,9.56,CORE_SUPPORTED,0.1147431386578139,-0.2895234513390158,False,False,2,1,0.031894628833414984,-0.14565473155215636,False,False,0.05669909593216005,-0.23840081269379299,False,False,0.11474313865781394,-0.2895234513390158,False,False,000,NONE,12M,False,False,False
NASDAQ,Nasdaq Composite monthly average,LAST_HIKE,T02_1984,B01,1984-08-09,0.5,0.0602153886502965,0.228555819358579,0.2833149049422858,0.0258131838584141,0.0475342059818171,0.0902584339865293,1984-08,11.64,CORE_SUPPORTED,0.1008339407961986,0.1657661136557111,True,False,2,1,0.03576357174184075,0.023607527408340045,True,False,0.0576952877798409,0.1615404110737635,True,False,0.10083394079619867,0.16576611365571114,True,False,111,3M,NONE,False,False,False
NASDAQ,Nasdaq Composite monthly average,LAST_HIKE,T03_1987,B02,1987-05-22,0.3333333333333333,0.0605843526841025,-0.2460393998783536,-0.1203734991327071,0.0167927231081659,0.0348605859817439,0.0704772574938583,1987-05,6.85,CORE_SUPPORTED,0.0765878985053858,-0.1829496671024559,False,False,2,1,0.022596914902575094,0.03714800741907842,True,False,0.0407679151600564,-0.275572787036102,False,False,0.07658789850538583,-0.18294966710245597,False,False,100,3M,12M,False,True,False
NASDAQ,Nasdaq Composite monthly average,LAST_HIKE,T04_1987,B02,1987-09-24,0.3333333333333333,-0.2985083157554079,-0.1624535992638679,-0.1477037153465136,0.0173929023752199,0.0344373285157848,0.0742168337245512,1987-09,7.22,CORE_SUPPORTED,0.0806800383407937,-0.2113333693457991,False,False,2,1,0.023514216337844118,-0.3146243862107315,False,False,0.040661193109021276,-0.1951785977202386,False,False,0.08068003834079374,-0.21133336934579916,False,False,000,NONE,12M,False,False,False
NASDAQ,Nasdaq Composite monthly average,LAST_HIKE,T05_1988,B02,1989-05-17,0.3333333333333333,0.1071556255530807,0.0900609950306685,0.0610557423781117,0.0233102139555005,0.0459968415724922,0.0900071707363823,1989-05,9.81,CORE_SUPPORTED,0.0989179793571521,-0.0344541063939906,False,True,2,1,0.031675774954586844,0.07316237565219219,True,False,0.05454786575234749,0.03367616628097281,True,False,0.09891797935715219,-0.0344541063939906,False,True,110,3M,12M,False,True,True
NASDAQ,Nasdaq Composite monthly average,LAST_HIKE,T06_1994,B03,1995-02-01,1.0,0.1342282956234481,0.3318860117931832,0.4432699616666646,0.0151027462026596,0.0300539293553649,0.0593701708993066,1995-02,5.92,CORE_SUPPORTED,0.064596397075743,0.3556968308657351,True,False,2,1,0.02011058641725927,0.11186797855611208,True,False,0.03513552874018466,0.2866779033409854,True,False,0.06459639707574305,0.3556968308657351,True,False,111,3M,NONE,False,False,False
NASDAQ,Nasdaq Composite monthly average,LAST_HIKE,T07_1999,B04,2000-05-16,1.0,0.0118954197089848,-0.2091868499180887,-0.4354727350473382,0.0163968304388688,0.0330377420749607,0.0610660946140089,2000-05,6.27,CORE_SUPPORTED,0.0666101649583672,-0.4707276533646227,False,False,2,1,0.021707503877911982,-0.009603613687562351,False,True,0.03843536427730254,-0.23845703133167417,False,False,0.06661016495836725,-0.47072765336462274,False,False,000,NONE,12M,False,False,False
NASDAQ,Nasdaq Composite monthly average,LAST_HIKE,T08_2004,B05,2006-06-29,1.0,-0.0103963867665933,0.0831192682837953,0.1559333752490312,0.0131709716367036,0.0265091261964498,0.05377006302548,2006-06,4.99,CORE_SUPPORTED,0.0581519902042275,0.0924076937434399,True,False,2,1,0.01738407426042632,-0.027305775399732113,False,False,0.03077769331288338,0.050778723007371296,True,False,0.058151990204227566,0.09240769374343993,True,False,011,6M,3M,True,False,False
NASDAQ,Nasdaq Composite monthly average,LAST_HIKE,T09_2015,B06,2018-12-19,1.0,0.0543505821455194,0.0814498257442812,0.2131692429426581,0.006016326296774,0.0120580239068979,0.0218003584453352,2018-12,2.27,CORE_SUPPORTED,0.0237332641233942,0.1850442741854976,True,False,2,1,0.007919373847352196,0.04606639132347823,True,False,0.013972500335455162,0.06654749057445097,True,False,0.02373326412339427,0.18504427418549763,True,False,111,3M,NONE,False,False,False
NASDAQ,Nasdaq Composite monthly average,LAST_HIKE,T10_2022,B07,2023-07-26,1.0,-0.0196341546373217,0.1201453649904313,0.3341939697279081,0.0133842728353223,0.0269476844299749,0.0546215465560875,2023-07,5.12,CORE_SUPPORTED,0.0591212651547268,0.259717856324031,True,False,2,1,0.017708045732752975,-0.03669244880852651,False,False,0.03132932788354292,0.08611801749995185,True,False,0.05912126515472682,0.259717856324031,True,False,011,6M,3M,True,False,False
NASDAQ,Nasdaq Composite monthly average,PAUSE_START,T02_1984,B01,1984-08-21,1.0,0.0602153886502965,0.228555819358579,0.2833149049422858,0.0258131838584141,0.0475342059818171,0.0902584339865293,1984-08,11.64,CORE_SUPPORTED,0.1008339407961986,0.1657661136557111,True,False,2,2,0.03576357174184075,0.023607527408340045,True,False,0.0576952877798409,0.1615404110737635,True,False,0.10083394079619867,0.16576611365571114,True,False,111,3M,NONE,False,False,False
NASDAQ,Nasdaq Composite monthly average,PAUSE_START,T04_1987,B02,1987-11-03,1.0,-0.0817435115296807,-0.0342099976176928,-0.0315857497336345,0.0169164126174299,0.0344168789444481,0.0765847773626859,1987-11,6.69,CORE_SUPPORTED,0.082586737496483,-0.1054626694339014,False,False,2,2,0.02258572161777228,-0.10202492655813722,False,False,0.04018375304456345,-0.07151981603683932,False,False,0.08258673749648304,-0.10546266943390148,False,False,000,NONE,12M,False,False,False
NASDAQ,Nasdaq Composite monthly average,PAUSE_START,T06_1994,B03,1995-03-28,1.0,0.1552983757306663,0.3401446784464819,0.393249527992153,0.0151236898145394,0.0299072036389227,0.0587884211992624,1995-03,5.98,CORE_SUPPORTED,0.064064716831572,0.3093654041464537,True,False,2,2,0.020182389535448708,0.13244297057190346,True,False,0.03503957453705664,0.29477626886478236,True,False,0.064064716831572,0.30936540414645375,True,False,111,3M,NONE,False,False,False
NASDAQ,Nasdaq Composite monthly average,PAUSE_START,T07_1999,B04,2000-06-28,1.0,0.0984592239862405,-0.2467421971507437,-0.4014162821525175,0.0163872830757771,0.0329297955747149,0.0588159075505039,2000-06,6.53,CORE_SUPPORTED,0.0645776307807577,-0.4377265682273606,False,False,2,2,0.021918123874514528,0.07489944480241428,True,False,0.03855065521230072,-0.2747028764858127,False,False,0.06457763078075773,-0.43772656822736067,False,False,100,3M,12M,False,True,False
NASDAQ,Nasdaq Composite monthly average,PAUSE_START,T08_2004,B05,2006-08-08,1.0,0.1545831371040511,0.1886948975719413,0.21728001440517,0.0131787181961524,0.0265310174789417,0.0535943494913566,2006-08,5.25,CORE_SUPPORTED,0.0582038247703813,0.1503266061897918,True,False,2,2,0.017611375088260717,0.1346012489334747,True,False,0.031022090680412173,0.15292864073113566,True,False,0.05820382477038133,0.15032660618979188,True,False,111,3M,NONE,False,False,False
NASDAQ,Nasdaq Composite monthly average,PAUSE_START,T09_2015,B06,2019-01-30,1.0,0.1730300472352317,0.2041748641509095,0.3549991832365704,0.0060361275717706,0.0120604675470947,0.0210785761111365,2019-01,2.4,CORE_SUPPORTED,0.0231207332633587,0.3243785793634033,True,False,2,2,0.008048199826914182,0.16366464166757666,True,False,0.014084588482188964,0.18745011789720079,True,False,0.023120733263358728,0.3243785793634033,True,False,111,3M,NONE,False,False,False
NASDAQ,Nasdaq Composite monthly average,PAUSE_START,T10_2022,B07,2023-09-20,1.0,0.0692162537947564,0.1802685399964978,0.2809224830148513,0.0133842728353223,0.0269476844299749,0.0544465535588907,2023-09,5.33,CORE_SUPPORTED,0.0591300536676147,0.2094100045402369,True,False,2,2,0.017885387980499212,0.0504289249265073,True,False,0.03150904372831809,0.14421540671180044,True,False,0.0591300536676147,0.20941000454023695,True,False,111,3M,NONE,False,False,False
NASDAQ,Nasdaq Composite monthly average,FIRST_CUT,T01_1983,B01,1983-08-17,0.5,-0.1184057063194281,-0.1952188273108632,-0.2080011422028835,0.0237388427197475,0.048347262739006,0.1059325427340327,1983-08,9.56,CORE_SUPPORTED,0.1147431386578139,-0.2895234513390158,False,False,2,3,0.031894628833414984,-0.14565473155215636,False,False,0.05669909593216005,-0.23840081269379299,False,False,0.11474313865781394,-0.2895234513390158,False,False,000,NONE,12M,False,False,False
NASDAQ,Nasdaq Composite monthly average,FIRST_CUT,T02_1984,B01,1984-09-20,0.5,-0.0336897095499101,0.1216339351668529,0.1501404371650632,0.0233394375819837,0.0451774128718374,0.0872149938239381,1984-09,11.3,CORE_SUPPORTED,0.0974529350157802,0.0480088944757575,True,False,2,3,0.03297588395254736,-0.06453741518860079,False,False,0.055019500176380465,0.06314047747869656,True,False,0.09745293501578023,0.04800889447575751,True,False,011,6M,3M,True,False,False
NASDAQ,Nasdaq Composite monthly average,FIRST_CUT,T03_1987,B02,1987-07-02,0.3333333333333333,-0.0912028459519102,-0.1992393772978261,-0.0762207243402482,0.0178022957128103,0.0351147115054031,0.0722137253577195,1987-07,6.58,CORE_SUPPORTED,0.0780930306184308,-0.1431358431750174,False,False,2,3,0.02338324496763544,-0.11196791767210279,False,False,0.04079059050682443,-0.23062273044548298,False,False,0.07809303061843087,-0.14313584317501749,False,False,000,NONE,12M,False,False,False
NASDAQ,Nasdaq Composite monthly average,FIRST_CUT,T04_1987,B02,1987-11-04,0.3333333333333333,-0.0817435115296807,-0.0342099976176928,-0.0315857497336345,0.0169164126174299,0.0344168789444481,0.0765847773626859,1987-11,6.69,CORE_SUPPORTED,0.082586737496483,-0.1054626694339014,False,False,2,3,0.02258572161777228,-0.10202492655813722,False,False,0.04018375304456345,-0.07151981603683932,False,False,0.08258673749648304,-0.10546266943390148,False,False,000,NONE,12M,False,False,False
NASDAQ,Nasdaq Composite monthly average,FIRST_CUT,T05_1988,B02,1989-06-06,0.3333333333333333,0.0763436667587587,0.0298658757174059,0.0603518810736396,0.0228795798257945,0.0450650935032335,0.0888885029607935,1989-06,9.53,CORE_SUPPORTED,0.0975360924884738,-0.0338797162747744,False,True,2,3,0.031002948488911164,0.043977292534712165,True,False,0.0533646521208051,-0.02230830164662123,False,True,0.09753609248847384,-0.033879716274774485,False,True,100,3M,12M,False,True,False
NASDAQ,Nasdaq Composite monthly average,FIRST_CUT,T06_1994,B03,1995-07-06,1.0,0.1281426875729325,0.1312421047139436,0.2202753454360104,0.0144826552176149,0.0288966603979246,0.0563489339180411,1995-07,5.85,CORE_SUPPORTED,0.0614986349708917,0.1495778753116086,True,False,2,3,0.019428258161800827,0.10664255041071935,True,False,0.033912531617364516,0.09413714421695318,True,False,0.0614986349708917,0.1495778753116086,True,False,111,3M,NONE,False,False,False
NASDAQ,Nasdaq Composite monthly average,FIRST_CUT,T07_1999,B04,2001-01-03,1.0,-0.2723596422991508,-0.2347156175048149,-0.2562408784576868,0.0130624220258928,0.0231851388049435,0.035903877751156,2001-01,5.98,CORE_SUPPORTED,0.0410661320752825,-0.2855793703905356,False,False,2,3,0.018110849762321912,-0.28530340495760653,False,False,0.028284011413321597,-0.2557655530952557,False,False,0.041066132075282535,-0.2855793703905356,False,False,000,NONE,12M,False,False,False
NASDAQ,Nasdaq Composite monthly average,FIRST_CUT,T08_2004,B05,2007-09-18,1.0,0.0480605895001187,-0.1121011387560741,-0.1314592525625789,0.0112810001364211,0.0193343351740002,0.029634890038974,2007-09,4.94,CORE_SUPPORTED,0.0338735536696346,-0.1599158868561639,False,False,2,3,0.01544410692031617,0.03212041151011569,True,False,0.023530594853800046,-0.13251360955091684,False,False,0.033873553669634626,-0.15991588685616398,False,False,100,3M,12M,False,True,False
NASDAQ,Nasdaq Composite monthly average,FIRST_CUT,T09_2015,B06,2019-07-31,1.0,0.0324345080644441,0.1799128362706294,0.3417567873364013,0.0050070540699402,0.0089106420547167,0.0110175780501742,2019-07,2.4,CORE_SUPPORTED,0.0130396132062746,0.3244860021709668,True,False,2,3,0.007017068178080121,0.025240326792424606,True,False,0.010928463338826244,0.167157597258359,True,False,0.01303961320627467,0.3244860021709668,True,False,111,3M,NONE,False,False,False
NASDAQ,Nasdaq Composite monthly average,FIRST_CUT,T10_2022,B07,2024-09-18,1.0,0.1428223769907444,0.0324153837249099,0.2849341507528564,0.0116646198370107,0.022655452706324,0.0449052347503553,2024-09,5.13,CORE_SUPPORTED,0.0493722046289131,0.2244789266237945,True,False,2,3,0.015989486086813942,0.12483681439700733,True,False,0.02702730476664361,0.0052462859879762735,True,False,0.04937220462891312,0.22447892662379454,True,False,111,3M,NONE,False,False,False
WTI,WTI spot monthly average,FIRST_HIKE,T03_1987,B02,1987-01-05,0.3333333333333333,0.1719324038588607,0.3413869433064622,0.0752626536275935,0.0155758214371988,0.0327333439969539,0.0689974774334174,1987-01,6.43,CORE_SUPPORTED,0.0747255222499982,0.0004997847045362,True,False,3,0,0.021017615213733132,0.14780821250917997,True,False,0.03826707349853753,0.29194787886948403,True,False,0.07472552224999829,0.0004997847045362658,True,False,111,3M,NONE,False,False,False
WTI,WTI spot monthly average,FIRST_HIKE,T04_1987,B02,1987-08-27,0.3333333333333333,-0.1176938555851935,-0.2140149615932292,-0.2735514876283603,0.0177694651652773,0.0349864733874343,0.0733481732067407,1987-08,6.73,CORE_SUPPORTED,0.0793678675448086,-0.3269685579726764,False,False,3,0,0.023477455582412654,-0.13793299539487391,False,False,0.04079102252568223,-0.24481954456195731,False,False,0.07936786754480862,-0.32696855797267643,False,False,000,NONE,12M,False,False,False
WTI,WTI spot monthly average,FIRST_HIKE,T05_1988,B02,1988-03-30,0.3333333333333333,-0.0136769584077571,-0.1345736002536208,0.1600632505199997,0.0179960790920346,0.0384552104919126,0.0858297630790456,1988-03,6.58,CORE_SUPPORTED,0.0917837296132624,0.0625394197172397,True,False,3,0,0.023578090925722606,-0.03639688037850264,False,False,0.04414940656277655,-0.17116612401737952,False,False,0.09178372961326242,0.06253941971723975,True,False,001,12M,6M,True,False,False
WTI,WTI spot monthly average,FIRST_HIKE,T06_1994,B03,1994-02-04,1.0,0.1981388296454278,0.2275514408279004,0.237188601558103,0.0091122682390833,0.0200637664182903,0.0472948037647049,1994-02,3.25,CORE_SUPPORTED,0.0501312271915677,0.1781276182661424,True,False,3,0,0.011845280632230892,0.18411268261961466,True,False,0.022826439119006503,0.20015614954696548,True,False,0.05013122719156771,0.17812761826614243,True,False,111,3M,NONE,False,False,False
WTI,WTI spot monthly average,FIRST_HIKE,T07_1999,B04,1999-06-30,1.0,0.3591857125015611,0.4677157487198702,0.7860354332815929,0.012796510109492,0.0262888709872932,0.0573356608346271,1999-06,4.76,CORE_SUPPORTED,0.0615297589559378,0.6825109406619358,True,False,3,0,0.0168139362662596,0.3367103498723578,True,False,0.030359816842209453,0.424469126928926,True,False,0.06152975895593782,0.6825109406619358,True,False,111,3M,NONE,False,False,False
WTI,WTI spot monthly average,FIRST_HIKE,T08_2004,B05,2004-06-30,1.0,0.1504666938240555,0.0699302763559506,0.3954981708121041,0.0035858433717013,0.0084854936873182,0.0222051111685028,2004-06,1.03,CORE_SUPPORTED,0.0230825038889226,0.3640133278670703,True,False,3,0,0.004447254553928692,0.14537292885027941,True,False,0.009351110402733287,0.06001793164823099,True,False,0.023082503888922634,0.3640133278670703,True,False,111,3M,NONE,False,False,False
WTI,WTI spot monthly average,FIRST_HIKE,T09_2015,B06,2015-12-16,1.0,-0.1153801256643859,0.1487571177511921,0.2244625488113891,0.0009005480974288,0.0018251319801412,0.0039373561976299,2015-12,0.24,CORE_SUPPORTED,0.0041381436688694,0.2194164284383317,True,False,3,0,0.0011007282070483182,-0.11635278108332736,False,False,0.0020254970065372024,0.14643501705595585,True,False,0.004138143668869443,0.21941642843833176,True,False,011,6M,3M,True,False,False
WTI,WTI spot monthly average,FIRST_HIKE,T10_2022,B07,2022-03-16,1.0,0.2531189849904744,-0.0805638650088965,-0.2003820996955088,0.0019181621990038,0.0074058318426895,0.0281601509892475,2022-03,0.2,CORE_SUPPORTED,0.0283315110144124,-0.2224123332409636,False,False,3,0,0.0020851485593702535,0.25051148277369295,True,False,0.0075737328146632255,-0.08747508490256761,False,False,0.028331511014412447,-0.22241233324096366,False,False,100,3M,12M,False,True,False
WTI,WTI spot monthly average,LAST_HIKE,T03_1987,B02,1987-05-22,0.3333333333333333,0.0879216037361676,0.0098824285599508,-0.0667325657550356,0.0167927231081659,0.0348605859817439,0.0704772574938583,1987-05,6.85,CORE_SUPPORTED,0.0765878985053858,-0.1331247215943923,False,False,3,1,0.022596914902575094,0.06388117143871508,True,False,0.0407679151600564,-0.02967567134826199,False,True,0.07658789850538583,-0.13312472159439237,False,False,100,3M,12M,False,True,False
WTI,WTI spot monthly average,LAST_HIKE,T04_1987,B02,1987-09-24,0.3333333333333333,-0.1583358732093874,-0.2006328021262493,-0.2843538661886728,0.0173929023752199,0.0344373285157848,0.0742168337245512,1987-09,7.22,CORE_SUPPORTED,0.0806800383407937,-0.3377816667085995,False,False,3,1,0.023514216337844118,-0.17767226545997084,False,False,0.040661193109021276,-0.23186604519612586,False,False,0.08068003834079374,-0.33778166670859955,False,False,000,NONE,12M,False,False,False
WTI,WTI spot monthly average,LAST_HIKE,T05_1988,B02,1989-05-17,0.3333333333333333,-0.1181356495324883,-0.0567833509446406,-0.1312671064913695,0.0233102139555005,0.0459968415724922,0.0900071707363823,1989-05,9.81,CORE_SUPPORTED,0.0989179793571521,-0.2094652104820197,False,False,3,1,0.031675774954586844,-0.145211730394338,False,False,0.05454786575234749,-0.10557246409821419,False,False,0.09891797935715219,-0.20946521048201971,False,False,000,NONE,12M,False,False,False
WTI,WTI spot monthly average,LAST_HIKE,T06_1994,B03,1995-02-01,1.0,0.0953223750970944,-0.0053484787181039,0.0576133200917103,0.0151027462026596,0.0300539293553649,0.0593701708993066,1995-02,5.92,CORE_SUPPORTED,0.064596397075743,-0.0065593655992204,False,True,3,1,0.02011058641725927,0.07372905416459519,True,False,0.03513552874018466,-0.03910986178549958,False,False,0.06459639707574305,-0.006559365599220435,False,True,100,3M,12M,False,True,False
WTI,WTI spot monthly average,LAST_HIKE,T07_1999,B04,2000-05-16,1.0,0.2159642592453803,0.3366652926628195,0.1165933864614821,0.0163968304388688,0.0330377420749607,0.0610660946140089,2000-05,6.27,CORE_SUPPORTED,0.0666101649583672,0.0468617524426704,True,False,3,1,0.021707503877911982,0.19012951811566703,True,False,0.03843536427730254,0.28719161408092986,True,False,0.06661016495836725,0.046861752442670435,True,False,111,3M,NONE,False,False,False
WTI,WTI spot monthly average,LAST_HIKE,T08_2004,B05,2006-06-29,1.0,-0.096281274944034,-0.1260332327136288,-0.0480287807283039,0.0131709716367036,0.0265091261964498,0.05377006302548,2006-06,4.99,CORE_SUPPORTED,0.0581519902042275,-0.1003454814766621,False,False,3,1,0.01738407426042632,-0.11172314574226838,False,False,0.03077769331288338,-0.15212875389505887,False,False,0.058151990204227566,-0.10034548147666211,False,False,000,NONE,12M,False,False,False
WTI,WTI spot monthly average,LAST_HIKE,T09_2015,B06,2018-12-19,1.0,0.0208542061395204,-0.0404820630754779,0.0500876292128587,0.006016326296774,0.0120580239068979,0.0218003584453352,2018-12,2.27,CORE_SUPPORTED,0.0237332641233942,0.0257433904055381,True,False,3,1,0.007919373847352196,0.012833201372838499,True,False,0.013972500335455162,-0.053704181713919885,False,False,0.02373326412339427,0.02574339040553819,True,False,101,3M,6M,False,False,True
WTI,WTI spot monthly average,LAST_HIKE,T10_2022,B07,2023-07-26,1.0,0.2191010093478216,0.0555785278028211,0.1644508547627423,0.0133842728353223,0.0269476844299749,0.0546215465560875,2023-07,5.12,CORE_SUPPORTED,0.0591212651547268,0.099449980916612,True,False,3,1,0.017708045732752975,0.19788874074397733,True,False,0.03132932788354292,0.02351256699840154,True,False,0.05912126515472682,0.09944998091661206,True,False,111,3M,NONE,False,False,False
WTI,WTI spot monthly average,PAUSE_START,T04_1987,B02,1987-11-03,1.0,-0.1540509425816665,-0.1224244168552703,-0.287499400393342,0.0169164126174299,0.0344168789444481,0.0765847773626859,1987-11,6.69,CORE_SUPPORTED,0.082586737496483,-0.3418535670829122,False,False,3,2,0.02258572161777228,-0.17273531251736274,False,False,0.04018375304456345,-0.15632638889416228,False,False,0.08258673749648304,-0.34185356708291226,False,False,000,NONE,12M,False,False,False
WTI,WTI spot monthly average,PAUSE_START,T06_1994,B03,1995-03-28,1.0,-0.0083585943879842,-0.0205608595456858,0.1633795229401728,0.0151236898145394,0.0299072036389227,0.0587884211992624,1995-03,5.98,CORE_SUPPORTED,0.064064716831572,0.0933353061497304,True,False,3,2,0.020182389535448708,-0.0279763542442929,False,False,0.03503957453705664,-0.05371817218448949,False,False,0.064064716831572,0.0933353061497304,True,False,001,12M,6M,True,False,False
WTI,WTI spot monthly average,PAUSE_START,T07_1999,B04,2000-06-28,1.0,0.1824532199404467,-0.0088573650114692,-0.0457145434704537,0.0163872830757771,0.0329297955747149,0.0588159075505039,2000-06,6.53,CORE_SUPPORTED,0.0645776307807577,-0.1036018145246236,False,False,3,2,0.021918123874514528,0.15709193556258416,True,False,0.03855065521230072,-0.045648250266693724,False,False,0.06457763078075773,-0.10360181452462369,False,False,100,3M,12M,False,True,False
WTI,WTI spot monthly average,PAUSE_START,T08_2004,B05,2006-08-08,1.0,-0.2015499413412312,-0.2005415266366391,-0.0233039252654575,0.0131787181961524,0.0265310174789417,0.0535943494913566,2006-08,5.25,CORE_SUPPORTED,0.0582038247703813,-0.0770246224100779,False,False,3,2,0.017611375088260717,-0.21536838305338646,False,False,0.031022090680412173,-0.22459617442748803,False,False,0.05820382477038133,-0.0770246224100779,False,False,000,NONE,12M,False,False,False
WTI,WTI spot monthly average,PAUSE_START,T09_2015,B06,2019-01-30,1.0,0.289555711897844,0.1582164372014161,0.1614665049111601,0.0060361275717706,0.0120604675470947,0.0210785761111365,2019-01,2.4,CORE_SUPPORTED,0.0231207332633587,0.1352193999690847,True,False,3,2,0.008048199826914182,0.2792599720125146,True,False,0.014084588482188964,0.14213000607272175,True,False,0.023120733263358728,0.13521939996908472,True,False,111,3M,NONE,False,False,False
WTI,WTI spot monthly average,PAUSE_START,T10_2022,B07,2023-09-20,1.0,-0.1165566168771501,-0.001328076586106,-0.1370023719469195,0.0133842728353223,0.0269476844299749,0.0544465535588907,2023-09,5.33,CORE_SUPPORTED,0.0591300536676147,-0.1851825702947017,False,False,3,2,0.017885387980499212,-0.13207970803509073,False,False,0.03150904372831809,-0.03183405954031837,False,False,0.0591300536676147,-0.18518257029470175,False,False,000,NONE,12M,False,False,False
WTI,WTI spot monthly average,FIRST_CUT,T03_1987,B02,1987-07-02,0.3333333333333333,-0.0121508712448332,-0.1477224668507599,-0.2289225564096823,0.0178022957128103,0.0351147115054031,0.0722137253577195,1987-07,6.58,CORE_SUPPORTED,0.0780930306184308,-0.2847765251316007,False,False,3,3,0.02338324496763544,-0.03472219853823422,False,False,0.04079059050682443,-0.1811248670741593,False,False,0.07809303061843087,-0.2847765251316007,False,False,000,NONE,12M,False,False,False
WTI,WTI spot monthly average,FIRST_CUT,T04_1987,B02,1987-11-04,0.3333333333333333,-0.1540509425816665,-0.1224244168552703,-0.287499400393342,0.0169164126174299,0.0344168789444481,0.0765847773626859,1987-11,6.69,CORE_SUPPORTED,0.082586737496483,-0.3418535670829122,False,False,3,3,0.02258572161777228,-0.17273531251736274,False,False,0.04018375304456345,-0.15632638889416228,False,False,0.08258673749648304,-0.34185356708291226,False,False,000,NONE,12M,False,False,False
WTI,WTI spot monthly average,FIRST_CUT,T05_1988,B02,1989-06-06,0.3333333333333333,-0.0259924314381774,0.0480180731352557,-0.1693535707285762,0.0228795798257945,0.0450650935032335,0.0888885029607935,1989-06,9.53,CORE_SUPPORTED,0.0975360924884738,-0.2431716506123491,False,False,3,3,0.031002948488911164,-0.05528149071796917,False,False,0.0533646521208051,-0.0050757152091488456,False,True,0.09753609248847384,-0.24317165061234913,False,False,000,NONE,12M,False,False,False
WTI,WTI spot monthly average,FIRST_CUT,T06_1994,B03,1995-07-06,1.0,-0.0521373409724642,0.0287788101254793,0.1699978657905629,0.0144826552176149,0.0288966603979246,0.0563489339180411,1995-07,5.85,CORE_SUPPORTED,0.0614986349708917,0.1022132551518981,True,False,3,3,0.019428258161800827,-0.0702017023378474,False,False,0.033912531617364516,-0.004965334431002999,False,True,0.0614986349708917,0.10221325515189816,True,False,001,12M,6M,True,False,False
WTI,WTI spot monthly average,FIRST_CUT,T07_1999,B04,2001-01-03,1.0,-0.0373649398134834,-0.0722203963134902,-0.3147159114251674,0.0130624220258928,0.0231851388049435,0.035903877751156,2001-01,5.98,CORE_SUPPORTED,0.0410661320752825,-0.3417477838715459,False,False,3,3,0.018110849762321912,-0.054488948417312444,False,False,0.028284011413321597,-0.09773993041929518,False,False,0.041066132075282535,-0.3417477838715459,False,False,000,NONE,12M,False,False,False
WTI,WTI spot monthly average,FIRST_CUT,T08_2004,B05,2007-09-18,1.0,0.2671636051172041,0.4574309423803773,0.4389153710985953,0.0112810001364211,0.0193343351740002,0.029634890038974,2007-09,4.94,CORE_SUPPORTED,0.0338735536696346,0.3917711368003407,True,False,3,3,0.01544410692031617,0.24789104243296456,True,False,0.023530594853800046,0.4239251368822592,True,False,0.033873553669634626,0.3917711368003407,True,False,111,3M,NONE,False,False,False
WTI,WTI spot monthly average,FIRST_CUT,T09_2015,B06,2019-07-31,1.0,-0.0127056034714199,0.0523541621744063,-0.2551716681982429,0.0050070540699402,0.0089106420547167,0.0110175780501742,2019-07,2.4,CORE_SUPPORTED,0.0130396132062746,-0.264758927398335,False,False,3,3,0.007017068178080121,-0.019585240680361826,False,False,0.010928463338826244,0.04097787364573957,True,False,0.01303961320627467,-0.26475892739833506,False,False,010,6M,12M,False,True,True
WTI,WTI spot monthly average,FIRST_CUT,T10_2022,B07,2024-09-18,1.0,-0.0856131217357751,-0.1101171599680813,-0.1659312237369533,0.0116646198370107,0.022655452706324,0.0449052347503553,2024-09,5.13,CORE_SUPPORTED,0.0493722046289131,-0.2051735575005091,False,False,3,3,0.015989486086813942,-0.1000036016257626,False,False,0.02702730476664361,-0.13353536376122555,False,False,0.04937220462891312,-0.20517355750050914,False,False,000,NONE,12M,False,False,False
DXY,U.S. Dollar Index market proxy,FIRST_HIKE,T01_1983,B01,1983-03-31,0.5,0.0455770676452917,0.0838343054119667,0.0699320151303661,0.0221735444819659,0.0465339378224709,0.0975530110675242,1983-03,8.77,CORE_SUPPORTED,0.1055742943234092,-0.0322387010769416,False,True,4,0,0.029643929469554964,0.015474415688484733,True,False,0.05418235668472349,0.028127912157906998,True,False,0.10557429432340926,-0.0322387010769416,False,True,110,3M,12M,False,True,True
DXY,U.S. Dollar Index market proxy,FIRST_HIKE,T02_1984,B01,1984-03-29,0.5,0.0194517119348132,0.1059608771852873,0.2011369671933573,0.0266261014494879,0.0561410455764717,0.1038547656433739,1984-03,9.91,CORE_SUPPORTED,0.1129707662496453,0.0792169961847282,True,False,4,0,0.03510432200395819,-0.015121770565928672,False,True,0.06486301037785736,0.03859451066184261,True,False,0.1129707662496453,0.07921699618472822,True,False,011,6M,3M,True,False,False
DXY,U.S. Dollar Index market proxy,FIRST_HIKE,T03_1987,B02,1987-01-05,0.3333333333333333,-0.0890936504577308,-0.0672623976343667,-0.1627308692492949,0.0155758214371988,0.0327333439969539,0.0689974774334174,1987-01,6.43,CORE_SUPPORTED,0.0747255222499982,-0.2209460802625817,False,False,4,0,0.021017615213733132,-0.1078446287612912,False,False,0.03826707349853753,-0.10164000556938868,False,False,0.07472552224999829,-0.22094608026258178,False,False,000,NONE,12M,False,False,False
DXY,U.S. Dollar Index market proxy,FIRST_HIKE,T04_1987,B02,1987-08-27,0.3333333333333333,-0.0799330200507467,-0.0826341628662361,-0.0110346436361115,0.0177694651652773,0.0349864733874343,0.0733481732067407,1987-08,6.73,CORE_SUPPORTED,0.0793678675448086,-0.0837550513584908,False,False,4,0,0.023477455582412654,-0.101038352207097,False,False,0.04079102252568223,-0.11858786511475006,False,False,0.07936786754480862,-0.08375505135849082,False,False,000,NONE,12M,False,False,False
DXY,U.S. Dollar Index market proxy,FIRST_HIKE,T05_1988,B02,1988-03-30,0.3333333333333333,0.0157299801537917,0.0735297881431955,0.0643204445234653,0.0179960790920346,0.0384552104919126,0.0858297630790456,1988-03,6.58,CORE_SUPPORTED,0.0917837296132624,-0.0251545103163657,False,True,4,0,0.023578090925722606,-0.0076673297733766965,False,True,0.04414940656277655,0.02813810111441417,True,False,0.09178372961326242,-0.02515451031636573,False,True,010,6M,12M,False,True,True
DXY,U.S. Dollar Index market proxy,FIRST_HIKE,T06_1994,B03,1994-02-04,1.0,-0.0388545054310689,-0.07580039928128,-0.096564810091368,0.0091122682390833,0.0200637664182903,0.0472948037647049,1994-02,3.25,CORE_SUPPORTED,0.0501312271915677,-0.1396930531008531,False,False,4,0,0.011845280632230892,-0.05010626331292578,False,False,0.022826439119006503,-0.09642578117675271,False,False,0.05013122719156771,-0.13969305310085312,False,False,000,NONE,12M,False,False,False
DXY,U.S. Dollar Index market proxy,FIRST_HIKE,T07_1999,B04,1999-06-30,1.0,-0.0107629978826356,0.0081520447677843,0.0611374587017063,0.012796510109492,0.0262888709872932,0.0573356608346271,1999-06,4.76,CORE_SUPPORTED,0.0615297589559378,-0.0003695612402022,False,True,4,0,0.0168139362662596,-0.027120924650342326,False,False,0.030359816842209453,-0.02155341436206848,False,True,0.06152975895593782,-0.0003695612402022652,False,True,000,NONE,12M,False,False,False
DXY,U.S. Dollar Index market proxy,FIRST_HIKE,T08_2004,B05,2004-06-30,1.0,-0.0209118185904381,-0.0991713789038302,-0.0232661529744424,0.0035858433717013,0.0084854936873182,0.0222051111685028,2004-06,1.03,CORE_SUPPORTED,0.0230825038889226,-0.0453029513134917,False,False,4,0,0.004447254553928692,-0.025246794223782953,False,False,0.009351110402733287,-0.10751708517293135,False,False,0.023082503888922634,-0.04530295131349171,False,False,000,NONE,12M,False,False,False
DXY,U.S. Dollar Index market proxy,FIRST_HIKE,T09_2015,B06,2015-12-16,1.0,-0.0280053667224473,-0.0440330845718994,0.0300943318593793,0.0009005480974288,0.0018251319801412,0.0039373561976299,2015-12,0.24,CORE_SUPPORTED,0.0041381436688694,0.0258492204027551,True,False,4,0,0.0011007282070483182,-0.029074092256055062,False,False,0.0020254970065372024,-0.045965478639049095,False,False,0.004138143668869443,0.02584922040275517,True,False,001,12M,6M,True,False,False
DXY,U.S. Dollar Index market proxy,FIRST_HIKE,T10_2022,B07,2022-03-16,1.0,0.0817468927801257,0.1536143306620481,0.0809458782400336,0.0019181621990038,0.0074058318426895,0.0281601509892475,2022-03,0.2,CORE_SUPPORTED,0.0283315110144124,0.051164791375224,True,False,4,0,0.0020851485593702535,0.07949598328573138,True,False,0.0075737328146632255,0.14494283950755604,True,False,0.028331511014412447,0.051164791375224006,True,False,111,3M,NONE,False,False,False
DXY,U.S. Dollar Index market proxy,LAST_HIKE,T01_1983,B01,1983-08-11,0.5,0.028776517512097,0.0406853408673899,0.1073255807055928,0.0237388427197475,0.048347262739006,0.1059325427340327,1983-08,9.56,CORE_SUPPORTED,0.1147431386578139,-0.006654051229373,False,True,4,1,0.031894628833414984,-0.0030217342296305905,False,True,0.05669909593216005,-0.015154508153187751,False,True,0.11474313865781394,-0.006654051229373015,False,True,000,NONE,12M,False,False,False
DXY,U.S. Dollar Index market proxy,LAST_HIKE,T02_1984,B01,1984-08-09,0.5,0.0404954777375332,0.1377020069474139,-0.0125548033710372,0.0258131838584141,0.0475342059818171,0.0902584339865293,1984-08,11.64,CORE_SUPPORTED,0.1008339407961986,-0.1030025873704669,False,False,4,1,0.03576357174184075,0.004568519423534978,True,False,0.0576952877798409,0.07564250317831278,True,False,0.10083394079619867,-0.10300258737046697,False,False,110,3M,12M,False,True,True
DXY,U.S. Dollar Index market proxy,LAST_HIKE,T03_1987,B02,1987-05-22,0.3333333333333333,0.0252807833596422,-0.0578822188198688,-0.0745292906480552,0.0167927231081659,0.0348605859817439,0.0704772574938583,1987-05,6.85,CORE_SUPPORTED,0.0765878985053858,-0.1403667915673538,False,False,4,1,0.022596914902575094,0.0026245614649862414,True,False,0.0407679151600564,-0.09478591004100478,False,False,0.07658789850538583,-0.14036679156735388,False,False,100,3M,12M,False,True,False
DXY,U.S. Dollar Index market proxy,LAST_HIKE,T04_1987,B02,1987-09-24,0.3333333333333333,-0.1085293996824426,-0.0982351543571261,-0.0164428476125531,0.0173929023752199,0.0344373285157848,0.0742168337245512,1987-09,7.22,CORE_SUPPORTED,0.0806800383407937,-0.0898720088347917,False,False,4,1,0.023514216337844118,-0.12901004589144016,False,False,0.040661193109021276,-0.1334693254498982,False,False,0.08068003834079374,-0.08987200883479174,False,False,000,NONE,12M,False,False,False
DXY,U.S. Dollar Index market proxy,LAST_HIKE,T05_1988,B02,1989-05-17,0.3333333333333333,0.0343720100655127,0.0073343338826494,-0.053037943289334,0.0233102139555005,0.0459968415724922,0.0900071707363823,1989-05,9.81,CORE_SUPPORTED,0.0989179793571521,-0.1382777654938157,False,False,4,1,0.031675774954586844,0.0026134519937182077,True,False,0.05454786575234749,-0.04477135026584533,False,True,0.09891797935715219,-0.13827776549381576,False,False,100,3M,12M,False,True,False
DXY,U.S. Dollar Index market proxy,LAST_HIKE,T06_1994,B03,1995-02-01,1.0,-0.0634297295597644,-0.0417523473846729,-0.0221105896572586,0.0151027462026596,0.0300539293553649,0.0593701708993066,1995-02,5.92,CORE_SUPPORTED,0.064596397075743,-0.0814458765511233,False,False,4,1,0.02011058641725927,-0.08189339184335542,False,False,0.03513552874018466,-0.07427807662870411,False,False,0.06459639707574305,-0.08144587655112334,False,False,000,NONE,12M,False,False,False
DXY,U.S. Dollar Index market proxy,LAST_HIKE,T07_1999,B04,2000-05-16,1.0,0.0412329089083829,0.0909586105497881,0.093559925338355,0.0163968304388688,0.0330377420749607,0.0610660946140089,2000-05,6.27,CORE_SUPPORTED,0.0666101649583672,0.0252667387442717,True,False,4,1,0.021707503877911982,0.019110562422573807,True,False,0.03843536427730254,0.05057921569248469,True,False,0.06661016495836725,0.025266738744271766,True,False,111,3M,NONE,False,False,False
DXY,U.S. Dollar Index market proxy,LAST_HIKE,T08_2004,B05,2006-06-29,1.0,0.0088056967595482,-0.0176976227684221,-0.0281776939546201,0.0131709716367036,0.0265091261964498,0.05377006302548,2006-06,4.99,CORE_SUPPORTED,0.0581519902042275,-0.0815853345814581,False,False,4,1,0.01738407426042632,-0.008431798489782705,False,True,0.03077769331288338,-0.04702790562483705,False,False,0.058151990204227566,-0.08158533458145811,False,False,000,NONE,12M,False,False,False
DXY,U.S. Dollar Index market proxy,LAST_HIKE,T09_2015,B06,2018-12-19,1.0,0.0002214525256676,0.0004451334312198,0.0063582980890743,0.006016326296774,0.0120580239068979,0.0218003584453352,2018-12,2.27,CORE_SUPPORTED,0.0237332641233942,-0.0169721612486605,False,True,4,1,0.007919373847352196,-0.007637437598109309,False,True,0.013972500335455162,-0.013340960331527763,False,True,0.02373326412339427,-0.016972161248660522,False,True,000,NONE,12M,False,False,False
DXY,U.S. Dollar Index market proxy,LAST_HIKE,T10_2022,B07,2023-07-26,1.0,0.0314345666916413,-0.0013300342375137,0.0145332417549952,0.0133842728353223,0.0269476844299749,0.0546215465560875,2023-07,5.12,CORE_SUPPORTED,0.0591212651547268,-0.0420990729453607,False,True,4,1,0.017708045732752975,0.01348768049583926,True,False,0.03132932788354292,-0.031667248509337886,False,False,0.05912126515472682,-0.04209907294536075,False,True,100,3M,12M,False,True,False
DXY,U.S. Dollar Index market proxy,PAUSE_START,T02_1984,B01,1984-08-21,1.0,0.0404954777375332,0.1377020069474139,-0.0125548033710372,0.0258131838584141,0.0475342059818171,0.0902584339865293,1984-08,11.64,CORE_SUPPORTED,0.1008339407961986,-0.1030025873704669,False,False,4,2,0.03576357174184075,0.004568519423534978,True,False,0.0576952877798409,0.07564250317831278,True,False,0.10083394079619867,-0.10300258737046697,False,False,110,3M,12M,False,True,True
DXY,U.S. Dollar Index market proxy,PAUSE_START,T04_1987,B02,1987-11-03,1.0,-0.0566223336258622,-0.0705630160488134,-0.0497798208138041,0.0169164126174299,0.0344168789444481,0.0765847773626859,1987-11,6.69,CORE_SUPPORTED,0.082586737496483,-0.1222687787736889,False,False,4,2,0.02258572161777228,-0.0774585969363274,False,False,0.04018375304456345,-0.10646846652740627,False,False,0.08258673749648304,-0.12226877877368891,False,False,000,NONE,12M,False,False,False
DXY,U.S. Dollar Index market proxy,PAUSE_START,T06_1994,B03,1995-03-28,1.0,-0.0577212557267078,-0.0176888753590538,-0.0076301443938515,0.0151236898145394,0.0299072036389227,0.0587884211992624,1995-03,5.98,CORE_SUPPORTED,0.064064716831572,-0.0673782901465869,False,False,4,2,0.020182389535448708,-0.07636246818339099,False,False,0.03503957453705664,-0.050943414332436876,False,False,0.064064716831572,-0.06737829014658692,False,False,000,NONE,12M,False,False,False
DXY,U.S. Dollar Index market proxy,PAUSE_START,T07_1999,B04,2000-06-28,1.0,0.0322431926273296,0.0175030492191656,0.073692504384603,0.0163872830757771,0.0329297955747149,0.0588159075505039,2000-06,6.53,CORE_SUPPORTED,0.0645776307807577,0.0085619623598145,True,False,4,2,0.021918123874514528,0.010103616436186291,True,False,0.03855065521230072,-0.020266325852765,False,True,0.06457763078075773,0.008561962359814546,True,False,101,3M,6M,False,False,True
DXY,U.S. Dollar Index market proxy,PAUSE_START,T08_2004,B05,2006-08-08,1.0,-0.0122065228736119,-0.0173085647390961,-0.0577255163925984,0.0131787181961524,0.0265310174789417,0.0535943494913566,2006-08,5.25,CORE_SUPPORTED,0.0582038247703813,-0.1095529409829293,False,False,4,2,0.017611375088260717,-0.02930185205455904,False,False,0.031022090680412173,-0.04687644993873319,False,False,0.05820382477038133,-0.10955294098292934,False,False,000,NONE,12M,False,False,False
DXY,U.S. Dollar Index market proxy,PAUSE_START,T09_2015,B06,2019-01-30,1.0,0.0049835143684666,0.0050592556438671,0.0057847316142887,0.0060361275717706,0.0120604675470947,0.0210785761111365,2019-01,2.4,CORE_SUPPORTED,0.0231207332633587,-0.0169442384319344,False,True,4,2,0.008048199826914182,-0.0030402171830411495,False,True,0.014084588482188964,-0.008899980278598174,False,True,0.023120733263358728,-0.01694423843193449,False,True,000,NONE,12M,False,False,False
DXY,U.S. Dollar Index market proxy,PAUSE_START,T10_2022,B07,2023-09-20,1.0,-0.0040110104632119,0.0051163621178687,-0.0201560791649569,0.0133842728353223,0.0269476844299749,0.0544465535588907,2023-09,5.33,CORE_SUPPORTED,0.0591300536676147,-0.0748596761634844,False,False,4,2,0.017885387980499212,-0.021511654162905236,False,False,0.03150904372831809,-0.025586476212612563,False,True,0.0591300536676147,-0.07485967616348443,False,False,000,NONE,12M,False,False,False
DXY,U.S. Dollar Index market proxy,FIRST_CUT,T01_1983,B01,1983-08-17,0.5,0.028776517512097,0.0406853408673899,0.1073255807055928,0.0237388427197475,0.048347262739006,0.1059325427340327,1983-08,9.56,CORE_SUPPORTED,0.1147431386578139,-0.006654051229373,False,True,4,3,0.031894628833414984,-0.0030217342296305905,False,True,0.05669909593216005,-0.015154508153187751,False,True,0.11474313865781394,-0.006654051229373015,False,True,000,NONE,12M,False,False,False
DXY,U.S. Dollar Index market proxy,FIRST_CUT,T02_1984,B01,1984-09-20,0.5,0.0644530551560922,0.1288510406627947,-0.004527713838036,0.0233394375819837,0.0451774128718374,0.0872149938239381,1984-09,11.3,CORE_SUPPORTED,0.0974529350157802,-0.0929248495311098,False,False,4,3,0.03297588395254736,0.030472319530927994,True,False,0.055019500176380465,0.06998120932747787,True,False,0.09745293501578023,-0.0929248495311098,False,False,110,3M,12M,False,True,True
DXY,U.S. Dollar Index market proxy,FIRST_CUT,T03_1987,B02,1987-07-02,0.3333333333333333,-0.0118852133806618,-0.0878715116263451,-0.0128281132401038,0.0178022957128103,0.0351147115054031,0.0722137253577195,1987-07,6.58,CORE_SUPPORTED,0.0780930306184308,-0.0843351559432484,False,False,4,3,0.02338324496763544,-0.03446261068053025,False,False,0.04079059050682443,-0.12361958621331892,False,False,0.07809303061843087,-0.08433515594324847,False,False,000,NONE,12M,False,False,False
DXY,U.S. Dollar Index market proxy,FIRST_CUT,T04_1987,B02,1987-11-04,0.3333333333333333,-0.0566223336258622,-0.0705630160488134,-0.0497798208138041,0.0169164126174299,0.0344168789444481,0.0765847773626859,1987-11,6.69,CORE_SUPPORTED,0.082586737496483,-0.1222687787736889,False,False,4,3,0.02258572161777228,-0.0774585969363274,False,False,0.04018375304456345,-0.10646846652740627,False,False,0.08258673749648304,-0.12226877877368891,False,False,000,NONE,12M,False,False,False
DXY,U.S. Dollar Index market proxy,FIRST_CUT,T05_1988,B02,1989-06-06,0.3333333333333333,0.0093509619350591,-0.0610126416968368,-0.0843994888734336,0.0228795798257945,0.0450650935032335,0.0888885029607935,1989-06,9.53,CORE_SUPPORTED,0.0975360924884738,-0.1657672878432634,False,False,4,3,0.031002948488911164,-0.02100089683117423,False,True,0.0533646521208051,-0.10858280993895031,False,False,0.09753609248847384,-0.16576728784326344,False,False,000,NONE,12M,False,False,False
DXY,U.S. Dollar Index market proxy,FIRST_CUT,T06_1994,B03,1995-07-06,1.0,0.0227772376607309,0.0482884927484186,0.0615471042729904,0.0144826552176149,0.0288966603979246,0.0563489339180411,1995-07,5.85,CORE_SUPPORTED,0.0614986349708917,4.566120059124046e-05,True,False,4,3,0.019428258161800827,0.0032851546659780073,True,False,0.033912531617364516,0.013904426817001214,True,False,0.0614986349708917,4.566120059124046e-05,True,False,111,3M,NONE,False,False,False
DXY,U.S. Dollar Index market proxy,FIRST_CUT,T07_1999,B04,2001-01-03,1.0,0.0246883924479599,0.0507671519482737,0.0446984861312333,0.0130624220258928,0.0231851388049435,0.035903877751156,2001-01,5.98,CORE_SUPPORTED,0.0410661320752825,0.0034890713894515,True,False,4,3,0.018110849762321912,0.00646053687294823,True,False,0.028284011413321597,0.02186471858494654,True,False,0.041066132075282535,0.003489071389451537,True,False,111,3M,NONE,False,False,False
DXY,U.S. Dollar Index market proxy,FIRST_CUT,T08_2004,B05,2007-09-18,1.0,-0.0515326310126268,-0.1047915614166793,-0.0329956712012002,0.0112810001364211,0.0193343351740002,0.029634890038974,2007-09,4.94,CORE_SUPPORTED,0.0338735536696346,-0.0646783396610629,False,False,4,3,0.01544410692031617,-0.06595807437996071,False,False,0.023530594853800046,-0.12537207672703599,False,False,0.033873553669634626,-0.06467833966106296,False,False,000,NONE,12M,False,False,False
DXY,U.S. Dollar Index market proxy,FIRST_CUT,T09_2015,B06,2019-07-31,1.0,0.01413718407908,0.006525416728091,-0.0133300562184216,0.0050070540699402,0.0089106420547167,0.0110175780501742,2019-07,2.4,CORE_SUPPORTED,0.0130396132062746,-0.0260302450969673,False,False,4,3,0.007017068178080121,0.007070501708458465,True,False,0.010928463338826244,-0.0043554482541654505,False,True,0.01303961320627467,-0.026030245096967386,False,False,100,3M,12M,False,True,False
DXY,U.S. Dollar Index market proxy,FIRST_CUT,T10_2022,B07,2024-09-18,1.0,0.0486952369580899,0.0193167327688019,-0.0442901031374932,0.0116646198370107,0.022655452706324,0.0449052347503553,2024-09,5.13,CORE_SUPPORTED,0.0493722046289131,-0.0892555638059118,False,False,4,3,0.015989486086813942,0.032191032800197084,True,False,0.02702730476664361,-0.007507660178123099,False,True,0.04937220462891312,-0.08925556380591182,False,False,100,3M,12M,False,True,False
VUSTX_LONG_TREASURY_PROXY,VUSTX long-duration Treasury proxy,FIRST_HIKE,T03_1987,B02,1987-01-05,0.3333333333333333,-0.0358955756727179,-0.0500021998919457,-0.0222876704151547,0.0155758214371988,0.0327333439969539,0.0689974774334174,1987-01,6.43,SUPPORTED_PROXY_DESCRIPTIVE,0.0747255222499982,-0.090267878315619,False,False,5,0,0.021017615213733132,-0.05574163465782833,False,False,0.03826707349853753,-0.08501596134899247,False,False,0.07472552224999829,-0.090267878315619,False,False,000,NONE,12M,False,False,False
VUSTX_LONG_TREASURY_PROXY,VUSTX long-duration Treasury proxy,FIRST_HIKE,T04_1987,B02,1987-08-27,0.3333333333333333,0.0027383478594349,0.06693622235365,0.0402821463969162,0.0177694651652773,0.0349864733874343,0.0733481732067407,1987-08,6.73,SUPPORTED_PROXY_DESCRIPTIVE,0.0793678675448086,-0.0362116775226957,False,True,5,0,0.023477455582412654,-0.02026337523104116,False,True,0.04079102252568223,0.025120508595972924,True,False,0.07936786754480862,-0.03621167752269572,False,True,010,6M,12M,False,True,True
VUSTX_LONG_TREASURY_PROXY,VUSTX long-duration Treasury proxy,FIRST_HIKE,T05_1988,B02,1988-03-30,0.3333333333333333,-0.0171214064413353,0.0076908710701943,0.0419217489162253,0.0179960790920346,0.0384552104919126,0.0858297630790456,1988-03,6.58,SUPPORTED_PROXY_DESCRIPTIVE,0.0917837296132624,-0.0456701994585497,False,True,5,0,0.023578090925722606,-0.039761985653922416,False,False,0.04414940656277655,-0.03491697190404919,False,True,0.09178372961326242,-0.045670199458549776,False,True,000,NONE,12M,False,False,False
VUSTX_LONG_TREASURY_PROXY,VUSTX long-duration Treasury proxy,FIRST_HIKE,T06_1994,B03,1994-02-04,1.0,-0.0828608903337173,-0.0734000985348934,-0.0467764809056685,0.0091122682390833,0.0200637664182903,0.0472948037647049,1994-02,3.25,SUPPORTED_PROXY_DESCRIPTIVE,0.0501312271915677,-0.0922815221450015,False,False,5,0,0.011845280632230892,-0.09359748251903988,False,False,0.022826439119006503,-0.09407904799252442,False,False,0.05013122719156771,-0.09228152214500152,False,False,000,NONE,12M,False,False,False
VUSTX_LONG_TREASURY_PROXY,VUSTX long-duration Treasury proxy,FIRST_HIKE,T07_1999,B04,1999-06-30,1.0,-0.0218558130708209,-0.0257612110890269,0.0414349713683726,0.012796510109492,0.0262888709872932,0.0573356608346271,1999-06,4.76,SUPPORTED_PROXY_DESCRIPTIVE,0.0615297589559378,-0.0189300275550723,False,True,5,0,0.0168139362662596,-0.038030310126428546,False,False,0.030359816842209453,-0.05446740741815126,False,False,0.06152975895593782,-0.018930027555072337,False,True,000,NONE,12M,False,False,False
VUSTX_LONG_TREASURY_PROXY,VUSTX long-duration Treasury proxy,FIRST_HIKE,T08_2004,B05,2004-06-30,1.0,0.0748950732729065,0.0881596569332585,0.1713633585817278,0.0035858433717013,0.0084854936873182,0.0222051111685028,2004-06,1.03,SUPPORTED_PROXY_DESCRIPTIVE,0.0230825038889226,0.1449353831476569,True,False,5,0,0.004447254553928692,0.07013590648944867,True,False,0.009351110402733287,0.07807842654384212,True,False,0.023082503888922634,0.14493538314765697,True,False,111,3M,NONE,False,False,False
VUSTX_LONG_TREASURY_PROXY,VUSTX long-duration Treasury proxy,FIRST_HIKE,T09_2015,B06,2015-12-16,1.0,0.0766357098626788,0.1305197170031184,0.009890670185308,0.0009005480974288,0.0018251319801412,0.0039373561976299,2015-12,0.24,SUPPORTED_PROXY_DESCRIPTIVE,0.0041381436688694,0.0057288198369005,True,False,5,0,0.0011007282070483182,0.07545192958845637,True,False,0.0020254970065372024,0.1282344814382932,True,False,0.004138143668869443,0.005728819836900545,True,False,111,3M,NONE,False,False,False
VUSTX_LONG_TREASURY_PROXY,VUSTX long-duration Treasury proxy,FIRST_HIKE,T10_2022,B07,2022-03-16,1.0,-0.1687409644819988,-0.2099648584083324,-0.2149857843188124,0.0019181621990038,0.0074058318426895,0.0281601509892475,2022-03,0.2,SUPPORTED_PROXY_DESCRIPTIVE,0.0283315110144124,-0.236613672465605,False,False,5,0,0.0020851485593702535,-0.17047065639776637,False,False,0.0075737328146632255,-0.215903396583494,False,False,0.028331511014412447,-0.23661367246560505,False,False,000,NONE,12M,False,False,False
VUSTX_LONG_TREASURY_PROXY,VUSTX long-duration Treasury proxy,LAST_HIKE,T03_1987,B02,1987-05-22,0.3333333333333333,-0.0286415377912915,-0.0119335618492384,0.0101525397317034,0.0167927231081659,0.0348605859817439,0.0704772574938583,1987-05,6.85,SUPPORTED_PROXY_DESCRIPTIVE,0.0765878985053858,-0.0617091821911742,False,True,5,1,0.022596914902575094,-0.050106206998236646,False,False,0.0407679151600564,-0.050637107698684236,False,False,0.07658789850538583,-0.06170918219117427,False,True,000,NONE,12M,False,False,False
VUSTX_LONG_TREASURY_PROXY,VUSTX long-duration Treasury proxy,LAST_HIKE,T04_1987,B02,1987-09-24,0.3333333333333333,0.0148915724872207,0.0755208968278287,0.0906484326175971,0.0173929023752199,0.0344373285157848,0.0742168337245512,1987-09,7.22,SUPPORTED_PROXY_DESCRIPTIVE,0.0806800383407937,0.009224186552116,True,False,5,1,0.023514216337844118,-0.008424547224634926,False,True,0.040661193109021276,0.03349764933067467,True,False,0.08068003834079374,0.009224186552116098,True,False,011,6M,3M,True,False,False
VUSTX_LONG_TREASURY_PROXY,VUSTX long-duration Treasury proxy,LAST_HIKE,T05_1988,B02,1989-05-17,0.3333333333333333,0.1088410323618527,0.151485928544875,0.1030997568923657,0.0233102139555005,0.0459968415724922,0.0900071707363823,1989-05,9.81,SUPPORTED_PROXY_DESCRIPTIVE,0.0989179793571521,0.0038053591021049,True,False,5,1,0.031675774954586844,0.07479603503403243,True,False,0.05454786575234749,0.09192381487906087,True,False,0.09891797935715219,0.0038053591021049993,True,False,111,3M,NONE,False,False,False
VUSTX_LONG_TREASURY_PROXY,VUSTX long-duration Treasury proxy,LAST_HIKE,T06_1994,B03,1995-02-01,1.0,0.117635653789472,0.1479028462345391,0.2615144398372953,0.0151027462026596,0.0300539293553649,0.0593701708993066,1995-02,5.92,SUPPORTED_PROXY_DESCRIPTIVE,0.064596397075743,0.1849696686015949,True,False,5,1,0.02011058641725927,0.09560244611785818,True,False,0.03513552874018466,0.10893966477181816,True,False,0.06459639707574305,0.18496966860159492,True,False,111,3M,NONE,False,False,False
VUSTX_LONG_TREASURY_PROXY,VUSTX long-duration Treasury proxy,LAST_HIKE,T07_1999,B04,2000-05-16,1.0,0.0366333503246407,0.058616956705761,0.0988702356448025,0.0163968304388688,0.0330377420749607,0.0610660946140089,2000-05,6.27,SUPPORTED_PROXY_DESCRIPTIVE,0.0666101649583672,0.0302454183789768,True,False,5,1,0.021707503877911982,0.014608727439191282,True,False,0.03843536427730254,0.019434615887242934,True,False,0.06661016495836725,0.030245418378976874,True,False,111,3M,NONE,False,False,False
VUSTX_LONG_TREASURY_PROXY,VUSTX long-duration Treasury proxy,LAST_HIKE,T08_2004,B05,2006-06-29,1.0,0.0596440247491805,0.0896108549315841,0.0548547739573448,0.0131709716367036,0.0265091261964498,0.05377006302548,2006-06,4.99,SUPPORTED_PROXY_DESCRIPTIVE,0.0581519902042275,-0.0031160138405508,False,True,5,1,0.01738407426042632,0.04153785336130267,True,False,0.03077769331288338,0.0570764792451155,True,False,0.058151990204227566,-0.003116013840550824,False,True,110,3M,12M,False,True,True
VUSTX_LONG_TREASURY_PROXY,VUSTX long-duration Treasury proxy,LAST_HIKE,T09_2015,B06,2018-12-19,1.0,0.0825189907886789,0.1704996857428771,0.2367074365878281,0.006016326296774,0.0120580239068979,0.0218003584453352,2018-12,2.27,SUPPORTED_PROXY_DESCRIPTIVE,0.0237332641233942,0.2080367806030021,True,False,5,1,0.007919373847352196,0.07401347655077894,True,False,0.013972500335455162,0.1543702470783357,True,False,0.02373326412339427,0.20803678060300212,True,False,111,3M,NONE,False,False,False
VUSTX_LONG_TREASURY_PROXY,VUSTX long-duration Treasury proxy,LAST_HIKE,T10_2022,B07,2023-07-26,1.0,-0.1462222639967785,-0.037495048405029,-0.0411217630698017,0.0133842728353223,0.0269476844299749,0.0546215465560875,2023-07,5.12,SUPPORTED_PROXY_DESCRIPTIVE,0.0591212651547268,-0.0946473567499224,False,False,5,1,0.017708045732752975,-0.16107793430236783,False,False,0.03132932788354292,-0.0667336557080277,False,False,0.05912126515472682,-0.09464735674992242,False,False,000,NONE,12M,False,False,False
VUSTX_LONG_TREASURY_PROXY,VUSTX long-duration Treasury proxy,PAUSE_START,T04_1987,B02,1987-11-03,1.0,0.1262346664000366,0.0821285813976044,0.1557579804491957,0.0169164126174299,0.0344168789444481,0.0765847773626859,1987-11,6.69,SUPPORTED_PROXY_DESCRIPTIVE,0.082586737496483,0.0675892659852119,True,False,5,2,0.02258572161777228,0.10135966363610827,True,False,0.04018375304456345,0.040324440975232134,True,False,0.08258673749648304,0.06758926598521198,True,False,111,3M,NONE,False,False,False
VUSTX_LONG_TREASURY_PROXY,VUSTX long-duration Treasury proxy,PAUSE_START,T06_1994,B03,1995-03-28,1.0,0.1350968918565407,0.1533189209562107,0.178652722514695,0.0151236898145394,0.0299072036389227,0.0587884211992624,1995-03,5.98,SUPPORTED_PROXY_DESCRIPTIVE,0.064064716831572,0.1076889439810837,True,False,5,2,0.020182389535448708,0.11264113505568307,True,False,0.03503957453705664,0.11427519230079386,True,False,0.064064716831572,0.10768894398108375,True,False,111,3M,NONE,False,False,False
VUSTX_LONG_TREASURY_PROXY,VUSTX long-duration Treasury proxy,PAUSE_START,T07_1999,B04,2000-06-28,1.0,0.0677599067125314,0.1352544803086737,0.1505485847969385,0.0163872830757771,0.0329297955747149,0.0588159075505039,2000-06,6.53,SUPPORTED_PROXY_DESCRIPTIVE,0.0645776307807577,0.0807559275438936,True,False,5,2,0.021918123874514528,0.044858567205180444,True,False,0.03855065521230072,0.09311421124336472,True,False,0.06457763078075773,0.0807559275438936,True,False,111,3M,NONE,False,False,False
VUSTX_LONG_TREASURY_PROXY,VUSTX long-duration Treasury proxy,PAUSE_START,T08_2004,B05,2006-08-08,1.0,0.0666908029308619,0.0628138554414416,0.0777170883539541,0.0131787181961524,0.0265310174789417,0.0535943494913566,2006-08,5.25,SUPPORTED_PROXY_DESCRIPTIVE,0.0582038247703813,0.0184399858768296,True,False,5,2,0.017611375088260717,0.048230030681746694,True,False,0.031022090680412173,0.030835192619441232,True,False,0.05820382477038133,0.0184399858768296,True,False,111,3M,NONE,False,False,False
VUSTX_LONG_TREASURY_PROXY,VUSTX long-duration Treasury proxy,PAUSE_START,T09_2015,B06,2019-01-30,1.0,0.0418044748229067,0.1192652373406137,0.1988983362920302,0.0060361275717706,0.0120604675470947,0.0210785761111365,2019-01,2.4,SUPPORTED_PROXY_DESCRIPTIVE,0.0231207332633587,0.1718053376437882,True,False,5,2,0.008048199826914182,0.03348676680518703,True,False,0.014084588482188964,0.10371979818355381,True,False,0.023120733263358728,0.17180533764378825,True,False,111,3M,NONE,False,False,False
VUSTX_LONG_TREASURY_PROXY,VUSTX long-duration Treasury proxy,PAUSE_START,T10_2022,B07,2023-09-20,1.0,0.0315872843240587,0.0160170218719362,0.0937855274482548,0.0133842728353223,0.0269476844299749,0.0544465535588907,2023-09,5.33,SUPPORTED_PROXY_DESCRIPTIVE,0.0591300536676147,0.0327206971992091,True,False,5,2,0.017885387980499212,0.013461138656037042,True,False,0.03150904372831809,-0.015018794018893944,False,True,0.0591300536676147,0.032720697199209114,True,False,101,3M,6M,False,False,True
VUSTX_LONG_TREASURY_PROXY,VUSTX long-duration Treasury proxy,FIRST_CUT,T03_1987,B02,1987-07-02,0.3333333333333333,-0.0508554310812423,0.0311249389095105,0.0458039242833012,0.0178022957128103,0.0351147115054031,0.0722137253577195,1987-07,6.58,SUPPORTED_PROXY_DESCRIPTIVE,0.0780930306184308,-0.0299502041271961,False,True,5,3,0.02338324496763544,-0.07254239935423756,False,False,0.04079059050682443,-0.00928683607007541,False,True,0.07809303061843087,-0.02995020412719618,False,True,000,NONE,12M,False,False,False
VUSTX_LONG_TREASURY_PROXY,VUSTX long-duration Treasury proxy,FIRST_CUT,T04_1987,B02,1987-11-04,0.3333333333333333,0.1262346664000366,0.0821285813976044,0.1557579804491957,0.0169164126174299,0.0344168789444481,0.0765847773626859,1987-11,6.69,SUPPORTED_PROXY_DESCRIPTIVE,0.082586737496483,0.0675892659852119,True,False,5,3,0.02258572161777228,0.10135966363610827,True,False,0.04018375304456345,0.040324440975232134,True,False,0.08258673749648304,0.06758926598521198,True,False,111,3M,NONE,False,False,False
VUSTX_LONG_TREASURY_PROXY,VUSTX long-duration Treasury proxy,FIRST_CUT,T05_1988,B02,1989-06-06,0.3333333333333333,0.0829545640964177,0.1326730639216151,0.1128302460244681,0.0228795798257945,0.0450650935032335,0.0888885029607935,1989-06,9.53,SUPPORTED_PROXY_DESCRIPTIVE,0.0975360924884738,0.0139349891458397,True,False,5,3,0.031002948488911164,0.05038939576618029,True,False,0.0533646521208051,0.0752905573973206,True,False,0.09753609248847384,0.013934989145839793,True,False,111,3M,NONE,False,False,False
VUSTX_LONG_TREASURY_PROXY,VUSTX long-duration Treasury proxy,FIRST_CUT,T06_1994,B03,1995-07-06,1.0,0.0431830022765835,0.0984071987786665,0.019304794946696,0.0144826552176149,0.0288966603979246,0.0563489339180411,1995-07,5.85,SUPPORTED_PROXY_DESCRIPTIVE,0.0614986349708917,-0.039749311618618,False,True,5,3,0.019428258161800827,0.023302026331520898,True,False,0.033912531617364516,0.06237922956636588,True,False,0.0614986349708917,-0.039749311618618055,False,True,110,3M,12M,False,True,True
VUSTX_LONG_TREASURY_PROXY,VUSTX long-duration Treasury proxy,FIRST_CUT,T07_1999,B04,2001-01-03,1.0,0.0081249488106061,0.0245277797588505,0.0602152223354823,0.0130624220258928,0.0231851388049435,0.035903877751156,2001-01,5.98,SUPPORTED_PROXY_DESCRIPTIVE,0.0410661320752825,0.0183937308785828,True,False,5,3,0.018110849762321912,-0.009808264938976907,False,True,0.028284011413321597,-0.003652912631898597,False,True,0.041066132075282535,0.01839373087858287,True,False,001,12M,6M,True,False,False
VUSTX_LONG_TREASURY_PROXY,VUSTX long-duration Treasury proxy,FIRST_CUT,T08_2004,B05,2007-09-18,1.0,0.0655984819069208,0.1103447946755542,0.135123947260249,0.0112810001364211,0.0193343351740002,0.029634890038974,2007-09,4.94,SUPPORTED_PROXY_DESCRIPTIVE,0.0338735536696346,0.0979330530616977,True,False,5,3,0.01544410692031617,0.04939156635485831,True,False,0.023530594853800046,0.08481837304937101,True,False,0.033873553669634626,0.09793305306169775,True,False,111,3M,NONE,False,False,False
VUSTX_LONG_TREASURY_PROXY,VUSTX long-duration Treasury proxy,FIRST_CUT,T09_2015,B06,2019-07-31,1.0,0.0766243539100108,0.0743874913586291,0.2904005400945277,0.0050070540699402,0.0089106420547167,0.0110175780501742,2019-07,2.4,SUPPORTED_PROXY_DESCRIPTIVE,0.0130396132062746,0.273790800747075,True,False,5,3,0.007017068178080121,0.06912225018972706,True,False,0.010928463338826244,0.0627730154220949,True,False,0.01303961320627467,0.27379080074707507,True,False,111,3M,NONE,False,False,False
VUSTX_LONG_TREASURY_PROXY,VUSTX long-duration Treasury proxy,FIRST_CUT,T10_2022,B07,2024-09-18,1.0,-0.0498146282871506,-0.0374930605605365,-0.0255839860611911,0.0116646198370107,0.022655452706324,0.0449052347503553,2024-09,5.13,SUPPORTED_PROXY_DESCRIPTIVE,0.0493722046289131,-0.0714295560330862,False,False,5,3,0.015989486086813942,-0.06476849935466922,False,False,0.02702730476664361,-0.0628224439873486,False,False,0.04937220462891312,-0.0714295560330862,False,False,000,NONE,12M,False,False,False
VGSIX_REIT_PROXY,VGSIX listed-REIT proxy,FIRST_HIKE,T07_1999,B04,1999-06-30,1.0,-0.0816943701002387,-0.1358964391731137,0.0249943749777854,0.012796510109492,0.0262888709872932,0.0573356608346271,1999-06,4.76,LIMITED_PROXY_DESCRIPTIVE,0.0615297589559378,-0.0344176728630637,False,True,6,0,0.0168139362662596,-0.09687938260191509,False,False,0.030359816842209453,-0.16135747269808742,False,False,0.06152975895593782,-0.03441767286306374,False,True,000,NONE,12M,False,False,False
VGSIX_REIT_PROXY,VGSIX listed-REIT proxy,FIRST_HIKE,T08_2004,B05,2004-06-30,1.0,0.1771028497180808,0.3385159736117096,0.4260254857077876,0.0035858433717013,0.0084854936873182,0.0222051111685028,2004-06,1.03,LIMITED_PROXY_DESCRIPTIVE,0.0230825038889226,0.3938518939452151,True,False,6,0,0.004447254553928692,0.17189115145805034,True,False,0.009351110402733287,0.3261153228212519,True,False,0.023082503888922634,0.39385189394521514,True,False,111,3M,NONE,False,False,False
VGSIX_REIT_PROXY,VGSIX listed-REIT proxy,FIRST_HIKE,T09_2015,B06,2015-12-16,1.0,0.0484756647002881,0.112743866619968,0.0880887101970298,0.0009005480974288,0.0018251319801412,0.0039373561976299,2015-12,0.24,LIMITED_PROXY_DESCRIPTIVE,0.0041381436688694,0.0836045986874136,True,False,6,0,0.0011007282070483182,0.04732284690081823,True,False,0.0020254970065372024,0.1104945632064176,True,False,0.004138143668869443,0.08360459868741366,True,False,111,3M,NONE,False,False,False
VGSIX_REIT_PROXY,VGSIX listed-REIT proxy,FIRST_HIKE,T10_2022,B07,2022-03-16,1.0,-0.1001473715770778,-0.1341380822512594,-0.1789314246047803,0.0019181621990038,0.0074058318426895,0.0281601509892475,2022-03,0.2,LIMITED_PROXY_DESCRIPTIVE,0.0283315110144124,-0.2015526446473815,False,False,6,0,0.0020851485593702535,-0.10201979371056513,False,False,0.0075737328146632255,-0.14064659533158919,False,False,0.028331511014412447,-0.20155264464738154,False,False,000,NONE,12M,False,False,False
VGSIX_REIT_PROXY,VGSIX listed-REIT proxy,LAST_HIKE,T07_1999,B04,2000-05-16,1.0,0.1427214558640961,0.0931517444358795,0.2166142245029292,0.0163968304388688,0.0330377420749607,0.0610660946140089,2000-05,6.27,LIMITED_PROXY_DESCRIPTIVE,0.0666101649583672,0.1406362553749121,True,False,6,1,0.021707503877911982,0.11844285328909998,True,False,0.03843536427730254,0.052691175629074216,True,False,0.06661016495836725,0.1406362553749121,True,False,111,3M,NONE,False,False,False
VGSIX_REIT_PROXY,VGSIX listed-REIT proxy,LAST_HIKE,T08_2004,B05,2006-06-29,1.0,0.1353369272391671,0.2478869573418314,0.2105863653184494,0.0131709716367036,0.0265091261964498,0.05377006302548,2006-06,4.99,LIMITED_PROXY_DESCRIPTIVE,0.0581519902042275,0.1440571643066148,True,False,6,1,0.01738407426042632,0.1159373888022428,True,False,0.03077769331288338,0.21062666124561402,True,False,0.058151990204227566,0.14405716430661486,True,False,111,3M,NONE,False,False,False
VGSIX_REIT_PROXY,VGSIX listed-REIT proxy,LAST_HIKE,T09_2015,B06,2018-12-19,1.0,0.0774111439871547,0.1302131416869394,0.187861897817501,0.006016326296774,0.0120580239068979,0.0218003584453352,2018-12,2.27,LIMITED_PROXY_DESCRIPTIVE,0.0237332641233942,0.1603236306233024,True,False,6,1,0.007919373847352196,0.06894576286845644,True,False,0.013972500335455162,0.1146388499816593,True,False,0.02373326412339427,0.16032363062330246,True,False,111,3M,NONE,False,False,False
VGSIX_REIT_PROXY,VGSIX listed-REIT proxy,LAST_HIKE,T10_2022,B07,2023-07-26,1.0,-0.0884960066875947,0.0745683876288281,0.1126860603304711,0.0133842728353223,0.0269476844299749,0.0546215465560875,2023-07,5.12,LIMITED_PROXY_DESCRIPTIVE,0.0591212651547268,0.0505747518608448,True,False,6,1,0.017708045732752975,-0.1043561096580311,False,False,0.03132932788354292,0.04192556012541493,True,False,0.05912126515472682,0.05057475186084481,True,False,011,6M,3M,True,False,False
VGSIX_REIT_PROXY,VGSIX listed-REIT proxy,PAUSE_START,T07_1999,B04,2000-06-28,1.0,0.0835225196795876,0.1056395098611351,0.2143643161962105,0.0163872830757771,0.0329297955747149,0.0588159075505039,2000-06,6.53,LIMITED_PROXY_DESCRIPTIVE,0.0645776307807577,0.1407005755940971,True,False,6,2,0.021918123874514528,0.06028310327984543,True,False,0.03855065521230072,0.06459853865781828,True,False,0.06457763078075773,0.1407005755940971,True,False,111,3M,NONE,False,False,False
VGSIX_REIT_PROXY,VGSIX listed-REIT proxy,PAUSE_START,T08_2004,B05,2006-08-08,1.0,0.1366740389981313,0.2888015836818445,0.0437701041428528,0.0131787181961524,0.0265310174789417,0.0535943494913566,2006-08,5.25,LIMITED_PROXY_DESCRIPTIVE,0.0582038247703813,-0.0136398303329327,False,True,6,2,0.017611375088260717,0.11700209610917911,True,False,0.031022090680412173,0.2500232490957721,True,False,0.05820382477038133,-0.0136398303329327,False,True,110,3M,12M,False,True,True
VGSIX_REIT_PROXY,VGSIX listed-REIT proxy,PAUSE_START,T09_2015,B06,2019-01-30,1.0,0.1237756568738372,0.1636846166315517,0.2489160922819711,0.0060361275717706,0.0120604675470947,0.0210785761111365,2019-01,2.4,LIMITED_PROXY_DESCRIPTIVE,0.0231207332633587,0.2206927801163922,True,False,6,2,0.008048199826914182,0.1148034955737176,True,False,0.014084588482188964,0.1475222381332839,True,False,0.023120733263358728,0.22069278011639226,True,False,111,3M,NONE,False,False,False
VGSIX_REIT_PROXY,VGSIX listed-REIT proxy,PAUSE_START,T10_2022,B07,2023-09-20,1.0,0.0652095402426782,0.0696350632312787,0.2330177381816458,0.0133842728353223,0.0269476844299749,0.0544465535588907,2023-09,5.33,LIMITED_PROXY_DESCRIPTIVE,0.0591300536676147,0.1641797283646924,True,False,6,2,0.017885387980499212,0.04649261382567915,True,False,0.03150904372831809,0.03696140109945789,True,False,0.0591300536676147,0.1641797283646924,True,False,111,3M,NONE,False,False,False
VGSIX_REIT_PROXY,VGSIX listed-REIT proxy,FIRST_CUT,T07_1999,B04,2001-01-03,1.0,0.0151013050399273,0.1130392514313027,0.1497031898678984,0.0130624220258928,0.0231851388049435,0.035903877751156,2001-01,5.98,LIMITED_PROXY_DESCRIPTIVE,0.0410661320752825,0.104351735634754,True,False,6,3,0.018110849762321912,-0.002956008889500761,False,True,0.028284011413321597,0.08242395979831452,True,False,0.041066132075282535,0.10435173563475408,True,False,011,6M,3M,True,False,False
VGSIX_REIT_PROXY,VGSIX listed-REIT proxy,FIRST_CUT,T08_2004,B05,2007-09-18,1.0,-0.0375714830280353,-0.0708429292291401,-0.0475524610597721,0.0112810001364211,0.0193343351740002,0.029634890038974,2007-09,4.94,LIMITED_PROXY_DESCRIPTIVE,0.0338735536696346,-0.0787581947912227,False,False,6,3,0.01544410692031617,-0.05220926448540775,False,False,0.023530594853800046,-0.09220391120445248,False,False,0.033873553669634626,-0.0787581947912227,False,False,000,NONE,12M,False,False,False
VGSIX_REIT_PROXY,VGSIX listed-REIT proxy,FIRST_CUT,T09_2015,B06,2019-07-31,1.0,0.0688860640429516,0.0810036838987253,-0.0736672540200107,0.0050070540699402,0.0089106420547167,0.0110175780501742,2019-07,2.4,LIMITED_PROXY_DESCRIPTIVE,0.0130396132062746,-0.0855907963478919,False,False,6,3,0.007017068178080121,0.061437882057755466,True,False,0.010928463338826244,0.0693176847830157,True,False,0.01303961320627467,-0.0855907963478919,False,False,110,3M,12M,False,True,True
VGSIX_REIT_PROXY,VGSIX listed-REIT proxy,FIRST_CUT,T10_2022,B07,2024-09-18,1.0,0.0138572665093501,0.00933767039835,0.0347799429814219,0.0116646198370107,0.022655452706324,0.0449052347503553,2024-09,5.13,LIMITED_PROXY_DESCRIPTIVE,0.0493722046289131,-0.0139057062719241,False,True,6,3,0.015989486086813942,-0.002098663034079462,False,True,0.02702730476664361,-0.017224113016462428,False,True,0.04937220462891312,-0.013905706271924112,False,True,000,NONE,12M,False,False,False
BTC_USD,Bitcoin USD,FIRST_HIKE,T09_2015,B06,2015-12-16,1.0,0.1938826965629307,0.8426476754036258,1.3734592031006585,0.0009005480974288,0.0018251319801412,0.0039373561976299,2015-12,0.24,LIMITED_DESCRIPTIVE,0.0041381436688694,1.363677964098279,True,False,7,0,0.0011007282070483182,0.19257000112381406,True,False,0.0020254970065372024,0.8389229424883631,True,False,0.004138143668869443,1.363677964098279,True,False,111,3M,NONE,False,False,False
BTC_USD,Bitcoin USD,FIRST_HIKE,T10_2022,B07,2022-03-16,1.0,-0.4018251375959525,-0.5141537934959165,-0.3838380687812833,0.0019181621990038,0.0074058318426895,0.0281601509892475,2022-03,0.2,LIMITED_DESCRIPTIVE,0.0283315110144124,-0.4008139159220212,False,False,7,0,0.0020851485593702535,-0.40306982568896177,False,False,0.0075737328146632255,-0.5178058035049512,False,False,0.028331511014412447,-0.4008139159220212,False,False,000,NONE,12M,False,False,False
BTC_USD,Bitcoin USD,LAST_HIKE,T09_2015,B06,2018-12-19,1.0,-0.2642699775293022,0.7423138976320001,0.3478304688888478,0.006016326296774,0.0120580239068979,0.0218003584453352,2018-12,2.27,LIMITED_DESCRIPTIVE,0.0237332641233942,0.3165836415826271,True,False,7,1,0.007919373847352196,-0.2700507187769139,False,False,0.013972500335455162,0.7183048820905753,True,False,0.02373326412339427,0.3165836415826271,True,False,011,6M,3M,True,False,False
BTC_USD,Bitcoin USD,LAST_HIKE,T10_2022,B07,2023-07-26,1.0,0.0717747534844102,0.5459174307965051,1.2621508191168238,0.0133842728353223,0.0269476844299749,0.0546215465560875,2023-07,5.12,LIMITED_DESCRIPTIVE,0.0591212651547268,1.135875176471267,True,False,7,1,0.017708045732752975,0.053125950982070735,True,False,0.03132932788354292,0.4989561423303859,True,False,0.05912126515472682,1.135875176471267,True,False,111,3M,NONE,False,False,False
BTC_USD,Bitcoin USD,PAUSE_START,T09_2015,B06,2019-01-30,1.0,0.3930021977332885,1.8700388999215731,1.2567039085078586,0.0060361275717706,0.0120604675470947,0.0210785761111365,2019-01,2.4,LIMITED_DESCRIPTIVE,0.0231207332633587,1.205706360098722,True,False,7,2,0.008048199826914182,0.3818805469544735,True,False,0.014084588482188964,1.8301770212455817,True,False,0.023120733263358728,1.2057063600987221,True,False,111,3M,NONE,False,False,False
BTC_USD,Bitcoin USD,PAUSE_START,T10_2022,B07,2023-09-20,1.0,0.52756291849823,1.430723541670086,1.167054349852937,0.0133842728353223,0.0269476844299749,0.0544465535588907,2023-09,5.33,LIMITED_DESCRIPTIVE,0.0591300536676147,1.0460701141930024,True,False,7,2,0.017885387980499212,0.5007219246254622,True,False,0.03150904372831809,1.356473320761594,True,False,0.0591300536676147,1.0460701141930024,True,False,111,3M,NONE,False,False,False
BTC_USD,Bitcoin USD,FIRST_CUT,T09_2015,B06,2019-07-31,1.0,-0.1066250695345054,-0.1090314981260806,0.0184793324841734,0.0050070540699402,0.0089106420547167,0.0110175780501742,2019-07,2.4,LIMITED_DESCRIPTIVE,0.0130396132062746,0.0053697004608557,True,False,7,3,0.007017068178080121,-0.11285025974603358,False,False,0.010928463338826244,-0.11866315552013562,False,False,0.01303961320627467,0.00536970046085572,True,False,001,12M,6M,True,False,False
BTC_USD,Bitcoin USD,FIRST_CUT,T10_2022,B07,2024-09-18,1.0,0.6393689137554788,0.4197977264427333,0.8886980141324052,0.0116646198370107,0.022655452706324,0.0449052347503553,2024-09,5.13,LIMITED_DESCRIPTIVE,0.0493722046289131,0.7998361361213115,True,False,7,3,0.015989486086813942,0.613568778225918,True,False,0.02702730476664361,0.38243425452581636,True,False,0.04937220462891312,0.7998361361213115,True,False,111,3M,NONE,False,False,False
