asset,asset_label,primary_asset,cycle_id,broad_episode_id,cycle_start_year,first_hike,episode_weight,event_month,cum_return,running_mdd,running_min_return,new_event_low,new_running_mdd
GOLD,Gold monthly World Bank/DataHub,True,T01_1983,B01,1983,1983-03-31,0.5,1,-0.11812627291242361,0.11812627291242361,-0.11812627291242361,True,True
GOLD,Gold monthly World Bank/DataHub,True,T01_1983,B01,1983,1983-03-31,0.5,2,-0.10794297352342164,0.11812627291242361,-0.11812627291242361,False,False
GOLD,Gold monthly World Bank/DataHub,True,T01_1983,B01,1983,1983-03-31,0.5,3,-0.15885947046843174,0.15885947046843174,-0.15885947046843174,True,True
GOLD,Gold monthly World Bank/DataHub,True,T01_1983,B01,1983,1983-03-31,0.5,4,-0.1792260692464358,0.1792260692464358,-0.1792260692464358,True,True
GOLD,Gold monthly World Bank/DataHub,True,T01_1983,B01,1983,1983-03-31,0.5,5,-0.15274949083503053,0.1792260692464358,-0.1792260692464358,False,False
GOLD,Gold monthly World Bank/DataHub,True,T01_1983,B01,1983,1983-03-31,0.5,6,-0.16089613034623218,0.1792260692464358,-0.1792260692464358,False,False
GOLD,Gold monthly World Bank/DataHub,True,T01_1983,B01,1983,1983-03-31,0.5,7,-0.19755600814663954,0.19755600814663954,-0.19755600814663954,True,True
GOLD,Gold monthly World Bank/DataHub,True,T01_1983,B01,1983,1983-03-31,0.5,8,-0.22199592668024437,0.22199592668024437,-0.22199592668024437,True,True
GOLD,Gold monthly World Bank/DataHub,True,T01_1983,B01,1983,1983-03-31,0.5,9,-0.20977596741344195,0.22199592668024437,-0.22199592668024437,False,False
GOLD,Gold monthly World Bank/DataHub,True,T01_1983,B01,1983,1983-03-31,0.5,10,-0.24439918533604887,0.24439918533604887,-0.24439918533604887,True,True
GOLD,Gold monthly World Bank/DataHub,True,T01_1983,B01,1983,1983-03-31,0.5,11,-0.21384928716904272,0.24439918533604887,-0.24439918533604887,False,False
GOLD,Gold monthly World Bank/DataHub,True,T01_1983,B01,1983,1983-03-31,0.5,12,-0.19755600814663954,0.24439918533604887,-0.24439918533604887,False,False
GOLD,Gold monthly World Bank/DataHub,True,T01_1983,B01,1983,1983-03-31,0.5,13,-0.2240325865580448,0.24439918533604887,-0.24439918533604887,False,False
GOLD,Gold monthly World Bank/DataHub,True,T01_1983,B01,1983,1983-03-31,0.5,14,-0.23217922606924646,0.24439918533604887,-0.24439918533604887,False,False
GOLD,Gold monthly World Bank/DataHub,True,T01_1983,B01,1983,1983-03-31,0.5,15,-0.23014256619144602,0.24439918533604887,-0.24439918533604887,False,False
GOLD,Gold monthly World Bank/DataHub,True,T01_1983,B01,1983,1983-03-31,0.5,16,-0.2912423625254582,0.2912423625254582,-0.2912423625254582,True,True
GOLD,Gold monthly World Bank/DataHub,True,T01_1983,B01,1983,1983-03-31,0.5,17,-0.2912423625254582,0.2912423625254582,-0.2912423625254582,False,False
GOLD,Gold monthly World Bank/DataHub,True,T01_1983,B01,1983,1983-03-31,0.5,18,-0.3075356415478615,0.3075356415478615,-0.3075356415478615,True,True
GOLD,Gold monthly World Bank/DataHub,True,T01_1983,B01,1983,1983-03-31,0.5,19,-0.30549898167006106,0.3075356415478615,-0.3075356415478615,False,False
GOLD,Gold monthly World Bank/DataHub,True,T01_1983,B01,1983,1983-03-31,0.5,20,-0.30346232179226074,0.3075356415478615,-0.3075356415478615,False,False
GOLD,Gold monthly World Bank/DataHub,True,T01_1983,B01,1983,1983-03-31,0.5,21,-0.34826883910386963,0.34826883910386963,-0.34826883910386963,True,True
GOLD,Gold monthly World Bank/DataHub,True,T01_1983,B01,1983,1983-03-31,0.5,22,-0.38289205702647655,0.38289205702647655,-0.38289205702647655,True,True
GOLD,Gold monthly World Bank/DataHub,True,T01_1983,B01,1983,1983-03-31,0.5,23,-0.3910386965376782,0.3910386965376782,-0.3910386965376782,True,True
GOLD,Gold monthly World Bank/DataHub,True,T01_1983,B01,1983,1983-03-31,0.5,24,-0.36048879837067205,0.3910386965376782,-0.3910386965376782,False,False
GOLD,Gold monthly World Bank/DataHub,True,T02_1984,B01,1984,1984-03-29,0.5,1,-0.012953367875647714,0.012953367875647714,-0.012953367875647714,True,True
GOLD,Gold monthly World Bank/DataHub,True,T02_1984,B01,1984,1984-03-29,0.5,2,-0.023316062176165775,0.023316062176165775,-0.023316062176165775,True,True
GOLD,Gold monthly World Bank/DataHub,True,T02_1984,B01,1984,1984-03-29,0.5,3,-0.020725388601036232,0.023316062176165775,-0.023316062176165775,False,False
GOLD,Gold monthly World Bank/DataHub,True,T02_1984,B01,1984,1984-03-29,0.5,4,-0.0984455958549223,0.0984455958549223,-0.0984455958549223,True,True
GOLD,Gold monthly World Bank/DataHub,True,T02_1984,B01,1984,1984-03-29,0.5,5,-0.0984455958549223,0.0984455958549223,-0.0984455958549223,False,False
GOLD,Gold monthly World Bank/DataHub,True,T02_1984,B01,1984,1984-03-29,0.5,6,-0.11917098445595853,0.11917098445595853,-0.11917098445595853,True,True
GOLD,Gold monthly World Bank/DataHub,True,T02_1984,B01,1984,1984-03-29,0.5,7,-0.11658031088082899,0.11917098445595853,-0.11917098445595853,False,False
GOLD,Gold monthly World Bank/DataHub,True,T02_1984,B01,1984,1984-03-29,0.5,8,-0.11398963730569944,0.11917098445595853,-0.11917098445595853,False,False
GOLD,Gold monthly World Bank/DataHub,True,T02_1984,B01,1984,1984-03-29,0.5,9,-0.17098445595854928,0.17098445595854928,-0.17098445595854928,True,True
GOLD,Gold monthly World Bank/DataHub,True,T02_1984,B01,1984,1984-03-29,0.5,10,-0.21502590673575128,0.21502590673575128,-0.21502590673575128,True,True
GOLD,Gold monthly World Bank/DataHub,True,T02_1984,B01,1984,1984-03-29,0.5,11,-0.22538860103626945,0.22538860103626945,-0.22538860103626945,True,True
GOLD,Gold monthly World Bank/DataHub,True,T02_1984,B01,1984,1984-03-29,0.5,12,-0.18652849740932642,0.22538860103626945,-0.22538860103626945,False,False
GOLD,Gold monthly World Bank/DataHub,True,T02_1984,B01,1984,1984-03-29,0.5,13,-0.15284974093264247,0.22538860103626945,-0.22538860103626945,False,False
GOLD,Gold monthly World Bank/DataHub,True,T02_1984,B01,1984,1984-03-29,0.5,14,-0.18134715025906734,0.22538860103626945,-0.22538860103626945,False,False
GOLD,Gold monthly World Bank/DataHub,True,T02_1984,B01,1984,1984-03-29,0.5,15,-0.1787564766839378,0.22538860103626945,-0.22538860103626945,False,False
GOLD,Gold monthly World Bank/DataHub,True,T02_1984,B01,1984,1984-03-29,0.5,16,-0.1787564766839378,0.22538860103626945,-0.22538860103626945,False,False
GOLD,Gold monthly World Bank/DataHub,True,T02_1984,B01,1984,1984-03-29,0.5,17,-0.14507772020725385,0.22538860103626945,-0.22538860103626945,False,False
GOLD,Gold monthly World Bank/DataHub,True,T02_1984,B01,1984,1984-03-29,0.5,18,-0.16321243523316065,0.22538860103626945,-0.22538860103626945,False,False
GOLD,Gold monthly World Bank/DataHub,True,T02_1984,B01,1984,1984-03-29,0.5,19,-0.15544041450777202,0.22538860103626945,-0.22538860103626945,False,False
GOLD,Gold monthly World Bank/DataHub,True,T02_1984,B01,1984,1984-03-29,0.5,20,-0.1658031088082902,0.22538860103626945,-0.22538860103626945,False,False
GOLD,Gold monthly World Bank/DataHub,True,T02_1984,B01,1984,1984-03-29,0.5,21,-0.1658031088082902,0.22538860103626945,-0.22538860103626945,False,False
GOLD,Gold monthly World Bank/DataHub,True,T02_1984,B01,1984,1984-03-29,0.5,22,-0.10103626943005184,0.22538860103626945,-0.22538860103626945,False,False
GOLD,Gold monthly World Bank/DataHub,True,T02_1984,B01,1984,1984-03-29,0.5,23,-0.12176165803108807,0.22538860103626945,-0.22538860103626945,False,False
GOLD,Gold monthly World Bank/DataHub,True,T02_1984,B01,1984,1984-03-29,0.5,24,-0.10362694300518138,0.22538860103626945,-0.22538860103626945,False,False
GOLD,Gold monthly World Bank/DataHub,True,T03_1987,B02,1987,1987-01-05,0.3333333333333333,1,0.025575447570332477,0.0,0.0,False,True
GOLD,Gold monthly World Bank/DataHub,True,T03_1987,B02,1987,1987-01-05,0.3333333333333333,2,0.04603580562659837,0.0,0.0,False,False
GOLD,Gold monthly World Bank/DataHub,True,T03_1987,B02,1987,1987-01-05,0.3333333333333333,3,0.12020460358056262,0.0,0.0,False,False
GOLD,Gold monthly World Bank/DataHub,True,T03_1987,B02,1987,1987-01-05,0.3333333333333333,4,0.17647058823529416,0.0,0.0,False,False
GOLD,Gold monthly World Bank/DataHub,True,T03_1987,B02,1987,1987-01-05,0.3333333333333333,5,0.15089514066496168,0.021739130434782594,0.0,False,True
GOLD,Gold monthly World Bank/DataHub,True,T03_1987,B02,1987,1987-01-05,0.3333333333333333,6,0.15345268542199486,0.021739130434782594,0.0,False,False
GOLD,Gold monthly World Bank/DataHub,True,T03_1987,B02,1987,1987-01-05,0.3333333333333333,7,0.17902813299232734,0.021739130434782594,0.0,False,False
GOLD,Gold monthly World Bank/DataHub,True,T03_1987,B02,1987,1987-01-05,0.3333333333333333,8,0.17647058823529416,0.021739130434782594,0.0,False,False
GOLD,Gold monthly World Bank/DataHub,True,T03_1987,B02,1987,1987-01-05,0.3333333333333333,9,0.18925831202046028,0.021739130434782594,0.0,False,False
GOLD,Gold monthly World Bank/DataHub,True,T03_1987,B02,1987,1987-01-05,0.3333333333333333,10,0.19693094629156005,0.021739130434782594,0.0,False,False
GOLD,Gold monthly World Bank/DataHub,True,T03_1987,B02,1987,1987-01-05,0.3333333333333333,11,0.24296675191815864,0.021739130434782594,0.0,False,False
GOLD,Gold monthly World Bank/DataHub,True,T03_1987,B02,1987,1987-01-05,0.3333333333333333,12,0.21994884910485935,0.021739130434782594,0.0,False,False
GOLD,Gold monthly World Bank/DataHub,True,T03_1987,B02,1987,1987-01-05,0.3333333333333333,13,0.13043478260869557,0.09053497942386834,0.0,False,True
GOLD,Gold monthly World Bank/DataHub,True,T03_1987,B02,1987,1987-01-05,0.3333333333333333,14,0.13554987212276215,0.09053497942386834,0.0,False,False
GOLD,Gold monthly World Bank/DataHub,True,T03_1987,B02,1987,1987-01-05,0.3333333333333333,15,0.15601023017902804,0.09053497942386834,0.0,False,False
GOLD,Gold monthly World Bank/DataHub,True,T03_1987,B02,1987,1987-01-05,0.3333333333333333,16,0.15345268542199486,0.09053497942386834,0.0,False,False
GOLD,Gold monthly World Bank/DataHub,True,T03_1987,B02,1987,1987-01-05,0.3333333333333333,17,0.15345268542199486,0.09053497942386834,0.0,False,False
GOLD,Gold monthly World Bank/DataHub,True,T03_1987,B02,1987,1987-01-05,0.3333333333333333,18,0.12020460358056262,0.09876543209876543,0.0,False,True
GOLD,Gold monthly World Bank/DataHub,True,T03_1987,B02,1987,1987-01-05,0.3333333333333333,19,0.10230179028132991,0.11316872427983538,0.0,False,True
GOLD,Gold monthly World Bank/DataHub,True,T03_1987,B02,1987,1987-01-05,0.3333333333333333,20,0.05626598465473154,0.15020576131687247,0.0,False,True
GOLD,Gold monthly World Bank/DataHub,True,T03_1987,B02,1987,1987-01-05,0.3333333333333333,21,0.04092071611253201,0.1625514403292181,0.0,False,True
GOLD,Gold monthly World Bank/DataHub,True,T03_1987,B02,1987,1987-01-05,0.3333333333333333,22,0.07416879795396425,0.1625514403292181,0.0,False,False
GOLD,Gold monthly World Bank/DataHub,True,T03_1987,B02,1987,1987-01-05,0.3333333333333333,23,0.07161125319693085,0.1625514403292181,0.0,False,False
GOLD,Gold monthly World Bank/DataHub,True,T03_1987,B02,1987,1987-01-05,0.3333333333333333,24,0.03324808184143224,0.16872427983539096,0.0,False,True
GOLD,Gold monthly World Bank/DataHub,True,T04_1987,B02,1987,1987-08-27,0.3333333333333333,1,0.019955654101995624,0.0,0.0,False,True
GOLD,Gold monthly World Bank/DataHub,True,T04_1987,B02,1987,1987-08-27,0.3333333333333333,2,0.03104212860310418,0.0,0.0,False,False
GOLD,Gold monthly World Bank/DataHub,True,T04_1987,B02,1987,1987-08-27,0.3333333333333333,3,0.037694013303769314,0.0,0.0,False,False
GOLD,Gold monthly World Bank/DataHub,True,T04_1987,B02,1987,1987-08-27,0.3333333333333333,4,0.07760532150776056,0.0,0.0,False,False
GOLD,Gold monthly World Bank/DataHub,True,T04_1987,B02,1987,1987-08-27,0.3333333333333333,5,0.05764966740576494,0.01851851851851849,0.0,False,True
GOLD,Gold monthly World Bank/DataHub,True,T04_1987,B02,1987,1987-08-27,0.3333333333333333,6,-0.019955654101995512,0.09053497942386834,-0.019955654101995512,True,True
GOLD,Gold monthly World Bank/DataHub,True,T04_1987,B02,1987,1987-08-27,0.3333333333333333,7,-0.01552106430155209,0.09053497942386834,-0.019955654101995512,False,False
GOLD,Gold monthly World Bank/DataHub,True,T04_1987,B02,1987,1987-08-27,0.3333333333333333,8,0.0022172949002217113,0.09053497942386834,-0.019955654101995512,False,False
GOLD,Gold monthly World Bank/DataHub,True,T04_1987,B02,1987,1987-08-27,0.3333333333333333,9,0.0,0.09053497942386834,-0.019955654101995512,False,False
GOLD,Gold monthly World Bank/DataHub,True,T04_1987,B02,1987,1987-08-27,0.3333333333333333,10,0.0,0.09053497942386834,-0.019955654101995512,False,False
GOLD,Gold monthly World Bank/DataHub,True,T04_1987,B02,1987,1987-08-27,0.3333333333333333,11,-0.02882483370288247,0.09876543209876543,-0.02882483370288247,True,True
GOLD,Gold monthly World Bank/DataHub,True,T04_1987,B02,1987,1987-08-27,0.3333333333333333,12,-0.04434589800443456,0.11316872427983538,-0.04434589800443456,True,True
GOLD,Gold monthly World Bank/DataHub,True,T04_1987,B02,1987,1987-08-27,0.3333333333333333,13,-0.0842572062084257,0.15020576131687247,-0.0842572062084257,True,True
GOLD,Gold monthly World Bank/DataHub,True,T04_1987,B02,1987,1987-08-27,0.3333333333333333,14,-0.09756097560975607,0.1625514403292181,-0.09756097560975607,True,True
GOLD,Gold monthly World Bank/DataHub,True,T04_1987,B02,1987,1987-08-27,0.3333333333333333,15,-0.0687361419068736,0.1625514403292181,-0.09756097560975607,False,False
GOLD,Gold monthly World Bank/DataHub,True,T04_1987,B02,1987,1987-08-27,0.3333333333333333,16,-0.07095343680709532,0.1625514403292181,-0.09756097560975607,False,False
GOLD,Gold monthly World Bank/DataHub,True,T04_1987,B02,1987,1987-08-27,0.3333333333333333,17,-0.10421286031042132,0.16872427983539096,-0.10421286031042132,True,True
GOLD,Gold monthly World Bank/DataHub,True,T04_1987,B02,1987,1987-08-27,0.3333333333333333,18,-0.13968957871396892,0.2016460905349794,-0.13968957871396892,True,True
GOLD,Gold monthly World Bank/DataHub,True,T04_1987,B02,1987,1987-08-27,0.3333333333333333,19,-0.1352549889135255,0.2016460905349794,-0.13968957871396892,False,False
GOLD,Gold monthly World Bank/DataHub,True,T04_1987,B02,1987,1987-08-27,0.3333333333333333,20,-0.14855875831485588,0.2098765432098766,-0.14855875831485588,True,True
GOLD,Gold monthly World Bank/DataHub,True,T04_1987,B02,1987,1987-08-27,0.3333333333333333,21,-0.17738359201773835,0.23662551440329216,-0.17738359201773835,True,True
GOLD,Gold monthly World Bank/DataHub,True,T04_1987,B02,1987,1987-08-27,0.3333333333333333,22,-0.1840354767184036,0.24279835390946503,-0.1840354767184036,True,True
GOLD,Gold monthly World Bank/DataHub,True,T04_1987,B02,1987,1987-08-27,0.3333333333333333,23,-0.1685144124168514,0.24279835390946503,-0.1840354767184036,False,False
GOLD,Gold monthly World Bank/DataHub,True,T04_1987,B02,1987,1987-08-27,0.3333333333333333,24,-0.19068736141906872,0.2489711934156379,-0.19068736141906872,True,True
GOLD,Gold monthly World Bank/DataHub,True,T05_1988,B02,1988,1988-03-30,0.3333333333333333,1,0.02262443438914019,0.0,0.0,False,True
GOLD,Gold monthly World Bank/DataHub,True,T05_1988,B02,1988,1988-03-30,0.3333333333333333,2,0.020361990950226172,0.0022123893805309214,0.0,False,True
GOLD,Gold monthly World Bank/DataHub,True,T05_1988,B02,1988,1988-03-30,0.3333333333333333,3,0.020361990950226172,0.0022123893805309214,0.0,False,False
GOLD,Gold monthly World Bank/DataHub,True,T05_1988,B02,1988,1988-03-30,0.3333333333333333,4,-0.009049773755656076,0.030973451327433676,-0.009049773755656076,True,True
GOLD,Gold monthly World Bank/DataHub,True,T05_1988,B02,1988,1988-03-30,0.3333333333333333,5,-0.02488687782805432,0.04646017699115046,-0.02488687782805432,True,True
GOLD,Gold monthly World Bank/DataHub,True,T05_1988,B02,1988,1988-03-30,0.3333333333333333,6,-0.06561085972850678,0.08628318584070793,-0.06561085972850678,True,True
GOLD,Gold monthly World Bank/DataHub,True,T05_1988,B02,1988,1988-03-30,0.3333333333333333,7,-0.079185520361991,0.0995575221238938,-0.079185520361991,True,True
GOLD,Gold monthly World Bank/DataHub,True,T05_1988,B02,1988,1988-03-30,0.3333333333333333,8,-0.04977375565610864,0.0995575221238938,-0.079185520361991,False,False
GOLD,Gold monthly World Bank/DataHub,True,T05_1988,B02,1988,1988-03-30,0.3333333333333333,9,-0.05203619909502266,0.0995575221238938,-0.079185520361991,False,False
GOLD,Gold monthly World Bank/DataHub,True,T05_1988,B02,1988,1988-03-30,0.3333333333333333,10,-0.08597285067873306,0.10619469026548678,-0.08597285067873306,True,True
GOLD,Gold monthly World Bank/DataHub,True,T05_1988,B02,1988,1988-03-30,0.3333333333333333,11,-0.12217194570135748,0.1415929203539823,-0.12217194570135748,True,True
GOLD,Gold monthly World Bank/DataHub,True,T05_1988,B02,1988,1988-03-30,0.3333333333333333,12,-0.11764705882352944,0.1415929203539823,-0.12217194570135748,False,False
GOLD,Gold monthly World Bank/DataHub,True,T05_1988,B02,1988,1988-03-30,0.3333333333333333,13,-0.13122171945701355,0.1504424778761062,-0.13122171945701355,True,True
GOLD,Gold monthly World Bank/DataHub,True,T05_1988,B02,1988,1988-03-30,0.3333333333333333,14,-0.1606334841628959,0.17920353982300885,-0.1606334841628959,True,True
GOLD,Gold monthly World Bank/DataHub,True,T05_1988,B02,1988,1988-03-30,0.3333333333333333,15,-0.16742081447963797,0.18584070796460173,-0.16742081447963797,True,True
GOLD,Gold monthly World Bank/DataHub,True,T05_1988,B02,1988,1988-03-30,0.3333333333333333,16,-0.15158371040723984,0.18584070796460173,-0.16742081447963797,False,False
GOLD,Gold monthly World Bank/DataHub,True,T05_1988,B02,1988,1988-03-30,0.3333333333333333,17,-0.17420814479638014,0.1924778761061947,-0.17420814479638014,True,True
GOLD,Gold monthly World Bank/DataHub,True,T05_1988,B02,1988,1988-03-30,0.3333333333333333,18,-0.1809954751131222,0.1991150442477876,-0.1809954751131222,True,True
GOLD,Gold monthly World Bank/DataHub,True,T05_1988,B02,1988,1988-03-30,0.3333333333333333,19,-0.169683257918552,0.1991150442477876,-0.1809954751131222,False,False
GOLD,Gold monthly World Bank/DataHub,True,T05_1988,B02,1988,1988-03-30,0.3333333333333333,20,-0.10859728506787325,0.1991150442477876,-0.1809954751131222,False,False
GOLD,Gold monthly World Bank/DataHub,True,T05_1988,B02,1988,1988-03-30,0.3333333333333333,21,-0.07377828054298641,0.1991150442477876,-0.1809954751131222,False,False
GOLD,Gold monthly World Bank/DataHub,True,T05_1988,B02,1988,1988-03-30,0.3333333333333333,22,-0.07239819004524883,0.1991150442477876,-0.1809954751131222,False,False
GOLD,Gold monthly World Bank/DataHub,True,T05_1988,B02,1988,1988-03-30,0.3333333333333333,23,-0.0565610859728507,0.1991150442477876,-0.1809954751131222,False,False
GOLD,Gold monthly World Bank/DataHub,True,T05_1988,B02,1988,1988-03-30,0.3333333333333333,24,-0.11085972850678738,0.1991150442477876,-0.1809954751131222,False,False
GOLD,Gold monthly World Bank/DataHub,True,T06_1994,B03,1994,1994-02-04,1.0,1,-0.007751937984496138,0.007751937984496138,-0.007751937984496138,True,True
GOLD,Gold monthly World Bank/DataHub,True,T06_1994,B03,1994,1994-02-04,1.0,2,-0.025839793281653756,0.025839793281653756,-0.025839793281653756,True,True
GOLD,Gold monthly World Bank/DataHub,True,T06_1994,B03,1994,1994-02-04,1.0,3,-0.015503875968992276,0.025839793281653756,-0.025839793281653756,False,False
GOLD,Gold monthly World Bank/DataHub,True,T06_1994,B03,1994,1994-02-04,1.0,4,-0.0025839793281653423,0.025839793281653756,-0.025839793281653756,False,False
GOLD,Gold monthly World Bank/DataHub,True,T06_1994,B03,1994,1994-02-04,1.0,5,-0.0051679586563307955,0.025839793281653756,-0.025839793281653756,False,False
GOLD,Gold monthly World Bank/DataHub,True,T06_1994,B03,1994,1994-02-04,1.0,6,-0.018087855297157618,0.025839793281653756,-0.025839793281653756,False,False
GOLD,Gold monthly World Bank/DataHub,True,T06_1994,B03,1994,1994-02-04,1.0,7,0.012919896640826822,0.025839793281653756,-0.025839793281653756,False,False
GOLD,Gold monthly World Bank/DataHub,True,T06_1994,B03,1994,1994-02-04,1.0,8,0.007751937984496138,0.025839793281653756,-0.025839793281653756,False,False
GOLD,Gold monthly World Bank/DataHub,True,T06_1994,B03,1994,1994-02-04,1.0,9,-0.007751937984496138,0.025839793281653756,-0.025839793281653756,False,False
GOLD,Gold monthly World Bank/DataHub,True,T06_1994,B03,1994,1994-02-04,1.0,10,-0.02067183462532296,0.03316326530612246,-0.025839793281653756,False,True
GOLD,Gold monthly World Bank/DataHub,True,T06_1994,B03,1994,1994-02-04,1.0,11,-0.02067183462532296,0.03316326530612246,-0.025839793281653756,False,False
GOLD,Gold monthly World Bank/DataHub,True,T06_1994,B03,1994,1994-02-04,1.0,12,-0.025839793281653756,0.03826530612244894,-0.025839793281653756,False,True
GOLD,Gold monthly World Bank/DataHub,True,T06_1994,B03,1994,1994-02-04,1.0,13,-0.012919896640826822,0.03826530612244894,-0.025839793281653756,False,False
GOLD,Gold monthly World Bank/DataHub,True,T06_1994,B03,1994,1994-02-04,1.0,14,0.010335917312661591,0.03826530612244894,-0.025839793281653756,False,False
GOLD,Gold monthly World Bank/DataHub,True,T06_1994,B03,1994,1994-02-04,1.0,15,-0.0051679586563307955,0.03826530612244894,-0.025839793281653756,False,False
GOLD,Gold monthly World Bank/DataHub,True,T06_1994,B03,1994,1994-02-04,1.0,16,0.0025839793281654533,0.03826530612244894,-0.025839793281653756,False,False
GOLD,Gold monthly World Bank/DataHub,True,T06_1994,B03,1994,1994-02-04,1.0,17,-0.0025839793281653423,0.03826530612244894,-0.025839793281653756,False,False
GOLD,Gold monthly World Bank/DataHub,True,T06_1994,B03,1994,1994-02-04,1.0,18,-0.007751937984496138,0.03826530612244894,-0.025839793281653756,False,False
GOLD,Gold monthly World Bank/DataHub,True,T06_1994,B03,1994,1994-02-04,1.0,19,-0.01033591731266148,0.03826530612244894,-0.025839793281653756,False,False
GOLD,Gold monthly World Bank/DataHub,True,T06_1994,B03,1994,1994-02-04,1.0,20,-0.01033591731266148,0.03826530612244894,-0.025839793281653756,False,False
GOLD,Gold monthly World Bank/DataHub,True,T06_1994,B03,1994,1994-02-04,1.0,21,-0.0051679586563307955,0.03826530612244894,-0.025839793281653756,False,False
GOLD,Gold monthly World Bank/DataHub,True,T06_1994,B03,1994,1994-02-04,1.0,22,0.0,0.03826530612244894,-0.025839793281653756,False,False
GOLD,Gold monthly World Bank/DataHub,True,T06_1994,B03,1994,1994-02-04,1.0,23,0.03100775193798455,0.03826530612244894,-0.025839793281653756,False,False
GOLD,Gold monthly World Bank/DataHub,True,T06_1994,B03,1994,1994-02-04,1.0,24,0.04651162790697683,0.03826530612244894,-0.025839793281653756,False,False
GOLD,Gold monthly World Bank/DataHub,True,T07_1999,B04,1999,1999-06-30,1.0,1,-0.07246376811594202,0.07246376811594202,-0.07246376811594202,True,True
GOLD,Gold monthly World Bank/DataHub,True,T07_1999,B04,1999,1999-06-30,1.0,2,-0.0688405797101449,0.07246376811594202,-0.07246376811594202,False,False
GOLD,Gold monthly World Bank/DataHub,True,T07_1999,B04,1999,1999-06-30,1.0,3,-0.03985507246376807,0.07246376811594202,-0.07246376811594202,False,False
GOLD,Gold monthly World Bank/DataHub,True,T07_1999,B04,1999,1999-06-30,1.0,4,0.12681159420289845,0.07246376811594202,-0.07246376811594202,False,False
GOLD,Gold monthly World Bank/DataHub,True,T07_1999,B04,1999,1999-06-30,1.0,5,0.061594202898550776,0.07246376811594202,-0.07246376811594202,False,False
GOLD,Gold monthly World Bank/DataHub,True,T07_1999,B04,1999,1999-06-30,1.0,6,0.0253623188405796,0.090032154340836,-0.07246376811594202,False,True
GOLD,Gold monthly World Bank/DataHub,True,T07_1999,B04,1999,1999-06-30,1.0,7,0.02898550724637672,0.090032154340836,-0.07246376811594202,False,False
GOLD,Gold monthly World Bank/DataHub,True,T07_1999,B04,1999,1999-06-30,1.0,8,0.08695652173913038,0.090032154340836,-0.07246376811594202,False,False
GOLD,Gold monthly World Bank/DataHub,True,T07_1999,B04,1999,1999-06-30,1.0,9,0.03623188405797095,0.090032154340836,-0.07246376811594202,False,False
GOLD,Gold monthly World Bank/DataHub,True,T07_1999,B04,1999,1999-06-30,1.0,10,0.01449275362318847,0.09967845659163987,-0.07246376811594202,False,True
GOLD,Gold monthly World Bank/DataHub,True,T07_1999,B04,1999,1999-06-30,1.0,11,-0.0036231884057971175,0.11575562700964626,-0.07246376811594202,False,True
GOLD,Gold monthly World Bank/DataHub,True,T07_1999,B04,1999,1999-06-30,1.0,12,0.03623188405797095,0.11575562700964626,-0.07246376811594202,False,False
GOLD,Gold monthly World Bank/DataHub,True,T07_1999,B04,1999,1999-06-30,1.0,13,0.021739130434782705,0.11575562700964626,-0.07246376811594202,False,False
GOLD,Gold monthly World Bank/DataHub,True,T07_1999,B04,1999,1999-06-30,1.0,14,-0.005543478260869428,0.11745980707395487,-0.07246376811594202,False,True
GOLD,Gold monthly World Bank/DataHub,True,T07_1999,B04,1999,1999-06-30,1.0,15,-0.007246376811594235,0.11897106109324762,-0.07246376811594202,False,True
GOLD,Gold monthly World Bank/DataHub,True,T07_1999,B04,1999,1999-06-30,1.0,16,-0.021739130434782594,0.13183279742765275,-0.07246376811594202,False,True
GOLD,Gold monthly World Bank/DataHub,True,T07_1999,B04,1999,1999-06-30,1.0,17,-0.036231884057971064,0.14469453376205788,-0.07246376811594202,False,True
GOLD,Gold monthly World Bank/DataHub,True,T07_1999,B04,1999,1999-06-30,1.0,18,-0.018115942028985477,0.14469453376205788,-0.07246376811594202,False,False
GOLD,Gold monthly World Bank/DataHub,True,T07_1999,B04,1999,1999-06-30,1.0,19,-0.03985507246376807,0.14790996784565913,-0.07246376811594202,False,True
GOLD,Gold monthly World Bank/DataHub,True,T07_1999,B04,1999,1999-06-30,1.0,20,-0.050724637681159424,0.157556270096463,-0.07246376811594202,False,True
GOLD,Gold monthly World Bank/DataHub,True,T07_1999,B04,1999,1999-06-30,1.0,21,-0.047101449275362306,0.157556270096463,-0.07246376811594202,False,False
GOLD,Gold monthly World Bank/DataHub,True,T07_1999,B04,1999,1999-06-30,1.0,22,-0.05797101449275366,0.16398713826366562,-0.07246376811594202,False,True
GOLD,Gold monthly World Bank/DataHub,True,T07_1999,B04,1999,1999-06-30,1.0,23,-0.01449275362318836,0.16398713826366562,-0.07246376811594202,False,False
GOLD,Gold monthly World Bank/DataHub,True,T07_1999,B04,1999,1999-06-30,1.0,24,-0.021739130434782594,0.16398713826366562,-0.07246376811594202,False,False
GOLD,Gold monthly World Bank/DataHub,True,T08_2004,B05,2004,2004-06-30,1.0,1,0.03645833333333326,0.0,0.0,False,True
GOLD,Gold monthly World Bank/DataHub,True,T08_2004,B05,2004,2004-06-30,1.0,2,0.04427083333333326,0.0,0.0,False,False
GOLD,Gold monthly World Bank/DataHub,True,T08_2004,B05,2004,2004-06-30,1.0,3,0.0546875,0.0,0.0,False,False
GOLD,Gold monthly World Bank/DataHub,True,T08_2004,B05,2004,2004-06-30,1.0,4,0.09375,0.0,0.0,False,False
GOLD,Gold monthly World Bank/DataHub,True,T08_2004,B05,2004,2004-06-30,1.0,5,0.14322916666666674,0.0,0.0,False,False
GOLD,Gold monthly World Bank/DataHub,True,T08_2004,B05,2004,2004-06-30,1.0,6,0.15104166666666674,0.0,0.0,False,False
GOLD,Gold monthly World Bank/DataHub,True,T08_2004,B05,2004,2004-06-30,1.0,7,0.10416666666666674,0.040723981900452455,0.0,False,True
GOLD,Gold monthly World Bank/DataHub,True,T08_2004,B05,2004,2004-06-30,1.0,8,0.1015625,0.042986425339366474,0.0,False,True
GOLD,Gold monthly World Bank/DataHub,True,T08_2004,B05,2004,2004-06-30,1.0,9,0.13020833333333326,0.042986425339366474,0.0,False,False
GOLD,Gold monthly World Bank/DataHub,True,T08_2004,B05,2004,2004-06-30,1.0,10,0.1171875,0.042986425339366474,0.0,False,False
GOLD,Gold monthly World Bank/DataHub,True,T08_2004,B05,2004,2004-06-30,1.0,11,0.09895833333333326,0.04524886877828049,0.0,False,True
GOLD,Gold monthly World Bank/DataHub,True,T08_2004,B05,2004,2004-06-30,1.0,12,0.12239583333333326,0.04524886877828049,0.0,False,False
GOLD,Gold monthly World Bank/DataHub,True,T08_2004,B05,2004,2004-06-30,1.0,13,0.10416666666666674,0.04524886877828049,0.0,False,False
GOLD,Gold monthly World Bank/DataHub,True,T08_2004,B05,2004,2004-06-30,1.0,14,0.140625,0.04524886877828049,0.0,False,False
GOLD,Gold monthly World Bank/DataHub,True,T08_2004,B05,2004,2004-06-30,1.0,15,0.1875,0.04524886877828049,0.0,False,False
GOLD,Gold monthly World Bank/DataHub,True,T08_2004,B05,2004,2004-06-30,1.0,16,0.22395833333333326,0.04524886877828049,0.0,False,False
GOLD,Gold monthly World Bank/DataHub,True,T08_2004,B05,2004,2004-06-30,1.0,17,0.2421875,0.04524886877828049,0.0,False,False
GOLD,Gold monthly World Bank/DataHub,True,T08_2004,B05,2004,2004-06-30,1.0,18,0.328125,0.04524886877828049,0.0,False,False
GOLD,Gold monthly World Bank/DataHub,True,T08_2004,B05,2004,2004-06-30,1.0,19,0.43229166666666674,0.04524886877828049,0.0,False,False
GOLD,Gold monthly World Bank/DataHub,True,T08_2004,B05,2004,2004-06-30,1.0,20,0.4453125,0.04524886877828049,0.0,False,False
GOLD,Gold monthly World Bank/DataHub,True,T08_2004,B05,2004,2004-06-30,1.0,21,0.45052083333333326,0.04524886877828049,0.0,False,False
GOLD,Gold monthly World Bank/DataHub,True,T08_2004,B05,2004,2004-06-30,1.0,22,0.5911458333333333,0.04524886877828049,0.0,False,False
GOLD,Gold monthly World Bank/DataHub,True,T08_2004,B05,2004,2004-06-30,1.0,23,0.7578125,0.04524886877828049,0.0,False,False
GOLD,Gold monthly World Bank/DataHub,True,T08_2004,B05,2004,2004-06-30,1.0,24,0.5520833333333333,0.11703703703703705,0.0,False,True
GOLD,Gold monthly World Bank/DataHub,True,T09_2015,B06,2015,2015-12-16,1.0,1,0.011049723756906049,0.0,0.0,False,True
GOLD,Gold monthly World Bank/DataHub,True,T09_2015,B06,2015,2015-12-16,1.0,2,0.1049723756906078,0.0,0.0,False,False
GOLD,Gold monthly World Bank/DataHub,True,T09_2015,B06,2015,2015-12-16,1.0,3,0.14640883977900554,0.0,0.0,False,False
GOLD,Gold monthly World Bank/DataHub,True,T09_2015,B06,2015,2015-12-16,1.0,4,0.14364640883977908,0.002409638554216831,0.0,False,True
GOLD,Gold monthly World Bank/DataHub,True,T09_2015,B06,2015,2015-12-16,1.0,5,0.1611418047882136,0.002409638554216831,0.0,False,False
GOLD,Gold monthly World Bank/DataHub,True,T09_2015,B06,2015,2015-12-16,1.0,6,0.17495395948434633,0.002409638554216831,0.0,False,False
GOLD,Gold monthly World Bank/DataHub,True,T09_2015,B06,2015,2015-12-16,1.0,7,0.23112338858195214,0.002409638554216831,0.0,False,False
GOLD,Gold monthly World Bank/DataHub,True,T09_2015,B06,2015,2015-12-16,1.0,8,0.2338858195211786,0.002409638554216831,0.0,False,False
GOLD,Gold monthly World Bank/DataHub,True,T09_2015,B06,2015,2015-12-16,1.0,9,0.221915285451197,0.00970149253731345,0.0,False,True
GOLD,Gold monthly World Bank/DataHub,True,T09_2015,B06,2015,2015-12-16,1.0,10,0.16666666666666674,0.05447761194029854,0.0,False,True
GOLD,Gold monthly World Bank/DataHub,True,T09_2015,B06,2015,2015-12-16,1.0,11,0.13996316758747707,0.07611940298507458,0.0,False,True
GOLD,Gold monthly World Bank/DataHub,True,T09_2015,B06,2015,2015-12-16,1.0,12,0.06537753222836096,0.13656716417910453,0.0,False,True
GOLD,Gold monthly World Bank/DataHub,True,T09_2015,B06,2015,2015-12-16,1.0,13,0.09760589318600377,0.13656716417910453,0.0,False,False
GOLD,Gold monthly World Bank/DataHub,True,T09_2015,B06,2015,2015-12-16,1.0,14,0.13627992633517505,0.13656716417910453,0.0,False,False
GOLD,Gold monthly World Bank/DataHub,True,T09_2015,B06,2015,2015-12-16,1.0,15,0.13351749539594837,0.13656716417910453,0.0,False,False
GOLD,Gold monthly World Bank/DataHub,True,T09_2015,B06,2015,2015-12-16,1.0,16,0.16666666666666674,0.13656716417910453,0.0,False,False
GOLD,Gold monthly World Bank/DataHub,True,T09_2015,B06,2015,2015-12-16,1.0,17,0.1473296500920811,0.13656716417910453,0.0,False,False
GOLD,Gold monthly World Bank/DataHub,True,T09_2015,B06,2015,2015-12-16,1.0,18,0.16022099447513805,0.13656716417910453,0.0,False,False
GOLD,Gold monthly World Bank/DataHub,True,T09_2015,B06,2015,2015-12-16,1.0,19,0.1390423572744015,0.13656716417910453,0.0,False,False
GOLD,Gold monthly World Bank/DataHub,True,T09_2015,B06,2015,2015-12-16,1.0,20,0.1813996316758748,0.13656716417910453,0.0,False,False
GOLD,Gold monthly World Bank/DataHub,True,T09_2015,B06,2015,2015-12-16,1.0,21,0.20994475138121538,0.13656716417910453,0.0,False,False
GOLD,Gold monthly World Bank/DataHub,True,T09_2015,B06,2015,2015-12-16,1.0,22,0.17863720073664835,0.13656716417910453,0.0,False,False
GOLD,Gold monthly World Bank/DataHub,True,T09_2015,B06,2015,2015-12-16,1.0,23,0.18047882136279925,0.13656716417910453,0.0,False,False
GOLD,Gold monthly World Bank/DataHub,True,T09_2015,B06,2015,2015-12-16,1.0,24,0.16390423572744006,0.13656716417910453,0.0,False,False
GOLD,Gold monthly World Bank/DataHub,True,T10_2022,B07,2022,2022-03-16,1.0,1,0.043642241379310276,0.0,0.0,False,True
GOLD,Gold monthly World Bank/DataHub,True,T10_2022,B07,2022,2022-03-16,1.0,2,-0.0037715517241379004,0.04543107898812593,-0.0037715517241379004,True,True
GOLD,Gold monthly World Bank/DataHub,True,T10_2022,B07,2022,2022-03-16,1.0,3,-0.010237068965517238,0.05162622612287038,-0.010237068965517238,True,True
GOLD,Gold monthly World Bank/DataHub,True,T10_2022,B07,2022,2022-03-16,1.0,4,-0.0662715517241379,0.10531750129065565,-0.0662715517241379,True,True
GOLD,Gold monthly World Bank/DataHub,True,T10_2022,B07,2022,2022-03-16,1.0,5,-0.04903017241379315,0.10531750129065565,-0.0662715517241379,False,False
GOLD,Gold monthly World Bank/DataHub,True,T10_2022,B07,2022,2022-03-16,1.0,6,-0.09428879310344829,0.13216313887454822,-0.09428879310344829,True,True
GOLD,Gold monthly World Bank/DataHub,True,T10_2022,B07,2022,2022-03-16,1.0,7,-0.10344827586206895,0.14093959731543626,-0.10344827586206895,True,True
GOLD,Gold monthly World Bank/DataHub,True,T10_2022,B07,2022,2022-03-16,1.0,8,-0.07058189655172409,0.14093959731543626,-0.10344827586206895,False,False
GOLD,Gold monthly World Bank/DataHub,True,T10_2022,B07,2022,2022-03-16,1.0,9,-0.03125,0.14093959731543626,-0.10344827586206895,False,False
GOLD,Gold monthly World Bank/DataHub,True,T10_2022,B07,2022,2022-03-16,1.0,10,0.022629310344827624,0.14093959731543626,-0.10344827586206895,False,False
GOLD,Gold monthly World Bank/DataHub,True,T10_2022,B07,2022,2022-03-16,1.0,11,-0.0005387931034482873,0.14093959731543626,-0.10344827586206895,False,False
GOLD,Gold monthly World Bank/DataHub,True,T10_2022,B07,2022,2022-03-16,1.0,12,0.030711206896551824,0.14093959731543626,-0.10344827586206895,False,False
GOLD,Gold monthly World Bank/DataHub,True,T10_2022,B07,2022,2022-03-16,1.0,13,0.07758620689655182,0.14093959731543626,-0.10344827586206895,False,False
GOLD,Gold monthly World Bank/DataHub,True,T10_2022,B07,2022,2022-03-16,1.0,14,0.07327586206896552,0.14093959731543626,-0.10344827586206895,False,False
GOLD,Gold monthly World Bank/DataHub,True,T10_2022,B07,2022,2022-03-16,1.0,15,0.046875,0.14093959731543626,-0.10344827586206895,False,False
GOLD,Gold monthly World Bank/DataHub,True,T10_2022,B07,2022,2022-03-16,1.0,16,0.0511853448275863,0.14093959731543626,-0.10344827586206895,False,False
GOLD,Gold monthly World Bank/DataHub,True,T10_2022,B07,2022,2022-03-16,1.0,17,0.033943965517241326,0.14093959731543626,-0.10344827586206895,False,False
GOLD,Gold monthly World Bank/DataHub,True,T10_2022,B07,2022,2022-03-16,1.0,18,0.032327586206896575,0.14093959731543626,-0.10344827586206895,False,False
GOLD,Gold monthly World Bank/DataHub,True,T10_2022,B07,2022,2022-03-16,1.0,19,0.032327586206896575,0.14093959731543626,-0.10344827586206895,False,False
GOLD,Gold monthly World Bank/DataHub,True,T10_2022,B07,2022,2022-03-16,1.0,20,0.06896551724137923,0.14093959731543626,-0.10344827586206895,False,False
GOLD,Gold monthly World Bank/DataHub,True,T10_2022,B07,2022,2022-03-16,1.0,21,0.09159482758620685,0.14093959731543626,-0.10344827586206895,False,False
GOLD,Gold monthly World Bank/DataHub,True,T10_2022,B07,2022,2022-03-16,1.0,22,0.09590517241379315,0.14093959731543626,-0.10344827586206895,False,False
GOLD,Gold monthly World Bank/DataHub,True,T10_2022,B07,2022,2022-03-16,1.0,23,0.0899784482758621,0.14093959731543626,-0.10344827586206895,False,False
GOLD,Gold monthly World Bank/DataHub,True,T10_2022,B07,2022,2022-03-16,1.0,24,0.16271551724137923,0.14093959731543626,-0.10344827586206895,False,False
SP500,S&P 500 cash index monthly average,True,T01_1983,B01,1983,1983-03-31,0.5,1,0.07435554997632599,0.0,0.0,False,True
SP500,S&P 500 cash index monthly average,True,T01_1983,B01,1983,1983-03-31,0.5,2,0.11785201058865913,0.0,0.0,False,False
SP500,S&P 500 cash index monthly average,True,T01_1983,B01,1983,1983-03-31,0.5,3,0.13332882950012492,0.0,0.0,False,False
SP500,S&P 500 cash index monthly average,True,T01_1983,B01,1983,1983-03-31,0.5,4,0.13729286104989757,0.0,0.0,False,False
SP500,S&P 500 cash index monthly average,True,T01_1983,B01,1983,1983-03-31,0.5,5,0.10641226520953673,0.027152721078239406,0.0,False,True
SP500,S&P 500 cash index monthly average,True,T01_1983,B01,1983,1983-03-31,0.5,6,0.1387198535938774,0.027152721078239406,0.0,False,False
SP500,S&P 500 cash index monthly average,True,T01_1983,B01,1983,1983-03-31,0.5,7,0.14208373960467902,0.027152721078239406,0.0,False,False
SP500,S&P 500 cash index monthly average,True,T01_1983,B01,1983,1983-03-31,0.5,8,0.125575669199679,0.027152721078239406,0.0,False,False
SP500,S&P 500 cash index monthly average,True,T01_1983,B01,1983,1983-03-31,0.5,9,0.11972047536777164,0.027152721078239406,0.0,False,False
SP500,S&P 500 cash index monthly average,True,T01_1983,B01,1983,1983-03-31,0.5,10,0.13349072014740537,0.027152721078239406,0.0,False,False
SP500,S&P 500 cash index monthly average,True,T01_1983,B01,1983,1983-03-31,0.5,11,0.07121175599568241,0.062054979990809,0.0,False,True
SP500,S&P 500 cash index monthly average,True,T01_1983,B01,1983,1983-03-31,0.5,12,0.0724933701988808,0.062054979990809,0.0,False,False
SP500,S&P 500 cash index monthly average,True,T01_1983,B01,1983,1983-03-31,0.5,13,0.07360280149562759,0.062054979990809,0.0,False,False
SP500,S&P 500 cash index monthly average,True,T01_1983,B01,1983,1983-03-31,0.5,14,0.06644603774158186,0.0662278073316046,0.0,False,True
SP500,S&P 500 cash index monthly average,True,T01_1983,B01,1983,1983-03-31,0.5,15,0.0431066531034201,0.0866635983588373,0.0,False,True
SP500,S&P 500 cash index monthly average,True,T01_1983,B01,1983,1983-03-31,0.5,16,0.02916449328929982,0.09887124945362158,0.0,False,True
SP500,S&P 500 cash index monthly average,True,T01_1983,B01,1983,1983-03-31,0.5,17,0.12005727591793636,0.09887124945362158,0.0,False,False
SP500,S&P 500 cash index monthly average,True,T01_1983,B01,1983,1983-03-31,0.5,18,0.13158177936420135,0.09887124945362158,0.0,False,False
SP500,S&P 500 cash index monthly average,True,T01_1983,B01,1983,1983-03-31,0.5,19,0.1227673148867261,0.09887124945362158,0.0,False,False
SP500,S&P 500 cash index monthly average,True,T01_1983,B01,1983,1983-03-31,0.5,20,0.13266678324078884,0.09887124945362158,0.0,False,False
SP500,S&P 500 cash index monthly average,True,T01_1983,B01,1983,1983-03-31,0.5,21,0.12046008991007695,0.09887124945362158,0.0,False,False
SP500,S&P 500 cash index monthly average,True,T01_1983,B01,1983,1983-03-31,0.5,22,0.16904918752090126,0.09887124945362158,0.0,False,False
SP500,S&P 500 cash index monthly average,True,T01_1983,B01,1983,1983-03-31,0.5,23,0.23221138098968575,0.09887124945362158,0.0,False,False
SP500,S&P 500 cash index monthly average,True,T01_1983,B01,1983,1983-03-31,0.5,24,0.22223337776359586,0.09887124945362158,0.0,False,False
SP500,S&P 500 cash index monthly average,True,T02_1984,B01,1984,1984-03-29,0.5,1,0.002232094155578901,0.0,0.0,False,True
SP500,S&P 500 cash index monthly average,True,T02_1984,B01,1984,1984-03-29,0.5,2,-0.004448903988801822,0.006666118739701354,-0.004448903988801822,True,True
SP500,S&P 500 cash index monthly average,True,T02_1984,B01,1984,1984-03-29,0.5,3,-0.02623673866063836,0.028405429223660406,-0.02623673866063836,True,True
SP500,S&P 500 cash index monthly average,True,T02_1984,B01,1984,1984-03-29,0.5,4,-0.039252054947156556,0.04139175879982904,-0.039252054947156556,True,True
SP500,S&P 500 cash index monthly average,True,T02_1984,B01,1984,1984-03-29,0.5,5,0.04559837926428689,0.04139175879982904,-0.039252054947156556,False,False
SP500,S&P 500 cash index monthly average,True,T02_1984,B01,1984,1984-03-29,0.5,6,0.05635675955815622,0.04139175879982904,-0.039252054947156556,False,False
SP500,S&P 500 cash index monthly average,True,T02_1984,B01,1984,1984-03-29,0.5,7,0.04812826091805089,0.04139175879982904,-0.039252054947156556,False,False
SP500,S&P 500 cash index monthly average,True,T02_1984,B01,1984,1984-03-29,0.5,8,0.05736963480949142,0.04139175879982904,-0.039252054947156556,False,False
SP500,S&P 500 cash index monthly average,True,T02_1984,B01,1984,1984-03-29,0.5,9,0.045974415085296316,0.04139175879982904,-0.039252054947156556,False,False
SP500,S&P 500 cash index monthly average,True,T02_1984,B01,1984,1984-03-29,0.5,10,0.09133341841854592,0.04139175879982904,-0.039252054947156556,False,False
SP500,S&P 500 cash index monthly average,True,T02_1984,B01,1984,1984-03-29,0.5,11,0.1502967308684504,0.04139175879982904,-0.039252054947156556,False,False
SP500,S&P 500 cash index monthly average,True,T02_1984,B01,1984,1984-03-29,0.5,12,0.14098204292720817,0.04139175879982904,-0.039252054947156556,False,False
SP500,S&P 500 cash index monthly average,True,T02_1984,B01,1984,1984-03-29,0.5,13,0.14860409855469747,0.04139175879982904,-0.039252054947156556,False,False
SP500,S&P 500 cash index monthly average,True,T02_1984,B01,1984,1984-03-29,0.5,14,0.17582511976257642,0.04139175879982904,-0.039252054947156556,False,False
SP500,S&P 500 cash index monthly average,True,T02_1984,B01,1984,1984-03-29,0.5,15,0.2011789965383619,0.04139175879982904,-0.039252054947156556,False,False
SP500,S&P 500 cash index monthly average,True,T02_1984,B01,1984,1984-03-29,0.5,16,0.22444471104836428,0.04139175879982904,-0.039252054947156556,False,False
SP500,S&P 500 cash index monthly average,True,T02_1984,B01,1984,1984-03-29,0.5,17,0.19749293253582634,0.04139175879982904,-0.039252054947156556,False,False
SP500,S&P 500 cash index monthly average,True,T02_1984,B01,1984,1984-03-29,0.5,18,0.17141623717457644,0.04330818157431149,-0.039252054947156556,False,True
SP500,S&P 500 cash index monthly average,True,T02_1984,B01,1984,1984-03-29,0.5,19,0.18397355198124155,0.04330818157431149,-0.039252054947156556,False,False
SP500,S&P 500 cash index monthly average,True,T02_1984,B01,1984,1984-03-29,0.5,20,0.2556112610901631,0.04330818157431149,-0.039252054947156556,False,False
SP500,S&P 500 cash index monthly average,True,T02_1984,B01,1984,1984-03-29,0.5,21,0.3180092754737487,0.04330818157431149,-0.039252054947156556,False,False
SP500,S&P 500 cash index monthly average,True,T02_1984,B01,1984,1984-03-29,0.5,22,0.32396455375060285,0.04330818157431149,-0.039252054947156556,False,False
SP500,S&P 500 cash index monthly average,True,T02_1984,B01,1984,1984-03-29,0.5,23,0.39500516650021567,0.04330818157431149,-0.039252054947156556,False,False
SP500,S&P 500 cash index monthly average,True,T02_1984,B01,1984,1984-03-29,0.5,24,0.47743249515042563,0.04330818157431149,-0.039252054947156556,False,False
SP500,S&P 500 cash index monthly average,True,T03_1987,B02,1987,1987-01-05,0.3333333333333333,1,0.13004043401259446,0.0,0.0,False,True
SP500,S&P 500 cash index monthly average,True,T03_1987,B02,1987,1987-01-05,0.3333333333333333,2,0.17644790119601228,0.0,0.0,False,False
SP500,S&P 500 cash index monthly average,True,T03_1987,B02,1987,1987-01-05,0.3333333333333333,3,0.1637793956518634,0.010768437370894057,0.0,False,True
SP500,S&P 500 cash index monthly average,True,T03_1987,B02,1987,1987-01-05,0.3333333333333333,4,0.16294913681639023,0.0114741709904016,0.0,False,True
SP500,S&P 500 cash index monthly average,True,T03_1987,B02,1987,1987-01-05,0.3333333333333333,5,0.21229878509732902,0.0114741709904016,0.0,False,False
SP500,S&P 500 cash index monthly average,True,T03_1987,B02,1987,1987-01-05,0.3333333333333333,6,0.24730679367947017,0.0114741709904016,0.0,False,False
SP500,S&P 500 cash index monthly average,True,T03_1987,B02,1987,1987-01-05,0.3333333333333333,7,0.3248224756038611,0.0114741709904016,0.0,False,False
SP500,S&P 500 cash index monthly average,True,T03_1987,B02,1987,1987-01-05,0.3333333333333333,8,0.2817938858388187,0.03247875889592655,0.0,False,True
SP500,S&P 500 cash index monthly average,True,T03_1987,B02,1987,1987-01-05,0.3333333333333333,9,0.12694265919912295,0.14936326945581413,0.0,False,True
SP500,S&P 500 cash index monthly average,True,T03_1987,B02,1987,1987-01-05,0.3333333333333333,10,-0.014468522121529381,0.25610299038045825,-0.014468522121529381,True,True
SP500,S&P 500 cash index monthly average,True,T03_1987,B02,1987,1987-01-05,0.3333333333333333,11,-0.030769817504093577,0.26840750338710384,-0.030769817504093577,True,True
SP500,S&P 500 cash index monthly average,True,T03_1987,B02,1987,1987-01-05,0.3333333333333333,12,0.0075261776217492304,0.26840750338710384,-0.030769817504093577,False,False
SP500,S&P 500 cash index monthly average,True,T03_1987,B02,1987,1987-01-05,0.3333333333333333,13,0.038303845591093566,0.26840750338710384,-0.030769817504093577,False,False
SP500,S&P 500 cash index monthly average,True,T03_1987,B02,1987,1987-01-05,0.3333333333333333,14,0.06891215693986341,0.26840750338710384,-0.030769817504093577,False,False
SP500,S&P 500 cash index monthly average,True,T03_1987,B02,1987,1987-01-05,0.3333333333333333,15,0.0563545325793402,0.26840750338710384,-0.030769817504093577,False,False
SP500,S&P 500 cash index monthly average,True,T03_1987,B02,1987,1987-01-05,0.3333333333333333,16,0.03024212444386043,0.26840750338710384,-0.030769817504093577,False,False
SP500,S&P 500 cash index monthly average,True,T03_1987,B02,1987,1987-01-05,0.3333333333333333,17,0.08880446347451709,0.26840750338710384,-0.030769817504093577,False,False
SP500,S&P 500 cash index monthly average,True,T03_1987,B02,1987,1987-01-05,0.3333333333333333,18,0.08223489652745597,0.26840750338710384,-0.030769817504093577,False,False
SP500,S&P 500 cash index monthly average,True,T03_1987,B02,1987,1987-01-05,0.3333333333333333,19,0.06082354298581749,0.26840750338710384,-0.030769817504093577,False,False
SP500,S&P 500 cash index monthly average,True,T03_1987,B02,1987,1987-01-05,0.3333333333333333,20,0.07789268783104375,0.26840750338710384,-0.030769817504093577,False,False
SP500,S&P 500 cash index monthly average,True,T03_1987,B02,1987,1987-01-05,0.3333333333333333,21,0.11580703863593578,0.26840750338710384,-0.030769817504093577,False,False
SP500,S&P 500 cash index monthly average,True,T03_1987,B02,1987,1987-01-05,0.3333333333333333,22,0.09017836523842693,0.26840750338710384,-0.030769817504093577,False,False
SP500,S&P 500 cash index monthly average,True,T03_1987,B02,1987,1987-01-05,0.3333333333333333,23,0.1122634448580151,0.26840750338710384,-0.030769817504093577,False,False
SP500,S&P 500 cash index monthly average,True,T03_1987,B02,1987,1987-01-05,0.3333333333333333,24,0.14805933555404027,0.26840750338710384,-0.030769817504093577,False,False
SP500,S&P 500 cash index monthly average,True,T04_1987,B02,1987,1987-08-27,0.3333333333333333,1,0.027649245826372848,0.0,0.0,False,True
SP500,S&P 500 cash index monthly average,True,T04_1987,B02,1987,1987-08-27,0.3333333333333333,2,-0.0964992214347532,0.12080821132826647,-0.0964992214347532,True,True
SP500,S&P 500 cash index monthly average,True,T04_1987,B02,1987,1987-08-27,0.3333333333333333,3,-0.20987243645870013,0.23113108217587652,-0.20987243645870013,True,True
SP500,S&P 500 cash index monthly average,True,T04_1987,B02,1987,1987-08-27,0.3333333333333333,4,-0.22294163119504595,0.24384864586740285,-0.22294163119504595,True,True
SP500,S&P 500 cash index monthly average,True,T04_1987,B02,1987,1987-08-27,0.3333333333333333,5,-0.19223868359634633,0.24384864586740285,-0.22294163119504595,False,False
SP500,S&P 500 cash index monthly average,True,T04_1987,B02,1987,1987-08-27,0.3333333333333333,6,-0.1675633846840776,0.24384864586740285,-0.22294163119504595,False,False
SP500,S&P 500 cash index monthly average,True,T04_1987,B02,1987,1987-08-27,0.3333333333333333,7,-0.14302386361045516,0.24384864586740285,-0.22294163119504595,False,False
SP500,S&P 500 cash index monthly average,True,T04_1987,B02,1987,1987-08-27,0.3333333333333333,8,-0.15309165480998765,0.24384864586740285,-0.22294163119504595,False,False
SP500,S&P 500 cash index monthly average,True,T04_1987,B02,1987,1987-08-27,0.3333333333333333,9,-0.1740266872076306,0.24384864586740285,-0.22294163119504595,False,False
SP500,S&P 500 cash index monthly average,True,T04_1987,B02,1987,1987-08-27,0.3333333333333333,10,-0.12707565693391432,0.24384864586740285,-0.22294163119504595,False,False
SP500,S&P 500 cash index monthly average,True,T04_1987,B02,1987,1987-08-27,0.3333333333333333,11,-0.13234265858928207,0.24384864586740285,-0.22294163119504595,False,False
SP500,S&P 500 cash index monthly average,True,T04_1987,B02,1987,1987-08-27,0.3333333333333333,12,-0.14950872683338778,0.24384864586740285,-0.22294163119504595,False,False
SP500,S&P 500 cash index monthly average,True,T04_1987,B02,1987,1987-08-27,0.3333333333333333,13,-0.13582392616388006,0.24384864586740285,-0.22294163119504595,False,False
SP500,S&P 500 cash index monthly average,True,T04_1987,B02,1987,1987-08-27,0.3333333333333333,14,-0.10542695326433604,0.24384864586740285,-0.22294163119504595,False,False
SP500,S&P 500 cash index monthly average,True,T04_1987,B02,1987,1987-08-27,0.3333333333333333,15,-0.1259741622808972,0.24384864586740285,-0.22294163119504595,False,False
SP500,S&P 500 cash index monthly average,True,T04_1987,B02,1987,1987-08-27,0.3333333333333333,16,-0.10826794939766693,0.24384864586740285,-0.22294163119504595,False,False
SP500,S&P 500 cash index monthly average,True,T04_1987,B02,1987,1987-08-27,0.3333333333333333,17,-0.07956940395767154,0.24384864586740285,-0.22294163119504595,False,False
SP500,S&P 500 cash index monthly average,True,T04_1987,B02,1987,1987-08-27,0.3333333333333333,18,-0.051844178148607534,0.24384864586740285,-0.22294163119504595,False,False
SP500,S&P 500 cash index monthly average,True,T04_1987,B02,1987,1987-08-27,0.3333333333333333,19,-0.05602967807102521,0.24384864586740285,-0.22294163119504595,False,False
SP500,S&P 500 cash index monthly average,True,T04_1987,B02,1987,1987-08-27,0.3333333333333333,20,-0.02527119382309806,0.24384864586740285,-0.22294163119504595,False,False
SP500,S&P 500 cash index monthly average,True,T04_1987,B02,1987,1987-08-27,0.3333333333333333,21,0.012392406940671563,0.24384864586740285,-0.22294163119504595,False,False
SP500,S&P 500 cash index monthly average,True,T04_1987,B02,1987,1987-08-27,0.3333333333333333,22,0.04398908629934617,0.24384864586740285,-0.22294163119504595,False,False
SP500,S&P 500 cash index monthly average,True,T04_1987,B02,1987,1987-08-27,0.3333333333333333,23,0.07042930003870351,0.24384864586740285,-0.22294163119504595,False,False
SP500,S&P 500 cash index monthly average,True,T04_1987,B02,1987,1987-08-27,0.3333333333333333,24,0.11777508436397777,0.24384864586740285,-0.22294163119504595,False,False
SP500,S&P 500 cash index monthly average,True,T05_1988,B02,1988,1988-03-30,0.3333333333333333,1,0.017384782946624266,0.0,0.0,False,True
SP500,S&P 500 cash index monthly average,True,T05_1988,B02,1988,1988-03-30,0.3333333333333333,2,-0.007764317912781982,0.024719360148642733,-0.007764317912781982,True,True
SP500,S&P 500 cash index monthly average,True,T05_1988,B02,1988,1988-03-30,0.3333333333333333,3,0.04863761036604286,0.024719360148642733,-0.007764317912781982,False,False
SP500,S&P 500 cash index monthly average,True,T05_1988,B02,1988,1988-03-30,0.3333333333333333,4,0.04231039991126373,0.024719360148642733,-0.007764317912781982,False,False
SP500,S&P 500 cash index monthly average,True,T05_1988,B02,1988,1988-03-30,0.3333333333333333,5,0.021688928043894107,0.02569875622975404,-0.007764317912781982,False,True
SP500,S&P 500 cash index monthly average,True,T05_1988,B02,1988,1988-03-30,0.3333333333333333,6,0.0381283787092328,0.02569875622975404,-0.007764317912781982,False,False
SP500,S&P 500 cash index monthly average,True,T05_1988,B02,1988,1988-03-30,0.3333333333333333,7,0.07464403928959795,0.02569875622975404,-0.007764317912781982,False,False
SP500,S&P 500 cash index monthly average,True,T05_1988,B02,1988,1988-03-30,0.3333333333333333,8,0.049960827813174236,0.02569875622975404,-0.007764317912781982,False,False
SP500,S&P 500 cash index monthly average,True,T05_1988,B02,1988,1988-03-30,0.3333333333333333,9,0.07123117147352676,0.02569875622975404,-0.007764317912781982,False,False
SP500,S&P 500 cash index monthly average,True,T05_1988,B02,1988,1988-03-30,0.3333333333333333,10,0.10570652360481647,0.02569875622975404,-0.007764317912781982,False,False
SP500,S&P 500 cash index monthly average,True,T05_1988,B02,1988,1988-03-30,0.3333333333333333,11,0.13901263400283392,0.02569875622975404,-0.007764317912781982,False,False
SP500,S&P 500 cash index monthly average,True,T05_1988,B02,1988,1988-03-30,0.3333333333333333,12,0.13398462364695907,0.02569875622975404,-0.007764317912781982,False,False
SP500,S&P 500 cash index monthly average,True,T05_1988,B02,1988,1988-03-30,0.3333333333333333,13,0.17093456515842642,0.02569875622975404,-0.007764317912781982,False,False
SP500,S&P 500 cash index monthly average,True,T05_1988,B02,1988,1988-03-30,0.3333333333333333,14,0.2161795724908775,0.02569875622975404,-0.007764317912781982,False,False
SP500,S&P 500 cash index monthly average,True,T05_1988,B02,1988,1988-03-30,0.3333333333333333,15,0.2541364316406678,0.02569875622975404,-0.007764317912781982,False,False
SP500,S&P 500 cash index monthly average,True,T05_1988,B02,1988,1988-03-30,0.3333333333333333,16,0.28589886646499707,0.02569875622975404,-0.007764317912781982,False,False
SP500,S&P 500 cash index monthly average,True,T05_1988,B02,1988,1988-03-30,0.3333333333333333,17,0.34277500989041076,0.02569875622975404,-0.007764317912781982,False,False
SP500,S&P 500 cash index monthly average,True,T05_1988,B02,1988,1988-03-30,0.3333333333333333,18,0.34557081189803784,0.02569875622975404,-0.007764317912781982,False,False
SP500,S&P 500 cash index monthly average,True,T05_1988,B02,1988,1988-03-30,0.3333333333333333,19,0.34583335970703044,0.02569875622975404,-0.007764317912781982,False,False
SP500,S&P 500 cash index monthly average,True,T05_1988,B02,1988,1988-03-30,0.3333333333333333,20,0.3180245698634778,0.02569875622975404,-0.007764317912781982,False,False
SP500,S&P 500 cash index monthly average,True,T05_1988,B02,1988,1988-03-30,0.3333333333333333,21,0.35038431056364905,0.02569875622975404,-0.007764317912781982,False,False
SP500,S&P 500 cash index monthly average,True,T05_1988,B02,1988,1988-03-30,0.3333333333333333,22,0.31706680239796214,0.02569875622975404,-0.007764317912781982,False,False
SP500,S&P 500 cash index monthly average,True,T05_1988,B02,1988,1988-03-30,0.3333333333333333,23,0.28018903894789204,0.051981699629239375,-0.007764317912781982,False,True
SP500,S&P 500 cash index monthly average,True,T05_1988,B02,1988,1988-03-30,0.3333333333333333,24,0.3112293190193598,0.051981699629239375,-0.007764317912781982,False,False
SP500,S&P 500 cash index monthly average,True,T06_1994,B03,1994,1994-02-04,1.0,1,-0.019418962589300537,0.019418962589300537,-0.019418962589300537,True,True
SP500,S&P 500 cash index monthly average,True,T06_1994,B03,1994,1994-02-04,1.0,2,-0.05446329678463202,0.05446329678463202,-0.05446329678463202,True,True
SP500,S&P 500 cash index monthly average,True,T06_1994,B03,1994,1994-02-04,1.0,3,-0.04671166686133821,0.05446329678463202,-0.05446329678463202,False,False
SP500,S&P 500 cash index monthly average,True,T06_1994,B03,1994,1994-02-04,1.0,4,-0.03840850624674996,0.05446329678463202,-0.05446329678463202,False,False
SP500,S&P 500 cash index monthly average,True,T06_1994,B03,1994,1994-02-04,1.0,5,-0.045649437710278296,0.05446329678463202,-0.05446329678463202,False,False
SP500,S&P 500 cash index monthly average,True,T06_1994,B03,1994,1994-02-04,1.0,6,-0.018498823657162045,0.05446329678463202,-0.05446329678463202,False,False
SP500,S&P 500 cash index monthly average,True,T06_1994,B03,1994,1994-02-04,1.0,7,-0.01275868174226047,0.05446329678463202,-0.05446329678463202,False,False
SP500,S&P 500 cash index monthly average,True,T06_1994,B03,1994,1994-02-04,1.0,8,-0.019406314365683297,0.05446329678463202,-0.05446329678463202,False,False
SP500,S&P 500 cash index monthly average,True,T06_1994,B03,1994,1994-02-04,1.0,9,-0.025323041031240612,0.05446329678463202,-0.05446329678463202,False,False
SP500,S&P 500 cash index monthly average,True,T06_1994,B03,1994,1994-02-04,1.0,10,-0.03764579687412628,0.05446329678463202,-0.05446329678463202,False,False
SP500,S&P 500 cash index monthly average,True,T06_1994,B03,1994,1994-02-04,1.0,11,-0.016369924644346834,0.05446329678463202,-0.05446329678463202,False,False
SP500,S&P 500 cash index monthly average,True,T06_1994,B03,1994,1994-02-04,1.0,12,0.0188837519504097,0.05446329678463202,-0.05446329678463202,False,False
SP500,S&P 500 cash index monthly average,True,T06_1994,B03,1994,1994-02-04,1.0,13,0.04262260884242175,0.05446329678463202,-0.05446329678463202,False,False
SP500,S&P 500 cash index monthly average,True,T06_1994,B03,1994,1994-02-04,1.0,14,0.07381281270520579,0.05446329678463202,-0.05446329678463202,False,False
SP500,S&P 500 cash index monthly average,True,T06_1994,B03,1994,1994-02-04,1.0,15,0.10744513794552613,0.05446329678463202,-0.05446329678463202,False,False
SP500,S&P 500 cash index monthly average,True,T06_1994,B03,1994,1994-02-04,1.0,16,0.1403006956347379,0.05446329678463202,-0.05446329678463202,False,False
SP500,S&P 500 cash index monthly average,True,T06_1994,B03,1994,1994-02-04,1.0,17,0.17838248304012905,0.05446329678463202,-0.05446329678463202,False,False
SP500,S&P 500 cash index monthly average,True,T06_1994,B03,1994,1994-02-04,1.0,18,0.18206859255244434,0.05446329678463202,-0.05446329678463202,False,False
SP500,S&P 500 cash index monthly average,True,T06_1994,B03,1994,1994-02-04,1.0,19,0.22362417249775102,0.05446329678463202,-0.05446329678463202,False,False
SP500,S&P 500 cash index monthly average,True,T06_1994,B03,1994,1994-02-04,1.0,20,0.23240377357072628,0.05446329678463202,-0.05446329678463202,False,False
SP500,S&P 500 cash index monthly average,True,T06_1994,B03,1994,1994-02-04,1.0,21,0.25907267148814417,0.05446329678463202,-0.05446329678463202,False,False
SP500,S&P 500 cash index monthly average,True,T06_1994,B03,1994,1994-02-04,1.0,22,0.29932405846511534,0.05446329678463202,-0.05446329678463202,False,False
SP500,S&P 500 cash index monthly average,True,T06_1994,B03,1994,1994-02-04,1.0,23,0.2990048273427499,0.05446329678463202,-0.05446329678463202,False,False
SP500,S&P 500 cash index monthly average,True,T06_1994,B03,1994,1994-02-04,1.0,24,0.37325964691940827,0.05446329678463202,-0.05446329678463202,False,False
SP500,S&P 500 cash index monthly average,True,T07_1999,B04,1999,1999-06-30,1.0,1,0.03672167628618883,0.0,0.0,False,True
SP500,S&P 500 cash index monthly average,True,T07_1999,B04,1999,1999-06-30,1.0,2,-0.0034422698605501845,0.03874130064552794,-0.0034422698605501845,True,True
SP500,S&P 500 cash index monthly average,True,T07_1999,B04,1999,1999-06-30,1.0,3,-0.010436437501897489,0.04548772815961466,-0.010436437501897489,True,True
SP500,S&P 500 cash index monthly average,True,T07_1999,B04,1999,1999-06-30,1.0,4,-0.02407073570576279,0.058639086441913624,-0.02407073570576279,True,True
SP500,S&P 500 cash index monthly average,True,T07_1999,B04,1999,1999-06-30,1.0,5,0.04423841061382827,0.058639086441913624,-0.02407073570576279,False,False
SP500,S&P 500 cash index monthly average,True,T07_1999,B04,1999,1999-06-30,1.0,6,0.0725260616779404,0.058639086441913624,-0.02407073570576279,False,False
SP500,S&P 500 cash index monthly average,True,T07_1999,B04,1999,1999-06-30,1.0,7,0.07019992292586119,0.058639086441913624,-0.02407073570576279,False,False
SP500,S&P 500 cash index monthly average,True,T07_1999,B04,1999,1999-06-30,1.0,8,0.042640639936201374,0.058639086441913624,-0.02407073570576279,False,False
SP500,S&P 500 cash index monthly average,True,T07_1999,B04,1999,1999-06-30,1.0,9,0.08268203309929034,0.058639086441913624,-0.02407073570576279,False,False
SP500,S&P 500 cash index monthly average,True,T07_1999,B04,1999,1999-06-30,1.0,10,0.09705259948976286,0.058639086441913624,-0.02407073570576279,False,False
SP500,S&P 500 cash index monthly average,True,T07_1999,B04,1999,1999-06-30,1.0,11,0.06486541717282068,0.058639086441913624,-0.02407073570576279,False,False
SP500,S&P 500 cash index monthly average,True,T07_1999,B04,1999,1999-06-30,1.0,12,0.09750590243023649,0.058639086441913624,-0.02407073570576279,False,False
SP500,S&P 500 cash index monthly average,True,T07_1999,B04,1999,1999-06-30,1.0,13,0.10579628753303472,0.058639086441913624,-0.02407073570576279,False,False
SP500,S&P 500 cash index monthly average,True,T07_1999,B04,1999,1999-06-30,1.0,14,0.11514693983735658,0.058639086441913624,-0.02407073570576279,False,False
SP500,S&P 500 cash index monthly average,True,T07_1999,B04,1999,1999-06-30,1.0,15,0.10208140953832823,0.058639086441913624,-0.02407073570576279,False,False
SP500,S&P 500 cash index monthly average,True,T07_1999,B04,1999,1999-06-30,1.0,16,0.043593735172789305,0.06416482179021477,-0.02407073570576279,False,True
SP500,S&P 500 cash index monthly average,True,T07_1999,B04,1999,1999-06-30,1.0,17,0.03225315701412623,0.07433440371124578,-0.02407073570576279,False,True
SP500,S&P 500 cash index monthly average,True,T07_1999,B04,1999,1999-06-30,1.0,18,-0.0008591962081717641,0.10402766837386268,-0.02407073570576279,False,True
SP500,S&P 500 cash index monthly average,True,T07_1999,B04,1999,1999-06-30,1.0,19,0.002676310973736218,0.10402766837386268,-0.02407073570576279,False,False
SP500,S&P 500 cash index monthly average,True,T07_1999,B04,1999,1999-06-30,1.0,20,-0.019760486669089028,0.1209772646877566,-0.02407073570576279,False,True
SP500,S&P 500 cash index monthly average,True,T07_1999,B04,1999,1999-06-30,1.0,21,-0.10977168019182149,0.2016941552670919,-0.10977168019182149,True,True
SP500,S&P 500 cash index monthly average,True,T07_1999,B04,1999,1999-06-30,1.0,22,-0.10677861028709845,0.2016941552670919,-0.10977168019182149,False,False
SP500,S&P 500 cash index monthly average,True,T07_1999,B04,1999,1999-06-30,1.0,23,-0.046322783127997424,0.2016941552670919,-0.10977168019182149,False,False
SP500,S&P 500 cash index monthly average,True,T07_1999,B04,1999,1999-06-30,1.0,24,-0.07008885676469323,0.2016941552670919,-0.10977168019182149,False,False
SP500,S&P 500 cash index monthly average,True,T08_2004,B05,2004,2004-06-30,1.0,1,0.0027794773408809093,0.0,0.0,False,True
SP500,S&P 500 cash index monthly average,True,T08_2004,B05,2004,2004-06-30,1.0,2,-0.012555985234728784,0.015292956150514181,-0.012555985234728784,True,True
SP500,S&P 500 cash index monthly average,True,T08_2004,B05,2004,2004-06-30,1.0,3,0.013488350366405388,0.015292956150514181,-0.012555985234728784,False,False
SP500,S&P 500 cash index monthly average,True,T08_2004,B05,2004,2004-06-30,1.0,4,0.013861855270725698,0.015292956150514181,-0.012555985234728784,False,False
SP500,S&P 500 cash index monthly average,True,T08_2004,B05,2004,2004-06-30,1.0,5,0.05999023542880044,0.015292956150514181,-0.012555985234728784,False,False
SP500,S&P 500 cash index monthly average,True,T08_2004,B05,2004,2004-06-30,1.0,6,0.0874407527903025,0.015292956150514181,-0.012555985234728784,False,False
SP500,S&P 500 cash index monthly average,True,T08_2004,B05,2004,2004-06-30,1.0,7,0.07129834454415618,0.015292956150514181,-0.012555985234728784,False,False
SP500,S&P 500 cash index monthly average,True,T08_2004,B05,2004,2004-06-30,1.0,8,0.08781915877135527,0.015292956150514181,-0.012555985234728784,False,False
SP500,S&P 500 cash index monthly average,True,T08_2004,B05,2004,2004-06-30,1.0,9,0.0835308055205799,0.015292956150514181,-0.012555985234728784,False,False
SP500,S&P 500 cash index monthly average,True,T08_2004,B05,2004,2004-06-30,1.0,10,0.0559005678340625,0.029341817231223755,-0.012555985234728784,False,True
SP500,S&P 500 cash index monthly average,True,T08_2004,B05,2004,2004-06-30,1.0,11,0.0684579999618955,0.029341817231223755,-0.012555985234728784,False,False
SP500,S&P 500 cash index monthly average,True,T08_2004,B05,2004,2004-06-30,1.0,12,0.09020070432203675,0.029341817231223755,-0.012555985234728784,False,False
SP500,S&P 500 cash index monthly average,True,T08_2004,B05,2004,2004-06-30,1.0,13,0.10832200144918303,0.029341817231223755,-0.012555985234728784,False,False
SP500,S&P 500 cash index monthly average,True,T08_2004,B05,2004,2004-06-30,1.0,14,0.11016552057737083,0.029341817231223755,-0.012555985234728784,False,False
SP500,S&P 500 cash index monthly average,True,T08_2004,B05,2004,2004-06-30,1.0,15,0.1116569976908266,0.029341817231223755,-0.012555985234728784,False,False
SP500,S&P 500 cash index monthly average,True,T08_2004,B05,2004,2004-06-30,1.0,16,0.08087076673883375,0.029341817231223755,-0.012555985234728784,False,False
SP500,S&P 500 cash index monthly average,True,T08_2004,B05,2004,2004-06-30,1.0,17,0.1220432740998405,0.029341817231223755,-0.012555985234728784,False,False
SP500,S&P 500 cash index monthly average,True,T08_2004,B05,2004,2004-06-30,1.0,18,0.1444442174269347,0.029341817231223755,-0.012555985234728784,False,False
SP500,S&P 500 cash index monthly average,True,T08_2004,B05,2004,2004-06-30,1.0,19,0.15954293509231166,0.029341817231223755,-0.012555985234728784,False,False
SP500,S&P 500 cash index monthly average,True,T08_2004,B05,2004,2004-06-30,1.0,20,0.15765931532107658,0.029341817231223755,-0.012555985234728784,False,False
SP500,S&P 500 cash index monthly average,True,T08_2004,B05,2004,2004-06-30,1.0,21,0.1731560404997332,0.029341817231223755,-0.012555985234728784,False,False
SP500,S&P 500 cash index monthly average,True,T08_2004,B05,2004,2004-06-30,1.0,22,0.1808007933260911,0.029341817231223755,-0.012555985234728784,False,False
SP500,S&P 500 cash index monthly average,True,T08_2004,B05,2004,2004-06-30,1.0,23,0.16978170852540075,0.029341817231223755,-0.012555985234728784,False,False
SP500,S&P 500 cash index monthly average,True,T08_2004,B05,2004,2004-06-30,1.0,24,0.13637033203883742,0.03762739789672864,-0.012555985234728784,False,True
SP500,S&P 500 cash index monthly average,True,T09_2015,B06,2015,2015-12-16,1.0,1,-0.07787048505140182,0.07787048505140182,-0.07787048505140182,True,True
SP500,S&P 500 cash index monthly average,True,T09_2015,B06,2015,2015-12-16,1.0,2,-0.0846854814056811,0.0846854814056811,-0.0846854814056811,True,True
SP500,S&P 500 cash index monthly average,True,T09_2015,B06,2015,2015-12-16,1.0,3,-0.02819472657787503,0.0846854814056811,-0.0846854814056811,False,False
SP500,S&P 500 cash index monthly average,True,T09_2015,B06,2015,2015-12-16,1.0,4,-0.0024421954162978654,0.0846854814056811,-0.0846854814056811,False,False
SP500,S&P 500 cash index monthly average,True,T09_2015,B06,2015,2015-12-16,1.0,5,-0.007241134970000229,0.0846854814056811,-0.0846854814056811,False,False
SP500,S&P 500 cash index monthly average,True,T09_2015,B06,2015,2015-12-16,1.0,6,0.0015739876170248746,0.0846854814056811,-0.0846854814056811,False,False
SP500,S&P 500 cash index monthly average,True,T09_2015,B06,2015,2015-12-16,1.0,7,0.032819826962157794,0.0846854814056811,-0.0846854814056811,False,False
SP500,S&P 500 cash index monthly average,True,T09_2015,B06,2015,2015-12-16,1.0,8,0.0465562313052188,0.0846854814056811,-0.0846854814056811,False,False
SP500,S&P 500 cash index monthly average,True,T09_2015,B06,2015,2015-12-16,1.0,9,0.03704404940592032,0.0846854814056811,-0.0846854814056811,False,False
SP500,S&P 500 cash index monthly average,True,T09_2015,B06,2015,2015-12-16,1.0,10,0.029993241878846222,0.0846854814056811,-0.0846854814056811,False,False
SP500,S&P 500 cash index monthly average,True,T09_2015,B06,2015,2015-12-16,1.0,11,0.04055008918963621,0.0846854814056811,-0.0846854814056811,False,False
SP500,S&P 500 cash index monthly average,True,T09_2015,B06,2015,2015-12-16,1.0,12,0.07979007257752624,0.0846854814056811,-0.0846854814056811,False,False
SP500,S&P 500 cash index monthly average,True,T09_2015,B06,2015,2015-12-16,1.0,13,0.09348165542880871,0.0846854814056811,-0.0846854814056811,False,False
SP500,S&P 500 cash index monthly average,True,T09_2015,B06,2015,2015-12-16,1.0,14,0.11981738939439879,0.0846854814056811,-0.0846854814056811,False,False
SP500,S&P 500 cash index monthly average,True,T09_2015,B06,2015,2015-12-16,1.0,15,0.13755810628634624,0.0846854814056811,-0.0846854814056811,False,False
SP500,S&P 500 cash index monthly average,True,T09_2015,B06,2015,2015-12-16,1.0,16,0.13394729410127204,0.0846854814056811,-0.0846854814056811,False,False
SP500,S&P 500 cash index monthly average,True,T09_2015,B06,2015,2015-12-16,1.0,17,0.15126736531440566,0.0846854814056811,-0.0846854814056811,False,False
SP500,S&P 500 cash index monthly average,True,T09_2015,B06,2015,2015-12-16,1.0,18,0.169838577589156,0.0846854814056811,-0.0846854814056811,False,False
SP500,S&P 500 cash index monthly average,True,T09_2015,B06,2015,2015-12-16,1.0,19,0.1795073709325845,0.0846854814056811,-0.0846854814056811,False,False
SP500,S&P 500 cash index monthly average,True,T09_2015,B06,2015,2015-12-16,1.0,20,0.18052657258853322,0.0846854814056811,-0.0846854814056811,False,False
SP500,S&P 500 cash index monthly average,True,T09_2015,B06,2015,2015-12-16,1.0,21,0.1981261493210702,0.0846854814056811,-0.0846854814056811,False,False
SP500,S&P 500 cash index monthly average,True,T09_2015,B06,2015,2015-12-16,1.0,22,0.22896135124531147,0.0846854814056811,-0.0846854814056811,False,False
SP500,S&P 500 cash index monthly average,True,T09_2015,B06,2015,2015-12-16,1.0,23,0.24655636022916894,0.0846854814056811,-0.0846854814056811,False,False
SP500,S&P 500 cash index monthly average,True,T09_2015,B06,2015,2015-12-16,1.0,24,0.28055339479504693,0.0846854814056811,-0.0846854814056811,False,False
SP500,S&P 500 cash index monthly average,True,T10_2022,B07,2022,2022-03-16,1.0,1,-0.010073195409939228,0.010073195409939228,-0.010073195409939228,True,True
SP500,S&P 500 cash index monthly average,True,T10_2022,B07,2022,2022-03-16,1.0,2,-0.08918445249114526,0.08918445249114526,-0.08918445249114526,True,True
SP500,S&P 500 cash index monthly average,True,T10_2022,B07,2022,2022-03-16,1.0,3,-0.12106315859216144,0.12106315859216144,-0.12106315859216144,True,True
SP500,S&P 500 cash index monthly average,True,T10_2022,B07,2022,2022-03-16,1.0,4,-0.11818153910224305,0.12106315859216144,-0.12106315859216144,False,False
SP500,S&P 500 cash index monthly average,True,T10_2022,B07,2022,2022-03-16,1.0,5,-0.06253801408315995,0.12106315859216144,-0.12106315859216144,False,False
SP500,S&P 500 cash index monthly average,True,T10_2022,B07,2022,2022-03-16,1.0,6,-0.13197984053240897,0.13197984053240897,-0.13197984053240897,True,True
SP500,S&P 500 cash index monthly average,True,T10_2022,B07,2022,2022-03-16,1.0,7,-0.16003892255640584,0.16003892255640584,-0.16003892255640584,True,True
SP500,S&P 500 cash index monthly average,True,T10_2022,B07,2022,2022-03-16,1.0,8,-0.11688326852490483,0.16003892255640584,-0.16003892255640584,False,False
SP500,S&P 500 cash index monthly average,True,T10_2022,B07,2022,2022-03-16,1.0,9,-0.11803468088357694,0.16003892255640584,-0.16003892255640584,False,False
SP500,S&P 500 cash index monthly average,True,T10_2022,B07,2022,2022-03-16,1.0,10,-0.10715195079917361,0.16003892255640584,-0.16003892255640584,False,False
SP500,S&P 500 cash index monthly average,True,T10_2022,B07,2022,2022-03-16,1.0,11,-0.08031950780403274,0.16003892255640584,-0.16003892255640584,False,False
SP500,S&P 500 cash index monthly average,True,T10_2022,B07,2022,2022-03-16,1.0,12,-0.10537046980116682,0.16003892255640584,-0.16003892255640584,False,False
SP500,S&P 500 cash index monthly average,True,T10_2022,B07,2022,2022-03-16,1.0,13,-0.07090047681438005,0.16003892255640584,-0.16003892255640584,False,False
SP500,S&P 500 cash index monthly average,True,T10_2022,B07,2022,2022-03-16,1.0,14,-0.06533105797756089,0.16003892255640584,-0.16003892255640584,False,False
SP500,S&P 500 cash index monthly average,True,T10_2022,B07,2022,2022-03-16,1.0,15,-0.020425621111451853,0.16003892255640584,-0.16003892255640584,False,False
SP500,S&P 500 cash index monthly average,True,T10_2022,B07,2022,2022-03-16,1.0,16,0.016252324355901182,0.16003892255640584,-0.16003892255640584,False,False
SP500,S&P 500 cash index monthly average,True,T10_2022,B07,2022,2022-03-16,1.0,17,0.004819268254288467,0.16003892255640584,-0.16003892255640584,False,False
SP500,S&P 500 cash index monthly average,True,T10_2022,B07,2022,2022-03-16,1.0,18,-0.006060779429816865,0.16003892255640584,-0.16003892255640584,False,False
SP500,S&P 500 cash index monthly average,True,T10_2022,B07,2022,2022-03-16,1.0,19,-0.03755191195439356,0.16003892255640584,-0.16003892255640584,False,False
SP500,S&P 500 cash index monthly average,True,T10_2022,B07,2022,2022-03-16,1.0,20,0.005428973229978373,0.16003892255640584,-0.16003892255640584,False,False
SP500,S&P 500 cash index monthly average,True,T10_2022,B07,2022,2022-03-16,1.0,21,0.05614790126342428,0.16003892255640584,-0.16003892255640584,False,False
SP500,S&P 500 cash index monthly average,True,T10_2022,B07,2022,2022-03-16,1.0,22,0.08307318285528309,0.16003892255640584,-0.16003892255640584,False,False
SP500,S&P 500 cash index monthly average,True,T10_2022,B07,2022,2022-03-16,1.0,23,0.12984298106202075,0.16003892255640584,-0.16003892255640584,False,False
SP500,S&P 500 cash index monthly average,True,T10_2022,B07,2022,2022-03-16,1.0,24,0.1655985619913758,0.16003892255640584,-0.16003892255640584,False,False
NASDAQ,Nasdaq Composite monthly average,True,T01_1983,B01,1983,1983-03-31,0.5,1,0.09165712594370956,0.0,0.0,False,True
NASDAQ,Nasdaq Composite monthly average,True,T01_1983,B01,1983,1983-03-31,0.5,2,0.18112926727737078,0.0,0.0,False,False
NASDAQ,Nasdaq Composite monthly average,True,T01_1983,B01,1983,1983-03-31,0.5,3,0.24717277251135705,0.0,0.0,False,False
NASDAQ,Nasdaq Composite monthly average,True,T01_1983,B01,1983,1983-03-31,0.5,4,0.23446047468608122,0.010192892360597172,0.0,False,True
NASDAQ,Nasdaq Composite monthly average,True,T01_1983,B01,1983,1983-03-31,0.5,5,0.15939913955205287,0.07037808625549102,0.0,False,True
NASDAQ,Nasdaq Composite monthly average,True,T01_1983,B01,1983,1983-03-31,0.5,6,0.17305261340442457,0.07037808625549102,0.0,False,False
NASDAQ,Nasdaq Composite monthly average,True,T01_1983,B01,1983,1983-03-31,0.5,7,0.11975562437730836,0.10216479299614312,0.0,False,True
NASDAQ,Nasdaq Composite monthly average,True,T01_1983,B01,1983,1983-03-31,0.5,8,0.08829331025745923,0.12739170206063088,0.0,False,True
NASDAQ,Nasdaq Composite monthly average,True,T01_1983,B01,1983,1983-03-31,0.5,9,0.08825053728046672,0.12742599801219046,0.0,False,True
NASDAQ,Nasdaq Composite monthly average,True,T01_1983,B01,1983,1983-03-31,0.5,10,0.1013279100722142,0.12742599801219046,0.0,False,False
NASDAQ,Nasdaq Composite monthly average,True,T01_1983,B01,1983,1983-03-31,0.5,11,-0.006529451543747178,0.20342187517791888,-0.006529451543747178,True,True
NASDAQ,Nasdaq Composite monthly average,True,T01_1983,B01,1983,1983-03-31,0.5,12,-0.018778609322296802,0.21324341558397197,-0.018778609322296802,True,True
NASDAQ,Nasdaq Composite monthly average,True,T01_1983,B01,1983,1983-03-31,0.5,13,-0.04237869236255687,0.2321662814133294,-0.04237869236255687,True,True
NASDAQ,Nasdaq Composite monthly average,True,T01_1983,B01,1983,1983-03-31,0.5,14,-0.04223738938164712,0.2321662814133294,-0.04237869236255687,False,False
NASDAQ,Nasdaq Composite monthly average,True,T01_1983,B01,1983,1983-03-31,0.5,15,-0.0685087040071819,0.2531176782210135,-0.0685087040071819,True,True
NASDAQ,Nasdaq Composite monthly average,True,T01_1983,B01,1983,1983-03-31,0.5,16,-0.0923797445582153,0.2722578014478586,-0.0923797445582153,True,True
NASDAQ,Nasdaq Composite monthly average,True,T01_1983,B01,1983,1983-03-31,0.5,17,-0.02230871405293755,0.2722578014478586,-0.0923797445582153,False,False
NASDAQ,Nasdaq Composite monthly average,True,T01_1983,B01,1983,1983-03-31,0.5,18,-0.015831091177794465,0.2722578014478586,-0.0923797445582153,False,False
NASDAQ,Nasdaq Composite monthly average,True,T01_1983,B01,1983,1983-03-31,0.5,19,-0.03477529843598859,0.2722578014478586,-0.0923797445582153,False,False
NASDAQ,Nasdaq Composite monthly average,True,T01_1983,B01,1983,1983-03-31,0.5,20,-0.03772703812990674,0.2722578014478586,-0.0923797445582153,False,False
NASDAQ,Nasdaq Composite monthly average,True,T01_1983,B01,1983,1983-03-31,0.5,21,-0.05524684950597214,0.2722578014478586,-0.0923797445582153,False,False
NASDAQ,Nasdaq Composite monthly average,True,T01_1983,B01,1983,1983-03-31,0.5,22,0.018512241431147824,0.2722578014478586,-0.0923797445582153,False,False
NASDAQ,Nasdaq Composite monthly average,True,T01_1983,B01,1983,1983-03-31,0.5,23,0.11506214659072467,0.2722578014478586,-0.0923797445582153,False,False
NASDAQ,Nasdaq Composite monthly average,True,T01_1983,B01,1983,1983-03-31,0.5,24,0.09661172443514454,0.2722578014478586,-0.0923797445582153,False,False
NASDAQ,Nasdaq Composite monthly average,True,T02_1984,B01,1984,1984-03-29,0.5,1,-0.03608485513185633,0.03608485513185633,-0.03608485513185633,True,True
NASDAQ,Nasdaq Composite monthly average,True,T02_1984,B01,1984,1984-03-29,0.5,2,-0.035942623456111655,0.03608485513185633,-0.03608485513185633,False,False
NASDAQ,Nasdaq Composite monthly average,True,T02_1984,B01,1984,1984-03-29,0.5,3,-0.06238660276315566,0.06238660276315566,-0.06238660276315566,True,True
NASDAQ,Nasdaq Composite monthly average,True,T02_1984,B01,1984,1984-03-29,0.5,4,-0.08641453251721487,0.08641453251721487,-0.08641453251721487,True,True
NASDAQ,Nasdaq Composite monthly average,True,T02_1984,B01,1984,1984-03-29,0.5,5,-0.015882969589495755,0.08641453251721487,-0.08641453251721487,False,False
NASDAQ,Nasdaq Composite monthly average,True,T02_1984,B01,1984,1984-03-29,0.5,6,-0.009362773409338554,0.08641453251721487,-0.08641453251721487,False,False
NASDAQ,Nasdaq Composite monthly average,True,T02_1984,B01,1984,1984-03-29,0.5,7,-0.028431488921470738,0.08641453251721487,-0.08641453251721487,False,False
NASDAQ,Nasdaq Composite monthly average,True,T02_1984,B01,1984,1984-03-29,0.5,8,-0.031402628527475995,0.08641453251721487,-0.08641453251721487,False,False
NASDAQ,Nasdaq Composite monthly average,True,T02_1984,B01,1984,1984-03-29,0.5,9,-0.049037586507145625,0.08641453251721487,-0.08641453251721487,False,False
NASDAQ,Nasdaq Composite monthly average,True,T02_1984,B01,1984,1984-03-29,0.5,10,0.02520627613350701,0.08641453251721487,-0.08641453251721487,False,False
NASDAQ,Nasdaq Composite monthly average,True,T02_1984,B01,1984,1984-03-29,0.5,11,0.12239074255740356,0.08641453251721487,-0.08641453251721487,False,False
NASDAQ,Nasdaq Composite monthly average,True,T02_1984,B01,1984,1984-03-29,0.5,12,0.1038190574840514,0.08641453251721487,-0.08641453251721487,False,False
NASDAQ,Nasdaq Composite monthly average,True,T02_1984,B01,1984,1984-03-29,0.5,13,0.10420467243647713,0.08641453251721487,-0.08641453251721487,False,False
NASDAQ,Nasdaq Composite monthly average,True,T02_1984,B01,1984,1984-03-29,0.5,14,0.13001458232042395,0.08641453251721487,-0.08641453251721487,False,False
NASDAQ,Nasdaq Composite monthly average,True,T02_1984,B01,1984,1984-03-29,0.5,15,0.1417174260426557,0.08641453251721487,-0.08641453251721487,False,False
NASDAQ,Nasdaq Composite monthly average,True,T02_1984,B01,1984,1984-03-29,0.5,16,0.1873378786717348,0.08641453251721487,-0.08641453251721487,False,False
NASDAQ,Nasdaq Composite monthly average,True,T02_1984,B01,1984,1984-03-29,0.5,17,0.1724178473593243,0.08641453251721487,-0.08641453251721487,False,False
NASDAQ,Nasdaq Composite monthly average,True,T02_1984,B01,1984,1984-03-29,0.5,18,0.1318727915779212,0.08641453251721487,-0.08641453251721487,False,False
NASDAQ,Nasdaq Composite monthly average,True,T02_1984,B01,1984,1984-03-29,0.5,19,0.12175080387349646,0.08641453251721487,-0.08641453251721487,False,False
NASDAQ,Nasdaq Composite monthly average,True,T02_1984,B01,1984,1984-03-29,0.5,20,0.1964176558111379,0.08641453251721487,-0.08641453251721487,False,False
NASDAQ,Nasdaq Composite monthly average,True,T02_1984,B01,1984,1984-03-29,0.5,21,0.2588418841109137,0.08641453251721487,-0.08641453251721487,False,False
NASDAQ,Nasdaq Composite monthly average,True,T02_1984,B01,1984,1984-03-29,0.5,22,0.29142430549934484,0.08641453251721487,-0.08641453251721487,False,False
NASDAQ,Nasdaq Composite monthly average,True,T02_1984,B01,1984,1984-03-29,0.5,23,0.3710881504697525,0.08641453251721487,-0.08641453251721487,False,False
NASDAQ,Nasdaq Composite monthly average,True,T02_1984,B01,1984,1984-03-29,0.5,24,0.4475276793383296,0.08641453251721487,-0.08641453251721487,False,False
NASDAQ,Nasdaq Composite monthly average,True,T03_1987,B02,1987,1987-01-05,0.3333333333333333,1,0.16001084679920696,0.0,0.0,False,True
NASDAQ,Nasdaq Composite monthly average,True,T03_1987,B02,1987,1987-01-05,0.3333333333333333,2,0.21774733711820948,0.0,0.0,False,False
NASDAQ,Nasdaq Composite monthly average,True,T03_1987,B02,1987,1987-01-05,0.3333333333333333,3,0.19116928955728096,0.02182558462728823,0.0,False,True
NASDAQ,Nasdaq Composite monthly average,True,T03_1987,B02,1987,1987-01-05,0.3333333333333333,4,0.17387692792385523,0.03602587158857862,0.0,False,True
NASDAQ,Nasdaq Composite monthly average,True,T03_1987,B02,1987,1987-01-05,0.3333333333333333,5,0.19377403701460127,0.03602587158857862,0.0,False,False
NASDAQ,Nasdaq Composite monthly average,True,T03_1987,B02,1987,1987-01-05,0.3333333333333333,6,0.20873765891804474,0.03602587158857862,0.0,False,False
NASDAQ,Nasdaq Composite monthly average,True,T03_1987,B02,1987,1987-01-05,0.3333333333333333,7,0.26333550990229115,0.03602587158857862,0.0,False,False
NASDAQ,Nasdaq Composite monthly average,True,T03_1987,B02,1987,1987-01-05,0.3333333333333333,8,0.24759627567035625,0.03602587158857862,0.0,False,False
NASDAQ,Nasdaq Composite monthly average,True,T03_1987,B02,1987,1987-01-05,0.3333333333333333,9,0.08489844741536867,0.141242814033402,0.0,False,True
NASDAQ,Nasdaq Composite monthly average,True,T03_1987,B02,1987,1987-01-05,0.3333333333333333,10,-0.10190528759891737,0.289108312588678,-0.10190528759891737,True,True
NASDAQ,Nasdaq Composite monthly average,True,T03_1987,B02,1987,1987-01-05,0.3333333333333333,11,-0.11378064539264121,0.2985083157554079,-0.11378064539264121,True,True
NASDAQ,Nasdaq Composite monthly average,True,T03_1987,B02,1987,1987-01-05,0.3333333333333333,12,-0.0440727587544999,0.2985083157554079,-0.11378064539264121,False,False
NASDAQ,Nasdaq Composite monthly average,True,T03_1987,B02,1987,1987-01-05,0.3333333333333333,13,-0.0037849613294621554,0.2985083157554079,-0.11378064539264121,False,False
NASDAQ,Nasdaq Composite monthly average,True,T03_1987,B02,1987,1987-01-05,0.3333333333333333,14,0.05810210924081005,0.2985083157554079,-0.11378064539264121,False,False
NASDAQ,Nasdaq Composite monthly average,True,T03_1987,B02,1987,1987-01-05,0.3333333333333333,15,0.06287064868402359,0.2985083157554079,-0.11378064539264121,False,False
NASDAQ,Nasdaq Composite monthly average,True,T03_1987,B02,1987,1987-01-05,0.3333333333333333,16,0.04778407411385022,0.2985083157554079,-0.11378064539264121,False,False
NASDAQ,Nasdaq Composite monthly average,True,T03_1987,B02,1987,1987-01-05,0.3333333333333333,17,0.08751362337624102,0.2985083157554079,-0.11378064539264121,False,False
NASDAQ,Nasdaq Composite monthly average,True,T03_1987,B02,1987,1987-01-05,0.3333333333333333,18,0.10278371521476592,0.2985083157554079,-0.11378064539264121,False,False
NASDAQ,Nasdaq Composite monthly average,True,T03_1987,B02,1987,1987-01-05,0.3333333333333333,19,0.06955106294491253,0.2985083157554079,-0.11378064539264121,False,False
NASDAQ,Nasdaq Composite monthly average,True,T03_1987,B02,1987,1987-01-05,0.3333333333333333,20,0.0767361613605404,0.2985083157554079,-0.11378064539264121,False,False
NASDAQ,Nasdaq Composite monthly average,True,T03_1987,B02,1987,1987-01-05,0.3333333333333333,21,0.08477147581072031,0.2985083157554079,-0.11378064539264121,False,False
NASDAQ,Nasdaq Composite monthly average,True,T03_1987,B02,1987,1987-01-05,0.3333333333333333,22,0.05063111656889818,0.2985083157554079,-0.11378064539264121,False,False
NASDAQ,Nasdaq Composite monthly average,True,T03_1987,B02,1987,1987-01-05,0.3333333333333333,23,0.05877779036109909,0.2985083157554079,-0.11378064539264121,False,False
NASDAQ,Nasdaq Composite monthly average,True,T03_1987,B02,1987,1987-01-05,0.3333333333333333,24,0.09692171920040571,0.2985083157554079,-0.11378064539264121,False,False
NASDAQ,Nasdaq Composite monthly average,True,T04_1987,B02,1987,1987-08-27,0.3333333333333333,1,0.032148098030712724,0.0,0.0,False,True
NASDAQ,Nasdaq Composite monthly average,True,T04_1987,B02,1987,1987-08-27,0.3333333333333333,2,-0.10245334096194691,0.13040903650306834,-0.10245334096194691,True,True
NASDAQ,Nasdaq Composite monthly average,True,T04_1987,B02,1987,1987-08-27,0.3333333333333333,3,-0.25699782266651827,0.2801399539939152,-0.25699782266651827,True,True
NASDAQ,Nasdaq Composite monthly average,True,T04_1987,B02,1987,1987-08-27,0.3333333333333333,4,-0.2668224175288588,0.2896585442825429,-0.2668224175288588,True,True
NASDAQ,Nasdaq Composite monthly average,True,T04_1987,B02,1987,1987-08-27,0.3333333333333333,5,-0.20915242923666189,0.2896585442825429,-0.2668224175288588,False,False
NASDAQ,Nasdaq Composite monthly average,True,T04_1987,B02,1987,1987-08-27,0.3333333333333333,6,-0.17582195663345046,0.2896585442825429,-0.2668224175288588,False,False
NASDAQ,Nasdaq Composite monthly average,True,T04_1987,B02,1987,1987-08-27,0.3333333333333333,7,-0.12462220281286696,0.2896585442825429,-0.2668224175288588,False,False
NASDAQ,Nasdaq Composite monthly average,True,T04_1987,B02,1987,1987-08-27,0.3333333333333333,8,-0.12067714541515018,0.2896585442825429,-0.2668224175288588,False,False
NASDAQ,Nasdaq Composite monthly average,True,T04_1987,B02,1987,1987-08-27,0.3333333333333333,9,-0.13315841002940687,0.2896585442825429,-0.2668224175288588,False,False
NASDAQ,Nasdaq Composite monthly average,True,T04_1987,B02,1987,1987-08-27,0.3333333333333333,10,-0.1002897813660516,0.2896585442825429,-0.2668224175288588,False,False
NASDAQ,Nasdaq Composite monthly average,True,T04_1987,B02,1987,1987-08-27,0.3333333333333333,11,-0.08765669119477859,0.2896585442825429,-0.2668224175288588,False,False
NASDAQ,Nasdaq Composite monthly average,True,T04_1987,B02,1987,1987-08-27,0.3333333333333333,12,-0.11515037605241807,0.2896585442825429,-0.2668224175288588,False,False
NASDAQ,Nasdaq Composite monthly average,True,T04_1987,B02,1987,1987-08-27,0.3333333333333333,13,-0.10920607675586147,0.2896585442825429,-0.2668224175288588,False,False
NASDAQ,Nasdaq Composite monthly average,True,T04_1987,B02,1987,1987-08-27,0.3333333333333333,14,-0.10255838576113208,0.2896585442825429,-0.2668224175288588,False,False
NASDAQ,Nasdaq Composite monthly average,True,T04_1987,B02,1987,1987-08-27,0.3333333333333333,15,-0.13080302510858277,0.2896585442825429,-0.2668224175288588,False,False
NASDAQ,Nasdaq Composite monthly average,True,T04_1987,B02,1987,1987-08-27,0.3333333333333333,16,-0.12406320548594185,0.2896585442825429,-0.2668224175288588,False,False
NASDAQ,Nasdaq Composite monthly average,True,T04_1987,B02,1987,1987-08-27,0.3333333333333333,17,-0.09250637546754903,0.2896585442825429,-0.2668224175288588,False,False
NASDAQ,Nasdaq Composite monthly average,True,T04_1987,B02,1987,1987-08-27,0.3333333333333333,18,-0.05809864053978009,0.2896585442825429,-0.2668224175288588,False,False
NASDAQ,Nasdaq Composite monthly average,True,T04_1987,B02,1987,1987-08-27,0.3333333333333333,19,-0.0582995608249498,0.2896585442825429,-0.2668224175288588,False,False
NASDAQ,Nasdaq Composite monthly average,True,T04_1987,B02,1987,1987-08-27,0.3333333333333333,20,-0.027684450872257793,0.2896585442825429,-0.2668224175288588,False,False
NASDAQ,Nasdaq Composite monthly average,True,T04_1987,B02,1987,1987-08-27,0.3333333333333333,21,0.016284971101328205,0.2896585442825429,-0.2668224175288588,False,False
NASDAQ,Nasdaq Composite monthly average,True,T04_1987,B02,1987,1987-08-27,0.3333333333333333,22,0.04329979921912663,0.2896585442825429,-0.2668224175288588,False,False
NASDAQ,Nasdaq Composite monthly average,True,T04_1987,B02,1987,1987-08-27,0.3333333333333333,23,0.04123403421221328,0.2896585442825429,-0.2668224175288588,False,False
NASDAQ,Nasdaq Composite monthly average,True,T04_1987,B02,1987,1987-08-27,0.3333333333333333,24,0.07650463002951269,0.2896585442825429,-0.2668224175288588,False,False
NASDAQ,Nasdaq Composite monthly average,True,T05_1988,B02,1988,1988-03-30,0.3333333333333333,1,0.0669088574515384,0.0,0.0,False,True
NASDAQ,Nasdaq Composite monthly average,True,T05_1988,B02,1988,1988-03-30,0.3333333333333333,2,0.051764963829628696,0.014194177427754306,0.0,False,True
NASDAQ,Nasdaq Composite monthly average,True,T05_1988,B02,1988,1988-03-30,0.3333333333333333,3,0.09164545922489009,0.014194177427754306,0.0,False,False
NASDAQ,Nasdaq Composite monthly average,True,T05_1988,B02,1988,1988-03-30,0.3333333333333333,4,0.10697356735996033,0.014194177427754306,0.0,False,False
NASDAQ,Nasdaq Composite monthly average,True,T05_1988,B02,1988,1988-03-30,0.3333333333333333,5,0.07361465288884061,0.030135240311724765,0.0,False,True
NASDAQ,Nasdaq Composite monthly average,True,T05_1988,B02,1988,1988-03-30,0.3333333333333333,6,0.08082704994843204,0.030135240311724765,0.0,False,False
NASDAQ,Nasdaq Composite monthly average,True,T05_1988,B02,1988,1988-03-30,0.3333333333333333,7,0.08889289330380135,0.030135240311724765,0.0,False,False
NASDAQ,Nasdaq Composite monthly average,True,T05_1988,B02,1988,1988-03-30,0.3333333333333333,8,0.054622823171771584,0.04729177437636645,0.0,False,True
NASDAQ,Nasdaq Composite monthly average,True,T05_1988,B02,1988,1988-03-30,0.3333333333333333,9,0.06280044896135273,0.04729177437636645,0.0,False,False
NASDAQ,Nasdaq Composite monthly average,True,T05_1988,B02,1988,1988-03-30,0.3333333333333333,10,0.10108929961975122,0.04729177437636645,0.0,False,False
NASDAQ,Nasdaq Composite monthly average,True,T05_1988,B02,1988,1988-03-30,0.3333333333333333,11,0.14283723892085476,0.04729177437636645,0.0,False,False
NASDAQ,Nasdaq Composite monthly average,True,T05_1988,B02,1988,1988-03-30,0.3333333333333333,12,0.14259345629792897,0.04729177437636645,0.0,False,False
NASDAQ,Nasdaq Composite monthly average,True,T05_1988,B02,1988,1988-03-30,0.3333333333333333,13,0.1797396896865755,0.04729177437636645,0.0,False,False
NASDAQ,Nasdaq Composite monthly average,True,T05_1988,B02,1988,1988-03-30,0.3333333333333333,14,0.23308911136490917,0.04729177437636645,0.0,False,False
NASDAQ,Nasdaq Composite monthly average,True,T05_1988,B02,1988,1988-03-30,0.3333333333333333,15,0.26586701455612993,0.04729177437636645,0.0,False,False
NASDAQ,Nasdaq Composite monthly average,True,T05_1988,B02,1988,1988-03-30,0.3333333333333333,16,0.2633605597633337,0.04729177437636645,0.0,False,False
NASDAQ,Nasdaq Composite monthly average,True,T05_1988,B02,1988,1988-03-30,0.3333333333333333,17,0.3061554341247379,0.04729177437636645,0.0,False,False
NASDAQ,Nasdaq Composite monthly average,True,T05_1988,B02,1988,1988-03-30,0.3333333333333333,18,0.32722765556680566,0.04729177437636645,0.0,False,False
NASDAQ,Nasdaq Composite monthly average,True,T05_1988,B02,1988,1988-03-30,0.3333333333333333,19,0.32836576113589966,0.04729177437636645,0.0,False,False
NASDAQ,Nasdaq Composite monthly average,True,T05_1988,B02,1988,1988-03-30,0.3333333333333333,20,0.2859882200169208,0.04729177437636645,0.0,False,False
NASDAQ,Nasdaq Composite monthly average,True,T05_1988,B02,1988,1988-03-30,0.3333333333333333,21,0.2699163975134202,0.04729177437636645,0.0,False,False
NASDAQ,Nasdaq Composite monthly average,True,T05_1988,B02,1988,1988-03-30,0.3333333333333333,22,0.24258425169398135,0.06457672423637717,0.0,False,True
NASDAQ,Nasdaq Composite monthly average,True,T05_1988,B02,1988,1988-03-30,0.3333333333333333,23,0.20065221966953772,0.0961433553941895,0.0,False,True
NASDAQ,Nasdaq Composite monthly average,True,T05_1988,B02,1988,1988-03-30,0.3333333333333333,24,0.23336422103596544,0.0961433553941895,0.0,False,False
NASDAQ,Nasdaq Composite monthly average,True,T06_1994,B03,1994,1994-02-04,1.0,1,-0.0023399690012059216,0.0023399690012059216,-0.0023399690012059216,True,True
NASDAQ,Nasdaq Composite monthly average,True,T06_1994,B03,1994,1994-02-04,1.0,2,-0.07041828054917076,0.07041828054917076,-0.07041828054917076,True,True
NASDAQ,Nasdaq Composite monthly average,True,T06_1994,B03,1994,1994-02-04,1.0,3,-0.0761699411357214,0.0761699411357214,-0.0761699411357214,True,True
NASDAQ,Nasdaq Composite monthly average,True,T06_1994,B03,1994,1994-02-04,1.0,4,-0.08195176643941493,0.08195176643941493,-0.08195176643941493,True,True
NASDAQ,Nasdaq Composite monthly average,True,T06_1994,B03,1994,1994-02-04,1.0,5,-0.09428983856752704,0.09428983856752704,-0.09428983856752704,True,True
NASDAQ,Nasdaq Composite monthly average,True,T06_1994,B03,1994,1994-02-04,1.0,6,-0.06207501430646856,0.09428983856752704,-0.09428983856752704,False,False
NASDAQ,Nasdaq Composite monthly average,True,T06_1994,B03,1994,1994-02-04,1.0,7,-0.0302506053868854,0.09428983856752704,-0.09428983856752704,False,False
NASDAQ,Nasdaq Composite monthly average,True,T06_1994,B03,1994,1994-02-04,1.0,8,-0.03212993422046828,0.09428983856752704,-0.09428983856752704,False,False
NASDAQ,Nasdaq Composite monthly average,True,T06_1994,B03,1994,1994-02-04,1.0,9,-0.03471771380765687,0.09428983856752704,-0.09428983856752704,False,False
NASDAQ,Nasdaq Composite monthly average,True,T06_1994,B03,1994,1994-02-04,1.0,10,-0.06699574566859734,0.09428983856752704,-0.09428983856752704,False,False
NASDAQ,Nasdaq Composite monthly average,True,T06_1994,B03,1994,1994-02-04,1.0,11,-0.03777275656253887,0.09428983856752704,-0.09428983856752704,False,False
NASDAQ,Nasdaq Composite monthly average,True,T06_1994,B03,1994,1994-02-04,1.0,12,-0.004474521256481401,0.09428983856752704,-0.09428983856752704,False,False
NASDAQ,Nasdaq Composite monthly average,True,T06_1994,B03,1994,1994-02-04,1.0,13,0.024618400870325408,0.09428983856752704,-0.09428983856752704,False,False
NASDAQ,Nasdaq Composite monthly average,True,T06_1994,B03,1994,1994-02-04,1.0,14,0.04769148070470686,0.09428983856752704,-0.09428983856752704,False,False
NASDAQ,Nasdaq Composite monthly average,True,T06_1994,B03,1994,1994-02-04,1.0,15,0.09138536632652028,0.09428983856752704,-0.09428983856752704,False,False
NASDAQ,Nasdaq Composite monthly average,True,T06_1994,B03,1994,1994-02-04,1.0,16,0.15012896859088087,0.09428983856752704,-0.09428983856752704,False,False
NASDAQ,Nasdaq Composite monthly average,True,T06_1994,B03,1994,1994-02-04,1.0,17,0.2432122015530307,0.09428983856752704,-0.09428983856752704,False,False
NASDAQ,Nasdaq Composite monthly average,True,T06_1994,B03,1994,1994-02-04,1.0,18,0.28157700570066857,0.09428983856752704,-0.09428983856752704,False,False
NASDAQ,Nasdaq Composite monthly average,True,T06_1994,B03,1994,1994-02-04,1.0,19,0.3341481725960127,0.09428983856752704,-0.09428983856752704,False,False
NASDAQ,Nasdaq Composite monthly average,True,T06_1994,B03,1994,1994-02-04,1.0,20,0.29750958568160146,0.09428983856752704,-0.09428983856752704,False,False
NASDAQ,Nasdaq Composite monthly average,True,T06_1994,B03,1994,1994-02-04,1.0,21,0.32860932084235506,0.09428983856752704,-0.09428983856752704,False,False
NASDAQ,Nasdaq Composite monthly average,True,T06_1994,B03,1994,1994-02-04,1.0,22,0.3291149685005388,0.09428983856752704,-0.09428983856752704,False,False
NASDAQ,Nasdaq Composite monthly average,True,T06_1994,B03,1994,1994-02-04,1.0,23,0.3010743151212254,0.09428983856752704,-0.09428983856752704,False,False
NASDAQ,Nasdaq Composite monthly average,True,T06_1994,B03,1994,1994-02-04,1.0,24,0.3887536767506048,0.09428983856752704,-0.09428983856752704,False,False
NASDAQ,Nasdaq Composite monthly average,True,T07_1999,B04,1999,1999-06-30,1.0,1,0.0910090203649252,0.0,0.0,False,True
NASDAQ,Nasdaq Composite monthly average,True,T07_1999,B04,1999,1999-06-30,1.0,2,0.05168126614479873,0.03604713937834525,0.0,False,True
NASDAQ,Nasdaq Composite monthly average,True,T07_1999,B04,1999,1999-06-30,1.0,3,0.11754845753759224,0.03604713937834525,0.0,False,False
NASDAQ,Nasdaq Composite monthly average,True,T07_1999,B04,1999,1999-06-30,1.0,4,0.12046576016694543,0.03604713937834525,0.0,False,False
NASDAQ,Nasdaq Composite monthly average,True,T07_1999,B04,1999,1999-06-30,1.0,5,0.28574186107533084,0.03604713937834525,0.0,False,False
NASDAQ,Nasdaq Composite monthly average,True,T07_1999,B04,1999,1999-06-30,1.0,6,0.4884526301945342,0.03604713937834525,0.0,False,False
NASDAQ,Nasdaq Composite monthly average,True,T07_1999,B04,1999,1999-06-30,1.0,7,0.597350149944579,0.03604713937834525,0.0,False,False
NASDAQ,Nasdaq Composite monthly average,True,T07_1999,B04,1999,1999-06-30,1.0,8,0.7555041699915823,0.03604713937834525,0.0,False,False
NASDAQ,Nasdaq Composite monthly average,True,T07_1999,B04,1999,1999-06-30,1.0,9,0.9115648406804777,0.03604713937834525,0.0,False,False
NASDAQ,Nasdaq Composite monthly average,True,T07_1999,B04,1999,1999-06-30,1.0,10,0.5377079745924243,0.19557634568909943,0.0,False,True
NASDAQ,Nasdaq Composite monthly average,True,T07_1999,B04,1999,1999-06-30,1.0,11,0.40429190465706477,0.265370509662039,0.0,False,True
NASDAQ,Nasdaq Composite monthly average,True,T07_1999,B04,1999,1999-06-30,1.0,12,0.5384400662191153,0.265370509662039,0.0,False,False
NASDAQ,Nasdaq Composite monthly average,True,T07_1999,B04,1999,1999-06-30,1.0,13,0.5990181465775422,0.265370509662039,0.0,False,False
NASDAQ,Nasdaq Composite monthly average,True,T07_1999,B04,1999,1999-06-30,1.0,14,0.5559996563400542,0.265370509662039,0.0,False,False
NASDAQ,Nasdaq Composite monthly average,True,T07_1999,B04,1999,1999-06-30,1.0,15,0.5425573958397591,0.265370509662039,0.0,False,False
NASDAQ,Nasdaq Composite monthly average,True,T07_1999,B04,1999,1999-06-30,1.0,16,0.3268451722042529,0.3058853437940805,0.0,False,True
NASDAQ,Nasdaq Composite monthly average,True,T07_1999,B04,1999,1999-06-30,1.0,17,0.21603968729351042,0.3638511959339944,0.0,False,True
NASDAQ,Nasdaq Composite monthly average,True,T07_1999,B04,1999,1999-06-30,1.0,18,0.05779383466097787,0.44663460419975864,0.0,False,True
NASDAQ,Nasdaq Composite monthly average,True,T07_1999,B04,1999,1999-06-30,1.0,19,0.05741844018406694,0.4468309849182789,0.0,False,True
NASDAQ,Nasdaq Composite monthly average,True,T07_1999,B04,1999,1999-06-30,1.0,20,-0.025083838149717597,0.4899905349257039,-0.025083838149717597,True,True
NASDAQ,Nasdaq Composite monthly average,True,T07_1999,B04,1999,1999-06-30,1.0,21,-0.20931818227044874,0.5863693446840732,-0.20931818227044874,True,True
NASDAQ,Nasdaq Composite monthly average,True,T07_1999,B04,1999,1999-06-30,1.0,22,-0.23030651577353312,0.5973490054606403,-0.23030651577353312,True,True
NASDAQ,Nasdaq Composite monthly average,True,T07_1999,B04,1999,1999-06-30,1.0,23,-0.13192192280744164,0.5973490054606403,-0.23030651577353312,False,False
NASDAQ,Nasdaq Composite monthly average,True,T07_1999,B04,1999,1999-06-30,1.0,24,-0.15941373076725185,0.5973490054606403,-0.23030651577353312,False,False
NASDAQ,Nasdaq Composite monthly average,True,T08_2004,B05,2004,2004-06-30,1.0,1,-0.00906430048871254,0.00906430048871254,-0.00906430048871254,True,True
NASDAQ,Nasdaq Composite monthly average,True,T08_2004,B05,2004,2004-06-30,1.0,2,-0.05612120725443448,0.05612120725443448,-0.05612120725443448,True,True
NASDAQ,Nasdaq Composite monthly average,True,T08_2004,B05,2004,2004-06-30,1.0,3,-0.02356575039316744,0.05612120725443448,-0.05612120725443448,False,False
NASDAQ,Nasdaq Composite monthly average,True,T08_2004,B05,2004,2004-06-30,1.0,4,0.004162681642033261,0.05612120725443448,-0.05612120725443448,False,False
NASDAQ,Nasdaq Composite monthly average,True,T08_2004,B05,2004,2004-06-30,1.0,5,0.06872412046828913,0.05612120725443448,-0.05612120725443448,False,False
NASDAQ,Nasdaq Composite monthly average,True,T08_2004,B05,2004,2004-06-30,1.0,6,0.1136213217610782,0.05612120725443448,-0.05612120725443448,False,False
NASDAQ,Nasdaq Composite monthly average,True,T08_2004,B05,2004,2004-06-30,1.0,7,0.07338758455977112,0.05612120725443448,-0.05612120725443448,False,False
NASDAQ,Nasdaq Composite monthly average,True,T08_2004,B05,2004,2004-06-30,1.0,8,0.07020881816359226,0.05612120725443448,-0.05612120725443448,False,False
NASDAQ,Nasdaq Composite monthly average,True,T08_2004,B05,2004,2004-06-30,1.0,9,0.05191960821183961,0.05612120725443448,-0.05612120725443448,False,False
NASDAQ,Nasdaq Composite monthly average,True,T08_2004,B05,2004,2004-06-30,1.0,10,0.014130716949181554,0.08933970899063093,-0.05612120725443448,False,True
NASDAQ,Nasdaq Composite monthly average,True,T08_2004,B05,2004,2004-06-30,1.0,11,0.038855539780953574,0.08933970899063093,-0.05612120725443448,False,False
NASDAQ,Nasdaq Composite monthly average,True,T08_2004,B05,2004,2004-06-30,1.0,12,0.07452893026539509,0.08933970899063093,-0.05612120725443448,False,False
NASDAQ,Nasdaq Composite monthly average,True,T08_2004,B05,2004,2004-06-30,1.0,13,0.11134574212491599,0.08933970899063093,-0.05612120725443448,False,False
NASDAQ,Nasdaq Composite monthly average,True,T08_2004,B05,2004,2004-06-30,1.0,14,0.11798484525369712,0.08933970899063093,-0.05612120725443448,False,False
NASDAQ,Nasdaq Composite monthly average,True,T08_2004,B05,2004,2004-06-30,1.0,15,0.11110153081070884,0.08933970899063093,-0.05612120725443448,False,False
NASDAQ,Nasdaq Composite monthly average,True,T08_2004,B05,2004,2004-06-30,1.0,16,0.08132669726894237,0.08933970899063093,-0.05612120725443448,False,False
NASDAQ,Nasdaq Composite monthly average,True,T08_2004,B05,2004,2004-06-30,1.0,17,0.14124814579556078,0.08933970899063093,-0.05612120725443448,False,False
NASDAQ,Nasdaq Composite monthly average,True,T08_2004,B05,2004,2004-06-30,1.0,18,0.16364458557501593,0.08933970899063093,-0.05612120725443448,False,False
NASDAQ,Nasdaq Composite monthly average,True,T08_2004,B05,2004,2004-06-30,1.0,19,0.18639039382867484,0.08933970899063093,-0.05612120725443448,False,False
NASDAQ,Nasdaq Composite monthly average,True,T08_2004,B05,2004,2004-06-30,1.0,20,0.1779327022936401,0.08933970899063093,-0.05612120725443448,False,False
NASDAQ,Nasdaq Composite monthly average,True,T08_2004,B05,2004,2004-06-30,1.0,21,0.1917080081254643,0.08933970899063093,-0.05612120725443448,False,False
NASDAQ,Nasdaq Composite monthly average,True,T08_2004,B05,2004,2004-06-30,1.0,22,0.2116133899009065,0.08933970899063093,-0.05612120725443448,False,False
NASDAQ,Nasdaq Composite monthly average,True,T08_2004,B05,2004,2004-06-30,1.0,23,0.16322736592213993,0.08933970899063093,-0.05612120725443448,False,False
NASDAQ,Nasdaq Composite monthly average,True,T08_2004,B05,2004,2004-06-30,1.0,24,0.10734341407827674,0.08933970899063093,-0.05612120725443448,False,False
NASDAQ,Nasdaq Composite monthly average,True,T09_2015,B06,2015,2015-12-16,1.0,1,-0.09282687521340272,0.09282687521340272,-0.09282687521340272,True,True
NASDAQ,Nasdaq Composite monthly average,True,T09_2015,B06,2015,2015-12-16,1.0,2,-0.12184959884466473,0.12184959884466473,-0.12184959884466473,True,True
NASDAQ,Nasdaq Composite monthly average,True,T09_2015,B06,2015,2015-12-16,1.0,3,-0.06454066405035486,0.12184959884466473,-0.12184959884466473,False,False
NASDAQ,Nasdaq Composite monthly average,True,T09_2015,B06,2015,2015-12-16,1.0,4,-0.03744962032824861,0.12184959884466473,-0.12184959884466473,False,False
NASDAQ,Nasdaq Composite monthly average,True,T09_2015,B06,2015,2015-12-16,1.0,5,-0.057899031512449683,0.12184959884466473,-0.12184959884466473,False,False
NASDAQ,Nasdaq Composite monthly average,True,T09_2015,B06,2015,2015-12-16,1.0,6,-0.044520392202613945,0.12184959884466473,-0.12184959884466473,False,False
NASDAQ,Nasdaq Composite monthly average,True,T09_2015,B06,2015,2015-12-16,1.0,7,-0.011513706571018356,0.12184959884466473,-0.12184959884466473,False,False
NASDAQ,Nasdaq Composite monthly average,True,T09_2015,B06,2015,2015-12-16,1.0,8,0.026469367899519147,0.12184959884466473,-0.12184959884466473,False,False
NASDAQ,Nasdaq Composite monthly average,True,T09_2015,B06,2015,2015-12-16,1.0,9,0.03377206737310012,0.12184959884466473,-0.12184959884466473,False,False
NASDAQ,Nasdaq Composite monthly average,True,T09_2015,B06,2015,2015-12-16,1.0,10,0.034133062788209934,0.12184959884466473,-0.12184959884466473,False,False
NASDAQ,Nasdaq Composite monthly average,True,T09_2015,B06,2015,2015-12-16,1.0,11,0.035033443255172436,0.12184959884466473,-0.12184959884466473,False,False
NASDAQ,Nasdaq Composite monthly average,True,T09_2015,B06,2015,2015-12-16,1.0,12,0.06504843655748016,0.12184959884466473,-0.12184959884466473,False,False
NASDAQ,Nasdaq Composite monthly average,True,T09_2015,B06,2015,2015-12-16,1.0,13,0.09422829184216663,0.12184959884466473,-0.12184959884466473,False,False
NASDAQ,Nasdaq Composite monthly average,True,T09_2015,B06,2015,2015-12-16,1.0,14,0.13422402333162498,0.12184959884466473,-0.12184959884466473,False,False
NASDAQ,Nasdaq Composite monthly average,True,T09_2015,B06,2015,2015-12-16,1.0,15,0.153950862451945,0.12184959884466473,-0.12184959884466473,False,False
NASDAQ,Nasdaq Composite monthly average,True,T09_2015,B06,2015,2015-12-16,1.0,16,0.16323871114488497,0.12184959884466473,-0.12184959884466473,False,False
NASDAQ,Nasdaq Composite monthly average,True,T09_2015,B06,2015,2015-12-16,1.0,17,0.20508984626548665,0.12184959884466473,-0.12184959884466473,False,False
NASDAQ,Nasdaq Composite monthly average,True,T09_2015,B06,2015,2015-12-16,1.0,18,0.22464864224812464,0.12184959884466473,-0.12184959884466473,False,False
NASDAQ,Nasdaq Composite monthly average,True,T09_2015,B06,2015,2015-12-16,1.0,19,0.23849772971313876,0.12184959884466473,-0.12184959884466473,False,False
NASDAQ,Nasdaq Composite monthly average,True,T09_2015,B06,2015,2015-12-16,1.0,20,0.2417881117350733,0.12184959884466473,-0.12184959884466473,False,False
NASDAQ,Nasdaq Composite monthly average,True,T09_2015,B06,2015,2015-12-16,1.0,21,0.2647456004737818,0.12184959884466473,-0.12184959884466473,False,False
NASDAQ,Nasdaq Composite monthly average,True,T09_2015,B06,2015,2015-12-16,1.0,22,0.2991641160660097,0.12184959884466473,-0.12184959884466473,False,False
NASDAQ,Nasdaq Composite monthly average,True,T09_2015,B06,2015,2015-12-16,1.0,23,0.3371436947496598,0.12184959884466473,-0.12184959884466473,False,False
NASDAQ,Nasdaq Composite monthly average,True,T09_2015,B06,2015,2015-12-16,1.0,24,0.3555790129183283,0.12184959884466473,-0.12184959884466473,False,False
NASDAQ,Nasdaq Composite monthly average,True,T10_2022,B07,2022,2022-03-16,1.0,1,-0.03630299159514172,0.03630299159514172,-0.03630299159514172,True,True
NASDAQ,Nasdaq Composite monthly average,True,T10_2022,B07,2022,2022-03-16,1.0,2,-0.14886245954048294,0.14886245954048294,-0.14886245954048294,True,True
NASDAQ,Nasdaq Composite monthly average,True,T10_2022,B07,2022,2022-03-16,1.0,3,-0.17841987398482995,0.17841987398482995,-0.17841987398482995,True,True
NASDAQ,Nasdaq Composite monthly average,True,T10_2022,B07,2022,2022-03-16,1.0,4,-0.16376296104937138,0.17841987398482995,-0.17841987398482995,False,False
NASDAQ,Nasdaq Composite monthly average,True,T10_2022,B07,2022,2022-03-16,1.0,5,-0.0955819803096355,0.17841987398482995,-0.17841987398482995,False,False
NASDAQ,Nasdaq Composite monthly average,True,T10_2022,B07,2022,2022-03-16,1.0,6,-0.1795760263415237,0.1795760263415237,-0.1795760263415237,True,True
NASDAQ,Nasdaq Composite monthly average,True,T10_2022,B07,2022,2022-03-16,1.0,7,-0.22284298545231773,0.22284298545231773,-0.22284298545231773,True,True
NASDAQ,Nasdaq Composite monthly average,True,T10_2022,B07,2022,2022-03-16,1.0,8,-0.21045740568495852,0.22284298545231773,-0.22284298545231773,False,False
NASDAQ,Nasdaq Composite monthly average,True,T10_2022,B07,2022,2022-03-16,1.0,9,-0.22014479411888432,0.22284298545231773,-0.22284298545231773,False,False
NASDAQ,Nasdaq Composite monthly average,True,T10_2022,B07,2022,2022-03-16,1.0,10,-0.20755405341132305,0.22284298545231773,-0.22284298545231773,False,False
NASDAQ,Nasdaq Composite monthly average,True,T10_2022,B07,2022,2022-03-16,1.0,11,-0.15207536592518267,0.22284298545231773,-0.22284298545231773,False,False
NASDAQ,Nasdaq Composite monthly average,True,T10_2022,B07,2022,2022-03-16,1.0,12,-0.16272252961744704,0.22284298545231773,-0.22284298545231773,False,False
NASDAQ,Nasdaq Composite monthly average,True,T10_2022,B07,2022,2022-03-16,1.0,13,-0.13132594787921537,0.22284298545231773,-0.22284298545231773,False,False
NASDAQ,Nasdaq Composite monthly average,True,T10_2022,B07,2022,2022-03-16,1.0,14,-0.10448423211921387,0.22284298545231773,-0.22284298545231773,False,False
NASDAQ,Nasdaq Composite monthly average,True,T10_2022,B07,2022,2022-03-16,1.0,15,-0.03129428742173168,0.22284298545231773,-0.22284298545231773,False,False
NASDAQ,Nasdaq Composite monthly average,True,T10_2022,B07,2022,2022-03-16,1.0,16,0.009667256951639391,0.22284298545231773,-0.22284298545231773,False,False
NASDAQ,Nasdaq Composite monthly average,True,T10_2022,B07,2022,2022-03-16,1.0,17,-0.011456580378411574,0.22284298545231773,-0.22284298545231773,False,False
NASDAQ,Nasdaq Composite monthly average,True,T10_2022,B07,2022,2022-03-16,1.0,18,-0.022511909836204658,0.22284298545231773,-0.22284298545231773,False,False
NASDAQ,Nasdaq Composite monthly average,True,T10_2022,B07,2022,2022-03-16,1.0,19,-0.0503140051805504,0.22284298545231773,-0.22284298545231773,False,False
NASDAQ,Nasdaq Composite monthly average,True,T10_2022,B07,2022,2022-03-16,1.0,20,0.0010383723388669441,0.22284298545231773,-0.22284298545231773,False,False
NASDAQ,Nasdaq Composite monthly average,True,T10_2022,B07,2022,2022-03-16,1.0,21,0.0569666918412528,0.22284298545231773,-0.22284298545231773,False,False
NASDAQ,Nasdaq Composite monthly average,True,T10_2022,B07,2022,2022-03-16,1.0,22,0.0850912139843003,0.22284298545231773,-0.22284298545231773,False,False
NASDAQ,Nasdaq Composite monthly average,True,T10_2022,B07,2022,2022-03-16,1.0,23,0.13743750658901632,0.22284298545231773,-0.22284298545231773,False,False
NASDAQ,Nasdaq Composite monthly average,True,T10_2022,B07,2022,2022-03-16,1.0,24,0.16674669859991753,0.22284298545231773,-0.22284298545231773,False,False
WTI,WTI spot monthly average,True,T03_1987,B02,1987,1987-01-05,0.3333333333333333,1,0.11236472695769661,0.0,0.0,False,True
WTI,WTI spot monthly average,True,T03_1987,B02,1987,1987-01-05,0.3333333333333333,2,0.15567596141139162,0.0,0.0,False,False
WTI,WTI spot monthly average,True,T03_1987,B02,1987,1987-01-05,0.3333333333333333,3,0.17193240385886077,0.0,0.0,False,False
WTI,WTI spot monthly average,True,T03_1987,B02,1987,1987-01-05,0.3333333333333333,4,0.219737015990485,0.0,0.0,False,False
WTI,WTI spot monthly average,True,T03_1987,B02,1987,1987-01-05,0.3333333333333333,5,0.2616343993656667,0.0,0.0,False,False
WTI,WTI spot monthly average,True,T03_1987,B02,1987,1987-01-05,0.3333333333333333,6,0.34138694330646224,0.0,0.0,False,False
WTI,WTI spot monthly average,True,T03_1987,B02,1987,1987-01-05,0.3333333333333333,7,0.2749705802765141,0.04951320225783218,0.0,False,True
WTI,WTI spot monthly average,True,T03_1987,B02,1987,1987-01-05,0.3333333333333333,8,0.2259481961147085,0.08605924470026682,0.0,False,True
WTI,WTI spot monthly average,True,T03_1987,B02,1987,1987-01-05,0.3333333333333333,9,0.24630444222092174,0.08605924470026682,0.0,False,False
WTI,WTI spot monthly average,True,T03_1987,B02,1987,1987-01-05,0.3333333333333333,10,0.18351394211708727,0.11769385558519352,0.0,False,True
WTI,WTI spot monthly average,True,T03_1987,B02,1987,1987-01-05,0.3333333333333333,11,0.0730970001321527,0.20000935935233288,0.0,False,True
WTI,WTI spot monthly average,True,T03_1987,B02,1987,1987-01-05,0.3333333333333333,12,0.07526265362759355,0.20000935935233288,0.0,False,False
WTI,WTI spot monthly average,True,T03_1987,B02,1987,1987-01-05,0.3333333333333333,13,0.05431006815307082,0.2140149615932292,0.0,False,True
WTI,WTI spot monthly average,True,T03_1987,B02,1987,1987-01-05,0.3333333333333333,14,0.01916966012710697,0.240212031872849,0.0,False,True
WTI,WTI spot monthly average,True,T03_1987,B02,1987,1987-01-05,0.3333333333333333,15,0.12127494383507353,0.240212031872849,0.0,False,False
WTI,WTI spot monthly average,True,T03_1987,B02,1987,1987-01-05,0.3333333333333333,16,0.09372634765789245,0.240212031872849,0.0,False,False
WTI,WTI spot monthly average,True,T03_1987,B02,1987,1987-01-05,0.3333333333333333,17,0.0398903132020616,0.240212031872849,0.0,False,False
WTI,WTI spot monthly average,True,T03_1987,B02,1987,1987-01-05,0.3333333333333333,18,-0.027182172591515896,0.27476718611072115,-0.027182172591515896,True,True
WTI,WTI spot monthly average,True,T03_1987,B02,1987,1987-01-05,0.3333333333333333,19,-0.025551450520279628,0.27476718611072115,-0.027182172591515896,False,False
WTI,WTI spot monthly average,True,T03_1987,B02,1987,1987-01-05,0.3333333333333333,20,-0.08757223350192833,0.31978779795710877,-0.08757223350192833,True,True
WTI,WTI spot monthly average,True,T03_1987,B02,1987,1987-01-05,0.3333333333333333,21,-0.1355918870786056,0.3555863077132204,-0.1355918870786056,True,True
WTI,WTI spot monthly average,True,T03_1987,B02,1987,1987-01-05,0.3333333333333333,22,-0.1120073376251518,0.3555863077132204,-0.1355918870786056,False,False
WTI,WTI spot monthly average,True,T03_1987,B02,1987,1987-01-05,0.3333333333333333,23,0.028364074584505516,0.3555863077132204,-0.1355918870786056,False,False
WTI,WTI spot monthly average,True,T03_1987,B02,1987,1987-01-05,0.3333333333333333,24,0.1287448790802168,0.3555863077132204,-0.1355918870786056,False,False
WTI,WTI spot monthly average,True,T04_1987,B02,1987,1987-08-27,0.3333333333333333,1,-0.08605924470026682,0.08605924470026682,-0.08605924470026682,True,True
WTI,WTI spot monthly average,True,T04_1987,B02,1987,1987-08-27,0.3333333333333333,2,-0.07088372341776794,0.08605924470026682,-0.08605924470026682,False,False
WTI,WTI spot monthly average,True,T04_1987,B02,1987,1987-08-27,0.3333333333333333,3,-0.11769385558519352,0.11769385558519352,-0.11769385558519352,True,True
WTI,WTI spot monthly average,True,T04_1987,B02,1987,1987-08-27,0.3333333333333333,4,-0.20000935935233288,0.20000935935233288,-0.20000935935233288,True,True
WTI,WTI spot monthly average,True,T04_1987,B02,1987,1987-08-27,0.3333333333333333,5,-0.1983948710749216,0.20000935935233288,-0.20000935935233288,False,False
WTI,WTI spot monthly average,True,T04_1987,B02,1987,1987-08-27,0.3333333333333333,6,-0.2140149615932292,0.2140149615932292,-0.2140149615932292,True,True
WTI,WTI spot monthly average,True,T04_1987,B02,1987,1987-08-27,0.3333333333333333,7,-0.240212031872849,0.240212031872849,-0.240212031872849,True,True
WTI,WTI spot monthly average,True,T04_1987,B02,1987,1987-08-27,0.3333333333333333,8,-0.16409284477514152,0.240212031872849,-0.240212031872849,False,False
WTI,WTI spot monthly average,True,T04_1987,B02,1987,1987-08-27,0.3333333333333333,9,-0.18463024176908782,0.240212031872849,-0.240212031872849,False,False
WTI,WTI spot monthly average,True,T04_1987,B02,1987,1987-08-27,0.3333333333333333,10,-0.22476484627263793,0.240212031872849,-0.240212031872849,False,False
WTI,WTI spot monthly average,True,T04_1987,B02,1987,1987-08-27,0.3333333333333333,11,-0.27476718611072115,0.27476718611072115,-0.27476718611072115,True,True
WTI,WTI spot monthly average,True,T04_1987,B02,1987,1987-08-27,0.3333333333333333,12,-0.27355148762836035,0.27476718611072115,-0.27476718611072115,False,False
WTI,WTI spot monthly average,True,T04_1987,B02,1987,1987-08-27,0.3333333333333333,13,-0.31978779795710877,0.31978779795710877,-0.31978779795710877,True,True
WTI,WTI spot monthly average,True,T04_1987,B02,1987,1987-08-27,0.3333333333333333,14,-0.3555863077132204,0.3555863077132204,-0.3555863077132204,True,True
WTI,WTI spot monthly average,True,T04_1987,B02,1987,1987-08-27,0.3333333333333333,15,-0.3380040958308542,0.3555863077132204,-0.3555863077132204,False,False
WTI,WTI spot monthly average,True,T04_1987,B02,1987,1987-08-27,0.3333333333333333,16,-0.23335762308105423,0.3555863077132204,-0.3555863077132204,False,False
WTI,WTI spot monthly average,True,T04_1987,B02,1987,1987-08-27,0.3333333333333333,17,-0.15852403013711447,0.3555863077132204,-0.3555863077132204,False,False
WTI,WTI spot monthly average,True,T04_1987,B02,1987,1987-08-27,0.3333333333333333,18,-0.1573203134343104,0.3555863077132204,-0.3555863077132204,False,False
WTI,WTI spot monthly average,True,T04_1987,B02,1987,1987-08-27,0.3333333333333333,19,-0.08820764148575466,0.3555863077132204,-0.3555863077132204,False,False
WTI,WTI spot monthly average,True,T04_1987,B02,1987,1987-08-27,0.3333333333333333,20,-0.01403902849922789,0.3555863077132204,-0.3555863077132204,False,False
WTI,WTI spot monthly average,True,T04_1987,B02,1987,1987-08-27,0.3333333333333333,21,-0.05942763306233756,0.3555863077132204,-0.3555863077132204,False,False
WTI,WTI spot monthly average,True,T04_1987,B02,1987,1987-08-27,0.3333333333333333,22,-0.06170365737963657,0.3555863077132204,-0.3555863077132204,False,False
WTI,WTI spot monthly average,True,T04_1987,B02,1987,1987-08-27,0.3333333333333333,23,-0.07429320176758047,0.3555863077132204,-0.3555863077132204,False,False
WTI,WTI spot monthly average,True,T04_1987,B02,1987,1987-08-27,0.3333333333333333,24,-0.13051616828115487,0.3555863077132204,-0.3555863077132204,False,False
WTI,WTI spot monthly average,True,T05_1988,B02,1988,1988-03-30,0.3333333333333333,1,0.06351535255592422,0.0,0.0,False,True
WTI,WTI spot monthly average,True,T05_1988,B02,1988,1988-03-30,0.3333333333333333,2,0.03738585136901018,0.024568992938482248,0.0,False,True
WTI,WTI spot monthly average,True,T05_1988,B02,1988,1988-03-30,0.3333333333333333,3,-0.013676958407757178,0.07258222533240033,-0.013676958407757178,True,True
WTI,WTI spot monthly average,True,T05_1988,B02,1988,1988-03-30,0.3333333333333333,4,-0.0772943778174705,0.13240027991602532,-0.0772943778174705,True,True
WTI,WTI spot monthly average,True,T05_1988,B02,1988,1988-03-30,0.3333333333333333,5,-0.07574765819437812,0.13240027991602532,-0.0772943778174705,False,False
WTI,WTI spot monthly average,True,T05_1988,B02,1988,1988-03-30,0.3333333333333333,6,-0.13457360025362086,0.18625866785418932,-0.13457360025362086,True,True
WTI,WTI spot monthly average,True,T05_1988,B02,1988,1988-03-30,0.3333333333333333,7,-0.180119645034164,0.22908460795094798,-0.180119645034164,True,True
WTI,WTI spot monthly average,True,T05_1988,B02,1988,1988-03-30,0.3333333333333333,8,-0.15774999291202407,0.22908460795094798,-0.180119645034164,False,False
WTI,WTI spot monthly average,True,T05_1988,B02,1988,1988-03-30,0.3333333333333333,9,-0.02460945252473712,0.22908460795094798,-0.180119645034164,False,False
WTI,WTI spot monthly average,True,T05_1988,B02,1988,1988-03-30,0.3333333333333333,10,0.07060049332312657,0.22908460795094798,-0.180119645034164,False,False
WTI,WTI spot monthly average,True,T05_1988,B02,1988,1988-03-30,0.3333333333333333,11,0.07213196866169547,0.22908460795094798,-0.180119645034164,False,False
WTI,WTI spot monthly average,True,T05_1988,B02,1988,1988-03-30,0.3333333333333333,12,0.1600632505199997,0.22908460795094798,-0.180119645034164,False,False
WTI,WTI spot monthly average,True,T05_1988,B02,1988,1988-03-30,0.3333333333333333,13,0.2544271497831079,0.22908460795094798,-0.180119645034164,False,False
WTI,WTI spot monthly average,True,T05_1988,B02,1988,1988-03-30,0.3333333333333333,14,0.19667973431688646,0.22908460795094798,-0.180119645034164,False,False
WTI,WTI spot monthly average,True,T05_1988,B02,1988,1988-03-30,0.3333333333333333,15,0.1937839739574876,0.22908460795094798,-0.180119645034164,False,False
WTI,WTI spot monthly average,True,T05_1988,B02,1988,1988-03-30,0.3333333333333333,16,0.17776643701624573,0.22908460795094798,-0.180119645034164,False,False
WTI,WTI spot monthly average,True,T05_1988,B02,1988,1988-03-30,0.3333333333333333,17,0.10623458365229244,0.22908460795094798,-0.180119645034164,False,False
WTI,WTI spot monthly average,True,T05_1988,B02,1988,1988-03-30,0.3333333333333333,18,0.16557511836919847,0.22908460795094798,-0.180119645034164,False,False
WTI,WTI spot monthly average,True,T05_1988,B02,1988,1988-03-30,0.3333333333333333,19,0.19659854477409966,0.22908460795094798,-0.180119645034164,False,False
WTI,WTI spot monthly average,True,T05_1988,B02,1988,1988-03-30,0.3333333333333333,20,0.18319657270248846,0.22908460795094798,-0.180119645034164,False,False
WTI,WTI spot monthly average,True,T05_1988,B02,1988,1988-03-30,0.3333333333333333,21,0.2541419893187933,0.22908460795094798,-0.180119645034164,False,False
WTI,WTI spot monthly average,True,T05_1988,B02,1988,1988-03-30,0.3333333333333333,22,0.36125093754591076,0.22908460795094798,-0.180119645034164,False,False
WTI,WTI spot monthly average,True,T05_1988,B02,1988,1988-03-30,0.3333333333333333,23,0.31658586374075015,0.22908460795094798,-0.180119645034164,False,False
WTI,WTI spot monthly average,True,T05_1988,B02,1988,1988-03-30,0.3333333333333333,24,0.21386485420677825,0.22908460795094798,-0.180119645034164,False,False
WTI,WTI spot monthly average,True,T06_1994,B03,1994,1994-02-04,1.0,1,-0.020770931673122384,0.020770931673122384,-0.020770931673122384,True,True
WTI,WTI spot monthly average,True,T06_1994,B03,1994,1994-02-04,1.0,2,0.10110031264390096,0.020770931673122384,-0.020770931673122384,False,False
WTI,WTI spot monthly average,True,T06_1994,B03,1994,1994-02-04,1.0,3,0.19813882964542784,0.020770931673122384,-0.020770931673122384,False,False
WTI,WTI spot monthly average,True,T06_1994,B03,1994,1994-02-04,1.0,4,0.27464255145996175,0.020770931673122384,-0.020770931673122384,False,False
WTI,WTI spot monthly average,True,T06_1994,B03,1994,1994-02-04,1.0,5,0.30995067981871527,0.020770931673122384,-0.020770931673122384,False,False
WTI,WTI spot monthly average,True,T06_1994,B03,1994,1994-02-04,1.0,6,0.22755144082790046,0.06290255065344752,-0.020770931673122384,False,True
WTI,WTI spot monthly average,True,T06_1994,B03,1994,1994-02-04,1.0,7,0.16502266062383364,0.11063624106438741,-0.020770931673122384,False,True
WTI,WTI spot monthly average,True,T06_1994,B03,1994,1994-02-04,1.0,8,0.18333150375586116,0.11063624106438741,-0.020770931673122384,False,False
WTI,WTI spot monthly average,True,T06_1994,B03,1994,1994-02-04,1.0,9,0.2065802060626969,0.11063624106438741,-0.020770931673122384,False,False
WTI,WTI spot monthly average,True,T06_1994,B03,1994,1994-02-04,1.0,10,0.14143635771201768,0.1286417303359989,-0.020770931673122384,False,True
WTI,WTI spot monthly average,True,T06_1994,B03,1994,1994-02-04,1.0,11,0.20798898071625338,0.1286417303359989,-0.020770931673122384,False,False
WTI,WTI spot monthly average,True,T06_1994,B03,1994,1994-02-04,1.0,12,0.23718860155810306,0.1286417303359989,-0.020770931673122384,False,False
WTI,WTI spot monthly average,True,T06_1994,B03,1994,1994-02-04,1.0,13,0.23900293255131966,0.1286417303359989,-0.020770931673122384,False,False
WTI,WTI spot monthly average,True,T06_1994,B03,1994,1994-02-04,1.0,14,0.3275348795876656,0.1286417303359989,-0.020770931673122384,False,False
WTI,WTI spot monthly average,True,T06_1994,B03,1994,1994-02-04,1.0,15,0.3231373594492448,0.1286417303359989,-0.020770931673122384,False,False
WTI,WTI spot monthly average,True,T06_1994,B03,1994,1994-02-04,1.0,16,0.22684744385624156,0.1286417303359989,-0.020770931673122384,False,False
WTI,WTI spot monthly average,True,T06_1994,B03,1994,1994-02-04,1.0,17,0.15529976320040162,0.12974055825995356,-0.020770931673122384,False,True
WTI,WTI spot monthly average,True,T06_1994,B03,1994,1994-02-04,1.0,18,0.2015280773611885,0.12974055825995356,-0.020770931673122384,False,False
WTI,WTI spot monthly average,True,T06_1994,B03,1994,1994-02-04,1.0,19,0.21175094048994336,0.12974055825995356,-0.020770931673122384,False,False
WTI,WTI spot monthly average,True,T06_1994,B03,1994,1994-02-04,1.0,20,0.16288288035471243,0.12974055825995356,-0.020770931673122384,False,False
WTI,WTI spot monthly average,True,T06_1994,B03,1994,1994-02-04,1.0,21,0.19953977185031335,0.12974055825995356,-0.020770931673122384,False,False
WTI,WTI spot monthly average,True,T06_1994,B03,1994,1994-02-04,1.0,22,0.2673111731608415,0.12974055825995356,-0.020770931673122384,False,False
WTI,WTI spot monthly average,True,T06_1994,B03,1994,1994-02-04,1.0,23,0.26215465349590983,0.12974055825995356,-0.020770931673122384,False,False
WTI,WTI spot monthly average,True,T06_1994,B03,1994,1994-02-04,1.0,24,0.27758523652951794,0.12974055825995356,-0.020770931673122384,False,False
WTI,WTI spot monthly average,True,T07_1999,B04,1999,1999-06-30,1.0,1,0.13750468340202326,0.0,0.0,False,True
WTI,WTI spot monthly average,True,T07_1999,B04,1999,1999-06-30,1.0,2,0.1879449231922068,0.0,0.0,False,False
WTI,WTI spot monthly average,True,T07_1999,B04,1999,1999-06-30,1.0,3,0.35918571250156117,0.0,0.0,False,False
WTI,WTI spot monthly average,True,T07_1999,B04,1999,1999-06-30,1.0,4,0.26283252154364933,0.07089037949094923,0.0,False,True
WTI,WTI spot monthly average,True,T07_1999,B04,1999,1999-06-30,1.0,5,0.4227863119770203,0.07089037949094923,0.0,False,False
WTI,WTI spot monthly average,True,T07_1999,B04,1999,1999-06-30,1.0,6,0.4677157487198702,0.07089037949094923,0.0,False,False
WTI,WTI spot monthly average,True,T07_1999,B04,1999,1999-06-30,1.0,7,0.532761774623675,0.07089037949094923,0.0,False,False
WTI,WTI spot monthly average,True,T07_1999,B04,1999,1999-06-30,1.0,8,0.653250773993808,0.07089037949094923,0.0,False,False
WTI,WTI spot monthly average,True,T07_1999,B04,1999,1999-06-30,1.0,9,0.702997377294867,0.07089037949094923,0.0,False,False
WTI,WTI spot monthly average,True,T07_1999,B04,1999,1999-06-30,1.0,10,0.44363387917924757,0.15229823696358613,0.0,False,True
WTI,WTI spot monthly average,True,T07_1999,B04,1999,1999-06-30,1.0,11,0.6237756248996416,0.15229823696358613,0.0,False,False
WTI,WTI spot monthly average,True,T07_1999,B04,1999,1999-06-30,1.0,12,0.7860354332815929,0.15229823696358613,0.0,False,False
WTI,WTI spot monthly average,True,T07_1999,B04,1999,1999-06-30,1.0,13,0.6829120673257054,0.15229823696358613,0.0,False,False
WTI,WTI spot monthly average,True,T07_1999,B04,1999,1999-06-30,1.0,14,0.7554072005177288,0.15229823696358613,0.0,False,False
WTI,WTI spot monthly average,True,T07_1999,B04,1999,1999-06-30,1.0,15,0.9200387161233923,0.15229823696358613,0.0,False,False
WTI,WTI spot monthly average,True,T07_1999,B04,1999,1999-06-30,1.0,16,0.8565380292244287,0.15229823696358613,0.0,False,False
WTI,WTI spot monthly average,True,T07_1999,B04,1999,1999-06-30,1.0,17,0.9296553016110904,0.15229823696358613,0.0,False,False
WTI,WTI spot monthly average,True,T07_1999,B04,1999,1999-06-30,1.0,18,0.6093932514931788,0.16596852808401652,0.0,False,True
WTI,WTI spot monthly average,True,T07_1999,B04,1999,1999-06-30,1.0,19,0.6636627161759778,0.16596852808401652,0.0,False,False
WTI,WTI spot monthly average,True,T07_1999,B04,1999,1999-06-30,1.0,20,0.6640768275127686,0.16596852808401652,0.0,False,False
WTI,WTI spot monthly average,True,T07_1999,B04,1999,1999-06-30,1.0,21,0.5311659116454921,0.20650806889339002,0.0,False,True
WTI,WTI spot monthly average,True,T07_1999,B04,1999,1999-06-30,1.0,22,0.5492583695149098,0.20650806889339002,0.0,False,False
WTI,WTI spot monthly average,True,T07_1999,B04,1999,1999-06-30,1.0,23,0.611952041963282,0.20650806889339002,0.0,False,False
WTI,WTI spot monthly average,True,T07_1999,B04,1999,1999-06-30,1.0,24,0.5495454635089034,0.20650806889339002,0.0,False,False
WTI,WTI spot monthly average,True,T08_2004,B05,2004,2004-06-30,1.0,1,0.01099677456808923,0.0,0.0,False,True
WTI,WTI spot monthly average,True,T08_2004,B05,2004,2004-06-30,1.0,2,0.11999060366773895,0.0,0.0,False,False
WTI,WTI spot monthly average,True,T08_2004,B05,2004,2004-06-30,1.0,3,0.15046669382405553,0.0,0.0,False,False
WTI,WTI spot monthly average,True,T08_2004,B05,2004,2004-06-30,1.0,4,0.31750703504865907,0.0,0.0,False,False
WTI,WTI spot monthly average,True,T08_2004,B05,2004,2004-06-30,1.0,5,0.2038137177129251,0.08629427723058425,0.0,False,True
WTI,WTI spot monthly average,True,T08_2004,B05,2004,2004-06-30,1.0,6,0.06993027635595062,0.18791304494519445,0.0,False,True
WTI,WTI spot monthly average,True,T08_2004,B05,2004,2004-06-30,1.0,7,0.16185648407517417,0.18791304494519445,0.0,False,False
WTI,WTI spot monthly average,True,T08_2004,B05,2004,2004-06-30,1.0,8,0.18537515571220253,0.18791304494519445,0.0,False,False
WTI,WTI spot monthly average,True,T08_2004,B05,2004,2004-06-30,1.0,9,0.3453198714715977,0.18791304494519445,0.0,False,False
WTI,WTI spot monthly average,True,T08_2004,B05,2004,2004-06-30,1.0,10,0.304557570712527,0.18791304494519445,0.0,False,False
WTI,WTI spot monthly average,True,T08_2004,B05,2004,2004-06-30,1.0,11,0.24028975753174753,0.18791304494519445,0.0,False,False
WTI,WTI spot monthly average,True,T08_2004,B05,2004,2004-06-30,1.0,12,0.39549817081210414,0.18791304494519445,0.0,False,False
WTI,WTI spot monthly average,True,T08_2004,B05,2004,2004-06-30,1.0,13,0.46136049662598966,0.18791304494519445,0.0,False,False
WTI,WTI spot monthly average,True,T08_2004,B05,2004,2004-06-30,1.0,14,0.6024707320097056,0.18791304494519445,0.0,False,False
WTI,WTI spot monthly average,True,T08_2004,B05,2004,2004-06-30,1.0,15,0.623590255428786,0.18791304494519445,0.0,False,False
WTI,WTI spot monthly average,True,T08_2004,B05,2004,2004-06-30,1.0,16,0.5489519314216893,0.18791304494519445,0.0,False,False
WTI,WTI spot monthly average,True,T08_2004,B05,2004,2004-06-30,1.0,17,0.4482186819220346,0.18791304494519445,0.0,False,False
WTI,WTI spot monthly average,True,T08_2004,B05,2004,2004-06-30,1.0,18,0.4721642667800192,0.18791304494519445,0.0,False,False
WTI,WTI spot monthly average,True,T08_2004,B05,2004,2004-06-30,1.0,19,0.6276151286335305,0.18791304494519445,0.0,False,False
WTI,WTI spot monthly average,True,T08_2004,B05,2004,2004-06-30,1.0,20,0.5318309254592186,0.18791304494519445,0.0,False,False
WTI,WTI spot monthly average,True,T08_2004,B05,2004,2004-06-30,1.0,21,0.5471713590843794,0.18791304494519445,0.0,False,False
WTI,WTI spot monthly average,True,T08_2004,B05,2004,2004-06-30,1.0,22,0.7181208892759916,0.18791304494519445,0.0,False,False
WTI,WTI spot monthly average,True,T08_2004,B05,2004,2004-06-30,1.0,23,0.757878889853173,0.18791304494519445,0.0,False,False
WTI,WTI spot monthly average,True,T08_2004,B05,2004,2004-06-30,1.0,24,0.7579922424328296,0.18791304494519445,0.0,False,False
WTI,WTI spot monthly average,True,T09_2015,B06,2015,2015-12-16,1.0,1,-0.25352155466121207,0.25352155466121207,-0.25352155466121207,True,True
WTI,WTI spot monthly average,True,T09_2015,B06,2015,2015-12-16,1.0,2,-0.2855678725835522,0.2855678725835522,-0.2855678725835522,True,True
WTI,WTI spot monthly average,True,T09_2015,B06,2015,2015-12-16,1.0,3,-0.11538012566438594,0.2855678725835522,-0.2855678725835522,False,False
WTI,WTI spot monthly average,True,T09_2015,B06,2015,2015-12-16,1.0,4,-0.03977668912228971,0.2855678725835522,-0.2855678725835522,False,False
WTI,WTI spot monthly average,True,T09_2015,B06,2015,2015-12-16,1.0,5,0.10057796723599499,0.2855678725835522,-0.2855678725835522,False,False
WTI,WTI spot monthly average,True,T09_2015,B06,2015,2015-12-16,1.0,6,0.14875711775119216,0.2855678725835522,-0.2855678725835522,False,False
WTI,WTI spot monthly average,True,T09_2015,B06,2015,2015-12-16,1.0,7,0.05202209996819307,0.2855678725835522,-0.2855678725835522,False,False
WTI,WTI spot monthly average,True,T09_2015,B06,2015,2015-12-16,1.0,8,0.05373844819788576,0.2855678725835522,-0.2855678725835522,False,False
WTI,WTI spot monthly average,True,T09_2015,B06,2015,2015-12-16,1.0,9,0.0645300447036874,0.2855678725835522,-0.2855678725835522,False,False
WTI,WTI spot monthly average,True,T09_2015,B06,2015,2015-12-16,1.0,10,0.17274112868255664,0.2855678725835522,-0.2855678725835522,False,False
WTI,WTI spot monthly average,True,T09_2015,B06,2015,2015-12-16,1.0,11,0.07580553867971251,0.2855678725835522,-0.2855678725835522,False,False
WTI,WTI spot monthly average,True,T09_2015,B06,2015,2015-12-16,1.0,12,0.22446254881138916,0.2855678725835522,-0.2855678725835522,False,False
WTI,WTI spot monthly average,True,T09_2015,B06,2015,2015-12-16,1.0,13,0.23703276120018368,0.2855678725835522,-0.2855678725835522,False,False
WTI,WTI spot monthly average,True,T09_2015,B06,2015,2015-12-16,1.0,14,0.259755228777824,0.2855678725835522,-0.2855678725835522,False,False
WTI,WTI spot monthly average,True,T09_2015,B06,2015,2015-12-16,1.0,15,0.16219977350964276,0.2855678725835522,-0.2855678725835522,False,False
WTI,WTI spot monthly average,True,T09_2015,B06,2015,2015-12-16,1.0,16,0.2030234621506113,0.2855678725835522,-0.2855678725835522,False,False
WTI,WTI spot monthly average,True,T09_2015,B06,2015,2015-12-16,1.0,17,0.14213869347164199,0.2855678725835522,-0.2855678725835522,False,False
WTI,WTI spot monthly average,True,T09_2015,B06,2015,2015-12-16,1.0,18,0.06442040059672927,0.2855678725835522,-0.2855678725835522,False,False
WTI,WTI spot monthly average,True,T09_2015,B06,2015,2015-12-16,1.0,19,0.09864941194268795,0.2855678725835522,-0.2855678725835522,False,False
WTI,WTI spot monthly average,True,T09_2015,B06,2015,2015-12-16,1.0,20,0.13178593946632877,0.2855678725835522,-0.2855678725835522,False,False
WTI,WTI spot monthly average,True,T09_2015,B06,2015,2015-12-16,1.0,21,0.17384287346707983,0.2855678725835522,-0.2855678725835522,False,False
WTI,WTI spot monthly average,True,T09_2015,B06,2015,2015-12-16,1.0,22,0.2152090961567088,0.2855678725835522,-0.2855678725835522,False,False
WTI,WTI spot monthly average,True,T09_2015,B06,2015,2015-12-16,1.0,23,0.33444629751484745,0.2855678725835522,-0.2855678725835522,False,False
WTI,WTI spot monthly average,True,T09_2015,B06,2015,2015-12-16,1.0,24,0.3637306065710886,0.2855678725835522,-0.2855678725835522,False,False
WTI,WTI spot monthly average,True,T10_2022,B07,2022,2022-03-16,1.0,1,0.11061033322229763,0.0,0.0,False,True
WTI,WTI spot monthly average,True,T10_2022,B07,2022,2022-03-16,1.0,2,0.19545092299201583,0.0,0.0,False,False
WTI,WTI spot monthly average,True,T10_2022,B07,2022,2022-03-16,1.0,3,0.25311898499047447,0.0,0.0,False,False
WTI,WTI spot monthly average,True,T10_2022,B07,2022,2022-03-16,1.0,4,0.10888075902548855,0.11510337620978772,0.0,False,True
WTI,WTI spot monthly average,True,T10_2022,B07,2022,2022-03-16,1.0,5,0.022087969328146828,0.18436478772531228,0.0,False,True
WTI,WTI spot monthly average,True,T10_2022,B07,2022,2022-03-16,1.0,6,-0.08056386500889656,0.26628185670805027,-0.08056386500889656,True,True
WTI,WTI spot monthly average,True,T10_2022,B07,2022,2022-03-16,1.0,7,-0.04459017666727383,0.26628185670805027,-0.08056386500889656,False,False
WTI,WTI spot monthly average,True,T10_2022,B07,2022,2022-03-16,1.0,8,-0.07933754831835449,0.26628185670805027,-0.08056386500889656,False,False
WTI,WTI spot monthly average,True,T10_2022,B07,2022,2022-03-16,1.0,9,-0.16590719265916543,0.334386584728684,-0.16590719265916543,True,True
WTI,WTI spot monthly average,True,T10_2022,B07,2022,2022-03-16,1.0,10,-0.14751088342388485,0.334386584728684,-0.16590719265916543,False,False
WTI,WTI spot monthly average,True,T10_2022,B07,2022,2022-03-16,1.0,11,-0.16159156434142352,0.334386584728684,-0.16590719265916543,False,False
WTI,WTI spot monthly average,True,T10_2022,B07,2022,2022-03-16,1.0,12,-0.2003820996955088,0.3618978645427118,-0.2003820996955088,True,True
WTI,WTI spot monthly average,True,T10_2022,B07,2022,2022-03-16,1.0,13,-0.13307067620808866,0.3618978645427118,-0.2003820996955088,False,False
WTI,WTI spot monthly average,True,T10_2022,B07,2022,2022-03-16,1.0,14,-0.21892885597959166,0.3766983396023278,-0.21892885597959166,True,True
WTI,WTI spot monthly average,True,T10_2022,B07,2022,2022-03-16,1.0,15,-0.23344294701075718,0.38828071223015603,-0.23344294701075718,True,True
WTI,WTI spot monthly average,True,T10_2022,B07,2022,2022-03-16,1.0,16,-0.16991896300210196,0.38828071223015603,-0.23344294701075718,False,False
WTI,WTI spot monthly average,True,T10_2022,B07,2022,2022-03-16,1.0,17,-0.11190362158196565,0.38828071223015603,-0.23344294701075718,False,False
WTI,WTI spot monthly average,True,T10_2022,B07,2022,2022-03-16,1.0,18,-0.024181876658358137,0.38828071223015603,-0.23344294701075718,False,False
WTI,WTI spot monthly average,True,T10_2022,B07,2022,2022-03-16,1.0,19,-0.0654895229781226,0.38828071223015603,-0.23344294701075718,False,False
WTI,WTI spot monthly average,True,T10_2022,B07,2022,2022-03-16,1.0,20,-0.15229040076270106,0.38828071223015603,-0.23344294701075718,False,False
WTI,WTI spot monthly average,True,T10_2022,B07,2022,2022-03-16,1.0,21,-0.21541713091122106,0.38828071223015603,-0.23344294701075718,False,False
WTI,WTI spot monthly average,True,T10_2022,B07,2022,2022-03-16,1.0,22,-0.19083883452874595,0.38828071223015603,-0.23344294701075718,False,False
WTI,WTI spot monthly average,True,T10_2022,B07,2022,2022-03-16,1.0,23,-0.15704809382143148,0.38828071223015603,-0.23344294701075718,False,False
WTI,WTI spot monthly average,True,T10_2022,B07,2022,2022-03-16,1.0,24,-0.11308308158834823,0.38828071223015603,-0.23344294701075718,False,False
USD_BROAD,Nominal Broad U.S. Dollar Index monthly average,False,T09_2015,B06,2015,2015-12-16,1.0,1,0.03171927557486054,0.0,0.0,False,True
USD_BROAD,Nominal Broad U.S. Dollar Index monthly average,False,T09_2015,B06,2015,2015-12-16,1.0,2,0.023189964416118203,0.008267085204926361,0.0,False,True
USD_BROAD,Nominal Broad U.S. Dollar Index monthly average,False,T09_2015,B06,2015,2015-12-16,1.0,3,0.0018065884902294105,0.028993048586752668,0.0,False,True
USD_BROAD,Nominal Broad U.S. Dollar Index monthly average,False,T09_2015,B06,2015,2015-12-16,1.0,4,-0.014992480885080206,0.045275645774780604,-0.014992480885080206,True,True
USD_BROAD,Nominal Broad U.S. Dollar Index monthly average,False,T09_2015,B06,2015,2015-12-16,1.0,5,-0.004934088048373697,0.045275645774780604,-0.014992480885080206,False,False
USD_BROAD,Nominal Broad U.S. Dollar Index monthly average,False,T09_2015,B06,2015,2015-12-16,1.0,6,-0.0011816756242173376,0.045275645774780604,-0.014992480885080206,False,False
USD_BROAD,Nominal Broad U.S. Dollar Index monthly average,False,T09_2015,B06,2015,2015-12-16,1.0,7,0.007034364264083104,0.045275645774780604,-0.014992480885080206,False,False
USD_BROAD,Nominal Broad U.S. Dollar Index monthly average,False,T09_2015,B06,2015,2015-12-16,1.0,8,-0.0022673230326349936,0.045275645774780604,-0.014992480885080206,False,False
USD_BROAD,Nominal Broad U.S. Dollar Index monthly average,False,T09_2015,B06,2015,2015-12-16,1.0,9,0.005598015602960471,0.045275645774780604,-0.014992480885080206,False,False
USD_BROAD,Nominal Broad U.S. Dollar Index monthly average,False,T09_2015,B06,2015,2015-12-16,1.0,10,0.01596435457669476,0.045275645774780604,-0.014992480885080206,False,False
USD_BROAD,Nominal Broad U.S. Dollar Index monthly average,False,T09_2015,B06,2015,2015-12-16,1.0,11,0.03953658160067253,0.045275645774780604,-0.014992480885080206,False,False
USD_BROAD,Nominal Broad U.S. Dollar Index monthly average,False,T09_2015,B06,2015,2015-12-16,1.0,12,0.05562833247577603,0.045275645774780604,-0.014992480885080206,False,False
USD_BROAD,Nominal Broad U.S. Dollar Index monthly average,False,T09_2015,B06,2015,2015-12-16,1.0,13,0.054562454532937066,0.045275645774780604,-0.014992480885080206,False,False
USD_BROAD,Nominal Broad U.S. Dollar Index monthly average,False,T09_2015,B06,2015,2015-12-16,1.0,14,0.039651849646531456,0.045275645774780604,-0.014992480885080206,False,False
USD_BROAD,Nominal Broad U.S. Dollar Index monthly average,False,T09_2015,B06,2015,2015-12-16,1.0,15,0.035492704251382845,0.045275645774780604,-0.014992480885080206,False,False
USD_BROAD,Nominal Broad U.S. Dollar Index monthly average,False,T09_2015,B06,2015,2015-12-16,1.0,16,0.02755967488676281,0.045275645774780604,-0.014992480885080206,False,False
USD_BROAD,Nominal Broad U.S. Dollar Index monthly average,False,T09_2015,B06,2015,2015-12-16,1.0,17,0.02298759306779874,0.045275645774780604,-0.014992480885080206,False,False
USD_BROAD,Nominal Broad U.S. Dollar Index monthly average,False,T09_2015,B06,2015,2015-12-16,1.0,18,0.00956797198931203,0.045275645774780604,-0.014992480885080206,False,False
USD_BROAD,Nominal Broad U.S. Dollar Index monthly average,False,T09_2015,B06,2015,2015-12-16,1.0,19,-0.00564998143855322,0.0580491372096964,-0.014992480885080206,False,True
USD_BROAD,Nominal Broad U.S. Dollar Index monthly average,False,T09_2015,B06,2015,2015-12-16,1.0,20,-0.015988216557499046,0.06784257946668792,-0.015988216557499046,True,True
USD_BROAD,Nominal Broad U.S. Dollar Index monthly average,False,T09_2015,B06,2015,2015-12-16,1.0,21,-0.025403568924698194,0.07676177202484635,-0.025403568924698194,True,True
USD_BROAD,Nominal Broad U.S. Dollar Index monthly average,False,T09_2015,B06,2015,2015-12-16,1.0,22,-0.007184374296855034,0.07676177202484635,-0.025403568924698194,False,False
USD_BROAD,Nominal Broad U.S. Dollar Index monthly average,False,T09_2015,B06,2015,2015-12-16,1.0,23,-0.004728067970614203,0.07676177202484635,-0.025403568924698194,False,False
USD_BROAD,Nominal Broad U.S. Dollar Index monthly average,False,T09_2015,B06,2015,2015-12-16,1.0,24,-0.007304044793262077,0.07676177202484635,-0.025403568924698194,False,False
USD_BROAD,Nominal Broad U.S. Dollar Index monthly average,False,T10_2022,B07,2022,2022-03-16,1.0,1,0.018879093563809235,0.0,0.0,False,True
USD_BROAD,Nominal Broad U.S. Dollar Index monthly average,False,T10_2022,B07,2022,2022-03-16,1.0,2,0.040856874969132706,0.0,0.0,False,False
USD_BROAD,Nominal Broad U.S. Dollar Index monthly average,False,T10_2022,B07,2022,2022-03-16,1.0,3,0.04372231425156192,0.0,0.0,False,False
USD_BROAD,Nominal Broad U.S. Dollar Index monthly average,False,T10_2022,B07,2022,2022-03-16,1.0,4,0.06742269676599144,0.0,0.0,False,False
USD_BROAD,Nominal Broad U.S. Dollar Index monthly average,False,T10_2022,B07,2022,2022-03-16,1.0,5,0.06365351123111207,0.003531108666041116,0.0,False,True
USD_BROAD,Nominal Broad U.S. Dollar Index monthly average,False,T10_2022,B07,2022,2022-03-16,1.0,6,0.092148399618464,0.003531108666041116,0.0,False,False
USD_BROAD,Nominal Broad U.S. Dollar Index monthly average,False,T10_2022,B07,2022,2022-03-16,1.0,7,0.10854876509932398,0.003531108666041116,0.0,False,False
USD_BROAD,Nominal Broad U.S. Dollar Index monthly average,False,T10_2022,B07,2022,2022-03-16,1.0,8,0.08569714252055571,0.020613998498046016,0.0,False,True
USD_BROAD,Nominal Broad U.S. Dollar Index monthly average,False,T10_2022,B07,2022,2022-03-16,1.0,9,0.062928074357681,0.04115352628402902,0.0,False,True
USD_BROAD,Nominal Broad U.S. Dollar Index monthly average,False,T10_2022,B07,2022,2022-03-16,1.0,10,0.04184710766174771,0.06017025099622009,0.0,False,True
USD_BROAD,Nominal Broad U.S. Dollar Index monthly average,False,T10_2022,B07,2022,2022-03-16,1.0,11,0.04618031173243642,0.06017025099622009,0.0,False,False
USD_BROAD,Nominal Broad U.S. Dollar Index monthly average,False,T10_2022,B07,2022,2022-03-16,1.0,12,0.04997725027465605,0.06017025099622009,0.0,False,False
USD_BROAD,Nominal Broad U.S. Dollar Index monthly average,False,T10_2022,B07,2022,2022-03-16,1.0,13,0.03693466338538198,0.06460167019132035,0.0,False,True
USD_BROAD,Nominal Broad U.S. Dollar Index monthly average,False,T10_2022,B07,2022,2022-03-16,1.0,14,0.04027481196936855,0.06460167019132035,0.0,False,False
USD_BROAD,Nominal Broad U.S. Dollar Index monthly average,False,T10_2022,B07,2022,2022-03-16,1.0,15,0.03738517119539564,0.06460167019132035,0.0,False,False
USD_BROAD,Nominal Broad U.S. Dollar Index monthly average,False,T10_2022,B07,2022,2022-03-16,1.0,16,0.026534633105610883,0.07398333260184964,0.0,False,True
USD_BROAD,Nominal Broad U.S. Dollar Index monthly average,False,T10_2022,B07,2022,2022-03-16,1.0,17,0.04224957492101433,0.07398333260184964,0.0,False,False
USD_BROAD,Nominal Broad U.S. Dollar Index monthly average,False,T10_2022,B07,2022,2022-03-16,1.0,18,0.05780798625291084,0.07398333260184964,0.0,False,False
USD_BROAD,Nominal Broad U.S. Dollar Index monthly average,False,T10_2022,B07,2022,2022-03-16,1.0,19,0.07390932515878901,0.07398333260184964,0.0,False,False
USD_BROAD,Nominal Broad U.S. Dollar Index monthly average,False,T10_2022,B07,2022,2022-03-16,1.0,20,0.05412608787605011,0.07398333260184964,0.0,False,False
USD_BROAD,Nominal Broad U.S. Dollar Index monthly average,False,T10_2022,B07,2022,2022-03-16,1.0,21,0.04204776377531627,0.07398333260184964,0.0,False,False
USD_BROAD,Nominal Broad U.S. Dollar Index monthly average,False,T10_2022,B07,2022,2022-03-16,1.0,22,0.04547580623632652,0.07398333260184964,0.0,False,False
USD_BROAD,Nominal Broad U.S. Dollar Index monthly average,False,T10_2022,B07,2022,2022-03-16,1.0,23,0.05276797425450597,0.07398333260184964,0.0,False,False
USD_BROAD,Nominal Broad U.S. Dollar Index monthly average,False,T10_2022,B07,2022,2022-03-16,1.0,24,0.04922784677709835,0.07398333260184964,0.0,False,False
